温度基准,策略,城市,情景,建筑ID,楼层,夜间总时数,不舒适小时数
26°C,现状,guang3zhou1shi4,2020 Baseline,guang3zhou1shi4_0_11_1995_S0,STOREY_1,1670,0
26°C,现状,guang3zhou1shi4,2020 Baseline,guang3zhou1shi4_0_11_1995_S0,STOREY_2,1670,20
26°C,现状,guang3zhou1shi4,2020 Baseline,guang3zhou1shi4_0_11_1995_S0,STOREY_0,1670,0
26°C,现状,guang3zhou1shi4,2020 Baseline,guang3zhou1shi4_0_10_1980_S0,STOREY_1,1670,0
26°C,现状,guang3zhou1shi4,2020 Baseline,guang3zhou1shi4_0_10_1980_S0,STOREY_2,1670,26
26°C,现状,guang3zhou1shi4,2020 Baseline,guang3zhou1shi4_0_10_1980_S0,STOREY_0,1670,0
26°C,现状,guang3zhou1shi4,2020 Baseline,guang3zhou1shi4_0_1_1995_S0,STOREY_1,1670,2
26°C,现状,guang3zhou1shi4,2020 Baseline,guang3zhou1shi4_0_1_1995_S0,STOREY_2,1670,37
26°C,现状,guang3zhou1shi4,2020 Baseline,guang3zhou1shi4_0_1_1995_S0,STOREY_0,1670,0
26°C,现状,guang3zhou1shi4,2020 Baseline,guang3zhou1shi4_0_3_1980_S0,STOREY_1,1670,4
26°C,现状,guang3zhou1shi4,2020 Baseline,guang3zhou1shi4_0_3_1980_S0,STOREY_0,1670,0
26°C,现状,guang3zhou1shi4,2020 Baseline,guang3zhou1shi4_0_12_1980_S0,STOREY_1,1670,0
26°C,现状,guang3zhou1shi4,2020 Baseline,guang3zhou1shi4_0_12_1980_S0,STOREY_2,1670,0
26°C,现状,guang3zhou1shi4,2020 Baseline,guang3zhou1shi4_0_12_1980_S0,STOREY_3,1670,0
26°C,现状,guang3zhou1shi4,2020 Baseline,guang3zhou1shi4_0_12_1980_S0,STOREY_4,1670,4
26°C,现状,guang3zhou1shi4,2020 Baseline,guang3zhou1shi4_0_12_1980_S0,STOREY_0,1670,0
26°C,现状,guang3zhou1shi4,2020 Baseline,guang3zhou1shi4_0_2_1980_S0,STOREY_1,1670,0
26°C,现状,guang3zhou1shi4,2020 Baseline,guang3zhou1shi4_0_2_1980_S0,STOREY_2,1670,14
26°C,现状,guang3zhou1shi4,2020 Baseline,guang3zhou1shi4_0_2_1980_S0,STOREY_0,1670,0
26°C,现状,guang3zhou1shi4,2020 Baseline,guang3zhou1shi4_0_6_1995_S0,STOREY_0,1670,0
26°C,现状,guang3zhou1shi4,2020 Baseline,guang3zhou1shi4_0_4_1980_S0,STOREY_1,1670,17
26°C,现状,guang3zhou1shi4,2020 Baseline,guang3zhou1shi4_0_4_1980_S0,STOREY_2,1670,40
26°C,现状,guang3zhou1shi4,2020 Baseline,guang3zhou1shi4_0_4_1980_S0,STOREY_0,1670,0
26°C,现状,guang3zhou1shi4,2020 Baseline,guang3zhou1shi4_0_7_1980_S0,STOREY_0,1670,0
26°C,现状,guang3zhou1shi4,2020 Baseline,guang3zhou1shi4_0_8_1980_S0,STOREY_0,1670,0
26°C,现状,guang3zhou1shi4,2020 Baseline,guang3zhou1shi4_0_5_1980_S0,STOREY_1,1670,0
26°C,现状,guang3zhou1shi4,2020 Baseline,guang3zhou1shi4_0_5_1980_S0,STOREY_2,1670,3
26°C,现状,guang3zhou1shi4,2020 Baseline,guang3zhou1shi4_0_5_1980_S0,STOREY_0,1670,0
26°C,现状,guang3zhou1shi4,2020 Baseline,guang3zhou1shi4_0_9_1980_S0,STOREY_0,1670,0
26°C,现状,guang3zhou1shi4,2020 Baseline,guang3zhou1shi4_1_12_2005_S0,STOREY_1,1670,0
26°C,现状,guang3zhou1shi4,2020 Baseline,guang3zhou1shi4_1_12_2005_S0,STOREY_2,1670,0
26°C,现状,guang3zhou1shi4,2020 Baseline,guang3zhou1shi4_1_12_2005_S0,STOREY_3,1670,8
26°C,现状,guang3zhou1shi4,2020 Baseline,guang3zhou1shi4_1_12_2005_S0,STOREY_0,1670,0
26°C,现状,guang3zhou1shi4,2020 Baseline,guang3zhou1shi4_1_10_1995_S0,STOREY_1,1670,0
26°C,现状,guang3zhou1shi4,2020 Baseline,guang3zhou1shi4_1_10_1995_S0,STOREY_2,1670,0
26°C,现状,guang3zhou1shi4,2020 Baseline,guang3zhou1shi4_1_10_1995_S0,STOREY_3,1670,0
26°C,现状,guang3zhou1shi4,2020 Baseline,guang3zhou1shi4_1_10_1995_S0,STOREY_4,1670,18
26°C,现状,guang3zhou1shi4,2020 Baseline,guang3zhou1shi4_1_10_1995_S0,STOREY_0,1670,0
26°C,现状,guang3zhou1shi4,2020 Baseline,guang3zhou1shi4_1_1_2005_S0,STOREY_1,1670,0
26°C,现状,guang3zhou1shi4,2020 Baseline,guang3zhou1shi4_1_1_2005_S0,STOREY_2,1670,0
26°C,现状,guang3zhou1shi4,2020 Baseline,guang3zhou1shi4_1_1_2005_S0,STOREY_3,1670,0
26°C,现状,guang3zhou1shi4,2020 Baseline,guang3zhou1shi4_1_1_2005_S0,STOREY_4,1670,8
26°C,现状,guang3zhou1shi4,2020 Baseline,guang3zhou1shi4_1_1_2005_S0,STOREY_0,1670,0
26°C,现状,guang3zhou1shi4,2020 Baseline,guang3zhou1shi4_1_11_1995_S0,STOREY_1,1670,0
26°C,现状,guang3zhou1shi4,2020 Baseline,guang3zhou1shi4_1_11_1995_S0,STOREY_2,1670,0
26°C,现状,guang3zhou1shi4,2020 Baseline,guang3zhou1shi4_1_11_1995_S0,STOREY_3,1670,0
26°C,现状,guang3zhou1shi4,2020 Baseline,guang3zhou1shi4_1_11_1995_S0,STOREY_4,1670,0
26°C,现状,guang3zhou1shi4,2020 Baseline,guang3zhou1shi4_1_11_1995_S0,STOREY_5,1670,0
26°C,现状,guang3zhou1shi4,2020 Baseline,guang3zhou1shi4_1_11_1995_S0,STOREY_6,1670,0
26°C,现状,guang3zhou1shi4,2020 Baseline,guang3zhou1shi4_1_11_1995_S0,STOREY_7,1670,12
26°C,现状,guang3zhou1shi4,2020 Baseline,guang3zhou1shi4_1_11_1995_S0,STOREY_0,1670,0
26°C,现状,guang3zhou1shi4,2020 Baseline,guang3zhou1shi4_1_3_2005_S0,STOREY_1,1670,0
26°C,现状,guang3zhou1shi4,2020 Baseline,guang3zhou1shi4_1_3_2005_S0,STOREY_2,1670,0
26°C,现状,guang3zhou1shi4,2020 Baseline,guang3zhou1shi4_1_3_2005_S0,STOREY_3,1670,0
26°C,现状,guang3zhou1shi4,2020 Baseline,guang3zhou1shi4_1_3_2005_S0,STOREY_4,1670,0
26°C,现状,guang3zhou1shi4,2020 Baseline,guang3zhou1shi4_1_3_2005_S0,STOREY_5,1670,22
26°C,现状,guang3zhou1shi4,2020 Baseline,guang3zhou1shi4_1_3_2005_S0,STOREY_0,1670,0
26°C,现状,guang3zhou1shi4,2020 Baseline,guang3zhou1shi4_1_4_1995_S0,STOREY_1,1670,0
26°C,现状,guang3zhou1shi4,2020 Baseline,guang3zhou1shi4_1_4_1995_S0,STOREY_2,1670,0
26°C,现状,guang3zhou1shi4,2020 Baseline,guang3zhou1shi4_1_4_1995_S0,STOREY_3,1670,0
26°C,现状,guang3zhou1shi4,2020 Baseline,guang3zhou1shi4_1_4_1995_S0,STOREY_4,1670,0
26°C,现状,guang3zhou1shi4,2020 Baseline,guang3zhou1shi4_1_4_1995_S0,STOREY_5,1670,21
26°C,现状,guang3zhou1shi4,2020 Baseline,guang3zhou1shi4_1_4_1995_S0,STOREY_0,1670,0
26°C,现状,guang3zhou1shi4,2020 Baseline,guang3zhou1shi4_1_2_2005_S0,STOREY_1,1670,0
26°C,现状,guang3zhou1shi4,2020 Baseline,guang3zhou1shi4_1_2_2005_S0,STOREY_2,1670,0
26°C,现状,guang3zhou1shi4,2020 Baseline,guang3zhou1shi4_1_2_2005_S0,STOREY_3,1670,0
26°C,现状,guang3zhou1shi4,2020 Baseline,guang3zhou1shi4_1_2_2005_S0,STOREY_4,1670,0
26°C,现状,guang3zhou1shi4,2020 Baseline,guang3zhou1shi4_1_2_2005_S0,STOREY_5,1670,0
26°C,现状,guang3zhou1shi4,2020 Baseline,guang3zhou1shi4_1_2_2005_S0,STOREY_6,1670,0
26°C,现状,guang3zhou1shi4,2020 Baseline,guang3zhou1shi4_1_2_2005_S0,STOREY_7,1670,0
26°C,现状,guang3zhou1shi4,2020 Baseline,guang3zhou1shi4_1_2_2005_S0,STOREY_8,1670,0
26°C,现状,guang3zhou1shi4,2020 Baseline,guang3zhou1shi4_1_2_2005_S0,STOREY_9,1670,19
26°C,现状,guang3zhou1shi4,2020 Baseline,guang3zhou1shi4_1_2_2005_S0,STOREY_0,1670,0
26°C,现状,guang3zhou1shi4,2020 Baseline,guang3zhou1shi4_1_5_1995_S0,STOREY_1,1670,0
26°C,现状,guang3zhou1shi4,2020 Baseline,guang3zhou1shi4_1_5_1995_S0,STOREY_2,1670,0
26°C,现状,guang3zhou1shi4,2020 Baseline,guang3zhou1shi4_1_5_1995_S0,STOREY_3,1670,0
26°C,现状,guang3zhou1shi4,2020 Baseline,guang3zhou1shi4_1_5_1995_S0,STOREY_4,1670,0
26°C,现状,guang3zhou1shi4,2020 Baseline,guang3zhou1shi4_1_5_1995_S0,STOREY_5,1670,19
26°C,现状,guang3zhou1shi4,2020 Baseline,guang3zhou1shi4_1_5_1995_S0,STOREY_0,1670,0
26°C,现状,guang3zhou1shi4,2020 Baseline,guang3zhou1shi4_1_6_2005_S0,STOREY_1,1670,0
26°C,现状,guang3zhou1shi4,2020 Baseline,guang3zhou1shi4_1_6_2005_S0,STOREY_2,1670,0
26°C,现状,guang3zhou1shi4,2020 Baseline,guang3zhou1shi4_1_6_2005_S0,STOREY_3,1670,0
26°C,现状,guang3zhou1shi4,2020 Baseline,guang3zhou1shi4_1_6_2005_S0,STOREY_4,1670,0
26°C,现状,guang3zhou1shi4,2020 Baseline,guang3zhou1shi4_1_6_2005_S0,STOREY_5,1670,25
26°C,现状,guang3zhou1shi4,2020 Baseline,guang3zhou1shi4_1_6_2005_S0,STOREY_0,1670,0
26°C,现状,guang3zhou1shi4,2020 Baseline,guang3zhou1shi4_1_7_2005_S0,STOREY_1,1670,0
26°C,现状,guang3zhou1shi4,2020 Baseline,guang3zhou1shi4_1_7_2005_S0,STOREY_2,1670,0
26°C,现状,guang3zhou1shi4,2020 Baseline,guang3zhou1shi4_1_7_2005_S0,STOREY_3,1670,0
26°C,现状,guang3zhou1shi4,2020 Baseline,guang3zhou1shi4_1_7_2005_S0,STOREY_4,1670,0
26°C,现状,guang3zhou1shi4,2020 Baseline,guang3zhou1shi4_1_7_2005_S0,STOREY_5,1670,0
26°C,现状,guang3zhou1shi4,2020 Baseline,guang3zhou1shi4_1_7_2005_S0,STOREY_6,1670,0
26°C,现状,guang3zhou1shi4,2020 Baseline,guang3zhou1shi4_1_7_2005_S0,STOREY_7,1670,15
26°C,现状,guang3zhou1shi4,2020 Baseline,guang3zhou1shi4_1_7_2005_S0,STOREY_0,1670,0
26°C,现状,guang3zhou1shi4,2020 Baseline,guang3zhou1shi4_1_9_1980_S0,STOREY_1,1670,0
26°C,现状,guang3zhou1shi4,2020 Baseline,guang3zhou1shi4_1_9_1980_S0,STOREY_2,1670,0
26°C,现状,guang3zhou1shi4,2020 Baseline,guang3zhou1shi4_1_9_1980_S0,STOREY_3,1670,0
26°C,现状,guang3zhou1shi4,2020 Baseline,guang3zhou1shi4_1_9_1980_S0,STOREY_4,1670,0
26°C,现状,guang3zhou1shi4,2020 Baseline,guang3zhou1shi4_1_9_1980_S0,STOREY_5,1670,0
26°C,现状,guang3zhou1shi4,2020 Baseline,guang3zhou1shi4_1_9_1980_S0,STOREY_6,1670,0
26°C,现状,guang3zhou1shi4,2020 Baseline,guang3zhou1shi4_1_9_1980_S0,STOREY_7,1670,16
26°C,现状,guang3zhou1shi4,2020 Baseline,guang3zhou1shi4_1_9_1980_S0,STOREY_0,1670,0
26°C,现状,guang3zhou1shi4,2020 Baseline,guang3zhou1shi4_1_8_1995_S0,STOREY_1,1670,0
26°C,现状,guang3zhou1shi4,2020 Baseline,guang3zhou1shi4_1_8_1995_S0,STOREY_2,1670,0
26°C,现状,guang3zhou1shi4,2020 Baseline,guang3zhou1shi4_1_8_1995_S0,STOREY_3,1670,0
26°C,现状,guang3zhou1shi4,2020 Baseline,guang3zhou1shi4_1_8_1995_S0,STOREY_4,1670,0
26°C,现状,guang3zhou1shi4,2020 Baseline,guang3zhou1shi4_1_8_1995_S0,STOREY_5,1670,0
26°C,现状,guang3zhou1shi4,2020 Baseline,guang3zhou1shi4_1_8_1995_S0,STOREY_6,1670,0
26°C,现状,guang3zhou1shi4,2020 Baseline,guang3zhou1shi4_1_8_1995_S0,STOREY_7,1670,0
26°C,现状,guang3zhou1shi4,2020 Baseline,guang3zhou1shi4_1_8_1995_S0,STOREY_8,1670,0
26°C,现状,guang3zhou1shi4,2020 Baseline,guang3zhou1shi4_1_8_1995_S0,STOREY_9,1670,18
26°C,现状,guang3zhou1shi4,2020 Baseline,guang3zhou1shi4_1_8_1995_S0,STOREY_0,1670,0
26°C,现状,guang3zhou1shi4,2020 Baseline,guang3zhou1shi4_2_10_2005_S0,STOREY_1,1670,0
26°C,现状,guang3zhou1shi4,2020 Baseline,guang3zhou1shi4_2_10_2005_S0,STOREY_2,1670,0
26°C,现状,guang3zhou1shi4,2020 Baseline,guang3zhou1shi4_2_10_2005_S0,STOREY_3,1670,0
26°C,现状,guang3zhou1shi4,2020 Baseline,guang3zhou1shi4_2_10_2005_S0,STOREY_4,1670,0
26°C,现状,guang3zhou1shi4,2020 Baseline,guang3zhou1shi4_2_10_2005_S0,STOREY_5,1670,0
26°C,现状,guang3zhou1shi4,2020 Baseline,guang3zhou1shi4_2_10_2005_S0,STOREY_6,1670,0
26°C,现状,guang3zhou1shi4,2020 Baseline,guang3zhou1shi4_2_10_2005_S0,STOREY_7,1670,0
26°C,现状,guang3zhou1shi4,2020 Baseline,guang3zhou1shi4_2_10_2005_S0,STOREY_8,1670,0
26°C,现状,guang3zhou1shi4,2020 Baseline,guang3zhou1shi4_2_10_2005_S0,STOREY_9,1670,0
26°C,现状,guang3zhou1shi4,2020 Baseline,guang3zhou1shi4_2_10_2005_S0,STOREY_10,1670,0
26°C,现状,guang3zhou1shi4,2020 Baseline,guang3zhou1shi4_2_10_2005_S0,STOREY_11,1670,12
26°C,现状,guang3zhou1shi4,2020 Baseline,guang3zhou1shi4_2_10_2005_S0,STOREY_0,1670,0
26°C,现状,guang3zhou1shi4,2020 Baseline,guang3zhou1shi4_2_11_2005_S0,STOREY_1,1670,0
26°C,现状,guang3zhou1shi4,2020 Baseline,guang3zhou1shi4_2_11_2005_S0,STOREY_2,1670,0
26°C,现状,guang3zhou1shi4,2020 Baseline,guang3zhou1shi4_2_11_2005_S0,STOREY_3,1670,0
26°C,现状,guang3zhou1shi4,2020 Baseline,guang3zhou1shi4_2_11_2005_S0,STOREY_4,1670,0
26°C,现状,guang3zhou1shi4,2020 Baseline,guang3zhou1shi4_2_11_2005_S0,STOREY_5,1670,0
26°C,现状,guang3zhou1shi4,2020 Baseline,guang3zhou1shi4_2_11_2005_S0,STOREY_6,1670,0
26°C,现状,guang3zhou1shi4,2020 Baseline,guang3zhou1shi4_2_11_2005_S0,STOREY_7,1670,0
26°C,现状,guang3zhou1shi4,2020 Baseline,guang3zhou1shi4_2_11_2005_S0,STOREY_8,1670,0
26°C,现状,guang3zhou1shi4,2020 Baseline,guang3zhou1shi4_2_11_2005_S0,STOREY_9,1670,0
26°C,现状,guang3zhou1shi4,2020 Baseline,guang3zhou1shi4_2_11_2005_S0,STOREY_10,1670,0
26°C,现状,guang3zhou1shi4,2020 Baseline,guang3zhou1shi4_2_11_2005_S0,STOREY_11,1670,0
26°C,现状,guang3zhou1shi4,2020 Baseline,guang3zhou1shi4_2_11_2005_S0,STOREY_12,1670,0
26°C,现状,guang3zhou1shi4,2020 Baseline,guang3zhou1shi4_2_11_2005_S0,STOREY_13,1670,0
26°C,现状,guang3zhou1shi4,2020 Baseline,guang3zhou1shi4_2_11_2005_S0,STOREY_14,1670,0
26°C,现状,guang3zhou1shi4,2020 Baseline,guang3zhou1shi4_2_11_2005_S0,STOREY_15,1670,11
26°C,现状,guang3zhou1shi4,2020 Baseline,guang3zhou1shi4_2_11_2005_S0,STOREY_0,1670,0
26°C,现状,guang3zhou1shi4,2020 Baseline,guang3zhou1shi4_2_12_2015_S0,STOREY_1,1670,0
26°C,现状,guang3zhou1shi4,2020 Baseline,guang3zhou1shi4_2_12_2015_S0,STOREY_2,1670,0
26°C,现状,guang3zhou1shi4,2020 Baseline,guang3zhou1shi4_2_12_2015_S0,STOREY_3,1670,0
26°C,现状,guang3zhou1shi4,2020 Baseline,guang3zhou1shi4_2_12_2015_S0,STOREY_4,1670,0
26°C,现状,guang3zhou1shi4,2020 Baseline,guang3zhou1shi4_2_12_2015_S0,STOREY_5,1670,0
26°C,现状,guang3zhou1shi4,2020 Baseline,guang3zhou1shi4_2_12_2015_S0,STOREY_6,1670,0
26°C,现状,guang3zhou1shi4,2020 Baseline,guang3zhou1shi4_2_12_2015_S0,STOREY_7,1670,0
26°C,现状,guang3zhou1shi4,2020 Baseline,guang3zhou1shi4_2_12_2015_S0,STOREY_8,1670,0
26°C,现状,guang3zhou1shi4,2020 Baseline,guang3zhou1shi4_2_12_2015_S0,STOREY_9,1670,0
26°C,现状,guang3zhou1shi4,2020 Baseline,guang3zhou1shi4_2_12_2015_S0,STOREY_10,1670,0
26°C,现状,guang3zhou1shi4,2020 Baseline,guang3zhou1shi4_2_12_2015_S0,STOREY_11,1670,0
26°C,现状,guang3zhou1shi4,2020 Baseline,guang3zhou1shi4_2_12_2015_S0,STOREY_12,1670,0
26°C,现状,guang3zhou1shi4,2020 Baseline,guang3zhou1shi4_2_12_2015_S0,STOREY_13,1670,0
26°C,现状,guang3zhou1shi4,2020 Baseline,guang3zhou1shi4_2_12_2015_S0,STOREY_14,1670,0
26°C,现状,guang3zhou1shi4,2020 Baseline,guang3zhou1shi4_2_12_2015_S0,STOREY_15,1670,0
26°C,现状,guang3zhou1shi4,2020 Baseline,guang3zhou1shi4_2_12_2015_S0,STOREY_16,1670,0
26°C,现状,guang3zhou1shi4,2020 Baseline,guang3zhou1shi4_2_12_2015_S0,STOREY_17,1670,0
26°C,现状,guang3zhou1shi4,2020 Baseline,guang3zhou1shi4_2_12_2015_S0,STOREY_18,1670,0
26°C,现状,guang3zhou1shi4,2020 Baseline,guang3zhou1shi4_2_12_2015_S0,STOREY_19,1670,0
26°C,现状,guang3zhou1shi4,2020 Baseline,guang3zhou1shi4_2_12_2015_S0,STOREY_20,1670,0
26°C,现状,guang3zhou1shi4,2020 Baseline,guang3zhou1shi4_2_12_2015_S0,STOREY_21,1670,4
26°C,现状,guang3zhou1shi4,2020 Baseline,guang3zhou1shi4_2_12_2015_S0,STOREY_0,1670,0
26°C,现状,guang3zhou1shi4,2020 Baseline,guang3zhou1shi4_2_2_1995_S0,STOREY_1,1670,0
26°C,现状,guang3zhou1shi4,2020 Baseline,guang3zhou1shi4_2_2_1995_S0,STOREY_2,1670,0
26°C,现状,guang3zhou1shi4,2020 Baseline,guang3zhou1shi4_2_2_1995_S0,STOREY_3,1670,0
26°C,现状,guang3zhou1shi4,2020 Baseline,guang3zhou1shi4_2_2_1995_S0,STOREY_4,1670,0
26°C,现状,guang3zhou1shi4,2020 Baseline,guang3zhou1shi4_2_2_1995_S0,STOREY_5,1670,0
26°C,现状,guang3zhou1shi4,2020 Baseline,guang3zhou1shi4_2_2_1995_S0,STOREY_6,1670,0
26°C,现状,guang3zhou1shi4,2020 Baseline,guang3zhou1shi4_2_2_1995_S0,STOREY_7,1670,0
26°C,现状,guang3zhou1shi4,2020 Baseline,guang3zhou1shi4_2_2_1995_S0,STOREY_8,1670,0
26°C,现状,guang3zhou1shi4,2020 Baseline,guang3zhou1shi4_2_2_1995_S0,STOREY_9,1670,0
26°C,现状,guang3zhou1shi4,2020 Baseline,guang3zhou1shi4_2_2_1995_S0,STOREY_10,1670,0
26°C,现状,guang3zhou1shi4,2020 Baseline,guang3zhou1shi4_2_2_1995_S0,STOREY_11,1670,0
26°C,现状,guang3zhou1shi4,2020 Baseline,guang3zhou1shi4_2_2_1995_S0,STOREY_12,1670,0
26°C,现状,guang3zhou1shi4,2020 Baseline,guang3zhou1shi4_2_2_1995_S0,STOREY_13,1670,0
26°C,现状,guang3zhou1shi4,2020 Baseline,guang3zhou1shi4_2_2_1995_S0,STOREY_14,1670,0
26°C,现状,guang3zhou1shi4,2020 Baseline,guang3zhou1shi4_2_2_1995_S0,STOREY_15,1670,0
26°C,现状,guang3zhou1shi4,2020 Baseline,guang3zhou1shi4_2_2_1995_S0,STOREY_16,1670,0
26°C,现状,guang3zhou1shi4,2020 Baseline,guang3zhou1shi4_2_2_1995_S0,STOREY_17,1670,0
26°C,现状,guang3zhou1shi4,2020 Baseline,guang3zhou1shi4_2_2_1995_S0,STOREY_18,1670,0
26°C,现状,guang3zhou1shi4,2020 Baseline,guang3zhou1shi4_2_2_1995_S0,STOREY_19,1670,20
26°C,现状,guang3zhou1shi4,2020 Baseline,guang3zhou1shi4_2_2_1995_S0,STOREY_0,1670,0
26°C,现状,guang3zhou1shi4,2020 Baseline,guang3zhou1shi4_2_3_2005_S0,STOREY_1,1670,0
26°C,现状,guang3zhou1shi4,2020 Baseline,guang3zhou1shi4_2_3_2005_S0,STOREY_2,1670,0
26°C,现状,guang3zhou1shi4,2020 Baseline,guang3zhou1shi4_2_3_2005_S0,STOREY_3,1670,0
26°C,现状,guang3zhou1shi4,2020 Baseline,guang3zhou1shi4_2_3_2005_S0,STOREY_4,1670,0
26°C,现状,guang3zhou1shi4,2020 Baseline,guang3zhou1shi4_2_3_2005_S0,STOREY_5,1670,0
26°C,现状,guang3zhou1shi4,2020 Baseline,guang3zhou1shi4_2_3_2005_S0,STOREY_6,1670,0
26°C,现状,guang3zhou1shi4,2020 Baseline,guang3zhou1shi4_2_3_2005_S0,STOREY_7,1670,0
26°C,现状,guang3zhou1shi4,2020 Baseline,guang3zhou1shi4_2_3_2005_S0,STOREY_8,1670,0
26°C,现状,guang3zhou1shi4,2020 Baseline,guang3zhou1shi4_2_3_2005_S0,STOREY_9,1670,0
26°C,现状,guang3zhou1shi4,2020 Baseline,guang3zhou1shi4_2_3_2005_S0,STOREY_10,1670,0
26°C,现状,guang3zhou1shi4,2020 Baseline,guang3zhou1shi4_2_3_2005_S0,STOREY_11,1670,0
26°C,现状,guang3zhou1shi4,2020 Baseline,guang3zhou1shi4_2_3_2005_S0,STOREY_12,1670,0
26°C,现状,guang3zhou1shi4,2020 Baseline,guang3zhou1shi4_2_3_2005_S0,STOREY_13,1670,0
26°C,现状,guang3zhou1shi4,2020 Baseline,guang3zhou1shi4_2_3_2005_S0,STOREY_14,1670,8
26°C,现状,guang3zhou1shi4,2020 Baseline,guang3zhou1shi4_2_3_2005_S0,STOREY_0,1670,0
26°C,现状,guang3zhou1shi4,2020 Baseline,guang3zhou1shi4_2_1_2015_S0,STOREY_1,1670,0
26°C,现状,guang3zhou1shi4,2020 Baseline,guang3zhou1shi4_2_1_2015_S0,STOREY_2,1670,0
26°C,现状,guang3zhou1shi4,2020 Baseline,guang3zhou1shi4_2_1_2015_S0,STOREY_3,1670,0
26°C,现状,guang3zhou1shi4,2020 Baseline,guang3zhou1shi4_2_1_2015_S0,STOREY_4,1670,0
26°C,现状,guang3zhou1shi4,2020 Baseline,guang3zhou1shi4_2_1_2015_S0,STOREY_5,1670,0
26°C,现状,guang3zhou1shi4,2020 Baseline,guang3zhou1shi4_2_1_2015_S0,STOREY_6,1670,0
26°C,现状,guang3zhou1shi4,2020 Baseline,guang3zhou1shi4_2_1_2015_S0,STOREY_7,1670,0
26°C,现状,guang3zhou1shi4,2020 Baseline,guang3zhou1shi4_2_1_2015_S0,STOREY_8,1670,0
26°C,现状,guang3zhou1shi4,2020 Baseline,guang3zhou1shi4_2_1_2015_S0,STOREY_9,1670,0
26°C,现状,guang3zhou1shi4,2020 Baseline,guang3zhou1shi4_2_1_2015_S0,STOREY_10,1670,0
26°C,现状,guang3zhou1shi4,2020 Baseline,guang3zhou1shi4_2_1_2015_S0,STOREY_11,1670,0
26°C,现状,guang3zhou1shi4,2020 Baseline,guang3zhou1shi4_2_1_2015_S0,STOREY_12,1670,0
26°C,现状,guang3zhou1shi4,2020 Baseline,guang3zhou1shi4_2_1_2015_S0,STOREY_13,1670,0
26°C,现状,guang3zhou1shi4,2020 Baseline,guang3zhou1shi4_2_1_2015_S0,STOREY_14,1670,0
26°C,现状,guang3zhou1shi4,2020 Baseline,guang3zhou1shi4_2_1_2015_S0,STOREY_15,1670,0
26°C,现状,guang3zhou1shi4,2020 Baseline,guang3zhou1shi4_2_1_2015_S0,STOREY_16,1670,0
26°C,现状,guang3zhou1shi4,2020 Baseline,guang3zhou1shi4_2_1_2015_S0,STOREY_17,1670,0
26°C,现状,guang3zhou1shi4,2020 Baseline,guang3zhou1shi4_2_1_2015_S0,STOREY_18,1670,0
26°C,现状,guang3zhou1shi4,2020 Baseline,guang3zhou1shi4_2_1_2015_S0,STOREY_19,1670,0
26°C,现状,guang3zhou1shi4,2020 Baseline,guang3zhou1shi4_2_1_2015_S0,STOREY_20,1670,0
26°C,现状,guang3zhou1shi4,2020 Baseline,guang3zhou1shi4_2_1_2015_S0,STOREY_21,1670,0
26°C,现状,guang3zhou1shi4,2020 Baseline,guang3zhou1shi4_2_1_2015_S0,STOREY_22,1670,0
26°C,现状,guang3zhou1shi4,2020 Baseline,guang3zhou1shi4_2_1_2015_S0,STOREY_23,1670,0
26°C,现状,guang3zhou1shi4,2020 Baseline,guang3zhou1shi4_2_1_2015_S0,STOREY_24,1670,0
26°C,现状,guang3zhou1shi4,2020 Baseline,guang3zhou1shi4_2_1_2015_S0,STOREY_25,1670,0
26°C,现状,guang3zhou1shi4,2020 Baseline,guang3zhou1shi4_2_1_2015_S0,STOREY_26,1670,0
26°C,现状,guang3zhou1shi4,2020 Baseline,guang3zhou1shi4_2_1_2015_S0,STOREY_27,1670,3
26°C,现状,guang3zhou1shi4,2020 Baseline,guang3zhou1shi4_2_1_2015_S0,STOREY_0,1670,0
26°C,现状,guang3zhou1shi4,2020 Baseline,guang3zhou1shi4_2_4_2005_S0,STOREY_1,1670,0
26°C,现状,guang3zhou1shi4,2020 Baseline,guang3zhou1shi4_2_4_2005_S0,STOREY_2,1670,0
26°C,现状,guang3zhou1shi4,2020 Baseline,guang3zhou1shi4_2_4_2005_S0,STOREY_3,1670,0
26°C,现状,guang3zhou1shi4,2020 Baseline,guang3zhou1shi4_2_4_2005_S0,STOREY_4,1670,0
26°C,现状,guang3zhou1shi4,2020 Baseline,guang3zhou1shi4_2_4_2005_S0,STOREY_5,1670,0
26°C,现状,guang3zhou1shi4,2020 Baseline,guang3zhou1shi4_2_4_2005_S0,STOREY_6,1670,0
26°C,现状,guang3zhou1shi4,2020 Baseline,guang3zhou1shi4_2_4_2005_S0,STOREY_7,1670,0
26°C,现状,guang3zhou1shi4,2020 Baseline,guang3zhou1shi4_2_4_2005_S0,STOREY_8,1670,0
26°C,现状,guang3zhou1shi4,2020 Baseline,guang3zhou1shi4_2_4_2005_S0,STOREY_9,1670,0
26°C,现状,guang3zhou1shi4,2020 Baseline,guang3zhou1shi4_2_4_2005_S0,STOREY_10,1670,0
26°C,现状,guang3zhou1shi4,2020 Baseline,guang3zhou1shi4_2_4_2005_S0,STOREY_11,1670,16
26°C,现状,guang3zhou1shi4,2020 Baseline,guang3zhou1shi4_2_4_2005_S0,STOREY_0,1670,0
26°C,现状,guang3zhou1shi4,2020 Baseline,guang3zhou1shi4_2_5_2015_S0,STOREY_1,1670,0
26°C,现状,guang3zhou1shi4,2020 Baseline,guang3zhou1shi4_2_5_2015_S0,STOREY_2,1670,0
26°C,现状,guang3zhou1shi4,2020 Baseline,guang3zhou1shi4_2_5_2015_S0,STOREY_3,1670,0
26°C,现状,guang3zhou1shi4,2020 Baseline,guang3zhou1shi4_2_5_2015_S0,STOREY_4,1670,0
26°C,现状,guang3zhou1shi4,2020 Baseline,guang3zhou1shi4_2_5_2015_S0,STOREY_5,1670,0
26°C,现状,guang3zhou1shi4,2020 Baseline,guang3zhou1shi4_2_5_2015_S0,STOREY_6,1670,0
26°C,现状,guang3zhou1shi4,2020 Baseline,guang3zhou1shi4_2_5_2015_S0,STOREY_7,1670,0
26°C,现状,guang3zhou1shi4,2020 Baseline,guang3zhou1shi4_2_5_2015_S0,STOREY_8,1670,0
26°C,现状,guang3zhou1shi4,2020 Baseline,guang3zhou1shi4_2_5_2015_S0,STOREY_9,1670,0
26°C,现状,guang3zhou1shi4,2020 Baseline,guang3zhou1shi4_2_5_2015_S0,STOREY_10,1670,0
26°C,现状,guang3zhou1shi4,2020 Baseline,guang3zhou1shi4_2_5_2015_S0,STOREY_11,1670,0
26°C,现状,guang3zhou1shi4,2020 Baseline,guang3zhou1shi4_2_5_2015_S0,STOREY_12,1670,0
26°C,现状,guang3zhou1shi4,2020 Baseline,guang3zhou1shi4_2_5_2015_S0,STOREY_13,1670,0
26°C,现状,guang3zhou1shi4,2020 Baseline,guang3zhou1shi4_2_5_2015_S0,STOREY_14,1670,7
26°C,现状,guang3zhou1shi4,2020 Baseline,guang3zhou1shi4_2_5_2015_S0,STOREY_0,1670,0
26°C,现状,guang3zhou1shi4,2020 Baseline,guang3zhou1shi4_2_6_2005_S0,STOREY_1,1670,0
26°C,现状,guang3zhou1shi4,2020 Baseline,guang3zhou1shi4_2_6_2005_S0,STOREY_2,1670,0
26°C,现状,guang3zhou1shi4,2020 Baseline,guang3zhou1shi4_2_6_2005_S0,STOREY_3,1670,0
26°C,现状,guang3zhou1shi4,2020 Baseline,guang3zhou1shi4_2_6_2005_S0,STOREY_4,1670,0
26°C,现状,guang3zhou1shi4,2020 Baseline,guang3zhou1shi4_2_6_2005_S0,STOREY_5,1670,0
26°C,现状,guang3zhou1shi4,2020 Baseline,guang3zhou1shi4_2_6_2005_S0,STOREY_6,1670,0
26°C,现状,guang3zhou1shi4,2020 Baseline,guang3zhou1shi4_2_6_2005_S0,STOREY_7,1670,0
26°C,现状,guang3zhou1shi4,2020 Baseline,guang3zhou1shi4_2_6_2005_S0,STOREY_8,1670,0
26°C,现状,guang3zhou1shi4,2020 Baseline,guang3zhou1shi4_2_6_2005_S0,STOREY_9,1670,0
26°C,现状,guang3zhou1shi4,2020 Baseline,guang3zhou1shi4_2_6_2005_S0,STOREY_10,1670,0
26°C,现状,guang3zhou1shi4,2020 Baseline,guang3zhou1shi4_2_6_2005_S0,STOREY_11,1670,0
26°C,现状,guang3zhou1shi4,2020 Baseline,guang3zhou1shi4_2_6_2005_S0,STOREY_12,1670,0
26°C,现状,guang3zhou1shi4,2020 Baseline,guang3zhou1shi4_2_6_2005_S0,STOREY_13,1670,0
26°C,现状,guang3zhou1shi4,2020 Baseline,guang3zhou1shi4_2_6_2005_S0,STOREY_14,1670,8
26°C,现状,guang3zhou1shi4,2020 Baseline,guang3zhou1shi4_2_6_2005_S0,STOREY_0,1670,0
26°C,现状,shang4hai3shi4,2020 Baseline,shang4hai3shi4_0_10_1980_S0,STOREY_1,1840,0
26°C,现状,shang4hai3shi4,2020 Baseline,shang4hai3shi4_0_10_1980_S0,STOREY_2,1840,6
26°C,现状,shang4hai3shi4,2020 Baseline,shang4hai3shi4_0_10_1980_S0,STOREY_0,1840,0
26°C,现状,guang3zhou1shi4,2020 Baseline,guang3zhou1shi4_2_7_2015_S0,STOREY_1,1670,0
26°C,现状,guang3zhou1shi4,2020 Baseline,guang3zhou1shi4_2_7_2015_S0,STOREY_2,1670,0
26°C,现状,guang3zhou1shi4,2020 Baseline,guang3zhou1shi4_2_7_2015_S0,STOREY_3,1670,0
26°C,现状,guang3zhou1shi4,2020 Baseline,guang3zhou1shi4_2_7_2015_S0,STOREY_4,1670,0
26°C,现状,guang3zhou1shi4,2020 Baseline,guang3zhou1shi4_2_7_2015_S0,STOREY_5,1670,0
26°C,现状,guang3zhou1shi4,2020 Baseline,guang3zhou1shi4_2_7_2015_S0,STOREY_6,1670,0
26°C,现状,guang3zhou1shi4,2020 Baseline,guang3zhou1shi4_2_7_2015_S0,STOREY_7,1670,0
26°C,现状,guang3zhou1shi4,2020 Baseline,guang3zhou1shi4_2_7_2015_S0,STOREY_8,1670,0
26°C,现状,guang3zhou1shi4,2020 Baseline,guang3zhou1shi4_2_7_2015_S0,STOREY_9,1670,0
26°C,现状,guang3zhou1shi4,2020 Baseline,guang3zhou1shi4_2_7_2015_S0,STOREY_10,1670,0
26°C,现状,guang3zhou1shi4,2020 Baseline,guang3zhou1shi4_2_7_2015_S0,STOREY_11,1670,0
26°C,现状,guang3zhou1shi4,2020 Baseline,guang3zhou1shi4_2_7_2015_S0,STOREY_12,1670,0
26°C,现状,guang3zhou1shi4,2020 Baseline,guang3zhou1shi4_2_7_2015_S0,STOREY_13,1670,0
26°C,现状,guang3zhou1shi4,2020 Baseline,guang3zhou1shi4_2_7_2015_S0,STOREY_14,1670,0
26°C,现状,guang3zhou1shi4,2020 Baseline,guang3zhou1shi4_2_7_2015_S0,STOREY_15,1670,0
26°C,现状,guang3zhou1shi4,2020 Baseline,guang3zhou1shi4_2_7_2015_S0,STOREY_16,1670,0
26°C,现状,guang3zhou1shi4,2020 Baseline,guang3zhou1shi4_2_7_2015_S0,STOREY_17,1670,0
26°C,现状,guang3zhou1shi4,2020 Baseline,guang3zhou1shi4_2_7_2015_S0,STOREY_18,1670,0
26°C,现状,guang3zhou1shi4,2020 Baseline,guang3zhou1shi4_2_7_2015_S0,STOREY_19,1670,3
26°C,现状,guang3zhou1shi4,2020 Baseline,guang3zhou1shi4_2_7_2015_S0,STOREY_0,1670,0
26°C,现状,shang4hai3shi4,2020 Baseline,shang4hai3shi4_0_11_1980_S0,STOREY_1,1840,0
26°C,现状,shang4hai3shi4,2020 Baseline,shang4hai3shi4_0_11_1980_S0,STOREY_2,1840,5
26°C,现状,shang4hai3shi4,2020 Baseline,shang4hai3shi4_0_11_1980_S0,STOREY_0,1840,0
26°C,现状,shang4hai3shi4,2020 Baseline,shang4hai3shi4_0_12_1995_S0,STOREY_1,1840,0
26°C,现状,shang4hai3shi4,2020 Baseline,shang4hai3shi4_0_12_1995_S0,STOREY_2,1840,5
26°C,现状,shang4hai3shi4,2020 Baseline,shang4hai3shi4_0_12_1995_S0,STOREY_0,1840,0
26°C,现状,shang4hai3shi4,2020 Baseline,shang4hai3shi4_0_13_1980_S0,STOREY_1,1840,9
26°C,现状,shang4hai3shi4,2020 Baseline,shang4hai3shi4_0_13_1980_S0,STOREY_0,1840,0
26°C,现状,shang4hai3shi4,2020 Baseline,shang4hai3shi4_0_14_2005_S0,STOREY_1,1840,0
26°C,现状,shang4hai3shi4,2020 Baseline,shang4hai3shi4_0_14_2005_S0,STOREY_2,1840,5
26°C,现状,shang4hai3shi4,2020 Baseline,shang4hai3shi4_0_14_2005_S0,STOREY_0,1840,0
26°C,现状,shang4hai3shi4,2020 Baseline,shang4hai3shi4_0_15_1995_S0,STOREY_1,1840,8
26°C,现状,shang4hai3shi4,2020 Baseline,shang4hai3shi4_0_15_1995_S0,STOREY_2,1840,17
26°C,现状,shang4hai3shi4,2020 Baseline,shang4hai3shi4_0_15_1995_S0,STOREY_0,1840,0
26°C,现状,shang4hai3shi4,2020 Baseline,shang4hai3shi4_0_2_1995_S0,STOREY_0,1840,0
26°C,现状,shang4hai3shi4,2020 Baseline,shang4hai3shi4_0_1_1980_S0,STOREY_1,1840,0
26°C,现状,shang4hai3shi4,2020 Baseline,shang4hai3shi4_0_1_1980_S0,STOREY_2,1840,0
26°C,现状,shang4hai3shi4,2020 Baseline,shang4hai3shi4_0_1_1980_S0,STOREY_0,1840,0
26°C,现状,guang3zhou1shi4,2020 Baseline,guang3zhou1shi4_2_8_2005_S0,STOREY_1,1670,0
26°C,现状,guang3zhou1shi4,2020 Baseline,guang3zhou1shi4_2_8_2005_S0,STOREY_2,1670,0
26°C,现状,guang3zhou1shi4,2020 Baseline,guang3zhou1shi4_2_8_2005_S0,STOREY_3,1670,0
26°C,现状,guang3zhou1shi4,2020 Baseline,guang3zhou1shi4_2_8_2005_S0,STOREY_4,1670,0
26°C,现状,guang3zhou1shi4,2020 Baseline,guang3zhou1shi4_2_8_2005_S0,STOREY_5,1670,0
26°C,现状,guang3zhou1shi4,2020 Baseline,guang3zhou1shi4_2_8_2005_S0,STOREY_6,1670,0
26°C,现状,guang3zhou1shi4,2020 Baseline,guang3zhou1shi4_2_8_2005_S0,STOREY_7,1670,0
26°C,现状,guang3zhou1shi4,2020 Baseline,guang3zhou1shi4_2_8_2005_S0,STOREY_8,1670,0
26°C,现状,guang3zhou1shi4,2020 Baseline,guang3zhou1shi4_2_8_2005_S0,STOREY_9,1670,0
26°C,现状,guang3zhou1shi4,2020 Baseline,guang3zhou1shi4_2_8_2005_S0,STOREY_10,1670,0
26°C,现状,guang3zhou1shi4,2020 Baseline,guang3zhou1shi4_2_8_2005_S0,STOREY_11,1670,0
26°C,现状,guang3zhou1shi4,2020 Baseline,guang3zhou1shi4_2_8_2005_S0,STOREY_12,1670,0
26°C,现状,guang3zhou1shi4,2020 Baseline,guang3zhou1shi4_2_8_2005_S0,STOREY_13,1670,0
26°C,现状,guang3zhou1shi4,2020 Baseline,guang3zhou1shi4_2_8_2005_S0,STOREY_14,1670,0
26°C,现状,guang3zhou1shi4,2020 Baseline,guang3zhou1shi4_2_8_2005_S0,STOREY_15,1670,0
26°C,现状,guang3zhou1shi4,2020 Baseline,guang3zhou1shi4_2_8_2005_S0,STOREY_16,1670,0
26°C,现状,guang3zhou1shi4,2020 Baseline,guang3zhou1shi4_2_8_2005_S0,STOREY_17,1670,0
26°C,现状,guang3zhou1shi4,2020 Baseline,guang3zhou1shi4_2_8_2005_S0,STOREY_18,1670,0
26°C,现状,guang3zhou1shi4,2020 Baseline,guang3zhou1shi4_2_8_2005_S0,STOREY_19,1670,0
26°C,现状,guang3zhou1shi4,2020 Baseline,guang3zhou1shi4_2_8_2005_S0,STOREY_20,1670,0
26°C,现状,guang3zhou1shi4,2020 Baseline,guang3zhou1shi4_2_8_2005_S0,STOREY_21,1670,0
26°C,现状,guang3zhou1shi4,2020 Baseline,guang3zhou1shi4_2_8_2005_S0,STOREY_22,1670,0
26°C,现状,guang3zhou1shi4,2020 Baseline,guang3zhou1shi4_2_8_2005_S0,STOREY_23,1670,0
26°C,现状,guang3zhou1shi4,2020 Baseline,guang3zhou1shi4_2_8_2005_S0,STOREY_24,1670,0
26°C,现状,guang3zhou1shi4,2020 Baseline,guang3zhou1shi4_2_8_2005_S0,STOREY_25,1670,0
26°C,现状,guang3zhou1shi4,2020 Baseline,guang3zhou1shi4_2_8_2005_S0,STOREY_26,1670,0
26°C,现状,guang3zhou1shi4,2020 Baseline,guang3zhou1shi4_2_8_2005_S0,STOREY_27,1670,3
26°C,现状,guang3zhou1shi4,2020 Baseline,guang3zhou1shi4_2_8_2005_S0,STOREY_0,1670,0
26°C,现状,shang4hai3shi4,2020 Baseline,shang4hai3shi4_0_3_1980_S0,STOREY_1,1840,0
26°C,现状,shang4hai3shi4,2020 Baseline,shang4hai3shi4_0_3_1980_S0,STOREY_2,1840,11
26°C,现状,shang4hai3shi4,2020 Baseline,shang4hai3shi4_0_3_1980_S0,STOREY_0,1840,0
26°C,现状,shang4hai3shi4,2020 Baseline,shang4hai3shi4_0_5_1980_S0,STOREY_1,1840,2
26°C,现状,shang4hai3shi4,2020 Baseline,shang4hai3shi4_0_5_1980_S0,STOREY_0,1840,0
26°C,现状,shang4hai3shi4,2020 Baseline,shang4hai3shi4_0_4_1980_S0,STOREY_1,1840,21
26°C,现状,shang4hai3shi4,2020 Baseline,shang4hai3shi4_0_4_1980_S0,STOREY_2,1840,22
26°C,现状,shang4hai3shi4,2020 Baseline,shang4hai3shi4_0_4_1980_S0,STOREY_0,1840,0
26°C,现状,guang3zhou1shi4,2020 Baseline,guang3zhou1shi4_2_9_2005_S0,STOREY_1,1670,0
26°C,现状,guang3zhou1shi4,2020 Baseline,guang3zhou1shi4_2_9_2005_S0,STOREY_2,1670,0
26°C,现状,guang3zhou1shi4,2020 Baseline,guang3zhou1shi4_2_9_2005_S0,STOREY_3,1670,0
26°C,现状,guang3zhou1shi4,2020 Baseline,guang3zhou1shi4_2_9_2005_S0,STOREY_4,1670,0
26°C,现状,guang3zhou1shi4,2020 Baseline,guang3zhou1shi4_2_9_2005_S0,STOREY_5,1670,0
26°C,现状,guang3zhou1shi4,2020 Baseline,guang3zhou1shi4_2_9_2005_S0,STOREY_6,1670,0
26°C,现状,guang3zhou1shi4,2020 Baseline,guang3zhou1shi4_2_9_2005_S0,STOREY_7,1670,0
26°C,现状,guang3zhou1shi4,2020 Baseline,guang3zhou1shi4_2_9_2005_S0,STOREY_8,1670,0
26°C,现状,guang3zhou1shi4,2020 Baseline,guang3zhou1shi4_2_9_2005_S0,STOREY_9,1670,0
26°C,现状,guang3zhou1shi4,2020 Baseline,guang3zhou1shi4_2_9_2005_S0,STOREY_10,1670,0
26°C,现状,guang3zhou1shi4,2020 Baseline,guang3zhou1shi4_2_9_2005_S0,STOREY_11,1670,0
26°C,现状,guang3zhou1shi4,2020 Baseline,guang3zhou1shi4_2_9_2005_S0,STOREY_12,1670,0
26°C,现状,guang3zhou1shi4,2020 Baseline,guang3zhou1shi4_2_9_2005_S0,STOREY_13,1670,0
26°C,现状,guang3zhou1shi4,2020 Baseline,guang3zhou1shi4_2_9_2005_S0,STOREY_14,1670,0
26°C,现状,guang3zhou1shi4,2020 Baseline,guang3zhou1shi4_2_9_2005_S0,STOREY_15,1670,0
26°C,现状,guang3zhou1shi4,2020 Baseline,guang3zhou1shi4_2_9_2005_S0,STOREY_16,1670,0
26°C,现状,guang3zhou1shi4,2020 Baseline,guang3zhou1shi4_2_9_2005_S0,STOREY_17,1670,0
26°C,现状,guang3zhou1shi4,2020 Baseline,guang3zhou1shi4_2_9_2005_S0,STOREY_18,1670,0
26°C,现状,guang3zhou1shi4,2020 Baseline,guang3zhou1shi4_2_9_2005_S0,STOREY_19,1670,0
26°C,现状,guang3zhou1shi4,2020 Baseline,guang3zhou1shi4_2_9_2005_S0,STOREY_20,1670,0
26°C,现状,guang3zhou1shi4,2020 Baseline,guang3zhou1shi4_2_9_2005_S0,STOREY_21,1670,0
26°C,现状,guang3zhou1shi4,2020 Baseline,guang3zhou1shi4_2_9_2005_S0,STOREY_22,1670,0
26°C,现状,guang3zhou1shi4,2020 Baseline,guang3zhou1shi4_2_9_2005_S0,STOREY_23,1670,11
26°C,现状,guang3zhou1shi4,2020 Baseline,guang3zhou1shi4_2_9_2005_S0,STOREY_0,1670,0
26°C,现状,shang4hai3shi4,2020 Baseline,shang4hai3shi4_0_6_1980_S0,STOREY_1,1840,0
26°C,现状,shang4hai3shi4,2020 Baseline,shang4hai3shi4_0_6_1980_S0,STOREY_2,1840,10
26°C,现状,shang4hai3shi4,2020 Baseline,shang4hai3shi4_0_6_1980_S0,STOREY_0,1840,0
26°C,现状,shang4hai3shi4,2020 Baseline,shang4hai3shi4_0_7_1995_S0,STOREY_1,1840,10
26°C,现状,shang4hai3shi4,2020 Baseline,shang4hai3shi4_0_7_1995_S0,STOREY_2,1840,19
26°C,现状,shang4hai3shi4,2020 Baseline,shang4hai3shi4_0_7_1995_S0,STOREY_0,1840,0
26°C,现状,shang4hai3shi4,2020 Baseline,shang4hai3shi4_0_8_1980_S0,STOREY_1,1840,11
26°C,现状,shang4hai3shi4,2020 Baseline,shang4hai3shi4_0_8_1980_S0,STOREY_2,1840,17
26°C,现状,shang4hai3shi4,2020 Baseline,shang4hai3shi4_0_8_1980_S0,STOREY_0,1840,0
26°C,现状,shang4hai3shi4,2020 Baseline,shang4hai3shi4_0_9_1995_S0,STOREY_1,1840,0
26°C,现状,shang4hai3shi4,2020 Baseline,shang4hai3shi4_0_9_1995_S0,STOREY_2,1840,5
26°C,现状,shang4hai3shi4,2020 Baseline,shang4hai3shi4_0_9_1995_S0,STOREY_0,1840,0
26°C,现状,shang4hai3shi4,2020 Baseline,shang4hai3shi4_1_10_1995_S0,STOREY_1,1840,0
26°C,现状,shang4hai3shi4,2020 Baseline,shang4hai3shi4_1_10_1995_S0,STOREY_2,1840,0
26°C,现状,shang4hai3shi4,2020 Baseline,shang4hai3shi4_1_10_1995_S0,STOREY_3,1840,0
26°C,现状,shang4hai3shi4,2020 Baseline,shang4hai3shi4_1_10_1995_S0,STOREY_4,1840,0
26°C,现状,shang4hai3shi4,2020 Baseline,shang4hai3shi4_1_10_1995_S0,STOREY_5,1840,0
26°C,现状,shang4hai3shi4,2020 Baseline,shang4hai3shi4_1_10_1995_S0,STOREY_0,1840,0
26°C,现状,shang4hai3shi4,2020 Baseline,shang4hai3shi4_1_13_2005_S0,STOREY_1,1840,0
26°C,现状,shang4hai3shi4,2020 Baseline,shang4hai3shi4_1_13_2005_S0,STOREY_2,1840,0
26°C,现状,shang4hai3shi4,2020 Baseline,shang4hai3shi4_1_13_2005_S0,STOREY_3,1840,0
26°C,现状,shang4hai3shi4,2020 Baseline,shang4hai3shi4_1_13_2005_S0,STOREY_4,1840,0
26°C,现状,shang4hai3shi4,2020 Baseline,shang4hai3shi4_1_13_2005_S0,STOREY_0,1840,0
26°C,现状,shang4hai3shi4,2020 Baseline,shang4hai3shi4_1_11_1995_S0,STOREY_1,1840,0
26°C,现状,shang4hai3shi4,2020 Baseline,shang4hai3shi4_1_11_1995_S0,STOREY_2,1840,0
26°C,现状,shang4hai3shi4,2020 Baseline,shang4hai3shi4_1_11_1995_S0,STOREY_3,1840,0
26°C,现状,shang4hai3shi4,2020 Baseline,shang4hai3shi4_1_11_1995_S0,STOREY_4,1840,0
26°C,现状,shang4hai3shi4,2020 Baseline,shang4hai3shi4_1_11_1995_S0,STOREY_5,1840,5
26°C,现状,shang4hai3shi4,2020 Baseline,shang4hai3shi4_1_11_1995_S0,STOREY_0,1840,0
26°C,现状,shang4hai3shi4,2020 Baseline,shang4hai3shi4_1_12_2005_S0,STOREY_1,1840,0
26°C,现状,shang4hai3shi4,2020 Baseline,shang4hai3shi4_1_12_2005_S0,STOREY_2,1840,0
26°C,现状,shang4hai3shi4,2020 Baseline,shang4hai3shi4_1_12_2005_S0,STOREY_3,1840,0
26°C,现状,shang4hai3shi4,2020 Baseline,shang4hai3shi4_1_12_2005_S0,STOREY_4,1840,0
26°C,现状,shang4hai3shi4,2020 Baseline,shang4hai3shi4_1_12_2005_S0,STOREY_5,1840,0
26°C,现状,shang4hai3shi4,2020 Baseline,shang4hai3shi4_1_12_2005_S0,STOREY_0,1840,0
26°C,现状,shang4hai3shi4,2020 Baseline,shang4hai3shi4_1_15_2005_S0,STOREY_1,1840,0
26°C,现状,shang4hai3shi4,2020 Baseline,shang4hai3shi4_1_15_2005_S0,STOREY_2,1840,0
26°C,现状,shang4hai3shi4,2020 Baseline,shang4hai3shi4_1_15_2005_S0,STOREY_3,1840,0
26°C,现状,shang4hai3shi4,2020 Baseline,shang4hai3shi4_1_15_2005_S0,STOREY_4,1840,0
26°C,现状,shang4hai3shi4,2020 Baseline,shang4hai3shi4_1_15_2005_S0,STOREY_5,1840,0
26°C,现状,shang4hai3shi4,2020 Baseline,shang4hai3shi4_1_15_2005_S0,STOREY_0,1840,0
26°C,现状,shang4hai3shi4,2020 Baseline,shang4hai3shi4_1_1_1995_S0,STOREY_1,1840,0
26°C,现状,shang4hai3shi4,2020 Baseline,shang4hai3shi4_1_1_1995_S0,STOREY_2,1840,0
26°C,现状,shang4hai3shi4,2020 Baseline,shang4hai3shi4_1_1_1995_S0,STOREY_3,1840,0
26°C,现状,shang4hai3shi4,2020 Baseline,shang4hai3shi4_1_1_1995_S0,STOREY_4,1840,0
26°C,现状,shang4hai3shi4,2020 Baseline,shang4hai3shi4_1_1_1995_S0,STOREY_5,1840,5
26°C,现状,shang4hai3shi4,2020 Baseline,shang4hai3shi4_1_1_1995_S0,STOREY_0,1840,0
26°C,现状,shang4hai3shi4,2020 Baseline,shang4hai3shi4_1_2_1980_S0,STOREY_1,1840,0
26°C,现状,shang4hai3shi4,2020 Baseline,shang4hai3shi4_1_2_1980_S0,STOREY_2,1840,0
26°C,现状,shang4hai3shi4,2020 Baseline,shang4hai3shi4_1_2_1980_S0,STOREY_3,1840,0
26°C,现状,shang4hai3shi4,2020 Baseline,shang4hai3shi4_1_2_1980_S0,STOREY_4,1840,0
26°C,现状,shang4hai3shi4,2020 Baseline,shang4hai3shi4_1_2_1980_S0,STOREY_5,1840,4
26°C,现状,shang4hai3shi4,2020 Baseline,shang4hai3shi4_1_2_1980_S0,STOREY_0,1840,0
26°C,现状,shang4hai3shi4,2020 Baseline,shang4hai3shi4_1_14_1995_S0,STOREY_1,1840,0
26°C,现状,shang4hai3shi4,2020 Baseline,shang4hai3shi4_1_14_1995_S0,STOREY_2,1840,0
26°C,现状,shang4hai3shi4,2020 Baseline,shang4hai3shi4_1_14_1995_S0,STOREY_3,1840,0
26°C,现状,shang4hai3shi4,2020 Baseline,shang4hai3shi4_1_14_1995_S0,STOREY_4,1840,0
26°C,现状,shang4hai3shi4,2020 Baseline,shang4hai3shi4_1_14_1995_S0,STOREY_5,1840,0
26°C,现状,shang4hai3shi4,2020 Baseline,shang4hai3shi4_1_14_1995_S0,STOREY_6,1840,0
26°C,现状,shang4hai3shi4,2020 Baseline,shang4hai3shi4_1_14_1995_S0,STOREY_7,1840,0
26°C,现状,shang4hai3shi4,2020 Baseline,shang4hai3shi4_1_14_1995_S0,STOREY_8,1840,0
26°C,现状,shang4hai3shi4,2020 Baseline,shang4hai3shi4_1_14_1995_S0,STOREY_9,1840,5
26°C,现状,shang4hai3shi4,2020 Baseline,shang4hai3shi4_1_14_1995_S0,STOREY_0,1840,0
26°C,现状,shang4hai3shi4,2020 Baseline,shang4hai3shi4_1_3_1995_S0,STOREY_1,1840,0
26°C,现状,shang4hai3shi4,2020 Baseline,shang4hai3shi4_1_3_1995_S0,STOREY_2,1840,0
26°C,现状,shang4hai3shi4,2020 Baseline,shang4hai3shi4_1_3_1995_S0,STOREY_3,1840,0
26°C,现状,shang4hai3shi4,2020 Baseline,shang4hai3shi4_1_3_1995_S0,STOREY_4,1840,0
26°C,现状,shang4hai3shi4,2020 Baseline,shang4hai3shi4_1_3_1995_S0,STOREY_5,1840,0
26°C,现状,shang4hai3shi4,2020 Baseline,shang4hai3shi4_1_3_1995_S0,STOREY_0,1840,0
26°C,现状,shang4hai3shi4,2020 Baseline,shang4hai3shi4_1_4_2005_S0,STOREY_1,1840,0
26°C,现状,shang4hai3shi4,2020 Baseline,shang4hai3shi4_1_4_2005_S0,STOREY_2,1840,0
26°C,现状,shang4hai3shi4,2020 Baseline,shang4hai3shi4_1_4_2005_S0,STOREY_3,1840,0
26°C,现状,shang4hai3shi4,2020 Baseline,shang4hai3shi4_1_4_2005_S0,STOREY_4,1840,0
26°C,现状,shang4hai3shi4,2020 Baseline,shang4hai3shi4_1_4_2005_S0,STOREY_5,1840,0
26°C,现状,shang4hai3shi4,2020 Baseline,shang4hai3shi4_1_4_2005_S0,STOREY_0,1840,0
26°C,现状,shang4hai3shi4,2020 Baseline,shang4hai3shi4_1_5_2005_S0,STOREY_1,1840,0
26°C,现状,shang4hai3shi4,2020 Baseline,shang4hai3shi4_1_5_2005_S0,STOREY_2,1840,0
26°C,现状,shang4hai3shi4,2020 Baseline,shang4hai3shi4_1_5_2005_S0,STOREY_3,1840,0
26°C,现状,shang4hai3shi4,2020 Baseline,shang4hai3shi4_1_5_2005_S0,STOREY_4,1840,0
26°C,现状,shang4hai3shi4,2020 Baseline,shang4hai3shi4_1_5_2005_S0,STOREY_5,1840,4
26°C,现状,shang4hai3shi4,2020 Baseline,shang4hai3shi4_1_5_2005_S0,STOREY_0,1840,0
26°C,现状,shang4hai3shi4,2020 Baseline,shang4hai3shi4_1_6_2005_S0,STOREY_1,1840,0
26°C,现状,shang4hai3shi4,2020 Baseline,shang4hai3shi4_1_6_2005_S0,STOREY_2,1840,0
26°C,现状,shang4hai3shi4,2020 Baseline,shang4hai3shi4_1_6_2005_S0,STOREY_3,1840,0
26°C,现状,shang4hai3shi4,2020 Baseline,shang4hai3shi4_1_6_2005_S0,STOREY_4,1840,0
26°C,现状,shang4hai3shi4,2020 Baseline,shang4hai3shi4_1_6_2005_S0,STOREY_5,1840,0
26°C,现状,shang4hai3shi4,2020 Baseline,shang4hai3shi4_1_6_2005_S0,STOREY_0,1840,0
26°C,现状,shang4hai3shi4,2020 Baseline,shang4hai3shi4_1_7_1995_S0,STOREY_1,1840,0
26°C,现状,shang4hai3shi4,2020 Baseline,shang4hai3shi4_1_7_1995_S0,STOREY_2,1840,0
26°C,现状,shang4hai3shi4,2020 Baseline,shang4hai3shi4_1_7_1995_S0,STOREY_3,1840,0
26°C,现状,shang4hai3shi4,2020 Baseline,shang4hai3shi4_1_7_1995_S0,STOREY_4,1840,6
26°C,现状,shang4hai3shi4,2020 Baseline,shang4hai3shi4_1_7_1995_S0,STOREY_0,1840,0
26°C,现状,shang4hai3shi4,2020 Baseline,shang4hai3shi4_1_8_1995_S0,STOREY_1,1840,0
26°C,现状,shang4hai3shi4,2020 Baseline,shang4hai3shi4_1_8_1995_S0,STOREY_2,1840,0
26°C,现状,shang4hai3shi4,2020 Baseline,shang4hai3shi4_1_8_1995_S0,STOREY_3,1840,0
26°C,现状,shang4hai3shi4,2020 Baseline,shang4hai3shi4_1_8_1995_S0,STOREY_4,1840,0
26°C,现状,shang4hai3shi4,2020 Baseline,shang4hai3shi4_1_8_1995_S0,STOREY_5,1840,11
26°C,现状,shang4hai3shi4,2020 Baseline,shang4hai3shi4_1_8_1995_S0,STOREY_0,1840,0
26°C,现状,shang4hai3shi4,2020 Baseline,shang4hai3shi4_1_9_1980_S0,STOREY_1,1840,0
26°C,现状,shang4hai3shi4,2020 Baseline,shang4hai3shi4_1_9_1980_S0,STOREY_2,1840,0
26°C,现状,shang4hai3shi4,2020 Baseline,shang4hai3shi4_1_9_1980_S0,STOREY_3,1840,0
26°C,现状,shang4hai3shi4,2020 Baseline,shang4hai3shi4_1_9_1980_S0,STOREY_4,1840,0
26°C,现状,shang4hai3shi4,2020 Baseline,shang4hai3shi4_1_9_1980_S0,STOREY_5,1840,3
26°C,现状,shang4hai3shi4,2020 Baseline,shang4hai3shi4_1_9_1980_S0,STOREY_0,1840,0
26°C,现状,shang4hai3shi4,2020 Baseline,shang4hai3shi4_2_11_2005_S0,STOREY_1,1840,0
26°C,现状,shang4hai3shi4,2020 Baseline,shang4hai3shi4_2_11_2005_S0,STOREY_2,1840,0
26°C,现状,shang4hai3shi4,2020 Baseline,shang4hai3shi4_2_11_2005_S0,STOREY_3,1840,0
26°C,现状,shang4hai3shi4,2020 Baseline,shang4hai3shi4_2_11_2005_S0,STOREY_4,1840,0
26°C,现状,shang4hai3shi4,2020 Baseline,shang4hai3shi4_2_11_2005_S0,STOREY_5,1840,0
26°C,现状,shang4hai3shi4,2020 Baseline,shang4hai3shi4_2_11_2005_S0,STOREY_6,1840,0
26°C,现状,shang4hai3shi4,2020 Baseline,shang4hai3shi4_2_11_2005_S0,STOREY_7,1840,0
26°C,现状,shang4hai3shi4,2020 Baseline,shang4hai3shi4_2_11_2005_S0,STOREY_8,1840,0
26°C,现状,shang4hai3shi4,2020 Baseline,shang4hai3shi4_2_11_2005_S0,STOREY_9,1840,0
26°C,现状,shang4hai3shi4,2020 Baseline,shang4hai3shi4_2_11_2005_S0,STOREY_10,1840,0
26°C,现状,shang4hai3shi4,2020 Baseline,shang4hai3shi4_2_11_2005_S0,STOREY_11,1840,0
26°C,现状,shang4hai3shi4,2020 Baseline,shang4hai3shi4_2_11_2005_S0,STOREY_0,1840,0
26°C,现状,shang4hai3shi4,2020 Baseline,shang4hai3shi4_2_10_1995_S0,STOREY_1,1840,0
26°C,现状,shang4hai3shi4,2020 Baseline,shang4hai3shi4_2_10_1995_S0,STOREY_2,1840,0
26°C,现状,shang4hai3shi4,2020 Baseline,shang4hai3shi4_2_10_1995_S0,STOREY_3,1840,0
26°C,现状,shang4hai3shi4,2020 Baseline,shang4hai3shi4_2_10_1995_S0,STOREY_4,1840,0
26°C,现状,shang4hai3shi4,2020 Baseline,shang4hai3shi4_2_10_1995_S0,STOREY_5,1840,0
26°C,现状,shang4hai3shi4,2020 Baseline,shang4hai3shi4_2_10_1995_S0,STOREY_6,1840,0
26°C,现状,shang4hai3shi4,2020 Baseline,shang4hai3shi4_2_10_1995_S0,STOREY_7,1840,0
26°C,现状,shang4hai3shi4,2020 Baseline,shang4hai3shi4_2_10_1995_S0,STOREY_8,1840,0
26°C,现状,shang4hai3shi4,2020 Baseline,shang4hai3shi4_2_10_1995_S0,STOREY_9,1840,0
26°C,现状,shang4hai3shi4,2020 Baseline,shang4hai3shi4_2_10_1995_S0,STOREY_10,1840,0
26°C,现状,shang4hai3shi4,2020 Baseline,shang4hai3shi4_2_10_1995_S0,STOREY_11,1840,0
26°C,现状,shang4hai3shi4,2020 Baseline,shang4hai3shi4_2_10_1995_S0,STOREY_12,1840,0
26°C,现状,shang4hai3shi4,2020 Baseline,shang4hai3shi4_2_10_1995_S0,STOREY_13,1840,0
26°C,现状,shang4hai3shi4,2020 Baseline,shang4hai3shi4_2_10_1995_S0,STOREY_14,1840,0
26°C,现状,shang4hai3shi4,2020 Baseline,shang4hai3shi4_2_10_1995_S0,STOREY_15,1840,0
26°C,现状,shang4hai3shi4,2020 Baseline,shang4hai3shi4_2_10_1995_S0,STOREY_0,1840,0
26°C,现状,shang4hai3shi4,2020 Baseline,shang4hai3shi4_2_12_2005_S0,STOREY_1,1840,0
26°C,现状,shang4hai3shi4,2020 Baseline,shang4hai3shi4_2_12_2005_S0,STOREY_2,1840,0
26°C,现状,shang4hai3shi4,2020 Baseline,shang4hai3shi4_2_12_2005_S0,STOREY_3,1840,0
26°C,现状,shang4hai3shi4,2020 Baseline,shang4hai3shi4_2_12_2005_S0,STOREY_4,1840,0
26°C,现状,shang4hai3shi4,2020 Baseline,shang4hai3shi4_2_12_2005_S0,STOREY_5,1840,0
26°C,现状,shang4hai3shi4,2020 Baseline,shang4hai3shi4_2_12_2005_S0,STOREY_6,1840,0
26°C,现状,shang4hai3shi4,2020 Baseline,shang4hai3shi4_2_12_2005_S0,STOREY_7,1840,0
26°C,现状,shang4hai3shi4,2020 Baseline,shang4hai3shi4_2_12_2005_S0,STOREY_8,1840,0
26°C,现状,shang4hai3shi4,2020 Baseline,shang4hai3shi4_2_12_2005_S0,STOREY_9,1840,0
26°C,现状,shang4hai3shi4,2020 Baseline,shang4hai3shi4_2_12_2005_S0,STOREY_10,1840,0
26°C,现状,shang4hai3shi4,2020 Baseline,shang4hai3shi4_2_12_2005_S0,STOREY_11,1840,0
26°C,现状,shang4hai3shi4,2020 Baseline,shang4hai3shi4_2_12_2005_S0,STOREY_12,1840,0
26°C,现状,shang4hai3shi4,2020 Baseline,shang4hai3shi4_2_12_2005_S0,STOREY_13,1840,0
26°C,现状,shang4hai3shi4,2020 Baseline,shang4hai3shi4_2_12_2005_S0,STOREY_0,1840,0
26°C,现状,shang4hai3shi4,2020 Baseline,shang4hai3shi4_2_15_2005_S0,STOREY_1,1840,0
26°C,现状,shang4hai3shi4,2020 Baseline,shang4hai3shi4_2_15_2005_S0,STOREY_2,1840,0
26°C,现状,shang4hai3shi4,2020 Baseline,shang4hai3shi4_2_15_2005_S0,STOREY_3,1840,0
26°C,现状,shang4hai3shi4,2020 Baseline,shang4hai3shi4_2_15_2005_S0,STOREY_4,1840,0
26°C,现状,shang4hai3shi4,2020 Baseline,shang4hai3shi4_2_15_2005_S0,STOREY_5,1840,0
26°C,现状,shang4hai3shi4,2020 Baseline,shang4hai3shi4_2_15_2005_S0,STOREY_6,1840,0
26°C,现状,shang4hai3shi4,2020 Baseline,shang4hai3shi4_2_15_2005_S0,STOREY_7,1840,0
26°C,现状,shang4hai3shi4,2020 Baseline,shang4hai3shi4_2_15_2005_S0,STOREY_8,1840,0
26°C,现状,shang4hai3shi4,2020 Baseline,shang4hai3shi4_2_15_2005_S0,STOREY_9,1840,0
26°C,现状,shang4hai3shi4,2020 Baseline,shang4hai3shi4_2_15_2005_S0,STOREY_10,1840,0
26°C,现状,shang4hai3shi4,2020 Baseline,shang4hai3shi4_2_15_2005_S0,STOREY_11,1840,0
26°C,现状,shang4hai3shi4,2020 Baseline,shang4hai3shi4_2_15_2005_S0,STOREY_12,1840,3
26°C,现状,shang4hai3shi4,2020 Baseline,shang4hai3shi4_2_15_2005_S0,STOREY_0,1840,0
26°C,现状,shang4hai3shi4,2020 Baseline,shang4hai3shi4_2_13_2005_S0,STOREY_1,1840,0
26°C,现状,shang4hai3shi4,2020 Baseline,shang4hai3shi4_2_13_2005_S0,STOREY_2,1840,0
26°C,现状,shang4hai3shi4,2020 Baseline,shang4hai3shi4_2_13_2005_S0,STOREY_3,1840,0
26°C,现状,shang4hai3shi4,2020 Baseline,shang4hai3shi4_2_13_2005_S0,STOREY_4,1840,0
26°C,现状,shang4hai3shi4,2020 Baseline,shang4hai3shi4_2_13_2005_S0,STOREY_5,1840,0
26°C,现状,shang4hai3shi4,2020 Baseline,shang4hai3shi4_2_13_2005_S0,STOREY_6,1840,0
26°C,现状,shang4hai3shi4,2020 Baseline,shang4hai3shi4_2_13_2005_S0,STOREY_7,1840,0
26°C,现状,shang4hai3shi4,2020 Baseline,shang4hai3shi4_2_13_2005_S0,STOREY_8,1840,0
26°C,现状,shang4hai3shi4,2020 Baseline,shang4hai3shi4_2_13_2005_S0,STOREY_9,1840,0
26°C,现状,shang4hai3shi4,2020 Baseline,shang4hai3shi4_2_13_2005_S0,STOREY_10,1840,0
26°C,现状,shang4hai3shi4,2020 Baseline,shang4hai3shi4_2_13_2005_S0,STOREY_11,1840,0
26°C,现状,shang4hai3shi4,2020 Baseline,shang4hai3shi4_2_13_2005_S0,STOREY_12,1840,0
26°C,现状,shang4hai3shi4,2020 Baseline,shang4hai3shi4_2_13_2005_S0,STOREY_13,1840,0
26°C,现状,shang4hai3shi4,2020 Baseline,shang4hai3shi4_2_13_2005_S0,STOREY_14,1840,0
26°C,现状,shang4hai3shi4,2020 Baseline,shang4hai3shi4_2_13_2005_S0,STOREY_15,1840,0
26°C,现状,shang4hai3shi4,2020 Baseline,shang4hai3shi4_2_13_2005_S0,STOREY_16,1840,0
26°C,现状,shang4hai3shi4,2020 Baseline,shang4hai3shi4_2_13_2005_S0,STOREY_17,1840,0
26°C,现状,shang4hai3shi4,2020 Baseline,shang4hai3shi4_2_13_2005_S0,STOREY_18,1840,0
26°C,现状,shang4hai3shi4,2020 Baseline,shang4hai3shi4_2_13_2005_S0,STOREY_19,1840,0
26°C,现状,shang4hai3shi4,2020 Baseline,shang4hai3shi4_2_13_2005_S0,STOREY_20,1840,0
26°C,现状,shang4hai3shi4,2020 Baseline,shang4hai3shi4_2_13_2005_S0,STOREY_21,1840,0
26°C,现状,shang4hai3shi4,2020 Baseline,shang4hai3shi4_2_13_2005_S0,STOREY_22,1840,0
26°C,现状,shang4hai3shi4,2020 Baseline,shang4hai3shi4_2_13_2005_S0,STOREY_23,1840,0
26°C,现状,shang4hai3shi4,2020 Baseline,shang4hai3shi4_2_13_2005_S0,STOREY_24,1840,0
26°C,现状,shang4hai3shi4,2020 Baseline,shang4hai3shi4_2_13_2005_S0,STOREY_25,1840,0
26°C,现状,shang4hai3shi4,2020 Baseline,shang4hai3shi4_2_13_2005_S0,STOREY_26,1840,0
26°C,现状,shang4hai3shi4,2020 Baseline,shang4hai3shi4_2_13_2005_S0,STOREY_27,1840,0
26°C,现状,shang4hai3shi4,2020 Baseline,shang4hai3shi4_2_13_2005_S0,STOREY_0,1840,0
26°C,现状,shang4hai3shi4,2020 Baseline,shang4hai3shi4_2_14_2015_S0,STOREY_1,1840,0
26°C,现状,shang4hai3shi4,2020 Baseline,shang4hai3shi4_2_14_2015_S0,STOREY_2,1840,0
26°C,现状,shang4hai3shi4,2020 Baseline,shang4hai3shi4_2_14_2015_S0,STOREY_3,1840,0
26°C,现状,shang4hai3shi4,2020 Baseline,shang4hai3shi4_2_14_2015_S0,STOREY_4,1840,0
26°C,现状,shang4hai3shi4,2020 Baseline,shang4hai3shi4_2_14_2015_S0,STOREY_5,1840,0
26°C,现状,shang4hai3shi4,2020 Baseline,shang4hai3shi4_2_14_2015_S0,STOREY_6,1840,0
26°C,现状,shang4hai3shi4,2020 Baseline,shang4hai3shi4_2_14_2015_S0,STOREY_7,1840,0
26°C,现状,shang4hai3shi4,2020 Baseline,shang4hai3shi4_2_14_2015_S0,STOREY_8,1840,0
26°C,现状,shang4hai3shi4,2020 Baseline,shang4hai3shi4_2_14_2015_S0,STOREY_9,1840,0
26°C,现状,shang4hai3shi4,2020 Baseline,shang4hai3shi4_2_14_2015_S0,STOREY_10,1840,0
26°C,现状,shang4hai3shi4,2020 Baseline,shang4hai3shi4_2_14_2015_S0,STOREY_11,1840,0
26°C,现状,shang4hai3shi4,2020 Baseline,shang4hai3shi4_2_14_2015_S0,STOREY_12,1840,0
26°C,现状,shang4hai3shi4,2020 Baseline,shang4hai3shi4_2_14_2015_S0,STOREY_13,1840,0
26°C,现状,shang4hai3shi4,2020 Baseline,shang4hai3shi4_2_14_2015_S0,STOREY_14,1840,0
26°C,现状,shang4hai3shi4,2020 Baseline,shang4hai3shi4_2_14_2015_S0,STOREY_15,1840,0
26°C,现状,shang4hai3shi4,2020 Baseline,shang4hai3shi4_2_14_2015_S0,STOREY_16,1840,0
26°C,现状,shang4hai3shi4,2020 Baseline,shang4hai3shi4_2_14_2015_S0,STOREY_17,1840,0
26°C,现状,shang4hai3shi4,2020 Baseline,shang4hai3shi4_2_14_2015_S0,STOREY_0,1840,0
26°C,现状,shang4hai3shi4,2020 Baseline,shang4hai3shi4_2_1_2005_S0,STOREY_1,1840,0
26°C,现状,shang4hai3shi4,2020 Baseline,shang4hai3shi4_2_1_2005_S0,STOREY_2,1840,0
26°C,现状,shang4hai3shi4,2020 Baseline,shang4hai3shi4_2_1_2005_S0,STOREY_3,1840,0
26°C,现状,shang4hai3shi4,2020 Baseline,shang4hai3shi4_2_1_2005_S0,STOREY_4,1840,0
26°C,现状,shang4hai3shi4,2020 Baseline,shang4hai3shi4_2_1_2005_S0,STOREY_5,1840,0
26°C,现状,shang4hai3shi4,2020 Baseline,shang4hai3shi4_2_1_2005_S0,STOREY_6,1840,0
26°C,现状,shang4hai3shi4,2020 Baseline,shang4hai3shi4_2_1_2005_S0,STOREY_7,1840,0
26°C,现状,shang4hai3shi4,2020 Baseline,shang4hai3shi4_2_1_2005_S0,STOREY_8,1840,0
26°C,现状,shang4hai3shi4,2020 Baseline,shang4hai3shi4_2_1_2005_S0,STOREY_9,1840,0
26°C,现状,shang4hai3shi4,2020 Baseline,shang4hai3shi4_2_1_2005_S0,STOREY_10,1840,0
26°C,现状,shang4hai3shi4,2020 Baseline,shang4hai3shi4_2_1_2005_S0,STOREY_11,1840,0
26°C,现状,shang4hai3shi4,2020 Baseline,shang4hai3shi4_2_1_2005_S0,STOREY_12,1840,0
26°C,现状,shang4hai3shi4,2020 Baseline,shang4hai3shi4_2_1_2005_S0,STOREY_13,1840,0
26°C,现状,shang4hai3shi4,2020 Baseline,shang4hai3shi4_2_1_2005_S0,STOREY_14,1840,0
26°C,现状,shang4hai3shi4,2020 Baseline,shang4hai3shi4_2_1_2005_S0,STOREY_15,1840,0
26°C,现状,shang4hai3shi4,2020 Baseline,shang4hai3shi4_2_1_2005_S0,STOREY_0,1840,0
26°C,现状,shang4hai3shi4,2020 Baseline,shang4hai3shi4_2_2_1980_S0,STOREY_1,1840,0
26°C,现状,shang4hai3shi4,2020 Baseline,shang4hai3shi4_2_2_1980_S0,STOREY_2,1840,0
26°C,现状,shang4hai3shi4,2020 Baseline,shang4hai3shi4_2_2_1980_S0,STOREY_3,1840,0
26°C,现状,shang4hai3shi4,2020 Baseline,shang4hai3shi4_2_2_1980_S0,STOREY_4,1840,0
26°C,现状,shang4hai3shi4,2020 Baseline,shang4hai3shi4_2_2_1980_S0,STOREY_5,1840,0
26°C,现状,shang4hai3shi4,2020 Baseline,shang4hai3shi4_2_2_1980_S0,STOREY_6,1840,0
26°C,现状,shang4hai3shi4,2020 Baseline,shang4hai3shi4_2_2_1980_S0,STOREY_7,1840,0
26°C,现状,shang4hai3shi4,2020 Baseline,shang4hai3shi4_2_2_1980_S0,STOREY_8,1840,0
26°C,现状,shang4hai3shi4,2020 Baseline,shang4hai3shi4_2_2_1980_S0,STOREY_9,1840,0
26°C,现状,shang4hai3shi4,2020 Baseline,shang4hai3shi4_2_2_1980_S0,STOREY_10,1840,0
26°C,现状,shang4hai3shi4,2020 Baseline,shang4hai3shi4_2_2_1980_S0,STOREY_11,1840,4
26°C,现状,shang4hai3shi4,2020 Baseline,shang4hai3shi4_2_2_1980_S0,STOREY_0,1840,0
26°C,现状,shang4hai3shi4,2020 Baseline,shang4hai3shi4_2_3_2005_S0,STOREY_1,1840,0
26°C,现状,shang4hai3shi4,2020 Baseline,shang4hai3shi4_2_3_2005_S0,STOREY_2,1840,0
26°C,现状,shang4hai3shi4,2020 Baseline,shang4hai3shi4_2_3_2005_S0,STOREY_3,1840,0
26°C,现状,shang4hai3shi4,2020 Baseline,shang4hai3shi4_2_3_2005_S0,STOREY_4,1840,0
26°C,现状,shang4hai3shi4,2020 Baseline,shang4hai3shi4_2_3_2005_S0,STOREY_5,1840,0
26°C,现状,shang4hai3shi4,2020 Baseline,shang4hai3shi4_2_3_2005_S0,STOREY_6,1840,0
26°C,现状,shang4hai3shi4,2020 Baseline,shang4hai3shi4_2_3_2005_S0,STOREY_7,1840,0
26°C,现状,shang4hai3shi4,2020 Baseline,shang4hai3shi4_2_3_2005_S0,STOREY_8,1840,0
26°C,现状,shang4hai3shi4,2020 Baseline,shang4hai3shi4_2_3_2005_S0,STOREY_9,1840,0
26°C,现状,shang4hai3shi4,2020 Baseline,shang4hai3shi4_2_3_2005_S0,STOREY_10,1840,0
26°C,现状,shang4hai3shi4,2020 Baseline,shang4hai3shi4_2_3_2005_S0,STOREY_11,1840,0
26°C,现状,shang4hai3shi4,2020 Baseline,shang4hai3shi4_2_3_2005_S0,STOREY_12,1840,0
26°C,现状,shang4hai3shi4,2020 Baseline,shang4hai3shi4_2_3_2005_S0,STOREY_13,1840,0
26°C,现状,shang4hai3shi4,2020 Baseline,shang4hai3shi4_2_3_2005_S0,STOREY_14,1840,0
26°C,现状,shang4hai3shi4,2020 Baseline,shang4hai3shi4_2_3_2005_S0,STOREY_15,1840,0
26°C,现状,shang4hai3shi4,2020 Baseline,shang4hai3shi4_2_3_2005_S0,STOREY_16,1840,0
26°C,现状,shang4hai3shi4,2020 Baseline,shang4hai3shi4_2_3_2005_S0,STOREY_17,1840,0
26°C,现状,shang4hai3shi4,2020 Baseline,shang4hai3shi4_2_3_2005_S0,STOREY_0,1840,0
26°C,现状,shang4hai3shi4,2020 Baseline,shang4hai3shi4_2_4_1995_S0,STOREY_1,1840,0
26°C,现状,shang4hai3shi4,2020 Baseline,shang4hai3shi4_2_4_1995_S0,STOREY_2,1840,0
26°C,现状,shang4hai3shi4,2020 Baseline,shang4hai3shi4_2_4_1995_S0,STOREY_3,1840,0
26°C,现状,shang4hai3shi4,2020 Baseline,shang4hai3shi4_2_4_1995_S0,STOREY_4,1840,0
26°C,现状,shang4hai3shi4,2020 Baseline,shang4hai3shi4_2_4_1995_S0,STOREY_5,1840,0
26°C,现状,shang4hai3shi4,2020 Baseline,shang4hai3shi4_2_4_1995_S0,STOREY_6,1840,0
26°C,现状,shang4hai3shi4,2020 Baseline,shang4hai3shi4_2_4_1995_S0,STOREY_7,1840,0
26°C,现状,shang4hai3shi4,2020 Baseline,shang4hai3shi4_2_4_1995_S0,STOREY_8,1840,0
26°C,现状,shang4hai3shi4,2020 Baseline,shang4hai3shi4_2_4_1995_S0,STOREY_9,1840,0
26°C,现状,shang4hai3shi4,2020 Baseline,shang4hai3shi4_2_4_1995_S0,STOREY_10,1840,0
26°C,现状,shang4hai3shi4,2020 Baseline,shang4hai3shi4_2_4_1995_S0,STOREY_11,1840,0
26°C,现状,shang4hai3shi4,2020 Baseline,shang4hai3shi4_2_4_1995_S0,STOREY_12,1840,0
26°C,现状,shang4hai3shi4,2020 Baseline,shang4hai3shi4_2_4_1995_S0,STOREY_13,1840,0
26°C,现状,shang4hai3shi4,2020 Baseline,shang4hai3shi4_2_4_1995_S0,STOREY_14,1840,0
26°C,现状,shang4hai3shi4,2020 Baseline,shang4hai3shi4_2_4_1995_S0,STOREY_15,1840,0
26°C,现状,shang4hai3shi4,2020 Baseline,shang4hai3shi4_2_4_1995_S0,STOREY_16,1840,0
26°C,现状,shang4hai3shi4,2020 Baseline,shang4hai3shi4_2_4_1995_S0,STOREY_17,1840,0
26°C,现状,shang4hai3shi4,2020 Baseline,shang4hai3shi4_2_4_1995_S0,STOREY_18,1840,0
26°C,现状,shang4hai3shi4,2020 Baseline,shang4hai3shi4_2_4_1995_S0,STOREY_19,1840,3
26°C,现状,shang4hai3shi4,2020 Baseline,shang4hai3shi4_2_4_1995_S0,STOREY_0,1840,0
26°C,现状,shang4hai3shi4,2020 Baseline,shang4hai3shi4_2_6_2015_S0,STOREY_1,1840,0
26°C,现状,shang4hai3shi4,2020 Baseline,shang4hai3shi4_2_6_2015_S0,STOREY_2,1840,0
26°C,现状,shang4hai3shi4,2020 Baseline,shang4hai3shi4_2_6_2015_S0,STOREY_3,1840,0
26°C,现状,shang4hai3shi4,2020 Baseline,shang4hai3shi4_2_6_2015_S0,STOREY_4,1840,0
26°C,现状,shang4hai3shi4,2020 Baseline,shang4hai3shi4_2_6_2015_S0,STOREY_5,1840,0
26°C,现状,shang4hai3shi4,2020 Baseline,shang4hai3shi4_2_6_2015_S0,STOREY_6,1840,0
26°C,现状,shang4hai3shi4,2020 Baseline,shang4hai3shi4_2_6_2015_S0,STOREY_7,1840,0
26°C,现状,shang4hai3shi4,2020 Baseline,shang4hai3shi4_2_6_2015_S0,STOREY_8,1840,0
26°C,现状,shang4hai3shi4,2020 Baseline,shang4hai3shi4_2_6_2015_S0,STOREY_9,1840,0
26°C,现状,shang4hai3shi4,2020 Baseline,shang4hai3shi4_2_6_2015_S0,STOREY_10,1840,0
26°C,现状,shang4hai3shi4,2020 Baseline,shang4hai3shi4_2_6_2015_S0,STOREY_11,1840,0
26°C,现状,shang4hai3shi4,2020 Baseline,shang4hai3shi4_2_6_2015_S0,STOREY_0,1840,0
26°C,现状,shang4hai3shi4,2020 Baseline,shang4hai3shi4_2_5_2005_S0,STOREY_1,1840,0
26°C,现状,shang4hai3shi4,2020 Baseline,shang4hai3shi4_2_5_2005_S0,STOREY_2,1840,0
26°C,现状,shang4hai3shi4,2020 Baseline,shang4hai3shi4_2_5_2005_S0,STOREY_3,1840,0
26°C,现状,shang4hai3shi4,2020 Baseline,shang4hai3shi4_2_5_2005_S0,STOREY_4,1840,0
26°C,现状,shang4hai3shi4,2020 Baseline,shang4hai3shi4_2_5_2005_S0,STOREY_5,1840,0
26°C,现状,shang4hai3shi4,2020 Baseline,shang4hai3shi4_2_5_2005_S0,STOREY_6,1840,0
26°C,现状,shang4hai3shi4,2020 Baseline,shang4hai3shi4_2_5_2005_S0,STOREY_7,1840,0
26°C,现状,shang4hai3shi4,2020 Baseline,shang4hai3shi4_2_5_2005_S0,STOREY_8,1840,0
26°C,现状,shang4hai3shi4,2020 Baseline,shang4hai3shi4_2_5_2005_S0,STOREY_9,1840,0
26°C,现状,shang4hai3shi4,2020 Baseline,shang4hai3shi4_2_5_2005_S0,STOREY_10,1840,0
26°C,现状,shang4hai3shi4,2020 Baseline,shang4hai3shi4_2_5_2005_S0,STOREY_11,1840,0
26°C,现状,shang4hai3shi4,2020 Baseline,shang4hai3shi4_2_5_2005_S0,STOREY_12,1840,0
26°C,现状,shang4hai3shi4,2020 Baseline,shang4hai3shi4_2_5_2005_S0,STOREY_13,1840,0
26°C,现状,shang4hai3shi4,2020 Baseline,shang4hai3shi4_2_5_2005_S0,STOREY_14,1840,0
26°C,现状,shang4hai3shi4,2020 Baseline,shang4hai3shi4_2_5_2005_S0,STOREY_15,1840,0
26°C,现状,shang4hai3shi4,2020 Baseline,shang4hai3shi4_2_5_2005_S0,STOREY_16,1840,0
26°C,现状,shang4hai3shi4,2020 Baseline,shang4hai3shi4_2_5_2005_S0,STOREY_17,1840,0
26°C,现状,shang4hai3shi4,2020 Baseline,shang4hai3shi4_2_5_2005_S0,STOREY_18,1840,0
26°C,现状,shang4hai3shi4,2020 Baseline,shang4hai3shi4_2_5_2005_S0,STOREY_19,1840,0
26°C,现状,shang4hai3shi4,2020 Baseline,shang4hai3shi4_2_5_2005_S0,STOREY_20,1840,0
26°C,现状,shang4hai3shi4,2020 Baseline,shang4hai3shi4_2_5_2005_S0,STOREY_21,1840,0
26°C,现状,shang4hai3shi4,2020 Baseline,shang4hai3shi4_2_5_2005_S0,STOREY_22,1840,0
26°C,现状,shang4hai3shi4,2020 Baseline,shang4hai3shi4_2_5_2005_S0,STOREY_23,1840,0
26°C,现状,shang4hai3shi4,2020 Baseline,shang4hai3shi4_2_5_2005_S0,STOREY_24,1840,0
26°C,现状,shang4hai3shi4,2020 Baseline,shang4hai3shi4_2_5_2005_S0,STOREY_0,1840,0
26°C,现状,shang4hai3shi4,2020 Baseline,shang4hai3shi4_2_7_2005_S0,STOREY_1,1840,0
26°C,现状,shang4hai3shi4,2020 Baseline,shang4hai3shi4_2_7_2005_S0,STOREY_2,1840,0
26°C,现状,shang4hai3shi4,2020 Baseline,shang4hai3shi4_2_7_2005_S0,STOREY_3,1840,0
26°C,现状,shang4hai3shi4,2020 Baseline,shang4hai3shi4_2_7_2005_S0,STOREY_4,1840,0
26°C,现状,shang4hai3shi4,2020 Baseline,shang4hai3shi4_2_7_2005_S0,STOREY_5,1840,0
26°C,现状,shang4hai3shi4,2020 Baseline,shang4hai3shi4_2_7_2005_S0,STOREY_6,1840,0
26°C,现状,shang4hai3shi4,2020 Baseline,shang4hai3shi4_2_7_2005_S0,STOREY_7,1840,0
26°C,现状,shang4hai3shi4,2020 Baseline,shang4hai3shi4_2_7_2005_S0,STOREY_8,1840,0
26°C,现状,shang4hai3shi4,2020 Baseline,shang4hai3shi4_2_7_2005_S0,STOREY_9,1840,0
26°C,现状,shang4hai3shi4,2020 Baseline,shang4hai3shi4_2_7_2005_S0,STOREY_10,1840,0
26°C,现状,shang4hai3shi4,2020 Baseline,shang4hai3shi4_2_7_2005_S0,STOREY_0,1840,0
26°C,现状,xia4men2shi4,2020 Baseline,xia4men2shi4_0_1_1980_S0,STOREY_1,1670,0
26°C,现状,xia4men2shi4,2020 Baseline,xia4men2shi4_0_1_1980_S0,STOREY_2,1670,16
26°C,现状,xia4men2shi4,2020 Baseline,xia4men2shi4_0_1_1980_S0,STOREY_0,1670,0
26°C,现状,xia4men2shi4,2020 Baseline,xia4men2shi4_0_3_1980_S0,STOREY_0,1670,0
26°C,现状,xia4men2shi4,2020 Baseline,xia4men2shi4_0_2_1995_S0,STOREY_1,1670,0
26°C,现状,xia4men2shi4,2020 Baseline,xia4men2shi4_0_2_1995_S0,STOREY_2,1670,14
26°C,现状,xia4men2shi4,2020 Baseline,xia4men2shi4_0_2_1995_S0,STOREY_0,1670,0
26°C,现状,xia4men2shi4,2020 Baseline,xia4men2shi4_0_4_1980_S0,STOREY_1,1670,3
26°C,现状,xia4men2shi4,2020 Baseline,xia4men2shi4_0_4_1980_S0,STOREY_0,1670,0
26°C,现状,xia4men2shi4,2020 Baseline,xia4men2shi4_0_6_1980_S0,STOREY_0,1670,0
26°C,现状,xia4men2shi4,2020 Baseline,xia4men2shi4_0_5_1980_S0,STOREY_1,1670,2
26°C,现状,xia4men2shi4,2020 Baseline,xia4men2shi4_0_5_1980_S0,STOREY_2,1670,33
26°C,现状,xia4men2shi4,2020 Baseline,xia4men2shi4_0_5_1980_S0,STOREY_0,1670,0
26°C,现状,xia4men2shi4,2020 Baseline,xia4men2shi4_1_1_2005_S0,STOREY_1,1670,0
26°C,现状,xia4men2shi4,2020 Baseline,xia4men2shi4_1_1_2005_S0,STOREY_2,1670,0
26°C,现状,xia4men2shi4,2020 Baseline,xia4men2shi4_1_1_2005_S0,STOREY_3,1670,0
26°C,现状,xia4men2shi4,2020 Baseline,xia4men2shi4_1_1_2005_S0,STOREY_4,1670,0
26°C,现状,xia4men2shi4,2020 Baseline,xia4men2shi4_1_1_2005_S0,STOREY_5,1670,15
26°C,现状,xia4men2shi4,2020 Baseline,xia4men2shi4_1_1_2005_S0,STOREY_0,1670,0
26°C,现状,xia4men2shi4,2020 Baseline,xia4men2shi4_1_2_1995_S0,STOREY_1,1670,0
26°C,现状,xia4men2shi4,2020 Baseline,xia4men2shi4_1_2_1995_S0,STOREY_2,1670,0
26°C,现状,xia4men2shi4,2020 Baseline,xia4men2shi4_1_2_1995_S0,STOREY_3,1670,0
26°C,现状,xia4men2shi4,2020 Baseline,xia4men2shi4_1_2_1995_S0,STOREY_4,1670,0
26°C,现状,xia4men2shi4,2020 Baseline,xia4men2shi4_1_2_1995_S0,STOREY_5,1670,13
26°C,现状,xia4men2shi4,2020 Baseline,xia4men2shi4_1_2_1995_S0,STOREY_0,1670,0
26°C,现状,shang4hai3shi4,2020 Baseline,shang4hai3shi4_2_9_2005_S0,STOREY_1,1840,0
26°C,现状,shang4hai3shi4,2020 Baseline,shang4hai3shi4_2_9_2005_S0,STOREY_2,1840,0
26°C,现状,shang4hai3shi4,2020 Baseline,shang4hai3shi4_2_9_2005_S0,STOREY_3,1840,0
26°C,现状,shang4hai3shi4,2020 Baseline,shang4hai3shi4_2_9_2005_S0,STOREY_4,1840,0
26°C,现状,shang4hai3shi4,2020 Baseline,shang4hai3shi4_2_9_2005_S0,STOREY_5,1840,0
26°C,现状,shang4hai3shi4,2020 Baseline,shang4hai3shi4_2_9_2005_S0,STOREY_6,1840,0
26°C,现状,shang4hai3shi4,2020 Baseline,shang4hai3shi4_2_9_2005_S0,STOREY_7,1840,0
26°C,现状,shang4hai3shi4,2020 Baseline,shang4hai3shi4_2_9_2005_S0,STOREY_8,1840,0
26°C,现状,shang4hai3shi4,2020 Baseline,shang4hai3shi4_2_9_2005_S0,STOREY_9,1840,0
26°C,现状,shang4hai3shi4,2020 Baseline,shang4hai3shi4_2_9_2005_S0,STOREY_10,1840,0
26°C,现状,shang4hai3shi4,2020 Baseline,shang4hai3shi4_2_9_2005_S0,STOREY_11,1840,0
26°C,现状,shang4hai3shi4,2020 Baseline,shang4hai3shi4_2_9_2005_S0,STOREY_12,1840,0
26°C,现状,shang4hai3shi4,2020 Baseline,shang4hai3shi4_2_9_2005_S0,STOREY_13,1840,0
26°C,现状,shang4hai3shi4,2020 Baseline,shang4hai3shi4_2_9_2005_S0,STOREY_14,1840,0
26°C,现状,shang4hai3shi4,2020 Baseline,shang4hai3shi4_2_9_2005_S0,STOREY_15,1840,0
26°C,现状,shang4hai3shi4,2020 Baseline,shang4hai3shi4_2_9_2005_S0,STOREY_16,1840,0
26°C,现状,shang4hai3shi4,2020 Baseline,shang4hai3shi4_2_9_2005_S0,STOREY_17,1840,0
26°C,现状,shang4hai3shi4,2020 Baseline,shang4hai3shi4_2_9_2005_S0,STOREY_18,1840,0
26°C,现状,shang4hai3shi4,2020 Baseline,shang4hai3shi4_2_9_2005_S0,STOREY_19,1840,0
26°C,现状,shang4hai3shi4,2020 Baseline,shang4hai3shi4_2_9_2005_S0,STOREY_20,1840,0
26°C,现状,shang4hai3shi4,2020 Baseline,shang4hai3shi4_2_9_2005_S0,STOREY_0,1840,0
26°C,现状,shang4hai3shi4,2020 Baseline,shang4hai3shi4_2_8_2005_S0,STOREY_1,1840,0
26°C,现状,shang4hai3shi4,2020 Baseline,shang4hai3shi4_2_8_2005_S0,STOREY_2,1840,0
26°C,现状,shang4hai3shi4,2020 Baseline,shang4hai3shi4_2_8_2005_S0,STOREY_3,1840,0
26°C,现状,shang4hai3shi4,2020 Baseline,shang4hai3shi4_2_8_2005_S0,STOREY_4,1840,0
26°C,现状,shang4hai3shi4,2020 Baseline,shang4hai3shi4_2_8_2005_S0,STOREY_5,1840,0
26°C,现状,shang4hai3shi4,2020 Baseline,shang4hai3shi4_2_8_2005_S0,STOREY_6,1840,0
26°C,现状,shang4hai3shi4,2020 Baseline,shang4hai3shi4_2_8_2005_S0,STOREY_7,1840,0
26°C,现状,shang4hai3shi4,2020 Baseline,shang4hai3shi4_2_8_2005_S0,STOREY_8,1840,0
26°C,现状,shang4hai3shi4,2020 Baseline,shang4hai3shi4_2_8_2005_S0,STOREY_9,1840,0
26°C,现状,shang4hai3shi4,2020 Baseline,shang4hai3shi4_2_8_2005_S0,STOREY_10,1840,0
26°C,现状,shang4hai3shi4,2020 Baseline,shang4hai3shi4_2_8_2005_S0,STOREY_11,1840,0
26°C,现状,shang4hai3shi4,2020 Baseline,shang4hai3shi4_2_8_2005_S0,STOREY_12,1840,0
26°C,现状,shang4hai3shi4,2020 Baseline,shang4hai3shi4_2_8_2005_S0,STOREY_13,1840,0
26°C,现状,shang4hai3shi4,2020 Baseline,shang4hai3shi4_2_8_2005_S0,STOREY_14,1840,0
26°C,现状,shang4hai3shi4,2020 Baseline,shang4hai3shi4_2_8_2005_S0,STOREY_15,1840,0
26°C,现状,shang4hai3shi4,2020 Baseline,shang4hai3shi4_2_8_2005_S0,STOREY_16,1840,0
26°C,现状,shang4hai3shi4,2020 Baseline,shang4hai3shi4_2_8_2005_S0,STOREY_17,1840,0
26°C,现状,shang4hai3shi4,2020 Baseline,shang4hai3shi4_2_8_2005_S0,STOREY_18,1840,0
26°C,现状,shang4hai3shi4,2020 Baseline,shang4hai3shi4_2_8_2005_S0,STOREY_19,1840,0
26°C,现状,shang4hai3shi4,2020 Baseline,shang4hai3shi4_2_8_2005_S0,STOREY_20,1840,0
26°C,现状,shang4hai3shi4,2020 Baseline,shang4hai3shi4_2_8_2005_S0,STOREY_21,1840,0
26°C,现状,shang4hai3shi4,2020 Baseline,shang4hai3shi4_2_8_2005_S0,STOREY_0,1840,0
26°C,现状,xia4men2shi4,2020 Baseline,xia4men2shi4_1_3_1995_S0,STOREY_1,1670,0
26°C,现状,xia4men2shi4,2020 Baseline,xia4men2shi4_1_3_1995_S0,STOREY_2,1670,0
26°C,现状,xia4men2shi4,2020 Baseline,xia4men2shi4_1_3_1995_S0,STOREY_3,1670,33
26°C,现状,xia4men2shi4,2020 Baseline,xia4men2shi4_1_3_1995_S0,STOREY_0,1670,0
26°C,现状,xia4men2shi4,2020 Baseline,xia4men2shi4_1_6_1995_S0,STOREY_1,1670,0
26°C,现状,xia4men2shi4,2020 Baseline,xia4men2shi4_1_6_1995_S0,STOREY_2,1670,0
26°C,现状,xia4men2shi4,2020 Baseline,xia4men2shi4_1_6_1995_S0,STOREY_3,1670,0
26°C,现状,xia4men2shi4,2020 Baseline,xia4men2shi4_1_6_1995_S0,STOREY_4,1670,0
26°C,现状,xia4men2shi4,2020 Baseline,xia4men2shi4_1_6_1995_S0,STOREY_5,1670,30
26°C,现状,xia4men2shi4,2020 Baseline,xia4men2shi4_1_6_1995_S0,STOREY_0,1670,0
26°C,现状,xia4men2shi4,2020 Baseline,xia4men2shi4_1_4_1995_S0,STOREY_1,1670,0
26°C,现状,xia4men2shi4,2020 Baseline,xia4men2shi4_1_4_1995_S0,STOREY_2,1670,0
26°C,现状,xia4men2shi4,2020 Baseline,xia4men2shi4_1_4_1995_S0,STOREY_3,1670,0
26°C,现状,xia4men2shi4,2020 Baseline,xia4men2shi4_1_4_1995_S0,STOREY_4,1670,0
26°C,现状,xia4men2shi4,2020 Baseline,xia4men2shi4_1_4_1995_S0,STOREY_5,1670,0
26°C,现状,xia4men2shi4,2020 Baseline,xia4men2shi4_1_4_1995_S0,STOREY_6,1670,10
26°C,现状,xia4men2shi4,2020 Baseline,xia4men2shi4_1_4_1995_S0,STOREY_0,1670,0
26°C,现状,xia4men2shi4,2020 Baseline,xia4men2shi4_1_5_1995_S0,STOREY_1,1670,0
26°C,现状,xia4men2shi4,2020 Baseline,xia4men2shi4_1_5_1995_S0,STOREY_2,1670,0
26°C,现状,xia4men2shi4,2020 Baseline,xia4men2shi4_1_5_1995_S0,STOREY_3,1670,0
26°C,现状,xia4men2shi4,2020 Baseline,xia4men2shi4_1_5_1995_S0,STOREY_4,1670,0
26°C,现状,xia4men2shi4,2020 Baseline,xia4men2shi4_1_5_1995_S0,STOREY_5,1670,0
26°C,现状,xia4men2shi4,2020 Baseline,xia4men2shi4_1_5_1995_S0,STOREY_6,1670,0
26°C,现状,xia4men2shi4,2020 Baseline,xia4men2shi4_1_5_1995_S0,STOREY_7,1670,0
26°C,现状,xia4men2shi4,2020 Baseline,xia4men2shi4_1_5_1995_S0,STOREY_8,1670,0
26°C,现状,xia4men2shi4,2020 Baseline,xia4men2shi4_1_5_1995_S0,STOREY_9,1670,17
26°C,现状,xia4men2shi4,2020 Baseline,xia4men2shi4_1_5_1995_S0,STOREY_0,1670,0
26°C,现状,xia4men2shi4,2020 Baseline,xia4men2shi4_2_3_2005_S0,STOREY_1,1670,0
26°C,现状,xia4men2shi4,2020 Baseline,xia4men2shi4_2_3_2005_S0,STOREY_2,1670,0
26°C,现状,xia4men2shi4,2020 Baseline,xia4men2shi4_2_3_2005_S0,STOREY_3,1670,0
26°C,现状,xia4men2shi4,2020 Baseline,xia4men2shi4_2_3_2005_S0,STOREY_4,1670,0
26°C,现状,xia4men2shi4,2020 Baseline,xia4men2shi4_2_3_2005_S0,STOREY_5,1670,0
26°C,现状,xia4men2shi4,2020 Baseline,xia4men2shi4_2_3_2005_S0,STOREY_6,1670,0
26°C,现状,xia4men2shi4,2020 Baseline,xia4men2shi4_2_3_2005_S0,STOREY_7,1670,0
26°C,现状,xia4men2shi4,2020 Baseline,xia4men2shi4_2_3_2005_S0,STOREY_8,1670,0
26°C,现状,xia4men2shi4,2020 Baseline,xia4men2shi4_2_3_2005_S0,STOREY_9,1670,0
26°C,现状,xia4men2shi4,2020 Baseline,xia4men2shi4_2_3_2005_S0,STOREY_10,1670,0
26°C,现状,xia4men2shi4,2020 Baseline,xia4men2shi4_2_3_2005_S0,STOREY_11,1670,0
26°C,现状,xia4men2shi4,2020 Baseline,xia4men2shi4_2_3_2005_S0,STOREY_12,1670,4
26°C,现状,xia4men2shi4,2020 Baseline,xia4men2shi4_2_3_2005_S0,STOREY_0,1670,0
26°C,现状,xia4men2shi4,2020 Baseline,xia4men2shi4_2_1_2005_S0,STOREY_1,1670,0
26°C,现状,xia4men2shi4,2020 Baseline,xia4men2shi4_2_1_2005_S0,STOREY_2,1670,0
26°C,现状,xia4men2shi4,2020 Baseline,xia4men2shi4_2_1_2005_S0,STOREY_3,1670,0
26°C,现状,xia4men2shi4,2020 Baseline,xia4men2shi4_2_1_2005_S0,STOREY_4,1670,0
26°C,现状,xia4men2shi4,2020 Baseline,xia4men2shi4_2_1_2005_S0,STOREY_5,1670,0
26°C,现状,xia4men2shi4,2020 Baseline,xia4men2shi4_2_1_2005_S0,STOREY_6,1670,0
26°C,现状,xia4men2shi4,2020 Baseline,xia4men2shi4_2_1_2005_S0,STOREY_7,1670,0
26°C,现状,xia4men2shi4,2020 Baseline,xia4men2shi4_2_1_2005_S0,STOREY_8,1670,0
26°C,现状,xia4men2shi4,2020 Baseline,xia4men2shi4_2_1_2005_S0,STOREY_9,1670,0
26°C,现状,xia4men2shi4,2020 Baseline,xia4men2shi4_2_1_2005_S0,STOREY_10,1670,0
26°C,现状,xia4men2shi4,2020 Baseline,xia4men2shi4_2_1_2005_S0,STOREY_11,1670,0
26°C,现状,xia4men2shi4,2020 Baseline,xia4men2shi4_2_1_2005_S0,STOREY_12,1670,0
26°C,现状,xia4men2shi4,2020 Baseline,xia4men2shi4_2_1_2005_S0,STOREY_13,1670,0
26°C,现状,xia4men2shi4,2020 Baseline,xia4men2shi4_2_1_2005_S0,STOREY_14,1670,0
26°C,现状,xia4men2shi4,2020 Baseline,xia4men2shi4_2_1_2005_S0,STOREY_15,1670,0
26°C,现状,xia4men2shi4,2020 Baseline,xia4men2shi4_2_1_2005_S0,STOREY_16,1670,0
26°C,现状,xia4men2shi4,2020 Baseline,xia4men2shi4_2_1_2005_S0,STOREY_17,1670,4
26°C,现状,xia4men2shi4,2020 Baseline,xia4men2shi4_2_1_2005_S0,STOREY_0,1670,0
26°C,现状,xia4men2shi4,2020 Baseline,xia4men2shi4_2_4_2005_S0,STOREY_1,1670,0
26°C,现状,xia4men2shi4,2020 Baseline,xia4men2shi4_2_4_2005_S0,STOREY_2,1670,0
26°C,现状,xia4men2shi4,2020 Baseline,xia4men2shi4_2_4_2005_S0,STOREY_3,1670,0
26°C,现状,xia4men2shi4,2020 Baseline,xia4men2shi4_2_4_2005_S0,STOREY_4,1670,0
26°C,现状,xia4men2shi4,2020 Baseline,xia4men2shi4_2_4_2005_S0,STOREY_5,1670,0
26°C,现状,xia4men2shi4,2020 Baseline,xia4men2shi4_2_4_2005_S0,STOREY_6,1670,0
26°C,现状,xia4men2shi4,2020 Baseline,xia4men2shi4_2_4_2005_S0,STOREY_7,1670,0
26°C,现状,xia4men2shi4,2020 Baseline,xia4men2shi4_2_4_2005_S0,STOREY_8,1670,0
26°C,现状,xia4men2shi4,2020 Baseline,xia4men2shi4_2_4_2005_S0,STOREY_9,1670,0
26°C,现状,xia4men2shi4,2020 Baseline,xia4men2shi4_2_4_2005_S0,STOREY_10,1670,0
26°C,现状,xia4men2shi4,2020 Baseline,xia4men2shi4_2_4_2005_S0,STOREY_11,1670,7
26°C,现状,xia4men2shi4,2020 Baseline,xia4men2shi4_2_4_2005_S0,STOREY_0,1670,0
26°C,扩容,guang3zhou1shi4,2040 RCP 2.6,guang3zhou1shi4_0_10_1980_S0,STOREY_1,1670,6
26°C,扩容,guang3zhou1shi4,2040 RCP 2.6,guang3zhou1shi4_0_10_1980_S0,STOREY_2,1670,69
26°C,扩容,guang3zhou1shi4,2040 RCP 2.6,guang3zhou1shi4_0_10_1980_S0,STOREY_0,1670,0
26°C,扩容,guang3zhou1shi4,2040 RCP 2.6,guang3zhou1shi4_0_11_1995_S0,STOREY_1,1670,4
26°C,扩容,guang3zhou1shi4,2040 RCP 2.6,guang3zhou1shi4_0_11_1995_S0,STOREY_2,1670,62
26°C,扩容,guang3zhou1shi4,2040 RCP 2.6,guang3zhou1shi4_0_11_1995_S0,STOREY_0,1670,0
26°C,现状,xia4men2shi4,2020 Baseline,xia4men2shi4_2_2_2005_S0,STOREY_1,1670,0
26°C,现状,xia4men2shi4,2020 Baseline,xia4men2shi4_2_2_2005_S0,STOREY_2,1670,0
26°C,现状,xia4men2shi4,2020 Baseline,xia4men2shi4_2_2_2005_S0,STOREY_3,1670,0
26°C,现状,xia4men2shi4,2020 Baseline,xia4men2shi4_2_2_2005_S0,STOREY_4,1670,0
26°C,现状,xia4men2shi4,2020 Baseline,xia4men2shi4_2_2_2005_S0,STOREY_5,1670,0
26°C,现状,xia4men2shi4,2020 Baseline,xia4men2shi4_2_2_2005_S0,STOREY_6,1670,0
26°C,现状,xia4men2shi4,2020 Baseline,xia4men2shi4_2_2_2005_S0,STOREY_7,1670,0
26°C,现状,xia4men2shi4,2020 Baseline,xia4men2shi4_2_2_2005_S0,STOREY_8,1670,0
26°C,现状,xia4men2shi4,2020 Baseline,xia4men2shi4_2_2_2005_S0,STOREY_9,1670,0
26°C,现状,xia4men2shi4,2020 Baseline,xia4men2shi4_2_2_2005_S0,STOREY_10,1670,0
26°C,现状,xia4men2shi4,2020 Baseline,xia4men2shi4_2_2_2005_S0,STOREY_11,1670,0
26°C,现状,xia4men2shi4,2020 Baseline,xia4men2shi4_2_2_2005_S0,STOREY_12,1670,0
26°C,现状,xia4men2shi4,2020 Baseline,xia4men2shi4_2_2_2005_S0,STOREY_13,1670,0
26°C,现状,xia4men2shi4,2020 Baseline,xia4men2shi4_2_2_2005_S0,STOREY_14,1670,0
26°C,现状,xia4men2shi4,2020 Baseline,xia4men2shi4_2_2_2005_S0,STOREY_15,1670,0
26°C,现状,xia4men2shi4,2020 Baseline,xia4men2shi4_2_2_2005_S0,STOREY_16,1670,0
26°C,现状,xia4men2shi4,2020 Baseline,xia4men2shi4_2_2_2005_S0,STOREY_17,1670,0
26°C,现状,xia4men2shi4,2020 Baseline,xia4men2shi4_2_2_2005_S0,STOREY_18,1670,0
26°C,现状,xia4men2shi4,2020 Baseline,xia4men2shi4_2_2_2005_S0,STOREY_19,1670,0
26°C,现状,xia4men2shi4,2020 Baseline,xia4men2shi4_2_2_2005_S0,STOREY_20,1670,0
26°C,现状,xia4men2shi4,2020 Baseline,xia4men2shi4_2_2_2005_S0,STOREY_21,1670,0
26°C,现状,xia4men2shi4,2020 Baseline,xia4men2shi4_2_2_2005_S0,STOREY_22,1670,0
26°C,现状,xia4men2shi4,2020 Baseline,xia4men2shi4_2_2_2005_S0,STOREY_23,1670,0
26°C,现状,xia4men2shi4,2020 Baseline,xia4men2shi4_2_2_2005_S0,STOREY_24,1670,0
26°C,现状,xia4men2shi4,2020 Baseline,xia4men2shi4_2_2_2005_S0,STOREY_25,1670,0
26°C,现状,xia4men2shi4,2020 Baseline,xia4men2shi4_2_2_2005_S0,STOREY_26,1670,0
26°C,现状,xia4men2shi4,2020 Baseline,xia4men2shi4_2_2_2005_S0,STOREY_27,1670,7
26°C,现状,xia4men2shi4,2020 Baseline,xia4men2shi4_2_2_2005_S0,STOREY_0,1670,0
26°C,扩容,guang3zhou1shi4,2040 RCP 2.6,guang3zhou1shi4_0_12_1980_S0,STOREY_1,1670,1
26°C,扩容,guang3zhou1shi4,2040 RCP 2.6,guang3zhou1shi4_0_12_1980_S0,STOREY_2,1670,3
26°C,扩容,guang3zhou1shi4,2040 RCP 2.6,guang3zhou1shi4_0_12_1980_S0,STOREY_3,1670,6
26°C,扩容,guang3zhou1shi4,2040 RCP 2.6,guang3zhou1shi4_0_12_1980_S0,STOREY_4,1670,22
26°C,扩容,guang3zhou1shi4,2040 RCP 2.6,guang3zhou1shi4_0_12_1980_S0,STOREY_0,1670,0
26°C,现状,xia4men2shi4,2020 Baseline,xia4men2shi4_2_5_2005_S0,STOREY_1,1670,0
26°C,现状,xia4men2shi4,2020 Baseline,xia4men2shi4_2_5_2005_S0,STOREY_2,1670,0
26°C,现状,xia4men2shi4,2020 Baseline,xia4men2shi4_2_5_2005_S0,STOREY_3,1670,0
26°C,现状,xia4men2shi4,2020 Baseline,xia4men2shi4_2_5_2005_S0,STOREY_4,1670,0
26°C,现状,xia4men2shi4,2020 Baseline,xia4men2shi4_2_5_2005_S0,STOREY_5,1670,0
26°C,现状,xia4men2shi4,2020 Baseline,xia4men2shi4_2_5_2005_S0,STOREY_6,1670,0
26°C,现状,xia4men2shi4,2020 Baseline,xia4men2shi4_2_5_2005_S0,STOREY_7,1670,0
26°C,现状,xia4men2shi4,2020 Baseline,xia4men2shi4_2_5_2005_S0,STOREY_8,1670,0
26°C,现状,xia4men2shi4,2020 Baseline,xia4men2shi4_2_5_2005_S0,STOREY_9,1670,0
26°C,现状,xia4men2shi4,2020 Baseline,xia4men2shi4_2_5_2005_S0,STOREY_10,1670,0
26°C,现状,xia4men2shi4,2020 Baseline,xia4men2shi4_2_5_2005_S0,STOREY_11,1670,0
26°C,现状,xia4men2shi4,2020 Baseline,xia4men2shi4_2_5_2005_S0,STOREY_12,1670,0
26°C,现状,xia4men2shi4,2020 Baseline,xia4men2shi4_2_5_2005_S0,STOREY_13,1670,0
26°C,现状,xia4men2shi4,2020 Baseline,xia4men2shi4_2_5_2005_S0,STOREY_14,1670,0
26°C,现状,xia4men2shi4,2020 Baseline,xia4men2shi4_2_5_2005_S0,STOREY_15,1670,3
26°C,现状,xia4men2shi4,2020 Baseline,xia4men2shi4_2_5_2005_S0,STOREY_0,1670,0
26°C,扩容,guang3zhou1shi4,2040 RCP 2.6,guang3zhou1shi4_0_1_1995_S0,STOREY_1,1670,30
26°C,扩容,guang3zhou1shi4,2040 RCP 2.6,guang3zhou1shi4_0_1_1995_S0,STOREY_2,1670,97
26°C,扩容,guang3zhou1shi4,2040 RCP 2.6,guang3zhou1shi4_0_1_1995_S0,STOREY_0,1670,0
26°C,扩容,guang3zhou1shi4,2040 RCP 2.6,guang3zhou1shi4_0_2_1980_S0,STOREY_1,1670,3
26°C,扩容,guang3zhou1shi4,2040 RCP 2.6,guang3zhou1shi4_0_2_1980_S0,STOREY_2,1670,52
26°C,扩容,guang3zhou1shi4,2040 RCP 2.6,guang3zhou1shi4_0_2_1980_S0,STOREY_0,1670,0
26°C,扩容,guang3zhou1shi4,2040 RCP 2.6,guang3zhou1shi4_0_3_1980_S0,STOREY_1,1670,25
26°C,扩容,guang3zhou1shi4,2040 RCP 2.6,guang3zhou1shi4_0_3_1980_S0,STOREY_0,1670,0
26°C,扩容,guang3zhou1shi4,2040 RCP 2.6,guang3zhou1shi4_0_6_1995_S0,STOREY_0,1670,0
26°C,扩容,guang3zhou1shi4,2040 RCP 2.6,guang3zhou1shi4_0_4_1980_S0,STOREY_1,1670,55
26°C,扩容,guang3zhou1shi4,2040 RCP 2.6,guang3zhou1shi4_0_4_1980_S0,STOREY_2,1670,107
26°C,扩容,guang3zhou1shi4,2040 RCP 2.6,guang3zhou1shi4_0_4_1980_S0,STOREY_0,1670,0
26°C,扩容,guang3zhou1shi4,2040 RCP 2.6,guang3zhou1shi4_0_5_1980_S0,STOREY_1,1670,1
26°C,扩容,guang3zhou1shi4,2040 RCP 2.6,guang3zhou1shi4_0_5_1980_S0,STOREY_2,1670,19
26°C,扩容,guang3zhou1shi4,2040 RCP 2.6,guang3zhou1shi4_0_5_1980_S0,STOREY_0,1670,0
26°C,扩容,guang3zhou1shi4,2040 RCP 2.6,guang3zhou1shi4_0_7_1980_S0,STOREY_0,1670,0
26°C,扩容,guang3zhou1shi4,2040 RCP 2.6,guang3zhou1shi4_0_8_1980_S0,STOREY_0,1670,0
26°C,扩容,guang3zhou1shi4,2040 RCP 2.6,guang3zhou1shi4_0_9_1980_S0,STOREY_0,1670,0
26°C,扩容,guang3zhou1shi4,2040 RCP 2.6,guang3zhou1shi4_1_10_1995_S0,STOREY_1,1670,3
26°C,扩容,guang3zhou1shi4,2040 RCP 2.6,guang3zhou1shi4_1_10_1995_S0,STOREY_2,1670,4
26°C,扩容,guang3zhou1shi4,2040 RCP 2.6,guang3zhou1shi4_1_10_1995_S0,STOREY_3,1670,5
26°C,扩容,guang3zhou1shi4,2040 RCP 2.6,guang3zhou1shi4_1_10_1995_S0,STOREY_4,1670,56
26°C,扩容,guang3zhou1shi4,2040 RCP 2.6,guang3zhou1shi4_1_10_1995_S0,STOREY_0,1670,0
26°C,扩容,guang3zhou1shi4,2040 RCP 2.6,guang3zhou1shi4_1_12_2005_S0,STOREY_1,1670,1
26°C,扩容,guang3zhou1shi4,2040 RCP 2.6,guang3zhou1shi4_1_12_2005_S0,STOREY_2,1670,3
26°C,扩容,guang3zhou1shi4,2040 RCP 2.6,guang3zhou1shi4_1_12_2005_S0,STOREY_3,1670,32
26°C,扩容,guang3zhou1shi4,2040 RCP 2.6,guang3zhou1shi4_1_12_2005_S0,STOREY_0,1670,0
26°C,现状,xia4men2shi4,2020 Baseline,xia4men2shi4_2_6_2005_S0,STOREY_1,1670,0
26°C,现状,xia4men2shi4,2020 Baseline,xia4men2shi4_2_6_2005_S0,STOREY_2,1670,0
26°C,现状,xia4men2shi4,2020 Baseline,xia4men2shi4_2_6_2005_S0,STOREY_3,1670,0
26°C,现状,xia4men2shi4,2020 Baseline,xia4men2shi4_2_6_2005_S0,STOREY_4,1670,0
26°C,现状,xia4men2shi4,2020 Baseline,xia4men2shi4_2_6_2005_S0,STOREY_5,1670,0
26°C,现状,xia4men2shi4,2020 Baseline,xia4men2shi4_2_6_2005_S0,STOREY_6,1670,0
26°C,现状,xia4men2shi4,2020 Baseline,xia4men2shi4_2_6_2005_S0,STOREY_7,1670,0
26°C,现状,xia4men2shi4,2020 Baseline,xia4men2shi4_2_6_2005_S0,STOREY_8,1670,0
26°C,现状,xia4men2shi4,2020 Baseline,xia4men2shi4_2_6_2005_S0,STOREY_9,1670,0
26°C,现状,xia4men2shi4,2020 Baseline,xia4men2shi4_2_6_2005_S0,STOREY_10,1670,0
26°C,现状,xia4men2shi4,2020 Baseline,xia4men2shi4_2_6_2005_S0,STOREY_11,1670,0
26°C,现状,xia4men2shi4,2020 Baseline,xia4men2shi4_2_6_2005_S0,STOREY_12,1670,0
26°C,现状,xia4men2shi4,2020 Baseline,xia4men2shi4_2_6_2005_S0,STOREY_13,1670,0
26°C,现状,xia4men2shi4,2020 Baseline,xia4men2shi4_2_6_2005_S0,STOREY_14,1670,0
26°C,现状,xia4men2shi4,2020 Baseline,xia4men2shi4_2_6_2005_S0,STOREY_15,1670,0
26°C,现状,xia4men2shi4,2020 Baseline,xia4men2shi4_2_6_2005_S0,STOREY_16,1670,0
26°C,现状,xia4men2shi4,2020 Baseline,xia4men2shi4_2_6_2005_S0,STOREY_17,1670,0
26°C,现状,xia4men2shi4,2020 Baseline,xia4men2shi4_2_6_2005_S0,STOREY_18,1670,0
26°C,现状,xia4men2shi4,2020 Baseline,xia4men2shi4_2_6_2005_S0,STOREY_19,1670,0
26°C,现状,xia4men2shi4,2020 Baseline,xia4men2shi4_2_6_2005_S0,STOREY_20,1670,0
26°C,现状,xia4men2shi4,2020 Baseline,xia4men2shi4_2_6_2005_S0,STOREY_21,1670,0
26°C,现状,xia4men2shi4,2020 Baseline,xia4men2shi4_2_6_2005_S0,STOREY_22,1670,0
26°C,现状,xia4men2shi4,2020 Baseline,xia4men2shi4_2_6_2005_S0,STOREY_23,1670,0
26°C,现状,xia4men2shi4,2020 Baseline,xia4men2shi4_2_6_2005_S0,STOREY_24,1670,0
26°C,现状,xia4men2shi4,2020 Baseline,xia4men2shi4_2_6_2005_S0,STOREY_25,1670,0
26°C,现状,xia4men2shi4,2020 Baseline,xia4men2shi4_2_6_2005_S0,STOREY_26,1670,0
26°C,现状,xia4men2shi4,2020 Baseline,xia4men2shi4_2_6_2005_S0,STOREY_27,1670,0
26°C,现状,xia4men2shi4,2020 Baseline,xia4men2shi4_2_6_2005_S0,STOREY_28,1670,3
26°C,现状,xia4men2shi4,2020 Baseline,xia4men2shi4_2_6_2005_S0,STOREY_0,1670,0
26°C,扩容,guang3zhou1shi4,2040 RCP 2.6,guang3zhou1shi4_1_11_1995_S0,STOREY_1,1670,2
26°C,扩容,guang3zhou1shi4,2040 RCP 2.6,guang3zhou1shi4_1_11_1995_S0,STOREY_2,1670,3
26°C,扩容,guang3zhou1shi4,2040 RCP 2.6,guang3zhou1shi4_1_11_1995_S0,STOREY_3,1670,3
26°C,扩容,guang3zhou1shi4,2040 RCP 2.6,guang3zhou1shi4_1_11_1995_S0,STOREY_4,1670,4
26°C,扩容,guang3zhou1shi4,2040 RCP 2.6,guang3zhou1shi4_1_11_1995_S0,STOREY_5,1670,4
26°C,扩容,guang3zhou1shi4,2040 RCP 2.6,guang3zhou1shi4_1_11_1995_S0,STOREY_6,1670,4
26°C,扩容,guang3zhou1shi4,2040 RCP 2.6,guang3zhou1shi4_1_11_1995_S0,STOREY_7,1670,50
26°C,扩容,guang3zhou1shi4,2040 RCP 2.6,guang3zhou1shi4_1_11_1995_S0,STOREY_0,1670,0
26°C,扩容,guang3zhou1shi4,2040 RCP 2.6,guang3zhou1shi4_1_1_2005_S0,STOREY_1,1670,1
26°C,扩容,guang3zhou1shi4,2040 RCP 2.6,guang3zhou1shi4_1_1_2005_S0,STOREY_2,1670,3
26°C,扩容,guang3zhou1shi4,2040 RCP 2.6,guang3zhou1shi4_1_1_2005_S0,STOREY_3,1670,4
26°C,扩容,guang3zhou1shi4,2040 RCP 2.6,guang3zhou1shi4_1_1_2005_S0,STOREY_4,1670,33
26°C,扩容,guang3zhou1shi4,2040 RCP 2.6,guang3zhou1shi4_1_1_2005_S0,STOREY_0,1670,0
26°C,扩容,guang3zhou1shi4,2040 RCP 2.6,guang3zhou1shi4_1_3_2005_S0,STOREY_1,1670,3
26°C,扩容,guang3zhou1shi4,2040 RCP 2.6,guang3zhou1shi4_1_3_2005_S0,STOREY_2,1670,5
26°C,扩容,guang3zhou1shi4,2040 RCP 2.6,guang3zhou1shi4_1_3_2005_S0,STOREY_3,1670,6
26°C,扩容,guang3zhou1shi4,2040 RCP 2.6,guang3zhou1shi4_1_3_2005_S0,STOREY_4,1670,7
26°C,扩容,guang3zhou1shi4,2040 RCP 2.6,guang3zhou1shi4_1_3_2005_S0,STOREY_5,1670,66
26°C,扩容,guang3zhou1shi4,2040 RCP 2.6,guang3zhou1shi4_1_3_2005_S0,STOREY_0,1670,0
26°C,扩容,guang3zhou1shi4,2040 RCP 2.6,guang3zhou1shi4_1_4_1995_S0,STOREY_1,1670,3
26°C,扩容,guang3zhou1shi4,2040 RCP 2.6,guang3zhou1shi4_1_4_1995_S0,STOREY_2,1670,4
26°C,扩容,guang3zhou1shi4,2040 RCP 2.6,guang3zhou1shi4_1_4_1995_S0,STOREY_3,1670,5
26°C,扩容,guang3zhou1shi4,2040 RCP 2.6,guang3zhou1shi4_1_4_1995_S0,STOREY_4,1670,5
26°C,扩容,guang3zhou1shi4,2040 RCP 2.6,guang3zhou1shi4_1_4_1995_S0,STOREY_5,1670,64
26°C,扩容,guang3zhou1shi4,2040 RCP 2.6,guang3zhou1shi4_1_4_1995_S0,STOREY_0,1670,0
26°C,扩容,guang3zhou1shi4,2040 RCP 2.6,guang3zhou1shi4_1_2_2005_S0,STOREY_1,1670,3
26°C,扩容,guang3zhou1shi4,2040 RCP 2.6,guang3zhou1shi4_1_2_2005_S0,STOREY_2,1670,5
26°C,扩容,guang3zhou1shi4,2040 RCP 2.6,guang3zhou1shi4_1_2_2005_S0,STOREY_3,1670,6
26°C,扩容,guang3zhou1shi4,2040 RCP 2.6,guang3zhou1shi4_1_2_2005_S0,STOREY_4,1670,6
26°C,扩容,guang3zhou1shi4,2040 RCP 2.6,guang3zhou1shi4_1_2_2005_S0,STOREY_5,1670,6
26°C,扩容,guang3zhou1shi4,2040 RCP 2.6,guang3zhou1shi4_1_2_2005_S0,STOREY_6,1670,6
26°C,扩容,guang3zhou1shi4,2040 RCP 2.6,guang3zhou1shi4_1_2_2005_S0,STOREY_7,1670,6
26°C,扩容,guang3zhou1shi4,2040 RCP 2.6,guang3zhou1shi4_1_2_2005_S0,STOREY_8,1670,5
26°C,扩容,guang3zhou1shi4,2040 RCP 2.6,guang3zhou1shi4_1_2_2005_S0,STOREY_9,1670,62
26°C,扩容,guang3zhou1shi4,2040 RCP 2.6,guang3zhou1shi4_1_2_2005_S0,STOREY_0,1670,0
26°C,扩容,guang3zhou1shi4,2040 RCP 2.6,guang3zhou1shi4_1_5_1995_S0,STOREY_1,1670,3
26°C,扩容,guang3zhou1shi4,2040 RCP 2.6,guang3zhou1shi4_1_5_1995_S0,STOREY_2,1670,5
26°C,扩容,guang3zhou1shi4,2040 RCP 2.6,guang3zhou1shi4_1_5_1995_S0,STOREY_3,1670,5
26°C,扩容,guang3zhou1shi4,2040 RCP 2.6,guang3zhou1shi4_1_5_1995_S0,STOREY_4,1670,7
26°C,扩容,guang3zhou1shi4,2040 RCP 2.6,guang3zhou1shi4_1_5_1995_S0,STOREY_5,1670,60
26°C,扩容,guang3zhou1shi4,2040 RCP 2.6,guang3zhou1shi4_1_5_1995_S0,STOREY_0,1670,0
26°C,扩容,guang3zhou1shi4,2040 RCP 2.6,guang3zhou1shi4_1_6_2005_S0,STOREY_1,1670,3
26°C,扩容,guang3zhou1shi4,2040 RCP 2.6,guang3zhou1shi4_1_6_2005_S0,STOREY_2,1670,4
26°C,扩容,guang3zhou1shi4,2040 RCP 2.6,guang3zhou1shi4_1_6_2005_S0,STOREY_3,1670,6
26°C,扩容,guang3zhou1shi4,2040 RCP 2.6,guang3zhou1shi4_1_6_2005_S0,STOREY_4,1670,6
26°C,扩容,guang3zhou1shi4,2040 RCP 2.6,guang3zhou1shi4_1_6_2005_S0,STOREY_5,1670,76
26°C,扩容,guang3zhou1shi4,2040 RCP 2.6,guang3zhou1shi4_1_6_2005_S0,STOREY_0,1670,0
26°C,扩容,guang3zhou1shi4,2040 RCP 2.6,guang3zhou1shi4_1_7_2005_S0,STOREY_1,1670,2
26°C,扩容,guang3zhou1shi4,2040 RCP 2.6,guang3zhou1shi4_1_7_2005_S0,STOREY_2,1670,3
26°C,扩容,guang3zhou1shi4,2040 RCP 2.6,guang3zhou1shi4_1_7_2005_S0,STOREY_3,1670,4
26°C,扩容,guang3zhou1shi4,2040 RCP 2.6,guang3zhou1shi4_1_7_2005_S0,STOREY_4,1670,4
26°C,扩容,guang3zhou1shi4,2040 RCP 2.6,guang3zhou1shi4_1_7_2005_S0,STOREY_5,1670,4
26°C,扩容,guang3zhou1shi4,2040 RCP 2.6,guang3zhou1shi4_1_7_2005_S0,STOREY_6,1670,5
26°C,扩容,guang3zhou1shi4,2040 RCP 2.6,guang3zhou1shi4_1_7_2005_S0,STOREY_7,1670,53
26°C,扩容,guang3zhou1shi4,2040 RCP 2.6,guang3zhou1shi4_1_7_2005_S0,STOREY_0,1670,0
26°C,扩容,guang3zhou1shi4,2040 RCP 2.6,guang3zhou1shi4_1_9_1980_S0,STOREY_1,1670,2
26°C,扩容,guang3zhou1shi4,2040 RCP 2.6,guang3zhou1shi4_1_9_1980_S0,STOREY_2,1670,4
26°C,扩容,guang3zhou1shi4,2040 RCP 2.6,guang3zhou1shi4_1_9_1980_S0,STOREY_3,1670,5
26°C,扩容,guang3zhou1shi4,2040 RCP 2.6,guang3zhou1shi4_1_9_1980_S0,STOREY_4,1670,5
26°C,扩容,guang3zhou1shi4,2040 RCP 2.6,guang3zhou1shi4_1_9_1980_S0,STOREY_5,1670,5
26°C,扩容,guang3zhou1shi4,2040 RCP 2.6,guang3zhou1shi4_1_9_1980_S0,STOREY_6,1670,6
26°C,扩容,guang3zhou1shi4,2040 RCP 2.6,guang3zhou1shi4_1_9_1980_S0,STOREY_7,1670,54
26°C,扩容,guang3zhou1shi4,2040 RCP 2.6,guang3zhou1shi4_1_9_1980_S0,STOREY_0,1670,0
26°C,扩容,guang3zhou1shi4,2040 RCP 2.6,guang3zhou1shi4_1_8_1995_S0,STOREY_1,1670,3
26°C,扩容,guang3zhou1shi4,2040 RCP 2.6,guang3zhou1shi4_1_8_1995_S0,STOREY_2,1670,4
26°C,扩容,guang3zhou1shi4,2040 RCP 2.6,guang3zhou1shi4_1_8_1995_S0,STOREY_3,1670,4
26°C,扩容,guang3zhou1shi4,2040 RCP 2.6,guang3zhou1shi4_1_8_1995_S0,STOREY_4,1670,4
26°C,扩容,guang3zhou1shi4,2040 RCP 2.6,guang3zhou1shi4_1_8_1995_S0,STOREY_5,1670,4
26°C,扩容,guang3zhou1shi4,2040 RCP 2.6,guang3zhou1shi4_1_8_1995_S0,STOREY_6,1670,4
26°C,扩容,guang3zhou1shi4,2040 RCP 2.6,guang3zhou1shi4_1_8_1995_S0,STOREY_7,1670,4
26°C,扩容,guang3zhou1shi4,2040 RCP 2.6,guang3zhou1shi4_1_8_1995_S0,STOREY_8,1670,5
26°C,扩容,guang3zhou1shi4,2040 RCP 2.6,guang3zhou1shi4_1_8_1995_S0,STOREY_9,1670,55
26°C,扩容,guang3zhou1shi4,2040 RCP 2.6,guang3zhou1shi4_1_8_1995_S0,STOREY_0,1670,0
26°C,扩容,guang3zhou1shi4,2040 RCP 2.6,guang3zhou1shi4_2_10_2005_S0,STOREY_1,1670,1
26°C,扩容,guang3zhou1shi4,2040 RCP 2.6,guang3zhou1shi4_2_10_2005_S0,STOREY_2,1670,3
26°C,扩容,guang3zhou1shi4,2040 RCP 2.6,guang3zhou1shi4_2_10_2005_S0,STOREY_3,1670,3
26°C,扩容,guang3zhou1shi4,2040 RCP 2.6,guang3zhou1shi4_2_10_2005_S0,STOREY_4,1670,3
26°C,扩容,guang3zhou1shi4,2040 RCP 2.6,guang3zhou1shi4_2_10_2005_S0,STOREY_5,1670,3
26°C,扩容,guang3zhou1shi4,2040 RCP 2.6,guang3zhou1shi4_2_10_2005_S0,STOREY_6,1670,3
26°C,扩容,guang3zhou1shi4,2040 RCP 2.6,guang3zhou1shi4_2_10_2005_S0,STOREY_7,1670,3
26°C,扩容,guang3zhou1shi4,2040 RCP 2.6,guang3zhou1shi4_2_10_2005_S0,STOREY_8,1670,3
26°C,扩容,guang3zhou1shi4,2040 RCP 2.6,guang3zhou1shi4_2_10_2005_S0,STOREY_9,1670,3
26°C,扩容,guang3zhou1shi4,2040 RCP 2.6,guang3zhou1shi4_2_10_2005_S0,STOREY_10,1670,4
26°C,扩容,guang3zhou1shi4,2040 RCP 2.6,guang3zhou1shi4_2_10_2005_S0,STOREY_11,1670,46
26°C,扩容,guang3zhou1shi4,2040 RCP 2.6,guang3zhou1shi4_2_10_2005_S0,STOREY_0,1670,0
26°C,扩容,guang3zhou1shi4,2040 RCP 2.6,guang3zhou1shi4_2_11_2005_S0,STOREY_1,1670,1
26°C,扩容,guang3zhou1shi4,2040 RCP 2.6,guang3zhou1shi4_2_11_2005_S0,STOREY_2,1670,2
26°C,扩容,guang3zhou1shi4,2040 RCP 2.6,guang3zhou1shi4_2_11_2005_S0,STOREY_3,1670,2
26°C,扩容,guang3zhou1shi4,2040 RCP 2.6,guang3zhou1shi4_2_11_2005_S0,STOREY_4,1670,2
26°C,扩容,guang3zhou1shi4,2040 RCP 2.6,guang3zhou1shi4_2_11_2005_S0,STOREY_5,1670,2
26°C,扩容,guang3zhou1shi4,2040 RCP 2.6,guang3zhou1shi4_2_11_2005_S0,STOREY_6,1670,2
26°C,扩容,guang3zhou1shi4,2040 RCP 2.6,guang3zhou1shi4_2_11_2005_S0,STOREY_7,1670,2
26°C,扩容,guang3zhou1shi4,2040 RCP 2.6,guang3zhou1shi4_2_11_2005_S0,STOREY_8,1670,2
26°C,扩容,guang3zhou1shi4,2040 RCP 2.6,guang3zhou1shi4_2_11_2005_S0,STOREY_9,1670,2
26°C,扩容,guang3zhou1shi4,2040 RCP 2.6,guang3zhou1shi4_2_11_2005_S0,STOREY_10,1670,2
26°C,扩容,guang3zhou1shi4,2040 RCP 2.6,guang3zhou1shi4_2_11_2005_S0,STOREY_11,1670,2
26°C,扩容,guang3zhou1shi4,2040 RCP 2.6,guang3zhou1shi4_2_11_2005_S0,STOREY_12,1670,2
26°C,扩容,guang3zhou1shi4,2040 RCP 2.6,guang3zhou1shi4_2_11_2005_S0,STOREY_13,1670,3
26°C,扩容,guang3zhou1shi4,2040 RCP 2.6,guang3zhou1shi4_2_11_2005_S0,STOREY_14,1670,4
26°C,扩容,guang3zhou1shi4,2040 RCP 2.6,guang3zhou1shi4_2_11_2005_S0,STOREY_15,1670,44
26°C,扩容,guang3zhou1shi4,2040 RCP 2.6,guang3zhou1shi4_2_11_2005_S0,STOREY_0,1670,0
26°C,扩容,guang3zhou1shi4,2040 RCP 2.6,guang3zhou1shi4_2_12_2015_S0,STOREY_1,1670,1
26°C,扩容,guang3zhou1shi4,2040 RCP 2.6,guang3zhou1shi4_2_12_2015_S0,STOREY_2,1670,1
26°C,扩容,guang3zhou1shi4,2040 RCP 2.6,guang3zhou1shi4_2_12_2015_S0,STOREY_3,1670,2
26°C,扩容,guang3zhou1shi4,2040 RCP 2.6,guang3zhou1shi4_2_12_2015_S0,STOREY_4,1670,2
26°C,扩容,guang3zhou1shi4,2040 RCP 2.6,guang3zhou1shi4_2_12_2015_S0,STOREY_5,1670,2
26°C,扩容,guang3zhou1shi4,2040 RCP 2.6,guang3zhou1shi4_2_12_2015_S0,STOREY_6,1670,2
26°C,扩容,guang3zhou1shi4,2040 RCP 2.6,guang3zhou1shi4_2_12_2015_S0,STOREY_7,1670,2
26°C,扩容,guang3zhou1shi4,2040 RCP 2.6,guang3zhou1shi4_2_12_2015_S0,STOREY_8,1670,2
26°C,扩容,guang3zhou1shi4,2040 RCP 2.6,guang3zhou1shi4_2_12_2015_S0,STOREY_9,1670,2
26°C,扩容,guang3zhou1shi4,2040 RCP 2.6,guang3zhou1shi4_2_12_2015_S0,STOREY_10,1670,2
26°C,扩容,guang3zhou1shi4,2040 RCP 2.6,guang3zhou1shi4_2_12_2015_S0,STOREY_11,1670,2
26°C,扩容,guang3zhou1shi4,2040 RCP 2.6,guang3zhou1shi4_2_12_2015_S0,STOREY_12,1670,2
26°C,扩容,guang3zhou1shi4,2040 RCP 2.6,guang3zhou1shi4_2_12_2015_S0,STOREY_13,1670,2
26°C,扩容,guang3zhou1shi4,2040 RCP 2.6,guang3zhou1shi4_2_12_2015_S0,STOREY_14,1670,2
26°C,扩容,guang3zhou1shi4,2040 RCP 2.6,guang3zhou1shi4_2_12_2015_S0,STOREY_15,1670,2
26°C,扩容,guang3zhou1shi4,2040 RCP 2.6,guang3zhou1shi4_2_12_2015_S0,STOREY_16,1670,2
26°C,扩容,guang3zhou1shi4,2040 RCP 2.6,guang3zhou1shi4_2_12_2015_S0,STOREY_17,1670,2
26°C,扩容,guang3zhou1shi4,2040 RCP 2.6,guang3zhou1shi4_2_12_2015_S0,STOREY_18,1670,2
26°C,扩容,guang3zhou1shi4,2040 RCP 2.6,guang3zhou1shi4_2_12_2015_S0,STOREY_19,1670,2
26°C,扩容,guang3zhou1shi4,2040 RCP 2.6,guang3zhou1shi4_2_12_2015_S0,STOREY_20,1670,2
26°C,扩容,guang3zhou1shi4,2040 RCP 2.6,guang3zhou1shi4_2_12_2015_S0,STOREY_21,1670,28
26°C,扩容,guang3zhou1shi4,2040 RCP 2.6,guang3zhou1shi4_2_12_2015_S0,STOREY_0,1670,0
26°C,扩容,guang3zhou1shi4,2040 RCP 2.6,guang3zhou1shi4_2_2_1995_S0,STOREY_1,1670,4
26°C,扩容,guang3zhou1shi4,2040 RCP 2.6,guang3zhou1shi4_2_2_1995_S0,STOREY_2,1670,5
26°C,扩容,guang3zhou1shi4,2040 RCP 2.6,guang3zhou1shi4_2_2_1995_S0,STOREY_3,1670,6
26°C,扩容,guang3zhou1shi4,2040 RCP 2.6,guang3zhou1shi4_2_2_1995_S0,STOREY_4,1670,6
26°C,扩容,guang3zhou1shi4,2040 RCP 2.6,guang3zhou1shi4_2_2_1995_S0,STOREY_5,1670,6
26°C,扩容,guang3zhou1shi4,2040 RCP 2.6,guang3zhou1shi4_2_2_1995_S0,STOREY_6,1670,6
26°C,扩容,guang3zhou1shi4,2040 RCP 2.6,guang3zhou1shi4_2_2_1995_S0,STOREY_7,1670,6
26°C,扩容,guang3zhou1shi4,2040 RCP 2.6,guang3zhou1shi4_2_2_1995_S0,STOREY_8,1670,6
26°C,扩容,guang3zhou1shi4,2040 RCP 2.6,guang3zhou1shi4_2_2_1995_S0,STOREY_9,1670,5
26°C,扩容,guang3zhou1shi4,2040 RCP 2.6,guang3zhou1shi4_2_2_1995_S0,STOREY_10,1670,5
26°C,扩容,guang3zhou1shi4,2040 RCP 2.6,guang3zhou1shi4_2_2_1995_S0,STOREY_11,1670,5
26°C,扩容,guang3zhou1shi4,2040 RCP 2.6,guang3zhou1shi4_2_2_1995_S0,STOREY_12,1670,5
26°C,扩容,guang3zhou1shi4,2040 RCP 2.6,guang3zhou1shi4_2_2_1995_S0,STOREY_13,1670,5
26°C,扩容,guang3zhou1shi4,2040 RCP 2.6,guang3zhou1shi4_2_2_1995_S0,STOREY_14,1670,5
26°C,扩容,guang3zhou1shi4,2040 RCP 2.6,guang3zhou1shi4_2_2_1995_S0,STOREY_15,1670,5
26°C,扩容,guang3zhou1shi4,2040 RCP 2.6,guang3zhou1shi4_2_2_1995_S0,STOREY_16,1670,5
26°C,扩容,guang3zhou1shi4,2040 RCP 2.6,guang3zhou1shi4_2_2_1995_S0,STOREY_17,1670,5
26°C,扩容,guang3zhou1shi4,2040 RCP 2.6,guang3zhou1shi4_2_2_1995_S0,STOREY_18,1670,6
26°C,扩容,guang3zhou1shi4,2040 RCP 2.6,guang3zhou1shi4_2_2_1995_S0,STOREY_19,1670,68
26°C,扩容,guang3zhou1shi4,2040 RCP 2.6,guang3zhou1shi4_2_2_1995_S0,STOREY_0,1670,0
26°C,扩容,guang3zhou1shi4,2040 RCP 2.6,guang3zhou1shi4_2_1_2015_S0,STOREY_1,1670,1
26°C,扩容,guang3zhou1shi4,2040 RCP 2.6,guang3zhou1shi4_2_1_2015_S0,STOREY_2,1670,2
26°C,扩容,guang3zhou1shi4,2040 RCP 2.6,guang3zhou1shi4_2_1_2015_S0,STOREY_3,1670,2
26°C,扩容,guang3zhou1shi4,2040 RCP 2.6,guang3zhou1shi4_2_1_2015_S0,STOREY_4,1670,2
26°C,扩容,guang3zhou1shi4,2040 RCP 2.6,guang3zhou1shi4_2_1_2015_S0,STOREY_5,1670,2
26°C,扩容,guang3zhou1shi4,2040 RCP 2.6,guang3zhou1shi4_2_1_2015_S0,STOREY_6,1670,2
26°C,扩容,guang3zhou1shi4,2040 RCP 2.6,guang3zhou1shi4_2_1_2015_S0,STOREY_7,1670,2
26°C,扩容,guang3zhou1shi4,2040 RCP 2.6,guang3zhou1shi4_2_1_2015_S0,STOREY_8,1670,2
26°C,扩容,guang3zhou1shi4,2040 RCP 2.6,guang3zhou1shi4_2_1_2015_S0,STOREY_9,1670,2
26°C,扩容,guang3zhou1shi4,2040 RCP 2.6,guang3zhou1shi4_2_1_2015_S0,STOREY_10,1670,2
26°C,扩容,guang3zhou1shi4,2040 RCP 2.6,guang3zhou1shi4_2_1_2015_S0,STOREY_11,1670,2
26°C,扩容,guang3zhou1shi4,2040 RCP 2.6,guang3zhou1shi4_2_1_2015_S0,STOREY_12,1670,2
26°C,扩容,guang3zhou1shi4,2040 RCP 2.6,guang3zhou1shi4_2_1_2015_S0,STOREY_13,1670,2
26°C,扩容,guang3zhou1shi4,2040 RCP 2.6,guang3zhou1shi4_2_1_2015_S0,STOREY_14,1670,2
26°C,扩容,guang3zhou1shi4,2040 RCP 2.6,guang3zhou1shi4_2_1_2015_S0,STOREY_15,1670,2
26°C,扩容,guang3zhou1shi4,2040 RCP 2.6,guang3zhou1shi4_2_1_2015_S0,STOREY_16,1670,2
26°C,扩容,guang3zhou1shi4,2040 RCP 2.6,guang3zhou1shi4_2_1_2015_S0,STOREY_17,1670,2
26°C,扩容,guang3zhou1shi4,2040 RCP 2.6,guang3zhou1shi4_2_1_2015_S0,STOREY_18,1670,2
26°C,扩容,guang3zhou1shi4,2040 RCP 2.6,guang3zhou1shi4_2_1_2015_S0,STOREY_19,1670,2
26°C,扩容,guang3zhou1shi4,2040 RCP 2.6,guang3zhou1shi4_2_1_2015_S0,STOREY_20,1670,1
26°C,扩容,guang3zhou1shi4,2040 RCP 2.6,guang3zhou1shi4_2_1_2015_S0,STOREY_21,1670,1
26°C,扩容,guang3zhou1shi4,2040 RCP 2.6,guang3zhou1shi4_2_1_2015_S0,STOREY_22,1670,1
26°C,扩容,guang3zhou1shi4,2040 RCP 2.6,guang3zhou1shi4_2_1_2015_S0,STOREY_23,1670,1
26°C,扩容,guang3zhou1shi4,2040 RCP 2.6,guang3zhou1shi4_2_1_2015_S0,STOREY_24,1670,2
26°C,扩容,guang3zhou1shi4,2040 RCP 2.6,guang3zhou1shi4_2_1_2015_S0,STOREY_25,1670,2
26°C,扩容,guang3zhou1shi4,2040 RCP 2.6,guang3zhou1shi4_2_1_2015_S0,STOREY_26,1670,2
26°C,扩容,guang3zhou1shi4,2040 RCP 2.6,guang3zhou1shi4_2_1_2015_S0,STOREY_27,1670,23
26°C,扩容,guang3zhou1shi4,2040 RCP 2.6,guang3zhou1shi4_2_1_2015_S0,STOREY_0,1670,0
26°C,扩容,guang3zhou1shi4,2040 RCP 2.6,guang3zhou1shi4_2_3_2005_S0,STOREY_1,1670,1
26°C,扩容,guang3zhou1shi4,2040 RCP 2.6,guang3zhou1shi4_2_3_2005_S0,STOREY_2,1670,2
26°C,扩容,guang3zhou1shi4,2040 RCP 2.6,guang3zhou1shi4_2_3_2005_S0,STOREY_3,1670,2
26°C,扩容,guang3zhou1shi4,2040 RCP 2.6,guang3zhou1shi4_2_3_2005_S0,STOREY_4,1670,2
26°C,扩容,guang3zhou1shi4,2040 RCP 2.6,guang3zhou1shi4_2_3_2005_S0,STOREY_5,1670,2
26°C,扩容,guang3zhou1shi4,2040 RCP 2.6,guang3zhou1shi4_2_3_2005_S0,STOREY_6,1670,2
26°C,扩容,guang3zhou1shi4,2040 RCP 2.6,guang3zhou1shi4_2_3_2005_S0,STOREY_7,1670,2
26°C,扩容,guang3zhou1shi4,2040 RCP 2.6,guang3zhou1shi4_2_3_2005_S0,STOREY_8,1670,2
26°C,扩容,guang3zhou1shi4,2040 RCP 2.6,guang3zhou1shi4_2_3_2005_S0,STOREY_9,1670,2
26°C,扩容,guang3zhou1shi4,2040 RCP 2.6,guang3zhou1shi4_2_3_2005_S0,STOREY_10,1670,2
26°C,扩容,guang3zhou1shi4,2040 RCP 2.6,guang3zhou1shi4_2_3_2005_S0,STOREY_11,1670,2
26°C,扩容,guang3zhou1shi4,2040 RCP 2.6,guang3zhou1shi4_2_3_2005_S0,STOREY_12,1670,3
26°C,扩容,guang3zhou1shi4,2040 RCP 2.6,guang3zhou1shi4_2_3_2005_S0,STOREY_13,1670,4
26°C,扩容,guang3zhou1shi4,2040 RCP 2.6,guang3zhou1shi4_2_3_2005_S0,STOREY_14,1670,33
26°C,扩容,guang3zhou1shi4,2040 RCP 2.6,guang3zhou1shi4_2_3_2005_S0,STOREY_0,1670,0
26°C,扩容,guang3zhou1shi4,2040 RCP 2.6,guang3zhou1shi4_2_4_2005_S0,STOREY_1,1670,3
26°C,扩容,guang3zhou1shi4,2040 RCP 2.6,guang3zhou1shi4_2_4_2005_S0,STOREY_2,1670,4
26°C,扩容,guang3zhou1shi4,2040 RCP 2.6,guang3zhou1shi4_2_4_2005_S0,STOREY_3,1670,5
26°C,扩容,guang3zhou1shi4,2040 RCP 2.6,guang3zhou1shi4_2_4_2005_S0,STOREY_4,1670,5
26°C,扩容,guang3zhou1shi4,2040 RCP 2.6,guang3zhou1shi4_2_4_2005_S0,STOREY_5,1670,5
26°C,扩容,guang3zhou1shi4,2040 RCP 2.6,guang3zhou1shi4_2_4_2005_S0,STOREY_6,1670,5
26°C,扩容,guang3zhou1shi4,2040 RCP 2.6,guang3zhou1shi4_2_4_2005_S0,STOREY_7,1670,5
26°C,扩容,guang3zhou1shi4,2040 RCP 2.6,guang3zhou1shi4_2_4_2005_S0,STOREY_8,1670,5
26°C,扩容,guang3zhou1shi4,2040 RCP 2.6,guang3zhou1shi4_2_4_2005_S0,STOREY_9,1670,5
26°C,扩容,guang3zhou1shi4,2040 RCP 2.6,guang3zhou1shi4_2_4_2005_S0,STOREY_10,1670,5
26°C,扩容,guang3zhou1shi4,2040 RCP 2.6,guang3zhou1shi4_2_4_2005_S0,STOREY_11,1670,53
26°C,扩容,guang3zhou1shi4,2040 RCP 2.6,guang3zhou1shi4_2_4_2005_S0,STOREY_0,1670,0
26°C,扩容,guang3zhou1shi4,2040 RCP 2.6,guang3zhou1shi4_2_5_2015_S0,STOREY_1,1670,1
26°C,扩容,guang3zhou1shi4,2040 RCP 2.6,guang3zhou1shi4_2_5_2015_S0,STOREY_2,1670,2
26°C,扩容,guang3zhou1shi4,2040 RCP 2.6,guang3zhou1shi4_2_5_2015_S0,STOREY_3,1670,2
26°C,扩容,guang3zhou1shi4,2040 RCP 2.6,guang3zhou1shi4_2_5_2015_S0,STOREY_4,1670,2
26°C,扩容,guang3zhou1shi4,2040 RCP 2.6,guang3zhou1shi4_2_5_2015_S0,STOREY_5,1670,2
26°C,扩容,guang3zhou1shi4,2040 RCP 2.6,guang3zhou1shi4_2_5_2015_S0,STOREY_6,1670,2
26°C,扩容,guang3zhou1shi4,2040 RCP 2.6,guang3zhou1shi4_2_5_2015_S0,STOREY_7,1670,2
26°C,扩容,guang3zhou1shi4,2040 RCP 2.6,guang3zhou1shi4_2_5_2015_S0,STOREY_8,1670,2
26°C,扩容,guang3zhou1shi4,2040 RCP 2.6,guang3zhou1shi4_2_5_2015_S0,STOREY_9,1670,2
26°C,扩容,guang3zhou1shi4,2040 RCP 2.6,guang3zhou1shi4_2_5_2015_S0,STOREY_10,1670,2
26°C,扩容,guang3zhou1shi4,2040 RCP 2.6,guang3zhou1shi4_2_5_2015_S0,STOREY_11,1670,2
26°C,扩容,guang3zhou1shi4,2040 RCP 2.6,guang3zhou1shi4_2_5_2015_S0,STOREY_12,1670,2
26°C,扩容,guang3zhou1shi4,2040 RCP 2.6,guang3zhou1shi4_2_5_2015_S0,STOREY_13,1670,3
26°C,扩容,guang3zhou1shi4,2040 RCP 2.6,guang3zhou1shi4_2_5_2015_S0,STOREY_14,1670,32
26°C,扩容,guang3zhou1shi4,2040 RCP 2.6,guang3zhou1shi4_2_5_2015_S0,STOREY_0,1670,0
26°C,扩容,guang3zhou1shi4,2040 RCP 2.6,guang3zhou1shi4_2_6_2005_S0,STOREY_1,1670,1
26°C,扩容,guang3zhou1shi4,2040 RCP 2.6,guang3zhou1shi4_2_6_2005_S0,STOREY_2,1670,3
26°C,扩容,guang3zhou1shi4,2040 RCP 2.6,guang3zhou1shi4_2_6_2005_S0,STOREY_3,1670,3
26°C,扩容,guang3zhou1shi4,2040 RCP 2.6,guang3zhou1shi4_2_6_2005_S0,STOREY_4,1670,3
26°C,扩容,guang3zhou1shi4,2040 RCP 2.6,guang3zhou1shi4_2_6_2005_S0,STOREY_5,1670,3
26°C,扩容,guang3zhou1shi4,2040 RCP 2.6,guang3zhou1shi4_2_6_2005_S0,STOREY_6,1670,3
26°C,扩容,guang3zhou1shi4,2040 RCP 2.6,guang3zhou1shi4_2_6_2005_S0,STOREY_7,1670,3
26°C,扩容,guang3zhou1shi4,2040 RCP 2.6,guang3zhou1shi4_2_6_2005_S0,STOREY_8,1670,3
26°C,扩容,guang3zhou1shi4,2040 RCP 2.6,guang3zhou1shi4_2_6_2005_S0,STOREY_9,1670,3
26°C,扩容,guang3zhou1shi4,2040 RCP 2.6,guang3zhou1shi4_2_6_2005_S0,STOREY_10,1670,3
26°C,扩容,guang3zhou1shi4,2040 RCP 2.6,guang3zhou1shi4_2_6_2005_S0,STOREY_11,1670,3
26°C,扩容,guang3zhou1shi4,2040 RCP 2.6,guang3zhou1shi4_2_6_2005_S0,STOREY_12,1670,4
26°C,扩容,guang3zhou1shi4,2040 RCP 2.6,guang3zhou1shi4_2_6_2005_S0,STOREY_13,1670,5
26°C,扩容,guang3zhou1shi4,2040 RCP 2.6,guang3zhou1shi4_2_6_2005_S0,STOREY_14,1670,33
26°C,扩容,guang3zhou1shi4,2040 RCP 2.6,guang3zhou1shi4_2_6_2005_S0,STOREY_0,1670,0
26°C,扩容,guang3zhou1shi4,2040 RCP 4.5,guang3zhou1shi4_0_10_1980_S0,STOREY_1,1670,4
26°C,扩容,guang3zhou1shi4,2040 RCP 4.5,guang3zhou1shi4_0_10_1980_S0,STOREY_2,1670,54
26°C,扩容,guang3zhou1shi4,2040 RCP 4.5,guang3zhou1shi4_0_10_1980_S0,STOREY_0,1670,0
26°C,扩容,guang3zhou1shi4,2040 RCP 2.6,guang3zhou1shi4_2_7_2015_S0,STOREY_1,1670,1
26°C,扩容,guang3zhou1shi4,2040 RCP 2.6,guang3zhou1shi4_2_7_2015_S0,STOREY_2,1670,1
26°C,扩容,guang3zhou1shi4,2040 RCP 2.6,guang3zhou1shi4_2_7_2015_S0,STOREY_3,1670,2
26°C,扩容,guang3zhou1shi4,2040 RCP 2.6,guang3zhou1shi4_2_7_2015_S0,STOREY_4,1670,2
26°C,扩容,guang3zhou1shi4,2040 RCP 2.6,guang3zhou1shi4_2_7_2015_S0,STOREY_5,1670,2
26°C,扩容,guang3zhou1shi4,2040 RCP 2.6,guang3zhou1shi4_2_7_2015_S0,STOREY_6,1670,2
26°C,扩容,guang3zhou1shi4,2040 RCP 2.6,guang3zhou1shi4_2_7_2015_S0,STOREY_7,1670,2
26°C,扩容,guang3zhou1shi4,2040 RCP 2.6,guang3zhou1shi4_2_7_2015_S0,STOREY_8,1670,2
26°C,扩容,guang3zhou1shi4,2040 RCP 2.6,guang3zhou1shi4_2_7_2015_S0,STOREY_9,1670,2
26°C,扩容,guang3zhou1shi4,2040 RCP 2.6,guang3zhou1shi4_2_7_2015_S0,STOREY_10,1670,2
26°C,扩容,guang3zhou1shi4,2040 RCP 2.6,guang3zhou1shi4_2_7_2015_S0,STOREY_11,1670,2
26°C,扩容,guang3zhou1shi4,2040 RCP 2.6,guang3zhou1shi4_2_7_2015_S0,STOREY_12,1670,2
26°C,扩容,guang3zhou1shi4,2040 RCP 2.6,guang3zhou1shi4_2_7_2015_S0,STOREY_13,1670,2
26°C,扩容,guang3zhou1shi4,2040 RCP 2.6,guang3zhou1shi4_2_7_2015_S0,STOREY_14,1670,2
26°C,扩容,guang3zhou1shi4,2040 RCP 2.6,guang3zhou1shi4_2_7_2015_S0,STOREY_15,1670,2
26°C,扩容,guang3zhou1shi4,2040 RCP 2.6,guang3zhou1shi4_2_7_2015_S0,STOREY_16,1670,2
26°C,扩容,guang3zhou1shi4,2040 RCP 2.6,guang3zhou1shi4_2_7_2015_S0,STOREY_17,1670,2
26°C,扩容,guang3zhou1shi4,2040 RCP 2.6,guang3zhou1shi4_2_7_2015_S0,STOREY_18,1670,3
26°C,扩容,guang3zhou1shi4,2040 RCP 2.6,guang3zhou1shi4_2_7_2015_S0,STOREY_19,1670,24
26°C,扩容,guang3zhou1shi4,2040 RCP 2.6,guang3zhou1shi4_2_7_2015_S0,STOREY_0,1670,0
26°C,扩容,guang3zhou1shi4,2040 RCP 4.5,guang3zhou1shi4_0_11_1995_S0,STOREY_1,1670,0
26°C,扩容,guang3zhou1shi4,2040 RCP 4.5,guang3zhou1shi4_0_11_1995_S0,STOREY_2,1670,50
26°C,扩容,guang3zhou1shi4,2040 RCP 4.5,guang3zhou1shi4_0_11_1995_S0,STOREY_0,1670,0
26°C,扩容,guang3zhou1shi4,2040 RCP 4.5,guang3zhou1shi4_0_1_1995_S0,STOREY_1,1670,10
26°C,扩容,guang3zhou1shi4,2040 RCP 4.5,guang3zhou1shi4_0_1_1995_S0,STOREY_2,1670,70
26°C,扩容,guang3zhou1shi4,2040 RCP 4.5,guang3zhou1shi4_0_1_1995_S0,STOREY_0,1670,0
26°C,扩容,guang3zhou1shi4,2040 RCP 4.5,guang3zhou1shi4_0_12_1980_S0,STOREY_1,1670,0
26°C,扩容,guang3zhou1shi4,2040 RCP 4.5,guang3zhou1shi4_0_12_1980_S0,STOREY_2,1670,0
26°C,扩容,guang3zhou1shi4,2040 RCP 4.5,guang3zhou1shi4_0_12_1980_S0,STOREY_3,1670,0
26°C,扩容,guang3zhou1shi4,2040 RCP 4.5,guang3zhou1shi4_0_12_1980_S0,STOREY_4,1670,14
26°C,扩容,guang3zhou1shi4,2040 RCP 4.5,guang3zhou1shi4_0_12_1980_S0,STOREY_0,1670,0
26°C,扩容,guang3zhou1shi4,2040 RCP 4.5,guang3zhou1shi4_0_3_1980_S0,STOREY_1,1670,20
26°C,扩容,guang3zhou1shi4,2040 RCP 4.5,guang3zhou1shi4_0_3_1980_S0,STOREY_0,1670,0
26°C,扩容,guang3zhou1shi4,2040 RCP 4.5,guang3zhou1shi4_0_2_1980_S0,STOREY_1,1670,0
26°C,扩容,guang3zhou1shi4,2040 RCP 4.5,guang3zhou1shi4_0_2_1980_S0,STOREY_2,1670,36
26°C,扩容,guang3zhou1shi4,2040 RCP 4.5,guang3zhou1shi4_0_2_1980_S0,STOREY_0,1670,0
26°C,扩容,guang3zhou1shi4,2040 RCP 4.5,guang3zhou1shi4_0_5_1980_S0,STOREY_1,1670,0
26°C,扩容,guang3zhou1shi4,2040 RCP 4.5,guang3zhou1shi4_0_5_1980_S0,STOREY_2,1670,12
26°C,扩容,guang3zhou1shi4,2040 RCP 4.5,guang3zhou1shi4_0_5_1980_S0,STOREY_0,1670,0
26°C,扩容,guang3zhou1shi4,2040 RCP 4.5,guang3zhou1shi4_0_4_1980_S0,STOREY_1,1670,35
26°C,扩容,guang3zhou1shi4,2040 RCP 4.5,guang3zhou1shi4_0_4_1980_S0,STOREY_2,1670,78
26°C,扩容,guang3zhou1shi4,2040 RCP 4.5,guang3zhou1shi4_0_4_1980_S0,STOREY_0,1670,0
26°C,扩容,guang3zhou1shi4,2040 RCP 2.6,guang3zhou1shi4_2_8_2005_S0,STOREY_1,1670,1
26°C,扩容,guang3zhou1shi4,2040 RCP 2.6,guang3zhou1shi4_2_8_2005_S0,STOREY_2,1670,2
26°C,扩容,guang3zhou1shi4,2040 RCP 2.6,guang3zhou1shi4_2_8_2005_S0,STOREY_3,1670,3
26°C,扩容,guang3zhou1shi4,2040 RCP 2.6,guang3zhou1shi4_2_8_2005_S0,STOREY_4,1670,3
26°C,扩容,guang3zhou1shi4,2040 RCP 2.6,guang3zhou1shi4_2_8_2005_S0,STOREY_5,1670,3
26°C,扩容,guang3zhou1shi4,2040 RCP 2.6,guang3zhou1shi4_2_8_2005_S0,STOREY_6,1670,3
26°C,扩容,guang3zhou1shi4,2040 RCP 2.6,guang3zhou1shi4_2_8_2005_S0,STOREY_7,1670,3
26°C,扩容,guang3zhou1shi4,2040 RCP 2.6,guang3zhou1shi4_2_8_2005_S0,STOREY_8,1670,3
26°C,扩容,guang3zhou1shi4,2040 RCP 2.6,guang3zhou1shi4_2_8_2005_S0,STOREY_9,1670,3
26°C,扩容,guang3zhou1shi4,2040 RCP 2.6,guang3zhou1shi4_2_8_2005_S0,STOREY_10,1670,3
26°C,扩容,guang3zhou1shi4,2040 RCP 2.6,guang3zhou1shi4_2_8_2005_S0,STOREY_11,1670,3
26°C,扩容,guang3zhou1shi4,2040 RCP 2.6,guang3zhou1shi4_2_8_2005_S0,STOREY_12,1670,3
26°C,扩容,guang3zhou1shi4,2040 RCP 2.6,guang3zhou1shi4_2_8_2005_S0,STOREY_13,1670,2
26°C,扩容,guang3zhou1shi4,2040 RCP 2.6,guang3zhou1shi4_2_8_2005_S0,STOREY_14,1670,2
26°C,扩容,guang3zhou1shi4,2040 RCP 2.6,guang3zhou1shi4_2_8_2005_S0,STOREY_15,1670,2
26°C,扩容,guang3zhou1shi4,2040 RCP 2.6,guang3zhou1shi4_2_8_2005_S0,STOREY_16,1670,2
26°C,扩容,guang3zhou1shi4,2040 RCP 2.6,guang3zhou1shi4_2_8_2005_S0,STOREY_17,1670,2
26°C,扩容,guang3zhou1shi4,2040 RCP 2.6,guang3zhou1shi4_2_8_2005_S0,STOREY_18,1670,2
26°C,扩容,guang3zhou1shi4,2040 RCP 2.6,guang3zhou1shi4_2_8_2005_S0,STOREY_19,1670,2
26°C,扩容,guang3zhou1shi4,2040 RCP 2.6,guang3zhou1shi4_2_8_2005_S0,STOREY_20,1670,2
26°C,扩容,guang3zhou1shi4,2040 RCP 2.6,guang3zhou1shi4_2_8_2005_S0,STOREY_21,1670,2
26°C,扩容,guang3zhou1shi4,2040 RCP 2.6,guang3zhou1shi4_2_8_2005_S0,STOREY_22,1670,2
26°C,扩容,guang3zhou1shi4,2040 RCP 2.6,guang3zhou1shi4_2_8_2005_S0,STOREY_23,1670,2
26°C,扩容,guang3zhou1shi4,2040 RCP 2.6,guang3zhou1shi4_2_8_2005_S0,STOREY_24,1670,2
26°C,扩容,guang3zhou1shi4,2040 RCP 2.6,guang3zhou1shi4_2_8_2005_S0,STOREY_25,1670,3
26°C,扩容,guang3zhou1shi4,2040 RCP 2.6,guang3zhou1shi4_2_8_2005_S0,STOREY_26,1670,3
26°C,扩容,guang3zhou1shi4,2040 RCP 2.6,guang3zhou1shi4_2_8_2005_S0,STOREY_27,1670,27
26°C,扩容,guang3zhou1shi4,2040 RCP 2.6,guang3zhou1shi4_2_8_2005_S0,STOREY_0,1670,0
26°C,扩容,guang3zhou1shi4,2040 RCP 4.5,guang3zhou1shi4_0_7_1980_S0,STOREY_0,1670,0
26°C,扩容,guang3zhou1shi4,2040 RCP 4.5,guang3zhou1shi4_0_6_1995_S0,STOREY_0,1670,0
26°C,扩容,guang3zhou1shi4,2040 RCP 4.5,guang3zhou1shi4_0_8_1980_S0,STOREY_0,1670,0
26°C,扩容,guang3zhou1shi4,2040 RCP 4.5,guang3zhou1shi4_0_9_1980_S0,STOREY_0,1670,0
26°C,扩容,guang3zhou1shi4,2040 RCP 2.6,guang3zhou1shi4_2_9_2005_S0,STOREY_1,1670,2
26°C,扩容,guang3zhou1shi4,2040 RCP 2.6,guang3zhou1shi4_2_9_2005_S0,STOREY_2,1670,3
26°C,扩容,guang3zhou1shi4,2040 RCP 2.6,guang3zhou1shi4_2_9_2005_S0,STOREY_3,1670,4
26°C,扩容,guang3zhou1shi4,2040 RCP 2.6,guang3zhou1shi4_2_9_2005_S0,STOREY_4,1670,4
26°C,扩容,guang3zhou1shi4,2040 RCP 2.6,guang3zhou1shi4_2_9_2005_S0,STOREY_5,1670,4
26°C,扩容,guang3zhou1shi4,2040 RCP 2.6,guang3zhou1shi4_2_9_2005_S0,STOREY_6,1670,4
26°C,扩容,guang3zhou1shi4,2040 RCP 2.6,guang3zhou1shi4_2_9_2005_S0,STOREY_7,1670,4
26°C,扩容,guang3zhou1shi4,2040 RCP 2.6,guang3zhou1shi4_2_9_2005_S0,STOREY_8,1670,4
26°C,扩容,guang3zhou1shi4,2040 RCP 2.6,guang3zhou1shi4_2_9_2005_S0,STOREY_9,1670,4
26°C,扩容,guang3zhou1shi4,2040 RCP 2.6,guang3zhou1shi4_2_9_2005_S0,STOREY_10,1670,4
26°C,扩容,guang3zhou1shi4,2040 RCP 2.6,guang3zhou1shi4_2_9_2005_S0,STOREY_11,1670,4
26°C,扩容,guang3zhou1shi4,2040 RCP 2.6,guang3zhou1shi4_2_9_2005_S0,STOREY_12,1670,4
26°C,扩容,guang3zhou1shi4,2040 RCP 2.6,guang3zhou1shi4_2_9_2005_S0,STOREY_13,1670,4
26°C,扩容,guang3zhou1shi4,2040 RCP 2.6,guang3zhou1shi4_2_9_2005_S0,STOREY_14,1670,4
26°C,扩容,guang3zhou1shi4,2040 RCP 2.6,guang3zhou1shi4_2_9_2005_S0,STOREY_15,1670,4
26°C,扩容,guang3zhou1shi4,2040 RCP 2.6,guang3zhou1shi4_2_9_2005_S0,STOREY_16,1670,4
26°C,扩容,guang3zhou1shi4,2040 RCP 2.6,guang3zhou1shi4_2_9_2005_S0,STOREY_17,1670,4
26°C,扩容,guang3zhou1shi4,2040 RCP 2.6,guang3zhou1shi4_2_9_2005_S0,STOREY_18,1670,4
26°C,扩容,guang3zhou1shi4,2040 RCP 2.6,guang3zhou1shi4_2_9_2005_S0,STOREY_19,1670,4
26°C,扩容,guang3zhou1shi4,2040 RCP 2.6,guang3zhou1shi4_2_9_2005_S0,STOREY_20,1670,4
26°C,扩容,guang3zhou1shi4,2040 RCP 2.6,guang3zhou1shi4_2_9_2005_S0,STOREY_21,1670,4
26°C,扩容,guang3zhou1shi4,2040 RCP 2.6,guang3zhou1shi4_2_9_2005_S0,STOREY_22,1670,5
26°C,扩容,guang3zhou1shi4,2040 RCP 2.6,guang3zhou1shi4_2_9_2005_S0,STOREY_23,1670,46
26°C,扩容,guang3zhou1shi4,2040 RCP 2.6,guang3zhou1shi4_2_9_2005_S0,STOREY_0,1670,0
26°C,扩容,guang3zhou1shi4,2040 RCP 4.5,guang3zhou1shi4_1_10_1995_S0,STOREY_1,1670,0
26°C,扩容,guang3zhou1shi4,2040 RCP 4.5,guang3zhou1shi4_1_10_1995_S0,STOREY_2,1670,0
26°C,扩容,guang3zhou1shi4,2040 RCP 4.5,guang3zhou1shi4_1_10_1995_S0,STOREY_3,1670,0
26°C,扩容,guang3zhou1shi4,2040 RCP 4.5,guang3zhou1shi4_1_10_1995_S0,STOREY_4,1670,45
26°C,扩容,guang3zhou1shi4,2040 RCP 4.5,guang3zhou1shi4_1_10_1995_S0,STOREY_0,1670,0
26°C,扩容,guang3zhou1shi4,2040 RCP 4.5,guang3zhou1shi4_1_12_2005_S0,STOREY_1,1670,0
26°C,扩容,guang3zhou1shi4,2040 RCP 4.5,guang3zhou1shi4_1_12_2005_S0,STOREY_2,1670,0
26°C,扩容,guang3zhou1shi4,2040 RCP 4.5,guang3zhou1shi4_1_12_2005_S0,STOREY_3,1670,23
26°C,扩容,guang3zhou1shi4,2040 RCP 4.5,guang3zhou1shi4_1_12_2005_S0,STOREY_0,1670,0
26°C,扩容,guang3zhou1shi4,2040 RCP 4.5,guang3zhou1shi4_1_1_2005_S0,STOREY_1,1670,0
26°C,扩容,guang3zhou1shi4,2040 RCP 4.5,guang3zhou1shi4_1_1_2005_S0,STOREY_2,1670,0
26°C,扩容,guang3zhou1shi4,2040 RCP 4.5,guang3zhou1shi4_1_1_2005_S0,STOREY_3,1670,0
26°C,扩容,guang3zhou1shi4,2040 RCP 4.5,guang3zhou1shi4_1_1_2005_S0,STOREY_4,1670,23
26°C,扩容,guang3zhou1shi4,2040 RCP 4.5,guang3zhou1shi4_1_1_2005_S0,STOREY_0,1670,0
26°C,扩容,guang3zhou1shi4,2040 RCP 4.5,guang3zhou1shi4_1_11_1995_S0,STOREY_1,1670,0
26°C,扩容,guang3zhou1shi4,2040 RCP 4.5,guang3zhou1shi4_1_11_1995_S0,STOREY_2,1670,0
26°C,扩容,guang3zhou1shi4,2040 RCP 4.5,guang3zhou1shi4_1_11_1995_S0,STOREY_3,1670,0
26°C,扩容,guang3zhou1shi4,2040 RCP 4.5,guang3zhou1shi4_1_11_1995_S0,STOREY_4,1670,0
26°C,扩容,guang3zhou1shi4,2040 RCP 4.5,guang3zhou1shi4_1_11_1995_S0,STOREY_5,1670,0
26°C,扩容,guang3zhou1shi4,2040 RCP 4.5,guang3zhou1shi4_1_11_1995_S0,STOREY_6,1670,0
26°C,扩容,guang3zhou1shi4,2040 RCP 4.5,guang3zhou1shi4_1_11_1995_S0,STOREY_7,1670,35
26°C,扩容,guang3zhou1shi4,2040 RCP 4.5,guang3zhou1shi4_1_11_1995_S0,STOREY_0,1670,0
26°C,扩容,guang3zhou1shi4,2040 RCP 4.5,guang3zhou1shi4_1_3_2005_S0,STOREY_1,1670,0
26°C,扩容,guang3zhou1shi4,2040 RCP 4.5,guang3zhou1shi4_1_3_2005_S0,STOREY_2,1670,0
26°C,扩容,guang3zhou1shi4,2040 RCP 4.5,guang3zhou1shi4_1_3_2005_S0,STOREY_3,1670,0
26°C,扩容,guang3zhou1shi4,2040 RCP 4.5,guang3zhou1shi4_1_3_2005_S0,STOREY_4,1670,0
26°C,扩容,guang3zhou1shi4,2040 RCP 4.5,guang3zhou1shi4_1_3_2005_S0,STOREY_5,1670,53
26°C,扩容,guang3zhou1shi4,2040 RCP 4.5,guang3zhou1shi4_1_3_2005_S0,STOREY_0,1670,0
26°C,扩容,guang3zhou1shi4,2040 RCP 4.5,guang3zhou1shi4_1_4_1995_S0,STOREY_1,1670,0
26°C,扩容,guang3zhou1shi4,2040 RCP 4.5,guang3zhou1shi4_1_4_1995_S0,STOREY_2,1670,0
26°C,扩容,guang3zhou1shi4,2040 RCP 4.5,guang3zhou1shi4_1_4_1995_S0,STOREY_3,1670,0
26°C,扩容,guang3zhou1shi4,2040 RCP 4.5,guang3zhou1shi4_1_4_1995_S0,STOREY_4,1670,2
26°C,扩容,guang3zhou1shi4,2040 RCP 4.5,guang3zhou1shi4_1_4_1995_S0,STOREY_5,1670,53
26°C,扩容,guang3zhou1shi4,2040 RCP 4.5,guang3zhou1shi4_1_4_1995_S0,STOREY_0,1670,0
26°C,扩容,guang3zhou1shi4,2040 RCP 4.5,guang3zhou1shi4_1_5_1995_S0,STOREY_1,1670,0
26°C,扩容,guang3zhou1shi4,2040 RCP 4.5,guang3zhou1shi4_1_5_1995_S0,STOREY_2,1670,0
26°C,扩容,guang3zhou1shi4,2040 RCP 4.5,guang3zhou1shi4_1_5_1995_S0,STOREY_3,1670,0
26°C,扩容,guang3zhou1shi4,2040 RCP 4.5,guang3zhou1shi4_1_5_1995_S0,STOREY_4,1670,0
26°C,扩容,guang3zhou1shi4,2040 RCP 4.5,guang3zhou1shi4_1_5_1995_S0,STOREY_5,1670,46
26°C,扩容,guang3zhou1shi4,2040 RCP 4.5,guang3zhou1shi4_1_5_1995_S0,STOREY_0,1670,0
26°C,扩容,guang3zhou1shi4,2040 RCP 4.5,guang3zhou1shi4_1_2_2005_S0,STOREY_1,1670,0
26°C,扩容,guang3zhou1shi4,2040 RCP 4.5,guang3zhou1shi4_1_2_2005_S0,STOREY_2,1670,0
26°C,扩容,guang3zhou1shi4,2040 RCP 4.5,guang3zhou1shi4_1_2_2005_S0,STOREY_3,1670,0
26°C,扩容,guang3zhou1shi4,2040 RCP 4.5,guang3zhou1shi4_1_2_2005_S0,STOREY_4,1670,0
26°C,扩容,guang3zhou1shi4,2040 RCP 4.5,guang3zhou1shi4_1_2_2005_S0,STOREY_5,1670,0
26°C,扩容,guang3zhou1shi4,2040 RCP 4.5,guang3zhou1shi4_1_2_2005_S0,STOREY_6,1670,0
26°C,扩容,guang3zhou1shi4,2040 RCP 4.5,guang3zhou1shi4_1_2_2005_S0,STOREY_7,1670,0
26°C,扩容,guang3zhou1shi4,2040 RCP 4.5,guang3zhou1shi4_1_2_2005_S0,STOREY_8,1670,0
26°C,扩容,guang3zhou1shi4,2040 RCP 4.5,guang3zhou1shi4_1_2_2005_S0,STOREY_9,1670,47
26°C,扩容,guang3zhou1shi4,2040 RCP 4.5,guang3zhou1shi4_1_2_2005_S0,STOREY_0,1670,0
26°C,扩容,guang3zhou1shi4,2040 RCP 4.5,guang3zhou1shi4_1_6_2005_S0,STOREY_1,1670,0
26°C,扩容,guang3zhou1shi4,2040 RCP 4.5,guang3zhou1shi4_1_6_2005_S0,STOREY_2,1670,1
26°C,扩容,guang3zhou1shi4,2040 RCP 4.5,guang3zhou1shi4_1_6_2005_S0,STOREY_3,1670,1
26°C,扩容,guang3zhou1shi4,2040 RCP 4.5,guang3zhou1shi4_1_6_2005_S0,STOREY_4,1670,2
26°C,扩容,guang3zhou1shi4,2040 RCP 4.5,guang3zhou1shi4_1_6_2005_S0,STOREY_5,1670,60
26°C,扩容,guang3zhou1shi4,2040 RCP 4.5,guang3zhou1shi4_1_6_2005_S0,STOREY_0,1670,0
26°C,扩容,guang3zhou1shi4,2040 RCP 4.5,guang3zhou1shi4_1_7_2005_S0,STOREY_1,1670,0
26°C,扩容,guang3zhou1shi4,2040 RCP 4.5,guang3zhou1shi4_1_7_2005_S0,STOREY_2,1670,0
26°C,扩容,guang3zhou1shi4,2040 RCP 4.5,guang3zhou1shi4_1_7_2005_S0,STOREY_3,1670,0
26°C,扩容,guang3zhou1shi4,2040 RCP 4.5,guang3zhou1shi4_1_7_2005_S0,STOREY_4,1670,0
26°C,扩容,guang3zhou1shi4,2040 RCP 4.5,guang3zhou1shi4_1_7_2005_S0,STOREY_5,1670,0
26°C,扩容,guang3zhou1shi4,2040 RCP 4.5,guang3zhou1shi4_1_7_2005_S0,STOREY_6,1670,0
26°C,扩容,guang3zhou1shi4,2040 RCP 4.5,guang3zhou1shi4_1_7_2005_S0,STOREY_7,1670,40
26°C,扩容,guang3zhou1shi4,2040 RCP 4.5,guang3zhou1shi4_1_7_2005_S0,STOREY_0,1670,0
26°C,扩容,guang3zhou1shi4,2040 RCP 4.5,guang3zhou1shi4_1_9_1980_S0,STOREY_1,1670,0
26°C,扩容,guang3zhou1shi4,2040 RCP 4.5,guang3zhou1shi4_1_9_1980_S0,STOREY_2,1670,0
26°C,扩容,guang3zhou1shi4,2040 RCP 4.5,guang3zhou1shi4_1_9_1980_S0,STOREY_3,1670,0
26°C,扩容,guang3zhou1shi4,2040 RCP 4.5,guang3zhou1shi4_1_9_1980_S0,STOREY_4,1670,0
26°C,扩容,guang3zhou1shi4,2040 RCP 4.5,guang3zhou1shi4_1_9_1980_S0,STOREY_5,1670,0
26°C,扩容,guang3zhou1shi4,2040 RCP 4.5,guang3zhou1shi4_1_9_1980_S0,STOREY_6,1670,2
26°C,扩容,guang3zhou1shi4,2040 RCP 4.5,guang3zhou1shi4_1_9_1980_S0,STOREY_7,1670,37
26°C,扩容,guang3zhou1shi4,2040 RCP 4.5,guang3zhou1shi4_1_9_1980_S0,STOREY_0,1670,0
26°C,扩容,guang3zhou1shi4,2040 RCP 4.5,guang3zhou1shi4_1_8_1995_S0,STOREY_1,1670,0
26°C,扩容,guang3zhou1shi4,2040 RCP 4.5,guang3zhou1shi4_1_8_1995_S0,STOREY_2,1670,0
26°C,扩容,guang3zhou1shi4,2040 RCP 4.5,guang3zhou1shi4_1_8_1995_S0,STOREY_3,1670,0
26°C,扩容,guang3zhou1shi4,2040 RCP 4.5,guang3zhou1shi4_1_8_1995_S0,STOREY_4,1670,0
26°C,扩容,guang3zhou1shi4,2040 RCP 4.5,guang3zhou1shi4_1_8_1995_S0,STOREY_5,1670,0
26°C,扩容,guang3zhou1shi4,2040 RCP 4.5,guang3zhou1shi4_1_8_1995_S0,STOREY_6,1670,0
26°C,扩容,guang3zhou1shi4,2040 RCP 4.5,guang3zhou1shi4_1_8_1995_S0,STOREY_7,1670,0
26°C,扩容,guang3zhou1shi4,2040 RCP 4.5,guang3zhou1shi4_1_8_1995_S0,STOREY_8,1670,0
26°C,扩容,guang3zhou1shi4,2040 RCP 4.5,guang3zhou1shi4_1_8_1995_S0,STOREY_9,1670,45
26°C,扩容,guang3zhou1shi4,2040 RCP 4.5,guang3zhou1shi4_1_8_1995_S0,STOREY_0,1670,0
26°C,扩容,guang3zhou1shi4,2040 RCP 4.5,guang3zhou1shi4_2_10_2005_S0,STOREY_1,1670,0
26°C,扩容,guang3zhou1shi4,2040 RCP 4.5,guang3zhou1shi4_2_10_2005_S0,STOREY_2,1670,0
26°C,扩容,guang3zhou1shi4,2040 RCP 4.5,guang3zhou1shi4_2_10_2005_S0,STOREY_3,1670,0
26°C,扩容,guang3zhou1shi4,2040 RCP 4.5,guang3zhou1shi4_2_10_2005_S0,STOREY_4,1670,0
26°C,扩容,guang3zhou1shi4,2040 RCP 4.5,guang3zhou1shi4_2_10_2005_S0,STOREY_5,1670,0
26°C,扩容,guang3zhou1shi4,2040 RCP 4.5,guang3zhou1shi4_2_10_2005_S0,STOREY_6,1670,0
26°C,扩容,guang3zhou1shi4,2040 RCP 4.5,guang3zhou1shi4_2_10_2005_S0,STOREY_7,1670,0
26°C,扩容,guang3zhou1shi4,2040 RCP 4.5,guang3zhou1shi4_2_10_2005_S0,STOREY_8,1670,0
26°C,扩容,guang3zhou1shi4,2040 RCP 4.5,guang3zhou1shi4_2_10_2005_S0,STOREY_9,1670,0
26°C,扩容,guang3zhou1shi4,2040 RCP 4.5,guang3zhou1shi4_2_10_2005_S0,STOREY_10,1670,0
26°C,扩容,guang3zhou1shi4,2040 RCP 4.5,guang3zhou1shi4_2_10_2005_S0,STOREY_11,1670,32
26°C,扩容,guang3zhou1shi4,2040 RCP 4.5,guang3zhou1shi4_2_10_2005_S0,STOREY_0,1670,0
26°C,扩容,guang3zhou1shi4,2040 RCP 4.5,guang3zhou1shi4_2_11_2005_S0,STOREY_1,1670,0
26°C,扩容,guang3zhou1shi4,2040 RCP 4.5,guang3zhou1shi4_2_11_2005_S0,STOREY_2,1670,0
26°C,扩容,guang3zhou1shi4,2040 RCP 4.5,guang3zhou1shi4_2_11_2005_S0,STOREY_3,1670,0
26°C,扩容,guang3zhou1shi4,2040 RCP 4.5,guang3zhou1shi4_2_11_2005_S0,STOREY_4,1670,0
26°C,扩容,guang3zhou1shi4,2040 RCP 4.5,guang3zhou1shi4_2_11_2005_S0,STOREY_5,1670,0
26°C,扩容,guang3zhou1shi4,2040 RCP 4.5,guang3zhou1shi4_2_11_2005_S0,STOREY_6,1670,0
26°C,扩容,guang3zhou1shi4,2040 RCP 4.5,guang3zhou1shi4_2_11_2005_S0,STOREY_7,1670,0
26°C,扩容,guang3zhou1shi4,2040 RCP 4.5,guang3zhou1shi4_2_11_2005_S0,STOREY_8,1670,0
26°C,扩容,guang3zhou1shi4,2040 RCP 4.5,guang3zhou1shi4_2_11_2005_S0,STOREY_9,1670,0
26°C,扩容,guang3zhou1shi4,2040 RCP 4.5,guang3zhou1shi4_2_11_2005_S0,STOREY_10,1670,0
26°C,扩容,guang3zhou1shi4,2040 RCP 4.5,guang3zhou1shi4_2_11_2005_S0,STOREY_11,1670,0
26°C,扩容,guang3zhou1shi4,2040 RCP 4.5,guang3zhou1shi4_2_11_2005_S0,STOREY_12,1670,0
26°C,扩容,guang3zhou1shi4,2040 RCP 4.5,guang3zhou1shi4_2_11_2005_S0,STOREY_13,1670,0
26°C,扩容,guang3zhou1shi4,2040 RCP 4.5,guang3zhou1shi4_2_11_2005_S0,STOREY_14,1670,0
26°C,扩容,guang3zhou1shi4,2040 RCP 4.5,guang3zhou1shi4_2_11_2005_S0,STOREY_15,1670,28
26°C,扩容,guang3zhou1shi4,2040 RCP 4.5,guang3zhou1shi4_2_11_2005_S0,STOREY_0,1670,0
26°C,扩容,guang3zhou1shi4,2040 RCP 4.5,guang3zhou1shi4_2_12_2015_S0,STOREY_1,1670,0
26°C,扩容,guang3zhou1shi4,2040 RCP 4.5,guang3zhou1shi4_2_12_2015_S0,STOREY_2,1670,0
26°C,扩容,guang3zhou1shi4,2040 RCP 4.5,guang3zhou1shi4_2_12_2015_S0,STOREY_3,1670,0
26°C,扩容,guang3zhou1shi4,2040 RCP 4.5,guang3zhou1shi4_2_12_2015_S0,STOREY_4,1670,0
26°C,扩容,guang3zhou1shi4,2040 RCP 4.5,guang3zhou1shi4_2_12_2015_S0,STOREY_5,1670,0
26°C,扩容,guang3zhou1shi4,2040 RCP 4.5,guang3zhou1shi4_2_12_2015_S0,STOREY_6,1670,0
26°C,扩容,guang3zhou1shi4,2040 RCP 4.5,guang3zhou1shi4_2_12_2015_S0,STOREY_7,1670,0
26°C,扩容,guang3zhou1shi4,2040 RCP 4.5,guang3zhou1shi4_2_12_2015_S0,STOREY_8,1670,0
26°C,扩容,guang3zhou1shi4,2040 RCP 4.5,guang3zhou1shi4_2_12_2015_S0,STOREY_9,1670,0
26°C,扩容,guang3zhou1shi4,2040 RCP 4.5,guang3zhou1shi4_2_12_2015_S0,STOREY_10,1670,0
26°C,扩容,guang3zhou1shi4,2040 RCP 4.5,guang3zhou1shi4_2_12_2015_S0,STOREY_11,1670,0
26°C,扩容,guang3zhou1shi4,2040 RCP 4.5,guang3zhou1shi4_2_12_2015_S0,STOREY_12,1670,0
26°C,扩容,guang3zhou1shi4,2040 RCP 4.5,guang3zhou1shi4_2_12_2015_S0,STOREY_13,1670,0
26°C,扩容,guang3zhou1shi4,2040 RCP 4.5,guang3zhou1shi4_2_12_2015_S0,STOREY_14,1670,0
26°C,扩容,guang3zhou1shi4,2040 RCP 4.5,guang3zhou1shi4_2_12_2015_S0,STOREY_15,1670,0
26°C,扩容,guang3zhou1shi4,2040 RCP 4.5,guang3zhou1shi4_2_12_2015_S0,STOREY_16,1670,0
26°C,扩容,guang3zhou1shi4,2040 RCP 4.5,guang3zhou1shi4_2_12_2015_S0,STOREY_17,1670,0
26°C,扩容,guang3zhou1shi4,2040 RCP 4.5,guang3zhou1shi4_2_12_2015_S0,STOREY_18,1670,0
26°C,扩容,guang3zhou1shi4,2040 RCP 4.5,guang3zhou1shi4_2_12_2015_S0,STOREY_19,1670,0
26°C,扩容,guang3zhou1shi4,2040 RCP 4.5,guang3zhou1shi4_2_12_2015_S0,STOREY_20,1670,0
26°C,扩容,guang3zhou1shi4,2040 RCP 4.5,guang3zhou1shi4_2_12_2015_S0,STOREY_21,1670,21
26°C,扩容,guang3zhou1shi4,2040 RCP 4.5,guang3zhou1shi4_2_12_2015_S0,STOREY_0,1670,0
26°C,扩容,guang3zhou1shi4,2040 RCP 4.5,guang3zhou1shi4_2_2_1995_S0,STOREY_1,1670,0
26°C,扩容,guang3zhou1shi4,2040 RCP 4.5,guang3zhou1shi4_2_2_1995_S0,STOREY_2,1670,0
26°C,扩容,guang3zhou1shi4,2040 RCP 4.5,guang3zhou1shi4_2_2_1995_S0,STOREY_3,1670,0
26°C,扩容,guang3zhou1shi4,2040 RCP 4.5,guang3zhou1shi4_2_2_1995_S0,STOREY_4,1670,0
26°C,扩容,guang3zhou1shi4,2040 RCP 4.5,guang3zhou1shi4_2_2_1995_S0,STOREY_5,1670,0
26°C,扩容,guang3zhou1shi4,2040 RCP 4.5,guang3zhou1shi4_2_2_1995_S0,STOREY_6,1670,0
26°C,扩容,guang3zhou1shi4,2040 RCP 4.5,guang3zhou1shi4_2_2_1995_S0,STOREY_7,1670,0
26°C,扩容,guang3zhou1shi4,2040 RCP 4.5,guang3zhou1shi4_2_2_1995_S0,STOREY_8,1670,0
26°C,扩容,guang3zhou1shi4,2040 RCP 4.5,guang3zhou1shi4_2_2_1995_S0,STOREY_9,1670,0
26°C,扩容,guang3zhou1shi4,2040 RCP 4.5,guang3zhou1shi4_2_2_1995_S0,STOREY_10,1670,0
26°C,扩容,guang3zhou1shi4,2040 RCP 4.5,guang3zhou1shi4_2_2_1995_S0,STOREY_11,1670,0
26°C,扩容,guang3zhou1shi4,2040 RCP 4.5,guang3zhou1shi4_2_2_1995_S0,STOREY_12,1670,0
26°C,扩容,guang3zhou1shi4,2040 RCP 4.5,guang3zhou1shi4_2_2_1995_S0,STOREY_13,1670,0
26°C,扩容,guang3zhou1shi4,2040 RCP 4.5,guang3zhou1shi4_2_2_1995_S0,STOREY_14,1670,0
26°C,扩容,guang3zhou1shi4,2040 RCP 4.5,guang3zhou1shi4_2_2_1995_S0,STOREY_15,1670,0
26°C,扩容,guang3zhou1shi4,2040 RCP 4.5,guang3zhou1shi4_2_2_1995_S0,STOREY_16,1670,0
26°C,扩容,guang3zhou1shi4,2040 RCP 4.5,guang3zhou1shi4_2_2_1995_S0,STOREY_17,1670,0
26°C,扩容,guang3zhou1shi4,2040 RCP 4.5,guang3zhou1shi4_2_2_1995_S0,STOREY_18,1670,0
26°C,扩容,guang3zhou1shi4,2040 RCP 4.5,guang3zhou1shi4_2_2_1995_S0,STOREY_19,1670,54
26°C,扩容,guang3zhou1shi4,2040 RCP 4.5,guang3zhou1shi4_2_2_1995_S0,STOREY_0,1670,0
26°C,扩容,guang3zhou1shi4,2040 RCP 4.5,guang3zhou1shi4_2_1_2015_S0,STOREY_1,1670,0
26°C,扩容,guang3zhou1shi4,2040 RCP 4.5,guang3zhou1shi4_2_1_2015_S0,STOREY_2,1670,0
26°C,扩容,guang3zhou1shi4,2040 RCP 4.5,guang3zhou1shi4_2_1_2015_S0,STOREY_3,1670,0
26°C,扩容,guang3zhou1shi4,2040 RCP 4.5,guang3zhou1shi4_2_1_2015_S0,STOREY_4,1670,0
26°C,扩容,guang3zhou1shi4,2040 RCP 4.5,guang3zhou1shi4_2_1_2015_S0,STOREY_5,1670,0
26°C,扩容,guang3zhou1shi4,2040 RCP 4.5,guang3zhou1shi4_2_1_2015_S0,STOREY_6,1670,0
26°C,扩容,guang3zhou1shi4,2040 RCP 4.5,guang3zhou1shi4_2_1_2015_S0,STOREY_7,1670,0
26°C,扩容,guang3zhou1shi4,2040 RCP 4.5,guang3zhou1shi4_2_1_2015_S0,STOREY_8,1670,0
26°C,扩容,guang3zhou1shi4,2040 RCP 4.5,guang3zhou1shi4_2_1_2015_S0,STOREY_9,1670,0
26°C,扩容,guang3zhou1shi4,2040 RCP 4.5,guang3zhou1shi4_2_1_2015_S0,STOREY_10,1670,0
26°C,扩容,guang3zhou1shi4,2040 RCP 4.5,guang3zhou1shi4_2_1_2015_S0,STOREY_11,1670,0
26°C,扩容,guang3zhou1shi4,2040 RCP 4.5,guang3zhou1shi4_2_1_2015_S0,STOREY_12,1670,0
26°C,扩容,guang3zhou1shi4,2040 RCP 4.5,guang3zhou1shi4_2_1_2015_S0,STOREY_13,1670,0
26°C,扩容,guang3zhou1shi4,2040 RCP 4.5,guang3zhou1shi4_2_1_2015_S0,STOREY_14,1670,0
26°C,扩容,guang3zhou1shi4,2040 RCP 4.5,guang3zhou1shi4_2_1_2015_S0,STOREY_15,1670,0
26°C,扩容,guang3zhou1shi4,2040 RCP 4.5,guang3zhou1shi4_2_1_2015_S0,STOREY_16,1670,0
26°C,扩容,guang3zhou1shi4,2040 RCP 4.5,guang3zhou1shi4_2_1_2015_S0,STOREY_17,1670,0
26°C,扩容,guang3zhou1shi4,2040 RCP 4.5,guang3zhou1shi4_2_1_2015_S0,STOREY_18,1670,0
26°C,扩容,guang3zhou1shi4,2040 RCP 4.5,guang3zhou1shi4_2_1_2015_S0,STOREY_19,1670,0
26°C,扩容,guang3zhou1shi4,2040 RCP 4.5,guang3zhou1shi4_2_1_2015_S0,STOREY_20,1670,0
26°C,扩容,guang3zhou1shi4,2040 RCP 4.5,guang3zhou1shi4_2_1_2015_S0,STOREY_21,1670,0
26°C,扩容,guang3zhou1shi4,2040 RCP 4.5,guang3zhou1shi4_2_1_2015_S0,STOREY_22,1670,0
26°C,扩容,guang3zhou1shi4,2040 RCP 4.5,guang3zhou1shi4_2_1_2015_S0,STOREY_23,1670,0
26°C,扩容,guang3zhou1shi4,2040 RCP 4.5,guang3zhou1shi4_2_1_2015_S0,STOREY_24,1670,0
26°C,扩容,guang3zhou1shi4,2040 RCP 4.5,guang3zhou1shi4_2_1_2015_S0,STOREY_25,1670,0
26°C,扩容,guang3zhou1shi4,2040 RCP 4.5,guang3zhou1shi4_2_1_2015_S0,STOREY_26,1670,0
26°C,扩容,guang3zhou1shi4,2040 RCP 4.5,guang3zhou1shi4_2_1_2015_S0,STOREY_27,1670,12
26°C,扩容,guang3zhou1shi4,2040 RCP 4.5,guang3zhou1shi4_2_1_2015_S0,STOREY_0,1670,0
26°C,扩容,guang3zhou1shi4,2040 RCP 4.5,guang3zhou1shi4_2_3_2005_S0,STOREY_1,1670,0
26°C,扩容,guang3zhou1shi4,2040 RCP 4.5,guang3zhou1shi4_2_3_2005_S0,STOREY_2,1670,0
26°C,扩容,guang3zhou1shi4,2040 RCP 4.5,guang3zhou1shi4_2_3_2005_S0,STOREY_3,1670,0
26°C,扩容,guang3zhou1shi4,2040 RCP 4.5,guang3zhou1shi4_2_3_2005_S0,STOREY_4,1670,0
26°C,扩容,guang3zhou1shi4,2040 RCP 4.5,guang3zhou1shi4_2_3_2005_S0,STOREY_5,1670,0
26°C,扩容,guang3zhou1shi4,2040 RCP 4.5,guang3zhou1shi4_2_3_2005_S0,STOREY_6,1670,0
26°C,扩容,guang3zhou1shi4,2040 RCP 4.5,guang3zhou1shi4_2_3_2005_S0,STOREY_7,1670,0
26°C,扩容,guang3zhou1shi4,2040 RCP 4.5,guang3zhou1shi4_2_3_2005_S0,STOREY_8,1670,0
26°C,扩容,guang3zhou1shi4,2040 RCP 4.5,guang3zhou1shi4_2_3_2005_S0,STOREY_9,1670,0
26°C,扩容,guang3zhou1shi4,2040 RCP 4.5,guang3zhou1shi4_2_3_2005_S0,STOREY_10,1670,0
26°C,扩容,guang3zhou1shi4,2040 RCP 4.5,guang3zhou1shi4_2_3_2005_S0,STOREY_11,1670,0
26°C,扩容,guang3zhou1shi4,2040 RCP 4.5,guang3zhou1shi4_2_3_2005_S0,STOREY_12,1670,0
26°C,扩容,guang3zhou1shi4,2040 RCP 4.5,guang3zhou1shi4_2_3_2005_S0,STOREY_13,1670,0
26°C,扩容,guang3zhou1shi4,2040 RCP 4.5,guang3zhou1shi4_2_3_2005_S0,STOREY_14,1670,24
26°C,扩容,guang3zhou1shi4,2040 RCP 4.5,guang3zhou1shi4_2_3_2005_S0,STOREY_0,1670,0
26°C,扩容,guang3zhou1shi4,2040 RCP 4.5,guang3zhou1shi4_2_4_2005_S0,STOREY_1,1670,0
26°C,扩容,guang3zhou1shi4,2040 RCP 4.5,guang3zhou1shi4_2_4_2005_S0,STOREY_2,1670,0
26°C,扩容,guang3zhou1shi4,2040 RCP 4.5,guang3zhou1shi4_2_4_2005_S0,STOREY_3,1670,0
26°C,扩容,guang3zhou1shi4,2040 RCP 4.5,guang3zhou1shi4_2_4_2005_S0,STOREY_4,1670,0
26°C,扩容,guang3zhou1shi4,2040 RCP 4.5,guang3zhou1shi4_2_4_2005_S0,STOREY_5,1670,0
26°C,扩容,guang3zhou1shi4,2040 RCP 4.5,guang3zhou1shi4_2_4_2005_S0,STOREY_6,1670,0
26°C,扩容,guang3zhou1shi4,2040 RCP 4.5,guang3zhou1shi4_2_4_2005_S0,STOREY_7,1670,0
26°C,扩容,guang3zhou1shi4,2040 RCP 4.5,guang3zhou1shi4_2_4_2005_S0,STOREY_8,1670,0
26°C,扩容,guang3zhou1shi4,2040 RCP 4.5,guang3zhou1shi4_2_4_2005_S0,STOREY_9,1670,0
26°C,扩容,guang3zhou1shi4,2040 RCP 4.5,guang3zhou1shi4_2_4_2005_S0,STOREY_10,1670,0
26°C,扩容,guang3zhou1shi4,2040 RCP 4.5,guang3zhou1shi4_2_4_2005_S0,STOREY_11,1670,38
26°C,扩容,guang3zhou1shi4,2040 RCP 4.5,guang3zhou1shi4_2_4_2005_S0,STOREY_0,1670,0
26°C,扩容,guang3zhou1shi4,2040 RCP 4.5,guang3zhou1shi4_2_5_2015_S0,STOREY_1,1670,0
26°C,扩容,guang3zhou1shi4,2040 RCP 4.5,guang3zhou1shi4_2_5_2015_S0,STOREY_2,1670,0
26°C,扩容,guang3zhou1shi4,2040 RCP 4.5,guang3zhou1shi4_2_5_2015_S0,STOREY_3,1670,0
26°C,扩容,guang3zhou1shi4,2040 RCP 4.5,guang3zhou1shi4_2_5_2015_S0,STOREY_4,1670,0
26°C,扩容,guang3zhou1shi4,2040 RCP 4.5,guang3zhou1shi4_2_5_2015_S0,STOREY_5,1670,0
26°C,扩容,guang3zhou1shi4,2040 RCP 4.5,guang3zhou1shi4_2_5_2015_S0,STOREY_6,1670,0
26°C,扩容,guang3zhou1shi4,2040 RCP 4.5,guang3zhou1shi4_2_5_2015_S0,STOREY_7,1670,0
26°C,扩容,guang3zhou1shi4,2040 RCP 4.5,guang3zhou1shi4_2_5_2015_S0,STOREY_8,1670,0
26°C,扩容,guang3zhou1shi4,2040 RCP 4.5,guang3zhou1shi4_2_5_2015_S0,STOREY_9,1670,0
26°C,扩容,guang3zhou1shi4,2040 RCP 4.5,guang3zhou1shi4_2_5_2015_S0,STOREY_10,1670,0
26°C,扩容,guang3zhou1shi4,2040 RCP 4.5,guang3zhou1shi4_2_5_2015_S0,STOREY_11,1670,0
26°C,扩容,guang3zhou1shi4,2040 RCP 4.5,guang3zhou1shi4_2_5_2015_S0,STOREY_12,1670,0
26°C,扩容,guang3zhou1shi4,2040 RCP 4.5,guang3zhou1shi4_2_5_2015_S0,STOREY_13,1670,0
26°C,扩容,guang3zhou1shi4,2040 RCP 4.5,guang3zhou1shi4_2_5_2015_S0,STOREY_14,1670,22
26°C,扩容,guang3zhou1shi4,2040 RCP 4.5,guang3zhou1shi4_2_5_2015_S0,STOREY_0,1670,0
26°C,扩容,guang3zhou1shi4,2040 RCP 4.5,guang3zhou1shi4_2_6_2005_S0,STOREY_1,1670,0
26°C,扩容,guang3zhou1shi4,2040 RCP 4.5,guang3zhou1shi4_2_6_2005_S0,STOREY_2,1670,0
26°C,扩容,guang3zhou1shi4,2040 RCP 4.5,guang3zhou1shi4_2_6_2005_S0,STOREY_3,1670,0
26°C,扩容,guang3zhou1shi4,2040 RCP 4.5,guang3zhou1shi4_2_6_2005_S0,STOREY_4,1670,0
26°C,扩容,guang3zhou1shi4,2040 RCP 4.5,guang3zhou1shi4_2_6_2005_S0,STOREY_5,1670,0
26°C,扩容,guang3zhou1shi4,2040 RCP 4.5,guang3zhou1shi4_2_6_2005_S0,STOREY_6,1670,0
26°C,扩容,guang3zhou1shi4,2040 RCP 4.5,guang3zhou1shi4_2_6_2005_S0,STOREY_7,1670,0
26°C,扩容,guang3zhou1shi4,2040 RCP 4.5,guang3zhou1shi4_2_6_2005_S0,STOREY_8,1670,0
26°C,扩容,guang3zhou1shi4,2040 RCP 4.5,guang3zhou1shi4_2_6_2005_S0,STOREY_9,1670,0
26°C,扩容,guang3zhou1shi4,2040 RCP 4.5,guang3zhou1shi4_2_6_2005_S0,STOREY_10,1670,0
26°C,扩容,guang3zhou1shi4,2040 RCP 4.5,guang3zhou1shi4_2_6_2005_S0,STOREY_11,1670,0
26°C,扩容,guang3zhou1shi4,2040 RCP 4.5,guang3zhou1shi4_2_6_2005_S0,STOREY_12,1670,0
26°C,扩容,guang3zhou1shi4,2040 RCP 4.5,guang3zhou1shi4_2_6_2005_S0,STOREY_13,1670,0
26°C,扩容,guang3zhou1shi4,2040 RCP 4.5,guang3zhou1shi4_2_6_2005_S0,STOREY_14,1670,24
26°C,扩容,guang3zhou1shi4,2040 RCP 4.5,guang3zhou1shi4_2_6_2005_S0,STOREY_0,1670,0
26°C,扩容,guang3zhou1shi4,2040 RCP 8.5,guang3zhou1shi4_0_10_1980_S0,STOREY_1,1670,2
26°C,扩容,guang3zhou1shi4,2040 RCP 8.5,guang3zhou1shi4_0_10_1980_S0,STOREY_2,1670,58
26°C,扩容,guang3zhou1shi4,2040 RCP 8.5,guang3zhou1shi4_0_10_1980_S0,STOREY_0,1670,0
26°C,扩容,guang3zhou1shi4,2040 RCP 4.5,guang3zhou1shi4_2_7_2015_S0,STOREY_1,1670,0
26°C,扩容,guang3zhou1shi4,2040 RCP 4.5,guang3zhou1shi4_2_7_2015_S0,STOREY_2,1670,0
26°C,扩容,guang3zhou1shi4,2040 RCP 4.5,guang3zhou1shi4_2_7_2015_S0,STOREY_3,1670,0
26°C,扩容,guang3zhou1shi4,2040 RCP 4.5,guang3zhou1shi4_2_7_2015_S0,STOREY_4,1670,0
26°C,扩容,guang3zhou1shi4,2040 RCP 4.5,guang3zhou1shi4_2_7_2015_S0,STOREY_5,1670,0
26°C,扩容,guang3zhou1shi4,2040 RCP 4.5,guang3zhou1shi4_2_7_2015_S0,STOREY_6,1670,0
26°C,扩容,guang3zhou1shi4,2040 RCP 4.5,guang3zhou1shi4_2_7_2015_S0,STOREY_7,1670,0
26°C,扩容,guang3zhou1shi4,2040 RCP 4.5,guang3zhou1shi4_2_7_2015_S0,STOREY_8,1670,0
26°C,扩容,guang3zhou1shi4,2040 RCP 4.5,guang3zhou1shi4_2_7_2015_S0,STOREY_9,1670,0
26°C,扩容,guang3zhou1shi4,2040 RCP 4.5,guang3zhou1shi4_2_7_2015_S0,STOREY_10,1670,0
26°C,扩容,guang3zhou1shi4,2040 RCP 4.5,guang3zhou1shi4_2_7_2015_S0,STOREY_11,1670,0
26°C,扩容,guang3zhou1shi4,2040 RCP 4.5,guang3zhou1shi4_2_7_2015_S0,STOREY_12,1670,0
26°C,扩容,guang3zhou1shi4,2040 RCP 4.5,guang3zhou1shi4_2_7_2015_S0,STOREY_13,1670,0
26°C,扩容,guang3zhou1shi4,2040 RCP 4.5,guang3zhou1shi4_2_7_2015_S0,STOREY_14,1670,0
26°C,扩容,guang3zhou1shi4,2040 RCP 4.5,guang3zhou1shi4_2_7_2015_S0,STOREY_15,1670,0
26°C,扩容,guang3zhou1shi4,2040 RCP 4.5,guang3zhou1shi4_2_7_2015_S0,STOREY_16,1670,0
26°C,扩容,guang3zhou1shi4,2040 RCP 4.5,guang3zhou1shi4_2_7_2015_S0,STOREY_17,1670,0
26°C,扩容,guang3zhou1shi4,2040 RCP 4.5,guang3zhou1shi4_2_7_2015_S0,STOREY_18,1670,0
26°C,扩容,guang3zhou1shi4,2040 RCP 4.5,guang3zhou1shi4_2_7_2015_S0,STOREY_19,1670,12
26°C,扩容,guang3zhou1shi4,2040 RCP 4.5,guang3zhou1shi4_2_7_2015_S0,STOREY_0,1670,0
26°C,扩容,guang3zhou1shi4,2040 RCP 8.5,guang3zhou1shi4_0_11_1995_S0,STOREY_1,1670,0
26°C,扩容,guang3zhou1shi4,2040 RCP 8.5,guang3zhou1shi4_0_11_1995_S0,STOREY_2,1670,52
26°C,扩容,guang3zhou1shi4,2040 RCP 8.5,guang3zhou1shi4_0_11_1995_S0,STOREY_0,1670,0
26°C,扩容,guang3zhou1shi4,2040 RCP 8.5,guang3zhou1shi4_0_1_1995_S0,STOREY_1,1670,9
26°C,扩容,guang3zhou1shi4,2040 RCP 8.5,guang3zhou1shi4_0_1_1995_S0,STOREY_2,1670,80
26°C,扩容,guang3zhou1shi4,2040 RCP 8.5,guang3zhou1shi4_0_1_1995_S0,STOREY_0,1670,0
26°C,扩容,guang3zhou1shi4,2040 RCP 8.5,guang3zhou1shi4_0_12_1980_S0,STOREY_1,1670,0
26°C,扩容,guang3zhou1shi4,2040 RCP 8.5,guang3zhou1shi4_0_12_1980_S0,STOREY_2,1670,1
26°C,扩容,guang3zhou1shi4,2040 RCP 8.5,guang3zhou1shi4_0_12_1980_S0,STOREY_3,1670,1
26°C,扩容,guang3zhou1shi4,2040 RCP 8.5,guang3zhou1shi4_0_12_1980_S0,STOREY_4,1670,13
26°C,扩容,guang3zhou1shi4,2040 RCP 8.5,guang3zhou1shi4_0_12_1980_S0,STOREY_0,1670,0
26°C,扩容,guang3zhou1shi4,2040 RCP 8.5,guang3zhou1shi4_0_2_1980_S0,STOREY_1,1670,0
26°C,扩容,guang3zhou1shi4,2040 RCP 8.5,guang3zhou1shi4_0_2_1980_S0,STOREY_2,1670,40
26°C,扩容,guang3zhou1shi4,2040 RCP 8.5,guang3zhou1shi4_0_2_1980_S0,STOREY_0,1670,0
26°C,扩容,guang3zhou1shi4,2040 RCP 8.5,guang3zhou1shi4_0_3_1980_S0,STOREY_1,1670,16
26°C,扩容,guang3zhou1shi4,2040 RCP 8.5,guang3zhou1shi4_0_3_1980_S0,STOREY_0,1670,0
26°C,扩容,guang3zhou1shi4,2040 RCP 8.5,guang3zhou1shi4_0_5_1980_S0,STOREY_1,1670,0
26°C,扩容,guang3zhou1shi4,2040 RCP 8.5,guang3zhou1shi4_0_5_1980_S0,STOREY_2,1670,11
26°C,扩容,guang3zhou1shi4,2040 RCP 8.5,guang3zhou1shi4_0_5_1980_S0,STOREY_0,1670,0
26°C,扩容,guang3zhou1shi4,2040 RCP 8.5,guang3zhou1shi4_0_4_1980_S0,STOREY_1,1670,64
26°C,扩容,guang3zhou1shi4,2040 RCP 8.5,guang3zhou1shi4_0_4_1980_S0,STOREY_2,1670,97
26°C,扩容,guang3zhou1shi4,2040 RCP 8.5,guang3zhou1shi4_0_4_1980_S0,STOREY_0,1670,0
26°C,扩容,guang3zhou1shi4,2040 RCP 4.5,guang3zhou1shi4_2_8_2005_S0,STOREY_1,1670,0
26°C,扩容,guang3zhou1shi4,2040 RCP 4.5,guang3zhou1shi4_2_8_2005_S0,STOREY_2,1670,0
26°C,扩容,guang3zhou1shi4,2040 RCP 4.5,guang3zhou1shi4_2_8_2005_S0,STOREY_3,1670,0
26°C,扩容,guang3zhou1shi4,2040 RCP 4.5,guang3zhou1shi4_2_8_2005_S0,STOREY_4,1670,0
26°C,扩容,guang3zhou1shi4,2040 RCP 4.5,guang3zhou1shi4_2_8_2005_S0,STOREY_5,1670,0
26°C,扩容,guang3zhou1shi4,2040 RCP 4.5,guang3zhou1shi4_2_8_2005_S0,STOREY_6,1670,0
26°C,扩容,guang3zhou1shi4,2040 RCP 4.5,guang3zhou1shi4_2_8_2005_S0,STOREY_7,1670,0
26°C,扩容,guang3zhou1shi4,2040 RCP 4.5,guang3zhou1shi4_2_8_2005_S0,STOREY_8,1670,0
26°C,扩容,guang3zhou1shi4,2040 RCP 4.5,guang3zhou1shi4_2_8_2005_S0,STOREY_9,1670,0
26°C,扩容,guang3zhou1shi4,2040 RCP 4.5,guang3zhou1shi4_2_8_2005_S0,STOREY_10,1670,0
26°C,扩容,guang3zhou1shi4,2040 RCP 4.5,guang3zhou1shi4_2_8_2005_S0,STOREY_11,1670,0
26°C,扩容,guang3zhou1shi4,2040 RCP 4.5,guang3zhou1shi4_2_8_2005_S0,STOREY_12,1670,0
26°C,扩容,guang3zhou1shi4,2040 RCP 4.5,guang3zhou1shi4_2_8_2005_S0,STOREY_13,1670,0
26°C,扩容,guang3zhou1shi4,2040 RCP 4.5,guang3zhou1shi4_2_8_2005_S0,STOREY_14,1670,0
26°C,扩容,guang3zhou1shi4,2040 RCP 4.5,guang3zhou1shi4_2_8_2005_S0,STOREY_15,1670,0
26°C,扩容,guang3zhou1shi4,2040 RCP 4.5,guang3zhou1shi4_2_8_2005_S0,STOREY_16,1670,0
26°C,扩容,guang3zhou1shi4,2040 RCP 4.5,guang3zhou1shi4_2_8_2005_S0,STOREY_17,1670,0
26°C,扩容,guang3zhou1shi4,2040 RCP 4.5,guang3zhou1shi4_2_8_2005_S0,STOREY_18,1670,0
26°C,扩容,guang3zhou1shi4,2040 RCP 4.5,guang3zhou1shi4_2_8_2005_S0,STOREY_19,1670,0
26°C,扩容,guang3zhou1shi4,2040 RCP 4.5,guang3zhou1shi4_2_8_2005_S0,STOREY_20,1670,0
26°C,扩容,guang3zhou1shi4,2040 RCP 4.5,guang3zhou1shi4_2_8_2005_S0,STOREY_21,1670,0
26°C,扩容,guang3zhou1shi4,2040 RCP 4.5,guang3zhou1shi4_2_8_2005_S0,STOREY_22,1670,0
26°C,扩容,guang3zhou1shi4,2040 RCP 4.5,guang3zhou1shi4_2_8_2005_S0,STOREY_23,1670,0
26°C,扩容,guang3zhou1shi4,2040 RCP 4.5,guang3zhou1shi4_2_8_2005_S0,STOREY_24,1670,0
26°C,扩容,guang3zhou1shi4,2040 RCP 4.5,guang3zhou1shi4_2_8_2005_S0,STOREY_25,1670,0
26°C,扩容,guang3zhou1shi4,2040 RCP 4.5,guang3zhou1shi4_2_8_2005_S0,STOREY_26,1670,0
26°C,扩容,guang3zhou1shi4,2040 RCP 4.5,guang3zhou1shi4_2_8_2005_S0,STOREY_27,1670,20
26°C,扩容,guang3zhou1shi4,2040 RCP 4.5,guang3zhou1shi4_2_8_2005_S0,STOREY_0,1670,0
26°C,扩容,guang3zhou1shi4,2040 RCP 8.5,guang3zhou1shi4_0_7_1980_S0,STOREY_0,1670,0
26°C,扩容,guang3zhou1shi4,2040 RCP 8.5,guang3zhou1shi4_0_6_1995_S0,STOREY_0,1670,0
26°C,扩容,guang3zhou1shi4,2040 RCP 8.5,guang3zhou1shi4_0_8_1980_S0,STOREY_0,1670,0
26°C,扩容,guang3zhou1shi4,2040 RCP 8.5,guang3zhou1shi4_0_9_1980_S0,STOREY_0,1670,0
26°C,扩容,guang3zhou1shi4,2040 RCP 4.5,guang3zhou1shi4_2_9_2005_S0,STOREY_1,1670,0
26°C,扩容,guang3zhou1shi4,2040 RCP 4.5,guang3zhou1shi4_2_9_2005_S0,STOREY_2,1670,0
26°C,扩容,guang3zhou1shi4,2040 RCP 4.5,guang3zhou1shi4_2_9_2005_S0,STOREY_3,1670,0
26°C,扩容,guang3zhou1shi4,2040 RCP 4.5,guang3zhou1shi4_2_9_2005_S0,STOREY_4,1670,0
26°C,扩容,guang3zhou1shi4,2040 RCP 4.5,guang3zhou1shi4_2_9_2005_S0,STOREY_5,1670,0
26°C,扩容,guang3zhou1shi4,2040 RCP 4.5,guang3zhou1shi4_2_9_2005_S0,STOREY_6,1670,0
26°C,扩容,guang3zhou1shi4,2040 RCP 4.5,guang3zhou1shi4_2_9_2005_S0,STOREY_7,1670,0
26°C,扩容,guang3zhou1shi4,2040 RCP 4.5,guang3zhou1shi4_2_9_2005_S0,STOREY_8,1670,0
26°C,扩容,guang3zhou1shi4,2040 RCP 4.5,guang3zhou1shi4_2_9_2005_S0,STOREY_9,1670,0
26°C,扩容,guang3zhou1shi4,2040 RCP 4.5,guang3zhou1shi4_2_9_2005_S0,STOREY_10,1670,0
26°C,扩容,guang3zhou1shi4,2040 RCP 4.5,guang3zhou1shi4_2_9_2005_S0,STOREY_11,1670,0
26°C,扩容,guang3zhou1shi4,2040 RCP 4.5,guang3zhou1shi4_2_9_2005_S0,STOREY_12,1670,0
26°C,扩容,guang3zhou1shi4,2040 RCP 4.5,guang3zhou1shi4_2_9_2005_S0,STOREY_13,1670,0
26°C,扩容,guang3zhou1shi4,2040 RCP 4.5,guang3zhou1shi4_2_9_2005_S0,STOREY_14,1670,0
26°C,扩容,guang3zhou1shi4,2040 RCP 4.5,guang3zhou1shi4_2_9_2005_S0,STOREY_15,1670,0
26°C,扩容,guang3zhou1shi4,2040 RCP 4.5,guang3zhou1shi4_2_9_2005_S0,STOREY_16,1670,0
26°C,扩容,guang3zhou1shi4,2040 RCP 4.5,guang3zhou1shi4_2_9_2005_S0,STOREY_17,1670,0
26°C,扩容,guang3zhou1shi4,2040 RCP 4.5,guang3zhou1shi4_2_9_2005_S0,STOREY_18,1670,0
26°C,扩容,guang3zhou1shi4,2040 RCP 4.5,guang3zhou1shi4_2_9_2005_S0,STOREY_19,1670,0
26°C,扩容,guang3zhou1shi4,2040 RCP 4.5,guang3zhou1shi4_2_9_2005_S0,STOREY_20,1670,0
26°C,扩容,guang3zhou1shi4,2040 RCP 4.5,guang3zhou1shi4_2_9_2005_S0,STOREY_21,1670,0
26°C,扩容,guang3zhou1shi4,2040 RCP 4.5,guang3zhou1shi4_2_9_2005_S0,STOREY_22,1670,0
26°C,扩容,guang3zhou1shi4,2040 RCP 4.5,guang3zhou1shi4_2_9_2005_S0,STOREY_23,1670,32
26°C,扩容,guang3zhou1shi4,2040 RCP 4.5,guang3zhou1shi4_2_9_2005_S0,STOREY_0,1670,0
26°C,扩容,guang3zhou1shi4,2040 RCP 8.5,guang3zhou1shi4_1_10_1995_S0,STOREY_1,1670,0
26°C,扩容,guang3zhou1shi4,2040 RCP 8.5,guang3zhou1shi4_1_10_1995_S0,STOREY_2,1670,1
26°C,扩容,guang3zhou1shi4,2040 RCP 8.5,guang3zhou1shi4_1_10_1995_S0,STOREY_3,1670,1
26°C,扩容,guang3zhou1shi4,2040 RCP 8.5,guang3zhou1shi4_1_10_1995_S0,STOREY_4,1670,47
26°C,扩容,guang3zhou1shi4,2040 RCP 8.5,guang3zhou1shi4_1_10_1995_S0,STOREY_0,1670,0
26°C,扩容,guang3zhou1shi4,2040 RCP 8.5,guang3zhou1shi4_1_12_2005_S0,STOREY_1,1670,0
26°C,扩容,guang3zhou1shi4,2040 RCP 8.5,guang3zhou1shi4_1_12_2005_S0,STOREY_2,1670,0
26°C,扩容,guang3zhou1shi4,2040 RCP 8.5,guang3zhou1shi4_1_12_2005_S0,STOREY_3,1670,25
26°C,扩容,guang3zhou1shi4,2040 RCP 8.5,guang3zhou1shi4_1_12_2005_S0,STOREY_0,1670,0
26°C,扩容,guang3zhou1shi4,2040 RCP 8.5,guang3zhou1shi4_1_1_2005_S0,STOREY_1,1670,0
26°C,扩容,guang3zhou1shi4,2040 RCP 8.5,guang3zhou1shi4_1_1_2005_S0,STOREY_2,1670,1
26°C,扩容,guang3zhou1shi4,2040 RCP 8.5,guang3zhou1shi4_1_1_2005_S0,STOREY_3,1670,1
26°C,扩容,guang3zhou1shi4,2040 RCP 8.5,guang3zhou1shi4_1_1_2005_S0,STOREY_4,1670,25
26°C,扩容,guang3zhou1shi4,2040 RCP 8.5,guang3zhou1shi4_1_1_2005_S0,STOREY_0,1670,0
26°C,扩容,guang3zhou1shi4,2040 RCP 8.5,guang3zhou1shi4_1_11_1995_S0,STOREY_1,1670,0
26°C,扩容,guang3zhou1shi4,2040 RCP 8.5,guang3zhou1shi4_1_11_1995_S0,STOREY_2,1670,1
26°C,扩容,guang3zhou1shi4,2040 RCP 8.5,guang3zhou1shi4_1_11_1995_S0,STOREY_3,1670,1
26°C,扩容,guang3zhou1shi4,2040 RCP 8.5,guang3zhou1shi4_1_11_1995_S0,STOREY_4,1670,1
26°C,扩容,guang3zhou1shi4,2040 RCP 8.5,guang3zhou1shi4_1_11_1995_S0,STOREY_5,1670,1
26°C,扩容,guang3zhou1shi4,2040 RCP 8.5,guang3zhou1shi4_1_11_1995_S0,STOREY_6,1670,1
26°C,扩容,guang3zhou1shi4,2040 RCP 8.5,guang3zhou1shi4_1_11_1995_S0,STOREY_7,1670,35
26°C,扩容,guang3zhou1shi4,2040 RCP 8.5,guang3zhou1shi4_1_11_1995_S0,STOREY_0,1670,0
26°C,扩容,guang3zhou1shi4,2040 RCP 8.5,guang3zhou1shi4_1_3_2005_S0,STOREY_1,1670,0
26°C,扩容,guang3zhou1shi4,2040 RCP 8.5,guang3zhou1shi4_1_3_2005_S0,STOREY_2,1670,1
26°C,扩容,guang3zhou1shi4,2040 RCP 8.5,guang3zhou1shi4_1_3_2005_S0,STOREY_3,1670,1
26°C,扩容,guang3zhou1shi4,2040 RCP 8.5,guang3zhou1shi4_1_3_2005_S0,STOREY_4,1670,1
26°C,扩容,guang3zhou1shi4,2040 RCP 8.5,guang3zhou1shi4_1_3_2005_S0,STOREY_5,1670,56
26°C,扩容,guang3zhou1shi4,2040 RCP 8.5,guang3zhou1shi4_1_3_2005_S0,STOREY_0,1670,0
26°C,扩容,guang3zhou1shi4,2040 RCP 8.5,guang3zhou1shi4_1_4_1995_S0,STOREY_1,1670,0
26°C,扩容,guang3zhou1shi4,2040 RCP 8.5,guang3zhou1shi4_1_4_1995_S0,STOREY_2,1670,1
26°C,扩容,guang3zhou1shi4,2040 RCP 8.5,guang3zhou1shi4_1_4_1995_S0,STOREY_3,1670,1
26°C,扩容,guang3zhou1shi4,2040 RCP 8.5,guang3zhou1shi4_1_4_1995_S0,STOREY_4,1670,1
26°C,扩容,guang3zhou1shi4,2040 RCP 8.5,guang3zhou1shi4_1_4_1995_S0,STOREY_5,1670,55
26°C,扩容,guang3zhou1shi4,2040 RCP 8.5,guang3zhou1shi4_1_4_1995_S0,STOREY_0,1670,0
26°C,扩容,guang3zhou1shi4,2040 RCP 8.5,guang3zhou1shi4_1_5_1995_S0,STOREY_1,1670,0
26°C,扩容,guang3zhou1shi4,2040 RCP 8.5,guang3zhou1shi4_1_5_1995_S0,STOREY_2,1670,1
26°C,扩容,guang3zhou1shi4,2040 RCP 8.5,guang3zhou1shi4_1_5_1995_S0,STOREY_3,1670,1
26°C,扩容,guang3zhou1shi4,2040 RCP 8.5,guang3zhou1shi4_1_5_1995_S0,STOREY_4,1670,1
26°C,扩容,guang3zhou1shi4,2040 RCP 8.5,guang3zhou1shi4_1_5_1995_S0,STOREY_5,1670,47
26°C,扩容,guang3zhou1shi4,2040 RCP 8.5,guang3zhou1shi4_1_5_1995_S0,STOREY_0,1670,0
26°C,扩容,guang3zhou1shi4,2040 RCP 8.5,guang3zhou1shi4_1_2_2005_S0,STOREY_1,1670,0
26°C,扩容,guang3zhou1shi4,2040 RCP 8.5,guang3zhou1shi4_1_2_2005_S0,STOREY_2,1670,0
26°C,扩容,guang3zhou1shi4,2040 RCP 8.5,guang3zhou1shi4_1_2_2005_S0,STOREY_3,1670,1
26°C,扩容,guang3zhou1shi4,2040 RCP 8.5,guang3zhou1shi4_1_2_2005_S0,STOREY_4,1670,1
26°C,扩容,guang3zhou1shi4,2040 RCP 8.5,guang3zhou1shi4_1_2_2005_S0,STOREY_5,1670,1
26°C,扩容,guang3zhou1shi4,2040 RCP 8.5,guang3zhou1shi4_1_2_2005_S0,STOREY_6,1670,1
26°C,扩容,guang3zhou1shi4,2040 RCP 8.5,guang3zhou1shi4_1_2_2005_S0,STOREY_7,1670,0
26°C,扩容,guang3zhou1shi4,2040 RCP 8.5,guang3zhou1shi4_1_2_2005_S0,STOREY_8,1670,0
26°C,扩容,guang3zhou1shi4,2040 RCP 8.5,guang3zhou1shi4_1_2_2005_S0,STOREY_9,1670,52
26°C,扩容,guang3zhou1shi4,2040 RCP 8.5,guang3zhou1shi4_1_2_2005_S0,STOREY_0,1670,0
26°C,扩容,guang3zhou1shi4,2040 RCP 8.5,guang3zhou1shi4_1_6_2005_S0,STOREY_1,1670,1
26°C,扩容,guang3zhou1shi4,2040 RCP 8.5,guang3zhou1shi4_1_6_2005_S0,STOREY_2,1670,0
26°C,扩容,guang3zhou1shi4,2040 RCP 8.5,guang3zhou1shi4_1_6_2005_S0,STOREY_3,1670,0
26°C,扩容,guang3zhou1shi4,2040 RCP 8.5,guang3zhou1shi4_1_6_2005_S0,STOREY_4,1670,3
26°C,扩容,guang3zhou1shi4,2040 RCP 8.5,guang3zhou1shi4_1_6_2005_S0,STOREY_5,1670,58
26°C,扩容,guang3zhou1shi4,2040 RCP 8.5,guang3zhou1shi4_1_6_2005_S0,STOREY_0,1670,0
26°C,扩容,guang3zhou1shi4,2040 RCP 8.5,guang3zhou1shi4_1_7_2005_S0,STOREY_1,1670,0
26°C,扩容,guang3zhou1shi4,2040 RCP 8.5,guang3zhou1shi4_1_7_2005_S0,STOREY_2,1670,1
26°C,扩容,guang3zhou1shi4,2040 RCP 8.5,guang3zhou1shi4_1_7_2005_S0,STOREY_3,1670,1
26°C,扩容,guang3zhou1shi4,2040 RCP 8.5,guang3zhou1shi4_1_7_2005_S0,STOREY_4,1670,1
26°C,扩容,guang3zhou1shi4,2040 RCP 8.5,guang3zhou1shi4_1_7_2005_S0,STOREY_5,1670,1
26°C,扩容,guang3zhou1shi4,2040 RCP 8.5,guang3zhou1shi4_1_7_2005_S0,STOREY_6,1670,1
26°C,扩容,guang3zhou1shi4,2040 RCP 8.5,guang3zhou1shi4_1_7_2005_S0,STOREY_7,1670,42
26°C,扩容,guang3zhou1shi4,2040 RCP 8.5,guang3zhou1shi4_1_7_2005_S0,STOREY_0,1670,0
26°C,扩容,guang3zhou1shi4,2040 RCP 8.5,guang3zhou1shi4_1_9_1980_S0,STOREY_1,1670,0
26°C,扩容,guang3zhou1shi4,2040 RCP 8.5,guang3zhou1shi4_1_9_1980_S0,STOREY_2,1670,1
26°C,扩容,guang3zhou1shi4,2040 RCP 8.5,guang3zhou1shi4_1_9_1980_S0,STOREY_3,1670,1
26°C,扩容,guang3zhou1shi4,2040 RCP 8.5,guang3zhou1shi4_1_9_1980_S0,STOREY_4,1670,1
26°C,扩容,guang3zhou1shi4,2040 RCP 8.5,guang3zhou1shi4_1_9_1980_S0,STOREY_5,1670,1
26°C,扩容,guang3zhou1shi4,2040 RCP 8.5,guang3zhou1shi4_1_9_1980_S0,STOREY_6,1670,1
26°C,扩容,guang3zhou1shi4,2040 RCP 8.5,guang3zhou1shi4_1_9_1980_S0,STOREY_7,1670,41
26°C,扩容,guang3zhou1shi4,2040 RCP 8.5,guang3zhou1shi4_1_9_1980_S0,STOREY_0,1670,0
26°C,扩容,guang3zhou1shi4,2040 RCP 8.5,guang3zhou1shi4_1_8_1995_S0,STOREY_1,1670,0
26°C,扩容,guang3zhou1shi4,2040 RCP 8.5,guang3zhou1shi4_1_8_1995_S0,STOREY_2,1670,0
26°C,扩容,guang3zhou1shi4,2040 RCP 8.5,guang3zhou1shi4_1_8_1995_S0,STOREY_3,1670,1
26°C,扩容,guang3zhou1shi4,2040 RCP 8.5,guang3zhou1shi4_1_8_1995_S0,STOREY_4,1670,1
26°C,扩容,guang3zhou1shi4,2040 RCP 8.5,guang3zhou1shi4_1_8_1995_S0,STOREY_5,1670,1
26°C,扩容,guang3zhou1shi4,2040 RCP 8.5,guang3zhou1shi4_1_8_1995_S0,STOREY_6,1670,1
26°C,扩容,guang3zhou1shi4,2040 RCP 8.5,guang3zhou1shi4_1_8_1995_S0,STOREY_7,1670,1
26°C,扩容,guang3zhou1shi4,2040 RCP 8.5,guang3zhou1shi4_1_8_1995_S0,STOREY_8,1670,0
26°C,扩容,guang3zhou1shi4,2040 RCP 8.5,guang3zhou1shi4_1_8_1995_S0,STOREY_9,1670,48
26°C,扩容,guang3zhou1shi4,2040 RCP 8.5,guang3zhou1shi4_1_8_1995_S0,STOREY_0,1670,0
26°C,扩容,guang3zhou1shi4,2040 RCP 8.5,guang3zhou1shi4_2_10_2005_S0,STOREY_1,1670,0
26°C,扩容,guang3zhou1shi4,2040 RCP 8.5,guang3zhou1shi4_2_10_2005_S0,STOREY_2,1670,1
26°C,扩容,guang3zhou1shi4,2040 RCP 8.5,guang3zhou1shi4_2_10_2005_S0,STOREY_3,1670,1
26°C,扩容,guang3zhou1shi4,2040 RCP 8.5,guang3zhou1shi4_2_10_2005_S0,STOREY_4,1670,1
26°C,扩容,guang3zhou1shi4,2040 RCP 8.5,guang3zhou1shi4_2_10_2005_S0,STOREY_5,1670,1
26°C,扩容,guang3zhou1shi4,2040 RCP 8.5,guang3zhou1shi4_2_10_2005_S0,STOREY_6,1670,1
26°C,扩容,guang3zhou1shi4,2040 RCP 8.5,guang3zhou1shi4_2_10_2005_S0,STOREY_7,1670,1
26°C,扩容,guang3zhou1shi4,2040 RCP 8.5,guang3zhou1shi4_2_10_2005_S0,STOREY_8,1670,1
26°C,扩容,guang3zhou1shi4,2040 RCP 8.5,guang3zhou1shi4_2_10_2005_S0,STOREY_9,1670,1
26°C,扩容,guang3zhou1shi4,2040 RCP 8.5,guang3zhou1shi4_2_10_2005_S0,STOREY_10,1670,1
26°C,扩容,guang3zhou1shi4,2040 RCP 8.5,guang3zhou1shi4_2_10_2005_S0,STOREY_11,1670,31
26°C,扩容,guang3zhou1shi4,2040 RCP 8.5,guang3zhou1shi4_2_10_2005_S0,STOREY_0,1670,0
26°C,扩容,guang3zhou1shi4,2040 RCP 8.5,guang3zhou1shi4_2_11_2005_S0,STOREY_1,1670,0
26°C,扩容,guang3zhou1shi4,2040 RCP 8.5,guang3zhou1shi4_2_11_2005_S0,STOREY_2,1670,0
26°C,扩容,guang3zhou1shi4,2040 RCP 8.5,guang3zhou1shi4_2_11_2005_S0,STOREY_3,1670,0
26°C,扩容,guang3zhou1shi4,2040 RCP 8.5,guang3zhou1shi4_2_11_2005_S0,STOREY_4,1670,0
26°C,扩容,guang3zhou1shi4,2040 RCP 8.5,guang3zhou1shi4_2_11_2005_S0,STOREY_5,1670,0
26°C,扩容,guang3zhou1shi4,2040 RCP 8.5,guang3zhou1shi4_2_11_2005_S0,STOREY_6,1670,0
26°C,扩容,guang3zhou1shi4,2040 RCP 8.5,guang3zhou1shi4_2_11_2005_S0,STOREY_7,1670,0
26°C,扩容,guang3zhou1shi4,2040 RCP 8.5,guang3zhou1shi4_2_11_2005_S0,STOREY_8,1670,0
26°C,扩容,guang3zhou1shi4,2040 RCP 8.5,guang3zhou1shi4_2_11_2005_S0,STOREY_9,1670,0
26°C,扩容,guang3zhou1shi4,2040 RCP 8.5,guang3zhou1shi4_2_11_2005_S0,STOREY_10,1670,0
26°C,扩容,guang3zhou1shi4,2040 RCP 8.5,guang3zhou1shi4_2_11_2005_S0,STOREY_11,1670,0
26°C,扩容,guang3zhou1shi4,2040 RCP 8.5,guang3zhou1shi4_2_11_2005_S0,STOREY_12,1670,0
26°C,扩容,guang3zhou1shi4,2040 RCP 8.5,guang3zhou1shi4_2_11_2005_S0,STOREY_13,1670,0
26°C,扩容,guang3zhou1shi4,2040 RCP 8.5,guang3zhou1shi4_2_11_2005_S0,STOREY_14,1670,0
26°C,扩容,guang3zhou1shi4,2040 RCP 8.5,guang3zhou1shi4_2_11_2005_S0,STOREY_15,1670,30
26°C,扩容,guang3zhou1shi4,2040 RCP 8.5,guang3zhou1shi4_2_11_2005_S0,STOREY_0,1670,0
26°C,扩容,guang3zhou1shi4,2040 RCP 8.5,guang3zhou1shi4_2_12_2015_S0,STOREY_1,1670,0
26°C,扩容,guang3zhou1shi4,2040 RCP 8.5,guang3zhou1shi4_2_12_2015_S0,STOREY_2,1670,0
26°C,扩容,guang3zhou1shi4,2040 RCP 8.5,guang3zhou1shi4_2_12_2015_S0,STOREY_3,1670,0
26°C,扩容,guang3zhou1shi4,2040 RCP 8.5,guang3zhou1shi4_2_12_2015_S0,STOREY_4,1670,0
26°C,扩容,guang3zhou1shi4,2040 RCP 8.5,guang3zhou1shi4_2_12_2015_S0,STOREY_5,1670,0
26°C,扩容,guang3zhou1shi4,2040 RCP 8.5,guang3zhou1shi4_2_12_2015_S0,STOREY_6,1670,0
26°C,扩容,guang3zhou1shi4,2040 RCP 8.5,guang3zhou1shi4_2_12_2015_S0,STOREY_7,1670,0
26°C,扩容,guang3zhou1shi4,2040 RCP 8.5,guang3zhou1shi4_2_12_2015_S0,STOREY_8,1670,0
26°C,扩容,guang3zhou1shi4,2040 RCP 8.5,guang3zhou1shi4_2_12_2015_S0,STOREY_9,1670,0
26°C,扩容,guang3zhou1shi4,2040 RCP 8.5,guang3zhou1shi4_2_12_2015_S0,STOREY_10,1670,0
26°C,扩容,guang3zhou1shi4,2040 RCP 8.5,guang3zhou1shi4_2_12_2015_S0,STOREY_11,1670,0
26°C,扩容,guang3zhou1shi4,2040 RCP 8.5,guang3zhou1shi4_2_12_2015_S0,STOREY_12,1670,0
26°C,扩容,guang3zhou1shi4,2040 RCP 8.5,guang3zhou1shi4_2_12_2015_S0,STOREY_13,1670,0
26°C,扩容,guang3zhou1shi4,2040 RCP 8.5,guang3zhou1shi4_2_12_2015_S0,STOREY_14,1670,0
26°C,扩容,guang3zhou1shi4,2040 RCP 8.5,guang3zhou1shi4_2_12_2015_S0,STOREY_15,1670,0
26°C,扩容,guang3zhou1shi4,2040 RCP 8.5,guang3zhou1shi4_2_12_2015_S0,STOREY_16,1670,0
26°C,扩容,guang3zhou1shi4,2040 RCP 8.5,guang3zhou1shi4_2_12_2015_S0,STOREY_17,1670,0
26°C,扩容,guang3zhou1shi4,2040 RCP 8.5,guang3zhou1shi4_2_12_2015_S0,STOREY_18,1670,0
26°C,扩容,guang3zhou1shi4,2040 RCP 8.5,guang3zhou1shi4_2_12_2015_S0,STOREY_19,1670,0
26°C,扩容,guang3zhou1shi4,2040 RCP 8.5,guang3zhou1shi4_2_12_2015_S0,STOREY_20,1670,0
26°C,扩容,guang3zhou1shi4,2040 RCP 8.5,guang3zhou1shi4_2_12_2015_S0,STOREY_21,1670,17
26°C,扩容,guang3zhou1shi4,2040 RCP 8.5,guang3zhou1shi4_2_12_2015_S0,STOREY_0,1670,0
26°C,扩容,guang3zhou1shi4,2040 RCP 8.5,guang3zhou1shi4_2_2_1995_S0,STOREY_1,1670,0
26°C,扩容,guang3zhou1shi4,2040 RCP 8.5,guang3zhou1shi4_2_2_1995_S0,STOREY_2,1670,1
26°C,扩容,guang3zhou1shi4,2040 RCP 8.5,guang3zhou1shi4_2_2_1995_S0,STOREY_3,1670,1
26°C,扩容,guang3zhou1shi4,2040 RCP 8.5,guang3zhou1shi4_2_2_1995_S0,STOREY_4,1670,1
26°C,扩容,guang3zhou1shi4,2040 RCP 8.5,guang3zhou1shi4_2_2_1995_S0,STOREY_5,1670,1
26°C,扩容,guang3zhou1shi4,2040 RCP 8.5,guang3zhou1shi4_2_2_1995_S0,STOREY_6,1670,1
26°C,扩容,guang3zhou1shi4,2040 RCP 8.5,guang3zhou1shi4_2_2_1995_S0,STOREY_7,1670,1
26°C,扩容,guang3zhou1shi4,2040 RCP 8.5,guang3zhou1shi4_2_2_1995_S0,STOREY_8,1670,1
26°C,扩容,guang3zhou1shi4,2040 RCP 8.5,guang3zhou1shi4_2_2_1995_S0,STOREY_9,1670,1
26°C,扩容,guang3zhou1shi4,2040 RCP 8.5,guang3zhou1shi4_2_2_1995_S0,STOREY_10,1670,1
26°C,扩容,guang3zhou1shi4,2040 RCP 8.5,guang3zhou1shi4_2_2_1995_S0,STOREY_11,1670,1
26°C,扩容,guang3zhou1shi4,2040 RCP 8.5,guang3zhou1shi4_2_2_1995_S0,STOREY_12,1670,1
26°C,扩容,guang3zhou1shi4,2040 RCP 8.5,guang3zhou1shi4_2_2_1995_S0,STOREY_13,1670,1
26°C,扩容,guang3zhou1shi4,2040 RCP 8.5,guang3zhou1shi4_2_2_1995_S0,STOREY_14,1670,1
26°C,扩容,guang3zhou1shi4,2040 RCP 8.5,guang3zhou1shi4_2_2_1995_S0,STOREY_15,1670,1
26°C,扩容,guang3zhou1shi4,2040 RCP 8.5,guang3zhou1shi4_2_2_1995_S0,STOREY_16,1670,1
26°C,扩容,guang3zhou1shi4,2040 RCP 8.5,guang3zhou1shi4_2_2_1995_S0,STOREY_17,1670,1
26°C,扩容,guang3zhou1shi4,2040 RCP 8.5,guang3zhou1shi4_2_2_1995_S0,STOREY_18,1670,0
26°C,扩容,guang3zhou1shi4,2040 RCP 8.5,guang3zhou1shi4_2_2_1995_S0,STOREY_19,1670,54
26°C,扩容,guang3zhou1shi4,2040 RCP 8.5,guang3zhou1shi4_2_2_1995_S0,STOREY_0,1670,0
26°C,扩容,guang3zhou1shi4,2040 RCP 8.5,guang3zhou1shi4_2_1_2015_S0,STOREY_1,1670,0
26°C,扩容,guang3zhou1shi4,2040 RCP 8.5,guang3zhou1shi4_2_1_2015_S0,STOREY_2,1670,0
26°C,扩容,guang3zhou1shi4,2040 RCP 8.5,guang3zhou1shi4_2_1_2015_S0,STOREY_3,1670,0
26°C,扩容,guang3zhou1shi4,2040 RCP 8.5,guang3zhou1shi4_2_1_2015_S0,STOREY_4,1670,0
26°C,扩容,guang3zhou1shi4,2040 RCP 8.5,guang3zhou1shi4_2_1_2015_S0,STOREY_5,1670,0
26°C,扩容,guang3zhou1shi4,2040 RCP 8.5,guang3zhou1shi4_2_1_2015_S0,STOREY_6,1670,0
26°C,扩容,guang3zhou1shi4,2040 RCP 8.5,guang3zhou1shi4_2_1_2015_S0,STOREY_7,1670,0
26°C,扩容,guang3zhou1shi4,2040 RCP 8.5,guang3zhou1shi4_2_1_2015_S0,STOREY_8,1670,0
26°C,扩容,guang3zhou1shi4,2040 RCP 8.5,guang3zhou1shi4_2_1_2015_S0,STOREY_9,1670,0
26°C,扩容,guang3zhou1shi4,2040 RCP 8.5,guang3zhou1shi4_2_1_2015_S0,STOREY_10,1670,0
26°C,扩容,guang3zhou1shi4,2040 RCP 8.5,guang3zhou1shi4_2_1_2015_S0,STOREY_11,1670,0
26°C,扩容,guang3zhou1shi4,2040 RCP 8.5,guang3zhou1shi4_2_1_2015_S0,STOREY_12,1670,0
26°C,扩容,guang3zhou1shi4,2040 RCP 8.5,guang3zhou1shi4_2_1_2015_S0,STOREY_13,1670,0
26°C,扩容,guang3zhou1shi4,2040 RCP 8.5,guang3zhou1shi4_2_1_2015_S0,STOREY_14,1670,0
26°C,扩容,guang3zhou1shi4,2040 RCP 8.5,guang3zhou1shi4_2_1_2015_S0,STOREY_15,1670,0
26°C,扩容,guang3zhou1shi4,2040 RCP 8.5,guang3zhou1shi4_2_1_2015_S0,STOREY_16,1670,0
26°C,扩容,guang3zhou1shi4,2040 RCP 8.5,guang3zhou1shi4_2_1_2015_S0,STOREY_17,1670,0
26°C,扩容,guang3zhou1shi4,2040 RCP 8.5,guang3zhou1shi4_2_1_2015_S0,STOREY_18,1670,0
26°C,扩容,guang3zhou1shi4,2040 RCP 8.5,guang3zhou1shi4_2_1_2015_S0,STOREY_19,1670,0
26°C,扩容,guang3zhou1shi4,2040 RCP 8.5,guang3zhou1shi4_2_1_2015_S0,STOREY_20,1670,0
26°C,扩容,guang3zhou1shi4,2040 RCP 8.5,guang3zhou1shi4_2_1_2015_S0,STOREY_21,1670,0
26°C,扩容,guang3zhou1shi4,2040 RCP 8.5,guang3zhou1shi4_2_1_2015_S0,STOREY_22,1670,0
26°C,扩容,guang3zhou1shi4,2040 RCP 8.5,guang3zhou1shi4_2_1_2015_S0,STOREY_23,1670,0
26°C,扩容,guang3zhou1shi4,2040 RCP 8.5,guang3zhou1shi4_2_1_2015_S0,STOREY_24,1670,0
26°C,扩容,guang3zhou1shi4,2040 RCP 8.5,guang3zhou1shi4_2_1_2015_S0,STOREY_25,1670,0
26°C,扩容,guang3zhou1shi4,2040 RCP 8.5,guang3zhou1shi4_2_1_2015_S0,STOREY_26,1670,0
26°C,扩容,guang3zhou1shi4,2040 RCP 8.5,guang3zhou1shi4_2_1_2015_S0,STOREY_27,1670,12
26°C,扩容,guang3zhou1shi4,2040 RCP 8.5,guang3zhou1shi4_2_1_2015_S0,STOREY_0,1670,0
26°C,扩容,guang3zhou1shi4,2040 RCP 8.5,guang3zhou1shi4_2_3_2005_S0,STOREY_1,1670,0
26°C,扩容,guang3zhou1shi4,2040 RCP 8.5,guang3zhou1shi4_2_3_2005_S0,STOREY_2,1670,1
26°C,扩容,guang3zhou1shi4,2040 RCP 8.5,guang3zhou1shi4_2_3_2005_S0,STOREY_3,1670,1
26°C,扩容,guang3zhou1shi4,2040 RCP 8.5,guang3zhou1shi4_2_3_2005_S0,STOREY_4,1670,1
26°C,扩容,guang3zhou1shi4,2040 RCP 8.5,guang3zhou1shi4_2_3_2005_S0,STOREY_5,1670,1
26°C,扩容,guang3zhou1shi4,2040 RCP 8.5,guang3zhou1shi4_2_3_2005_S0,STOREY_6,1670,1
26°C,扩容,guang3zhou1shi4,2040 RCP 8.5,guang3zhou1shi4_2_3_2005_S0,STOREY_7,1670,1
26°C,扩容,guang3zhou1shi4,2040 RCP 8.5,guang3zhou1shi4_2_3_2005_S0,STOREY_8,1670,1
26°C,扩容,guang3zhou1shi4,2040 RCP 8.5,guang3zhou1shi4_2_3_2005_S0,STOREY_9,1670,1
26°C,扩容,guang3zhou1shi4,2040 RCP 8.5,guang3zhou1shi4_2_3_2005_S0,STOREY_10,1670,1
26°C,扩容,guang3zhou1shi4,2040 RCP 8.5,guang3zhou1shi4_2_3_2005_S0,STOREY_11,1670,1
26°C,扩容,guang3zhou1shi4,2040 RCP 8.5,guang3zhou1shi4_2_3_2005_S0,STOREY_12,1670,1
26°C,扩容,guang3zhou1shi4,2040 RCP 8.5,guang3zhou1shi4_2_3_2005_S0,STOREY_13,1670,1
26°C,扩容,guang3zhou1shi4,2040 RCP 8.5,guang3zhou1shi4_2_3_2005_S0,STOREY_14,1670,23
26°C,扩容,guang3zhou1shi4,2040 RCP 8.5,guang3zhou1shi4_2_3_2005_S0,STOREY_0,1670,0
26°C,扩容,guang3zhou1shi4,2040 RCP 8.5,guang3zhou1shi4_2_4_2005_S0,STOREY_1,1670,0
26°C,扩容,guang3zhou1shi4,2040 RCP 8.5,guang3zhou1shi4_2_4_2005_S0,STOREY_2,1670,1
26°C,扩容,guang3zhou1shi4,2040 RCP 8.5,guang3zhou1shi4_2_4_2005_S0,STOREY_3,1670,1
26°C,扩容,guang3zhou1shi4,2040 RCP 8.5,guang3zhou1shi4_2_4_2005_S0,STOREY_4,1670,1
26°C,扩容,guang3zhou1shi4,2040 RCP 8.5,guang3zhou1shi4_2_4_2005_S0,STOREY_5,1670,1
26°C,扩容,guang3zhou1shi4,2040 RCP 8.5,guang3zhou1shi4_2_4_2005_S0,STOREY_6,1670,1
26°C,扩容,guang3zhou1shi4,2040 RCP 8.5,guang3zhou1shi4_2_4_2005_S0,STOREY_7,1670,1
26°C,扩容,guang3zhou1shi4,2040 RCP 8.5,guang3zhou1shi4_2_4_2005_S0,STOREY_8,1670,1
26°C,扩容,guang3zhou1shi4,2040 RCP 8.5,guang3zhou1shi4_2_4_2005_S0,STOREY_9,1670,1
26°C,扩容,guang3zhou1shi4,2040 RCP 8.5,guang3zhou1shi4_2_4_2005_S0,STOREY_10,1670,1
26°C,扩容,guang3zhou1shi4,2040 RCP 8.5,guang3zhou1shi4_2_4_2005_S0,STOREY_11,1670,42
26°C,扩容,guang3zhou1shi4,2040 RCP 8.5,guang3zhou1shi4_2_4_2005_S0,STOREY_0,1670,0
26°C,扩容,guang3zhou1shi4,2040 RCP 8.5,guang3zhou1shi4_2_5_2015_S0,STOREY_1,1670,0
26°C,扩容,guang3zhou1shi4,2040 RCP 8.5,guang3zhou1shi4_2_5_2015_S0,STOREY_2,1670,0
26°C,扩容,guang3zhou1shi4,2040 RCP 8.5,guang3zhou1shi4_2_5_2015_S0,STOREY_3,1670,0
26°C,扩容,guang3zhou1shi4,2040 RCP 8.5,guang3zhou1shi4_2_5_2015_S0,STOREY_4,1670,0
26°C,扩容,guang3zhou1shi4,2040 RCP 8.5,guang3zhou1shi4_2_5_2015_S0,STOREY_5,1670,0
26°C,扩容,guang3zhou1shi4,2040 RCP 8.5,guang3zhou1shi4_2_5_2015_S0,STOREY_6,1670,0
26°C,扩容,guang3zhou1shi4,2040 RCP 8.5,guang3zhou1shi4_2_5_2015_S0,STOREY_7,1670,0
26°C,扩容,guang3zhou1shi4,2040 RCP 8.5,guang3zhou1shi4_2_5_2015_S0,STOREY_8,1670,0
26°C,扩容,guang3zhou1shi4,2040 RCP 8.5,guang3zhou1shi4_2_5_2015_S0,STOREY_9,1670,0
26°C,扩容,guang3zhou1shi4,2040 RCP 8.5,guang3zhou1shi4_2_5_2015_S0,STOREY_10,1670,0
26°C,扩容,guang3zhou1shi4,2040 RCP 8.5,guang3zhou1shi4_2_5_2015_S0,STOREY_11,1670,0
26°C,扩容,guang3zhou1shi4,2040 RCP 8.5,guang3zhou1shi4_2_5_2015_S0,STOREY_12,1670,0
26°C,扩容,guang3zhou1shi4,2040 RCP 8.5,guang3zhou1shi4_2_5_2015_S0,STOREY_13,1670,0
26°C,扩容,guang3zhou1shi4,2040 RCP 8.5,guang3zhou1shi4_2_5_2015_S0,STOREY_14,1670,23
26°C,扩容,guang3zhou1shi4,2040 RCP 8.5,guang3zhou1shi4_2_5_2015_S0,STOREY_0,1670,0
26°C,扩容,guang3zhou1shi4,2040 RCP 8.5,guang3zhou1shi4_2_6_2005_S0,STOREY_1,1670,0
26°C,扩容,guang3zhou1shi4,2040 RCP 8.5,guang3zhou1shi4_2_6_2005_S0,STOREY_2,1670,1
26°C,扩容,guang3zhou1shi4,2040 RCP 8.5,guang3zhou1shi4_2_6_2005_S0,STOREY_3,1670,1
26°C,扩容,guang3zhou1shi4,2040 RCP 8.5,guang3zhou1shi4_2_6_2005_S0,STOREY_4,1670,1
26°C,扩容,guang3zhou1shi4,2040 RCP 8.5,guang3zhou1shi4_2_6_2005_S0,STOREY_5,1670,1
26°C,扩容,guang3zhou1shi4,2040 RCP 8.5,guang3zhou1shi4_2_6_2005_S0,STOREY_6,1670,1
26°C,扩容,guang3zhou1shi4,2040 RCP 8.5,guang3zhou1shi4_2_6_2005_S0,STOREY_7,1670,1
26°C,扩容,guang3zhou1shi4,2040 RCP 8.5,guang3zhou1shi4_2_6_2005_S0,STOREY_8,1670,1
26°C,扩容,guang3zhou1shi4,2040 RCP 8.5,guang3zhou1shi4_2_6_2005_S0,STOREY_9,1670,1
26°C,扩容,guang3zhou1shi4,2040 RCP 8.5,guang3zhou1shi4_2_6_2005_S0,STOREY_10,1670,1
26°C,扩容,guang3zhou1shi4,2040 RCP 8.5,guang3zhou1shi4_2_6_2005_S0,STOREY_11,1670,1
26°C,扩容,guang3zhou1shi4,2040 RCP 8.5,guang3zhou1shi4_2_6_2005_S0,STOREY_12,1670,1
26°C,扩容,guang3zhou1shi4,2040 RCP 8.5,guang3zhou1shi4_2_6_2005_S0,STOREY_13,1670,1
26°C,扩容,guang3zhou1shi4,2040 RCP 8.5,guang3zhou1shi4_2_6_2005_S0,STOREY_14,1670,22
26°C,扩容,guang3zhou1shi4,2040 RCP 8.5,guang3zhou1shi4_2_6_2005_S0,STOREY_0,1670,0
26°C,扩容,guang3zhou1shi4,2060 RCP 2.6,guang3zhou1shi4_0_10_1980_S0,STOREY_1,1670,7
26°C,扩容,guang3zhou1shi4,2060 RCP 2.6,guang3zhou1shi4_0_10_1980_S0,STOREY_2,1670,83
26°C,扩容,guang3zhou1shi4,2060 RCP 2.6,guang3zhou1shi4_0_10_1980_S0,STOREY_0,1670,0
26°C,扩容,guang3zhou1shi4,2040 RCP 8.5,guang3zhou1shi4_2_7_2015_S0,STOREY_1,1670,0
26°C,扩容,guang3zhou1shi4,2040 RCP 8.5,guang3zhou1shi4_2_7_2015_S0,STOREY_2,1670,0
26°C,扩容,guang3zhou1shi4,2040 RCP 8.5,guang3zhou1shi4_2_7_2015_S0,STOREY_3,1670,1
26°C,扩容,guang3zhou1shi4,2040 RCP 8.5,guang3zhou1shi4_2_7_2015_S0,STOREY_4,1670,1
26°C,扩容,guang3zhou1shi4,2040 RCP 8.5,guang3zhou1shi4_2_7_2015_S0,STOREY_5,1670,1
26°C,扩容,guang3zhou1shi4,2040 RCP 8.5,guang3zhou1shi4_2_7_2015_S0,STOREY_6,1670,1
26°C,扩容,guang3zhou1shi4,2040 RCP 8.5,guang3zhou1shi4_2_7_2015_S0,STOREY_7,1670,1
26°C,扩容,guang3zhou1shi4,2040 RCP 8.5,guang3zhou1shi4_2_7_2015_S0,STOREY_8,1670,1
26°C,扩容,guang3zhou1shi4,2040 RCP 8.5,guang3zhou1shi4_2_7_2015_S0,STOREY_9,1670,1
26°C,扩容,guang3zhou1shi4,2040 RCP 8.5,guang3zhou1shi4_2_7_2015_S0,STOREY_10,1670,1
26°C,扩容,guang3zhou1shi4,2040 RCP 8.5,guang3zhou1shi4_2_7_2015_S0,STOREY_11,1670,1
26°C,扩容,guang3zhou1shi4,2040 RCP 8.5,guang3zhou1shi4_2_7_2015_S0,STOREY_12,1670,1
26°C,扩容,guang3zhou1shi4,2040 RCP 8.5,guang3zhou1shi4_2_7_2015_S0,STOREY_13,1670,1
26°C,扩容,guang3zhou1shi4,2040 RCP 8.5,guang3zhou1shi4_2_7_2015_S0,STOREY_14,1670,1
26°C,扩容,guang3zhou1shi4,2040 RCP 8.5,guang3zhou1shi4_2_7_2015_S0,STOREY_15,1670,1
26°C,扩容,guang3zhou1shi4,2040 RCP 8.5,guang3zhou1shi4_2_7_2015_S0,STOREY_16,1670,1
26°C,扩容,guang3zhou1shi4,2040 RCP 8.5,guang3zhou1shi4_2_7_2015_S0,STOREY_17,1670,1
26°C,扩容,guang3zhou1shi4,2040 RCP 8.5,guang3zhou1shi4_2_7_2015_S0,STOREY_18,1670,0
26°C,扩容,guang3zhou1shi4,2040 RCP 8.5,guang3zhou1shi4_2_7_2015_S0,STOREY_19,1670,11
26°C,扩容,guang3zhou1shi4,2040 RCP 8.5,guang3zhou1shi4_2_7_2015_S0,STOREY_0,1670,0
26°C,扩容,guang3zhou1shi4,2060 RCP 2.6,guang3zhou1shi4_0_11_1995_S0,STOREY_1,1670,0
26°C,扩容,guang3zhou1shi4,2060 RCP 2.6,guang3zhou1shi4_0_11_1995_S0,STOREY_2,1670,77
26°C,扩容,guang3zhou1shi4,2060 RCP 2.6,guang3zhou1shi4_0_11_1995_S0,STOREY_0,1670,0
26°C,扩容,guang3zhou1shi4,2060 RCP 2.6,guang3zhou1shi4_0_1_1995_S0,STOREY_1,1670,22
26°C,扩容,guang3zhou1shi4,2060 RCP 2.6,guang3zhou1shi4_0_1_1995_S0,STOREY_2,1670,110
26°C,扩容,guang3zhou1shi4,2060 RCP 2.6,guang3zhou1shi4_0_1_1995_S0,STOREY_0,1670,0
26°C,扩容,guang3zhou1shi4,2060 RCP 2.6,guang3zhou1shi4_0_12_1980_S0,STOREY_1,1670,0
26°C,扩容,guang3zhou1shi4,2060 RCP 2.6,guang3zhou1shi4_0_12_1980_S0,STOREY_2,1670,0
26°C,扩容,guang3zhou1shi4,2060 RCP 2.6,guang3zhou1shi4_0_12_1980_S0,STOREY_3,1670,0
26°C,扩容,guang3zhou1shi4,2060 RCP 2.6,guang3zhou1shi4_0_12_1980_S0,STOREY_4,1670,24
26°C,扩容,guang3zhou1shi4,2060 RCP 2.6,guang3zhou1shi4_0_12_1980_S0,STOREY_0,1670,0
26°C,扩容,guang3zhou1shi4,2060 RCP 2.6,guang3zhou1shi4_0_3_1980_S0,STOREY_1,1670,28
26°C,扩容,guang3zhou1shi4,2060 RCP 2.6,guang3zhou1shi4_0_3_1980_S0,STOREY_0,1670,0
26°C,扩容,guang3zhou1shi4,2060 RCP 2.6,guang3zhou1shi4_0_2_1980_S0,STOREY_1,1670,0
26°C,扩容,guang3zhou1shi4,2060 RCP 2.6,guang3zhou1shi4_0_2_1980_S0,STOREY_2,1670,61
26°C,扩容,guang3zhou1shi4,2060 RCP 2.6,guang3zhou1shi4_0_2_1980_S0,STOREY_0,1670,0
26°C,扩容,guang3zhou1shi4,2060 RCP 2.6,guang3zhou1shi4_0_4_1980_S0,STOREY_1,1670,65
26°C,扩容,guang3zhou1shi4,2060 RCP 2.6,guang3zhou1shi4_0_4_1980_S0,STOREY_2,1670,118
26°C,扩容,guang3zhou1shi4,2060 RCP 2.6,guang3zhou1shi4_0_4_1980_S0,STOREY_0,1670,0
26°C,扩容,guang3zhou1shi4,2040 RCP 8.5,guang3zhou1shi4_2_8_2005_S0,STOREY_1,1670,0
26°C,扩容,guang3zhou1shi4,2040 RCP 8.5,guang3zhou1shi4_2_8_2005_S0,STOREY_2,1670,1
26°C,扩容,guang3zhou1shi4,2040 RCP 8.5,guang3zhou1shi4_2_8_2005_S0,STOREY_3,1670,1
26°C,扩容,guang3zhou1shi4,2040 RCP 8.5,guang3zhou1shi4_2_8_2005_S0,STOREY_4,1670,1
26°C,扩容,guang3zhou1shi4,2040 RCP 8.5,guang3zhou1shi4_2_8_2005_S0,STOREY_5,1670,1
26°C,扩容,guang3zhou1shi4,2040 RCP 8.5,guang3zhou1shi4_2_8_2005_S0,STOREY_6,1670,1
26°C,扩容,guang3zhou1shi4,2040 RCP 8.5,guang3zhou1shi4_2_8_2005_S0,STOREY_7,1670,1
26°C,扩容,guang3zhou1shi4,2040 RCP 8.5,guang3zhou1shi4_2_8_2005_S0,STOREY_8,1670,1
26°C,扩容,guang3zhou1shi4,2040 RCP 8.5,guang3zhou1shi4_2_8_2005_S0,STOREY_9,1670,1
26°C,扩容,guang3zhou1shi4,2040 RCP 8.5,guang3zhou1shi4_2_8_2005_S0,STOREY_10,1670,1
26°C,扩容,guang3zhou1shi4,2040 RCP 8.5,guang3zhou1shi4_2_8_2005_S0,STOREY_11,1670,1
26°C,扩容,guang3zhou1shi4,2040 RCP 8.5,guang3zhou1shi4_2_8_2005_S0,STOREY_12,1670,1
26°C,扩容,guang3zhou1shi4,2040 RCP 8.5,guang3zhou1shi4_2_8_2005_S0,STOREY_13,1670,1
26°C,扩容,guang3zhou1shi4,2040 RCP 8.5,guang3zhou1shi4_2_8_2005_S0,STOREY_14,1670,1
26°C,扩容,guang3zhou1shi4,2040 RCP 8.5,guang3zhou1shi4_2_8_2005_S0,STOREY_15,1670,1
26°C,扩容,guang3zhou1shi4,2040 RCP 8.5,guang3zhou1shi4_2_8_2005_S0,STOREY_16,1670,1
26°C,扩容,guang3zhou1shi4,2040 RCP 8.5,guang3zhou1shi4_2_8_2005_S0,STOREY_17,1670,1
26°C,扩容,guang3zhou1shi4,2040 RCP 8.5,guang3zhou1shi4_2_8_2005_S0,STOREY_18,1670,1
26°C,扩容,guang3zhou1shi4,2040 RCP 8.5,guang3zhou1shi4_2_8_2005_S0,STOREY_19,1670,1
26°C,扩容,guang3zhou1shi4,2040 RCP 8.5,guang3zhou1shi4_2_8_2005_S0,STOREY_20,1670,1
26°C,扩容,guang3zhou1shi4,2040 RCP 8.5,guang3zhou1shi4_2_8_2005_S0,STOREY_21,1670,1
26°C,扩容,guang3zhou1shi4,2040 RCP 8.5,guang3zhou1shi4_2_8_2005_S0,STOREY_22,1670,1
26°C,扩容,guang3zhou1shi4,2040 RCP 8.5,guang3zhou1shi4_2_8_2005_S0,STOREY_23,1670,1
26°C,扩容,guang3zhou1shi4,2040 RCP 8.5,guang3zhou1shi4_2_8_2005_S0,STOREY_24,1670,1
26°C,扩容,guang3zhou1shi4,2040 RCP 8.5,guang3zhou1shi4_2_8_2005_S0,STOREY_25,1670,1
26°C,扩容,guang3zhou1shi4,2040 RCP 8.5,guang3zhou1shi4_2_8_2005_S0,STOREY_26,1670,1
26°C,扩容,guang3zhou1shi4,2040 RCP 8.5,guang3zhou1shi4_2_8_2005_S0,STOREY_27,1670,15
26°C,扩容,guang3zhou1shi4,2040 RCP 8.5,guang3zhou1shi4_2_8_2005_S0,STOREY_0,1670,0
26°C,扩容,guang3zhou1shi4,2060 RCP 2.6,guang3zhou1shi4_0_5_1980_S0,STOREY_1,1670,0
26°C,扩容,guang3zhou1shi4,2060 RCP 2.6,guang3zhou1shi4_0_5_1980_S0,STOREY_2,1670,23
26°C,扩容,guang3zhou1shi4,2060 RCP 2.6,guang3zhou1shi4_0_5_1980_S0,STOREY_0,1670,0
26°C,扩容,guang3zhou1shi4,2060 RCP 2.6,guang3zhou1shi4_0_6_1995_S0,STOREY_0,1670,0
26°C,扩容,guang3zhou1shi4,2060 RCP 2.6,guang3zhou1shi4_0_8_1980_S0,STOREY_0,1670,0
26°C,扩容,guang3zhou1shi4,2060 RCP 2.6,guang3zhou1shi4_0_7_1980_S0,STOREY_0,1670,0
26°C,扩容,guang3zhou1shi4,2060 RCP 2.6,guang3zhou1shi4_0_9_1980_S0,STOREY_0,1670,0
26°C,扩容,guang3zhou1shi4,2040 RCP 8.5,guang3zhou1shi4_2_9_2005_S0,STOREY_1,1670,0
26°C,扩容,guang3zhou1shi4,2040 RCP 8.5,guang3zhou1shi4_2_9_2005_S0,STOREY_2,1670,1
26°C,扩容,guang3zhou1shi4,2040 RCP 8.5,guang3zhou1shi4_2_9_2005_S0,STOREY_3,1670,1
26°C,扩容,guang3zhou1shi4,2040 RCP 8.5,guang3zhou1shi4_2_9_2005_S0,STOREY_4,1670,1
26°C,扩容,guang3zhou1shi4,2040 RCP 8.5,guang3zhou1shi4_2_9_2005_S0,STOREY_5,1670,1
26°C,扩容,guang3zhou1shi4,2040 RCP 8.5,guang3zhou1shi4_2_9_2005_S0,STOREY_6,1670,1
26°C,扩容,guang3zhou1shi4,2040 RCP 8.5,guang3zhou1shi4_2_9_2005_S0,STOREY_7,1670,1
26°C,扩容,guang3zhou1shi4,2040 RCP 8.5,guang3zhou1shi4_2_9_2005_S0,STOREY_8,1670,1
26°C,扩容,guang3zhou1shi4,2040 RCP 8.5,guang3zhou1shi4_2_9_2005_S0,STOREY_9,1670,1
26°C,扩容,guang3zhou1shi4,2040 RCP 8.5,guang3zhou1shi4_2_9_2005_S0,STOREY_10,1670,1
26°C,扩容,guang3zhou1shi4,2040 RCP 8.5,guang3zhou1shi4_2_9_2005_S0,STOREY_11,1670,1
26°C,扩容,guang3zhou1shi4,2040 RCP 8.5,guang3zhou1shi4_2_9_2005_S0,STOREY_12,1670,1
26°C,扩容,guang3zhou1shi4,2040 RCP 8.5,guang3zhou1shi4_2_9_2005_S0,STOREY_13,1670,1
26°C,扩容,guang3zhou1shi4,2040 RCP 8.5,guang3zhou1shi4_2_9_2005_S0,STOREY_14,1670,1
26°C,扩容,guang3zhou1shi4,2040 RCP 8.5,guang3zhou1shi4_2_9_2005_S0,STOREY_15,1670,1
26°C,扩容,guang3zhou1shi4,2040 RCP 8.5,guang3zhou1shi4_2_9_2005_S0,STOREY_16,1670,1
26°C,扩容,guang3zhou1shi4,2040 RCP 8.5,guang3zhou1shi4_2_9_2005_S0,STOREY_17,1670,1
26°C,扩容,guang3zhou1shi4,2040 RCP 8.5,guang3zhou1shi4_2_9_2005_S0,STOREY_18,1670,1
26°C,扩容,guang3zhou1shi4,2040 RCP 8.5,guang3zhou1shi4_2_9_2005_S0,STOREY_19,1670,1
26°C,扩容,guang3zhou1shi4,2040 RCP 8.5,guang3zhou1shi4_2_9_2005_S0,STOREY_20,1670,1
26°C,扩容,guang3zhou1shi4,2040 RCP 8.5,guang3zhou1shi4_2_9_2005_S0,STOREY_21,1670,1
26°C,扩容,guang3zhou1shi4,2040 RCP 8.5,guang3zhou1shi4_2_9_2005_S0,STOREY_22,1670,1
26°C,扩容,guang3zhou1shi4,2040 RCP 8.5,guang3zhou1shi4_2_9_2005_S0,STOREY_23,1670,31
26°C,扩容,guang3zhou1shi4,2040 RCP 8.5,guang3zhou1shi4_2_9_2005_S0,STOREY_0,1670,0
26°C,扩容,guang3zhou1shi4,2060 RCP 2.6,guang3zhou1shi4_1_10_1995_S0,STOREY_1,1670,0
26°C,扩容,guang3zhou1shi4,2060 RCP 2.6,guang3zhou1shi4_1_10_1995_S0,STOREY_2,1670,0
26°C,扩容,guang3zhou1shi4,2060 RCP 2.6,guang3zhou1shi4_1_10_1995_S0,STOREY_3,1670,0
26°C,扩容,guang3zhou1shi4,2060 RCP 2.6,guang3zhou1shi4_1_10_1995_S0,STOREY_4,1670,65
26°C,扩容,guang3zhou1shi4,2060 RCP 2.6,guang3zhou1shi4_1_10_1995_S0,STOREY_0,1670,0
26°C,扩容,guang3zhou1shi4,2060 RCP 2.6,guang3zhou1shi4_1_12_2005_S0,STOREY_1,1670,0
26°C,扩容,guang3zhou1shi4,2060 RCP 2.6,guang3zhou1shi4_1_12_2005_S0,STOREY_2,1670,0
26°C,扩容,guang3zhou1shi4,2060 RCP 2.6,guang3zhou1shi4_1_12_2005_S0,STOREY_3,1670,42
26°C,扩容,guang3zhou1shi4,2060 RCP 2.6,guang3zhou1shi4_1_12_2005_S0,STOREY_0,1670,0
26°C,扩容,guang3zhou1shi4,2060 RCP 2.6,guang3zhou1shi4_1_1_2005_S0,STOREY_1,1670,0
26°C,扩容,guang3zhou1shi4,2060 RCP 2.6,guang3zhou1shi4_1_1_2005_S0,STOREY_2,1670,0
26°C,扩容,guang3zhou1shi4,2060 RCP 2.6,guang3zhou1shi4_1_1_2005_S0,STOREY_3,1670,0
26°C,扩容,guang3zhou1shi4,2060 RCP 2.6,guang3zhou1shi4_1_1_2005_S0,STOREY_4,1670,43
26°C,扩容,guang3zhou1shi4,2060 RCP 2.6,guang3zhou1shi4_1_1_2005_S0,STOREY_0,1670,0
26°C,扩容,guang3zhou1shi4,2060 RCP 2.6,guang3zhou1shi4_1_11_1995_S0,STOREY_1,1670,0
26°C,扩容,guang3zhou1shi4,2060 RCP 2.6,guang3zhou1shi4_1_11_1995_S0,STOREY_2,1670,0
26°C,扩容,guang3zhou1shi4,2060 RCP 2.6,guang3zhou1shi4_1_11_1995_S0,STOREY_3,1670,0
26°C,扩容,guang3zhou1shi4,2060 RCP 2.6,guang3zhou1shi4_1_11_1995_S0,STOREY_4,1670,0
26°C,扩容,guang3zhou1shi4,2060 RCP 2.6,guang3zhou1shi4_1_11_1995_S0,STOREY_5,1670,0
26°C,扩容,guang3zhou1shi4,2060 RCP 2.6,guang3zhou1shi4_1_11_1995_S0,STOREY_6,1670,0
26°C,扩容,guang3zhou1shi4,2060 RCP 2.6,guang3zhou1shi4_1_11_1995_S0,STOREY_7,1670,60
26°C,扩容,guang3zhou1shi4,2060 RCP 2.6,guang3zhou1shi4_1_11_1995_S0,STOREY_0,1670,0
26°C,扩容,guang3zhou1shi4,2060 RCP 2.6,guang3zhou1shi4_1_3_2005_S0,STOREY_1,1670,0
26°C,扩容,guang3zhou1shi4,2060 RCP 2.6,guang3zhou1shi4_1_3_2005_S0,STOREY_2,1670,0
26°C,扩容,guang3zhou1shi4,2060 RCP 2.6,guang3zhou1shi4_1_3_2005_S0,STOREY_3,1670,0
26°C,扩容,guang3zhou1shi4,2060 RCP 2.6,guang3zhou1shi4_1_3_2005_S0,STOREY_4,1670,0
26°C,扩容,guang3zhou1shi4,2060 RCP 2.6,guang3zhou1shi4_1_3_2005_S0,STOREY_5,1670,78
26°C,扩容,guang3zhou1shi4,2060 RCP 2.6,guang3zhou1shi4_1_3_2005_S0,STOREY_0,1670,0
26°C,扩容,guang3zhou1shi4,2060 RCP 2.6,guang3zhou1shi4_1_4_1995_S0,STOREY_1,1670,0
26°C,扩容,guang3zhou1shi4,2060 RCP 2.6,guang3zhou1shi4_1_4_1995_S0,STOREY_2,1670,0
26°C,扩容,guang3zhou1shi4,2060 RCP 2.6,guang3zhou1shi4_1_4_1995_S0,STOREY_3,1670,0
26°C,扩容,guang3zhou1shi4,2060 RCP 2.6,guang3zhou1shi4_1_4_1995_S0,STOREY_4,1670,2
26°C,扩容,guang3zhou1shi4,2060 RCP 2.6,guang3zhou1shi4_1_4_1995_S0,STOREY_5,1670,79
26°C,扩容,guang3zhou1shi4,2060 RCP 2.6,guang3zhou1shi4_1_4_1995_S0,STOREY_0,1670,0
26°C,扩容,guang3zhou1shi4,2060 RCP 2.6,guang3zhou1shi4_1_5_1995_S0,STOREY_1,1670,0
26°C,扩容,guang3zhou1shi4,2060 RCP 2.6,guang3zhou1shi4_1_5_1995_S0,STOREY_2,1670,0
26°C,扩容,guang3zhou1shi4,2060 RCP 2.6,guang3zhou1shi4_1_5_1995_S0,STOREY_3,1670,0
26°C,扩容,guang3zhou1shi4,2060 RCP 2.6,guang3zhou1shi4_1_5_1995_S0,STOREY_4,1670,0
26°C,扩容,guang3zhou1shi4,2060 RCP 2.6,guang3zhou1shi4_1_5_1995_S0,STOREY_5,1670,71
26°C,扩容,guang3zhou1shi4,2060 RCP 2.6,guang3zhou1shi4_1_5_1995_S0,STOREY_0,1670,0
26°C,扩容,guang3zhou1shi4,2060 RCP 2.6,guang3zhou1shi4_1_2_2005_S0,STOREY_1,1670,0
26°C,扩容,guang3zhou1shi4,2060 RCP 2.6,guang3zhou1shi4_1_2_2005_S0,STOREY_2,1670,0
26°C,扩容,guang3zhou1shi4,2060 RCP 2.6,guang3zhou1shi4_1_2_2005_S0,STOREY_3,1670,0
26°C,扩容,guang3zhou1shi4,2060 RCP 2.6,guang3zhou1shi4_1_2_2005_S0,STOREY_4,1670,0
26°C,扩容,guang3zhou1shi4,2060 RCP 2.6,guang3zhou1shi4_1_2_2005_S0,STOREY_5,1670,0
26°C,扩容,guang3zhou1shi4,2060 RCP 2.6,guang3zhou1shi4_1_2_2005_S0,STOREY_6,1670,0
26°C,扩容,guang3zhou1shi4,2060 RCP 2.6,guang3zhou1shi4_1_2_2005_S0,STOREY_7,1670,0
26°C,扩容,guang3zhou1shi4,2060 RCP 2.6,guang3zhou1shi4_1_2_2005_S0,STOREY_8,1670,0
26°C,扩容,guang3zhou1shi4,2060 RCP 2.6,guang3zhou1shi4_1_2_2005_S0,STOREY_9,1670,74
26°C,扩容,guang3zhou1shi4,2060 RCP 2.6,guang3zhou1shi4_1_2_2005_S0,STOREY_0,1670,0
26°C,扩容,guang3zhou1shi4,2060 RCP 2.6,guang3zhou1shi4_1_6_2005_S0,STOREY_1,1670,0
26°C,扩容,guang3zhou1shi4,2060 RCP 2.6,guang3zhou1shi4_1_6_2005_S0,STOREY_2,1670,0
26°C,扩容,guang3zhou1shi4,2060 RCP 2.6,guang3zhou1shi4_1_6_2005_S0,STOREY_3,1670,0
26°C,扩容,guang3zhou1shi4,2060 RCP 2.6,guang3zhou1shi4_1_6_2005_S0,STOREY_4,1670,2
26°C,扩容,guang3zhou1shi4,2060 RCP 2.6,guang3zhou1shi4_1_6_2005_S0,STOREY_5,1670,82
26°C,扩容,guang3zhou1shi4,2060 RCP 2.6,guang3zhou1shi4_1_6_2005_S0,STOREY_0,1670,0
26°C,扩容,guang3zhou1shi4,2060 RCP 2.6,guang3zhou1shi4_1_7_2005_S0,STOREY_1,1670,0
26°C,扩容,guang3zhou1shi4,2060 RCP 2.6,guang3zhou1shi4_1_7_2005_S0,STOREY_2,1670,0
26°C,扩容,guang3zhou1shi4,2060 RCP 2.6,guang3zhou1shi4_1_7_2005_S0,STOREY_3,1670,0
26°C,扩容,guang3zhou1shi4,2060 RCP 2.6,guang3zhou1shi4_1_7_2005_S0,STOREY_4,1670,0
26°C,扩容,guang3zhou1shi4,2060 RCP 2.6,guang3zhou1shi4_1_7_2005_S0,STOREY_5,1670,0
26°C,扩容,guang3zhou1shi4,2060 RCP 2.6,guang3zhou1shi4_1_7_2005_S0,STOREY_6,1670,0
26°C,扩容,guang3zhou1shi4,2060 RCP 2.6,guang3zhou1shi4_1_7_2005_S0,STOREY_7,1670,59
26°C,扩容,guang3zhou1shi4,2060 RCP 2.6,guang3zhou1shi4_1_7_2005_S0,STOREY_0,1670,0
26°C,扩容,guang3zhou1shi4,2060 RCP 2.6,guang3zhou1shi4_1_8_1995_S0,STOREY_1,1670,0
26°C,扩容,guang3zhou1shi4,2060 RCP 2.6,guang3zhou1shi4_1_8_1995_S0,STOREY_2,1670,0
26°C,扩容,guang3zhou1shi4,2060 RCP 2.6,guang3zhou1shi4_1_8_1995_S0,STOREY_3,1670,0
26°C,扩容,guang3zhou1shi4,2060 RCP 2.6,guang3zhou1shi4_1_8_1995_S0,STOREY_4,1670,0
26°C,扩容,guang3zhou1shi4,2060 RCP 2.6,guang3zhou1shi4_1_8_1995_S0,STOREY_5,1670,0
26°C,扩容,guang3zhou1shi4,2060 RCP 2.6,guang3zhou1shi4_1_8_1995_S0,STOREY_6,1670,0
26°C,扩容,guang3zhou1shi4,2060 RCP 2.6,guang3zhou1shi4_1_8_1995_S0,STOREY_7,1670,0
26°C,扩容,guang3zhou1shi4,2060 RCP 2.6,guang3zhou1shi4_1_8_1995_S0,STOREY_8,1670,0
26°C,扩容,guang3zhou1shi4,2060 RCP 2.6,guang3zhou1shi4_1_8_1995_S0,STOREY_9,1670,71
26°C,扩容,guang3zhou1shi4,2060 RCP 2.6,guang3zhou1shi4_1_8_1995_S0,STOREY_0,1670,0
26°C,扩容,guang3zhou1shi4,2060 RCP 2.6,guang3zhou1shi4_1_9_1980_S0,STOREY_1,1670,0
26°C,扩容,guang3zhou1shi4,2060 RCP 2.6,guang3zhou1shi4_1_9_1980_S0,STOREY_2,1670,0
26°C,扩容,guang3zhou1shi4,2060 RCP 2.6,guang3zhou1shi4_1_9_1980_S0,STOREY_3,1670,0
26°C,扩容,guang3zhou1shi4,2060 RCP 2.6,guang3zhou1shi4_1_9_1980_S0,STOREY_4,1670,0
26°C,扩容,guang3zhou1shi4,2060 RCP 2.6,guang3zhou1shi4_1_9_1980_S0,STOREY_5,1670,0
26°C,扩容,guang3zhou1shi4,2060 RCP 2.6,guang3zhou1shi4_1_9_1980_S0,STOREY_6,1670,5
26°C,扩容,guang3zhou1shi4,2060 RCP 2.6,guang3zhou1shi4_1_9_1980_S0,STOREY_7,1670,66
26°C,扩容,guang3zhou1shi4,2060 RCP 2.6,guang3zhou1shi4_1_9_1980_S0,STOREY_0,1670,0
26°C,扩容,guang3zhou1shi4,2060 RCP 2.6,guang3zhou1shi4_2_10_2005_S0,STOREY_1,1670,0
26°C,扩容,guang3zhou1shi4,2060 RCP 2.6,guang3zhou1shi4_2_10_2005_S0,STOREY_2,1670,0
26°C,扩容,guang3zhou1shi4,2060 RCP 2.6,guang3zhou1shi4_2_10_2005_S0,STOREY_3,1670,0
26°C,扩容,guang3zhou1shi4,2060 RCP 2.6,guang3zhou1shi4_2_10_2005_S0,STOREY_4,1670,0
26°C,扩容,guang3zhou1shi4,2060 RCP 2.6,guang3zhou1shi4_2_10_2005_S0,STOREY_5,1670,0
26°C,扩容,guang3zhou1shi4,2060 RCP 2.6,guang3zhou1shi4_2_10_2005_S0,STOREY_6,1670,0
26°C,扩容,guang3zhou1shi4,2060 RCP 2.6,guang3zhou1shi4_2_10_2005_S0,STOREY_7,1670,0
26°C,扩容,guang3zhou1shi4,2060 RCP 2.6,guang3zhou1shi4_2_10_2005_S0,STOREY_8,1670,0
26°C,扩容,guang3zhou1shi4,2060 RCP 2.6,guang3zhou1shi4_2_10_2005_S0,STOREY_9,1670,0
26°C,扩容,guang3zhou1shi4,2060 RCP 2.6,guang3zhou1shi4_2_10_2005_S0,STOREY_10,1670,0
26°C,扩容,guang3zhou1shi4,2060 RCP 2.6,guang3zhou1shi4_2_10_2005_S0,STOREY_11,1670,50
26°C,扩容,guang3zhou1shi4,2060 RCP 2.6,guang3zhou1shi4_2_10_2005_S0,STOREY_0,1670,0
26°C,扩容,guang3zhou1shi4,2060 RCP 2.6,guang3zhou1shi4_2_11_2005_S0,STOREY_1,1670,0
26°C,扩容,guang3zhou1shi4,2060 RCP 2.6,guang3zhou1shi4_2_11_2005_S0,STOREY_2,1670,0
26°C,扩容,guang3zhou1shi4,2060 RCP 2.6,guang3zhou1shi4_2_11_2005_S0,STOREY_3,1670,0
26°C,扩容,guang3zhou1shi4,2060 RCP 2.6,guang3zhou1shi4_2_11_2005_S0,STOREY_4,1670,0
26°C,扩容,guang3zhou1shi4,2060 RCP 2.6,guang3zhou1shi4_2_11_2005_S0,STOREY_5,1670,0
26°C,扩容,guang3zhou1shi4,2060 RCP 2.6,guang3zhou1shi4_2_11_2005_S0,STOREY_6,1670,0
26°C,扩容,guang3zhou1shi4,2060 RCP 2.6,guang3zhou1shi4_2_11_2005_S0,STOREY_7,1670,0
26°C,扩容,guang3zhou1shi4,2060 RCP 2.6,guang3zhou1shi4_2_11_2005_S0,STOREY_8,1670,0
26°C,扩容,guang3zhou1shi4,2060 RCP 2.6,guang3zhou1shi4_2_11_2005_S0,STOREY_9,1670,0
26°C,扩容,guang3zhou1shi4,2060 RCP 2.6,guang3zhou1shi4_2_11_2005_S0,STOREY_10,1670,0
26°C,扩容,guang3zhou1shi4,2060 RCP 2.6,guang3zhou1shi4_2_11_2005_S0,STOREY_11,1670,0
26°C,扩容,guang3zhou1shi4,2060 RCP 2.6,guang3zhou1shi4_2_11_2005_S0,STOREY_12,1670,0
26°C,扩容,guang3zhou1shi4,2060 RCP 2.6,guang3zhou1shi4_2_11_2005_S0,STOREY_13,1670,0
26°C,扩容,guang3zhou1shi4,2060 RCP 2.6,guang3zhou1shi4_2_11_2005_S0,STOREY_14,1670,0
26°C,扩容,guang3zhou1shi4,2060 RCP 2.6,guang3zhou1shi4_2_11_2005_S0,STOREY_15,1670,48
26°C,扩容,guang3zhou1shi4,2060 RCP 2.6,guang3zhou1shi4_2_11_2005_S0,STOREY_0,1670,0
26°C,扩容,guang3zhou1shi4,2060 RCP 2.6,guang3zhou1shi4_2_12_2015_S0,STOREY_1,1670,0
26°C,扩容,guang3zhou1shi4,2060 RCP 2.6,guang3zhou1shi4_2_12_2015_S0,STOREY_2,1670,0
26°C,扩容,guang3zhou1shi4,2060 RCP 2.6,guang3zhou1shi4_2_12_2015_S0,STOREY_3,1670,0
26°C,扩容,guang3zhou1shi4,2060 RCP 2.6,guang3zhou1shi4_2_12_2015_S0,STOREY_4,1670,0
26°C,扩容,guang3zhou1shi4,2060 RCP 2.6,guang3zhou1shi4_2_12_2015_S0,STOREY_5,1670,0
26°C,扩容,guang3zhou1shi4,2060 RCP 2.6,guang3zhou1shi4_2_12_2015_S0,STOREY_6,1670,0
26°C,扩容,guang3zhou1shi4,2060 RCP 2.6,guang3zhou1shi4_2_12_2015_S0,STOREY_7,1670,0
26°C,扩容,guang3zhou1shi4,2060 RCP 2.6,guang3zhou1shi4_2_12_2015_S0,STOREY_8,1670,0
26°C,扩容,guang3zhou1shi4,2060 RCP 2.6,guang3zhou1shi4_2_12_2015_S0,STOREY_9,1670,0
26°C,扩容,guang3zhou1shi4,2060 RCP 2.6,guang3zhou1shi4_2_12_2015_S0,STOREY_10,1670,0
26°C,扩容,guang3zhou1shi4,2060 RCP 2.6,guang3zhou1shi4_2_12_2015_S0,STOREY_11,1670,0
26°C,扩容,guang3zhou1shi4,2060 RCP 2.6,guang3zhou1shi4_2_12_2015_S0,STOREY_12,1670,0
26°C,扩容,guang3zhou1shi4,2060 RCP 2.6,guang3zhou1shi4_2_12_2015_S0,STOREY_13,1670,0
26°C,扩容,guang3zhou1shi4,2060 RCP 2.6,guang3zhou1shi4_2_12_2015_S0,STOREY_14,1670,0
26°C,扩容,guang3zhou1shi4,2060 RCP 2.6,guang3zhou1shi4_2_12_2015_S0,STOREY_15,1670,0
26°C,扩容,guang3zhou1shi4,2060 RCP 2.6,guang3zhou1shi4_2_12_2015_S0,STOREY_16,1670,0
26°C,扩容,guang3zhou1shi4,2060 RCP 2.6,guang3zhou1shi4_2_12_2015_S0,STOREY_17,1670,0
26°C,扩容,guang3zhou1shi4,2060 RCP 2.6,guang3zhou1shi4_2_12_2015_S0,STOREY_18,1670,0
26°C,扩容,guang3zhou1shi4,2060 RCP 2.6,guang3zhou1shi4_2_12_2015_S0,STOREY_19,1670,0
26°C,扩容,guang3zhou1shi4,2060 RCP 2.6,guang3zhou1shi4_2_12_2015_S0,STOREY_20,1670,0
26°C,扩容,guang3zhou1shi4,2060 RCP 2.6,guang3zhou1shi4_2_12_2015_S0,STOREY_21,1670,31
26°C,扩容,guang3zhou1shi4,2060 RCP 2.6,guang3zhou1shi4_2_12_2015_S0,STOREY_0,1670,0
26°C,扩容,guang3zhou1shi4,2060 RCP 2.6,guang3zhou1shi4_2_2_1995_S0,STOREY_1,1670,0
26°C,扩容,guang3zhou1shi4,2060 RCP 2.6,guang3zhou1shi4_2_2_1995_S0,STOREY_2,1670,0
26°C,扩容,guang3zhou1shi4,2060 RCP 2.6,guang3zhou1shi4_2_2_1995_S0,STOREY_3,1670,0
26°C,扩容,guang3zhou1shi4,2060 RCP 2.6,guang3zhou1shi4_2_2_1995_S0,STOREY_4,1670,0
26°C,扩容,guang3zhou1shi4,2060 RCP 2.6,guang3zhou1shi4_2_2_1995_S0,STOREY_5,1670,0
26°C,扩容,guang3zhou1shi4,2060 RCP 2.6,guang3zhou1shi4_2_2_1995_S0,STOREY_6,1670,0
26°C,扩容,guang3zhou1shi4,2060 RCP 2.6,guang3zhou1shi4_2_2_1995_S0,STOREY_7,1670,0
26°C,扩容,guang3zhou1shi4,2060 RCP 2.6,guang3zhou1shi4_2_2_1995_S0,STOREY_8,1670,0
26°C,扩容,guang3zhou1shi4,2060 RCP 2.6,guang3zhou1shi4_2_2_1995_S0,STOREY_9,1670,0
26°C,扩容,guang3zhou1shi4,2060 RCP 2.6,guang3zhou1shi4_2_2_1995_S0,STOREY_10,1670,0
26°C,扩容,guang3zhou1shi4,2060 RCP 2.6,guang3zhou1shi4_2_2_1995_S0,STOREY_11,1670,0
26°C,扩容,guang3zhou1shi4,2060 RCP 2.6,guang3zhou1shi4_2_2_1995_S0,STOREY_12,1670,0
26°C,扩容,guang3zhou1shi4,2060 RCP 2.6,guang3zhou1shi4_2_2_1995_S0,STOREY_13,1670,0
26°C,扩容,guang3zhou1shi4,2060 RCP 2.6,guang3zhou1shi4_2_2_1995_S0,STOREY_14,1670,0
26°C,扩容,guang3zhou1shi4,2060 RCP 2.6,guang3zhou1shi4_2_2_1995_S0,STOREY_15,1670,0
26°C,扩容,guang3zhou1shi4,2060 RCP 2.6,guang3zhou1shi4_2_2_1995_S0,STOREY_16,1670,0
26°C,扩容,guang3zhou1shi4,2060 RCP 2.6,guang3zhou1shi4_2_2_1995_S0,STOREY_17,1670,0
26°C,扩容,guang3zhou1shi4,2060 RCP 2.6,guang3zhou1shi4_2_2_1995_S0,STOREY_18,1670,0
26°C,扩容,guang3zhou1shi4,2060 RCP 2.6,guang3zhou1shi4_2_2_1995_S0,STOREY_19,1670,79
26°C,扩容,guang3zhou1shi4,2060 RCP 2.6,guang3zhou1shi4_2_2_1995_S0,STOREY_0,1670,0
26°C,扩容,guang3zhou1shi4,2060 RCP 2.6,guang3zhou1shi4_2_1_2015_S0,STOREY_1,1670,0
26°C,扩容,guang3zhou1shi4,2060 RCP 2.6,guang3zhou1shi4_2_1_2015_S0,STOREY_2,1670,0
26°C,扩容,guang3zhou1shi4,2060 RCP 2.6,guang3zhou1shi4_2_1_2015_S0,STOREY_3,1670,0
26°C,扩容,guang3zhou1shi4,2060 RCP 2.6,guang3zhou1shi4_2_1_2015_S0,STOREY_4,1670,0
26°C,扩容,guang3zhou1shi4,2060 RCP 2.6,guang3zhou1shi4_2_1_2015_S0,STOREY_5,1670,0
26°C,扩容,guang3zhou1shi4,2060 RCP 2.6,guang3zhou1shi4_2_1_2015_S0,STOREY_6,1670,0
26°C,扩容,guang3zhou1shi4,2060 RCP 2.6,guang3zhou1shi4_2_1_2015_S0,STOREY_7,1670,0
26°C,扩容,guang3zhou1shi4,2060 RCP 2.6,guang3zhou1shi4_2_1_2015_S0,STOREY_8,1670,0
26°C,扩容,guang3zhou1shi4,2060 RCP 2.6,guang3zhou1shi4_2_1_2015_S0,STOREY_9,1670,0
26°C,扩容,guang3zhou1shi4,2060 RCP 2.6,guang3zhou1shi4_2_1_2015_S0,STOREY_10,1670,0
26°C,扩容,guang3zhou1shi4,2060 RCP 2.6,guang3zhou1shi4_2_1_2015_S0,STOREY_11,1670,0
26°C,扩容,guang3zhou1shi4,2060 RCP 2.6,guang3zhou1shi4_2_1_2015_S0,STOREY_12,1670,0
26°C,扩容,guang3zhou1shi4,2060 RCP 2.6,guang3zhou1shi4_2_1_2015_S0,STOREY_13,1670,0
26°C,扩容,guang3zhou1shi4,2060 RCP 2.6,guang3zhou1shi4_2_1_2015_S0,STOREY_14,1670,0
26°C,扩容,guang3zhou1shi4,2060 RCP 2.6,guang3zhou1shi4_2_1_2015_S0,STOREY_15,1670,0
26°C,扩容,guang3zhou1shi4,2060 RCP 2.6,guang3zhou1shi4_2_1_2015_S0,STOREY_16,1670,0
26°C,扩容,guang3zhou1shi4,2060 RCP 2.6,guang3zhou1shi4_2_1_2015_S0,STOREY_17,1670,0
26°C,扩容,guang3zhou1shi4,2060 RCP 2.6,guang3zhou1shi4_2_1_2015_S0,STOREY_18,1670,0
26°C,扩容,guang3zhou1shi4,2060 RCP 2.6,guang3zhou1shi4_2_1_2015_S0,STOREY_19,1670,0
26°C,扩容,guang3zhou1shi4,2060 RCP 2.6,guang3zhou1shi4_2_1_2015_S0,STOREY_20,1670,0
26°C,扩容,guang3zhou1shi4,2060 RCP 2.6,guang3zhou1shi4_2_1_2015_S0,STOREY_21,1670,0
26°C,扩容,guang3zhou1shi4,2060 RCP 2.6,guang3zhou1shi4_2_1_2015_S0,STOREY_22,1670,0
26°C,扩容,guang3zhou1shi4,2060 RCP 2.6,guang3zhou1shi4_2_1_2015_S0,STOREY_23,1670,0
26°C,扩容,guang3zhou1shi4,2060 RCP 2.6,guang3zhou1shi4_2_1_2015_S0,STOREY_24,1670,0
26°C,扩容,guang3zhou1shi4,2060 RCP 2.6,guang3zhou1shi4_2_1_2015_S0,STOREY_25,1670,0
26°C,扩容,guang3zhou1shi4,2060 RCP 2.6,guang3zhou1shi4_2_1_2015_S0,STOREY_26,1670,0
26°C,扩容,guang3zhou1shi4,2060 RCP 2.6,guang3zhou1shi4_2_1_2015_S0,STOREY_27,1670,25
26°C,扩容,guang3zhou1shi4,2060 RCP 2.6,guang3zhou1shi4_2_1_2015_S0,STOREY_0,1670,0
26°C,扩容,guang3zhou1shi4,2060 RCP 2.6,guang3zhou1shi4_2_3_2005_S0,STOREY_1,1670,0
26°C,扩容,guang3zhou1shi4,2060 RCP 2.6,guang3zhou1shi4_2_3_2005_S0,STOREY_2,1670,0
26°C,扩容,guang3zhou1shi4,2060 RCP 2.6,guang3zhou1shi4_2_3_2005_S0,STOREY_3,1670,0
26°C,扩容,guang3zhou1shi4,2060 RCP 2.6,guang3zhou1shi4_2_3_2005_S0,STOREY_4,1670,0
26°C,扩容,guang3zhou1shi4,2060 RCP 2.6,guang3zhou1shi4_2_3_2005_S0,STOREY_5,1670,0
26°C,扩容,guang3zhou1shi4,2060 RCP 2.6,guang3zhou1shi4_2_3_2005_S0,STOREY_6,1670,0
26°C,扩容,guang3zhou1shi4,2060 RCP 2.6,guang3zhou1shi4_2_3_2005_S0,STOREY_7,1670,0
26°C,扩容,guang3zhou1shi4,2060 RCP 2.6,guang3zhou1shi4_2_3_2005_S0,STOREY_8,1670,0
26°C,扩容,guang3zhou1shi4,2060 RCP 2.6,guang3zhou1shi4_2_3_2005_S0,STOREY_9,1670,0
26°C,扩容,guang3zhou1shi4,2060 RCP 2.6,guang3zhou1shi4_2_3_2005_S0,STOREY_10,1670,0
26°C,扩容,guang3zhou1shi4,2060 RCP 2.6,guang3zhou1shi4_2_3_2005_S0,STOREY_11,1670,0
26°C,扩容,guang3zhou1shi4,2060 RCP 2.6,guang3zhou1shi4_2_3_2005_S0,STOREY_12,1670,0
26°C,扩容,guang3zhou1shi4,2060 RCP 2.6,guang3zhou1shi4_2_3_2005_S0,STOREY_13,1670,0
26°C,扩容,guang3zhou1shi4,2060 RCP 2.6,guang3zhou1shi4_2_3_2005_S0,STOREY_14,1670,39
26°C,扩容,guang3zhou1shi4,2060 RCP 2.6,guang3zhou1shi4_2_3_2005_S0,STOREY_0,1670,0
26°C,扩容,guang3zhou1shi4,2060 RCP 2.6,guang3zhou1shi4_2_4_2005_S0,STOREY_1,1670,0
26°C,扩容,guang3zhou1shi4,2060 RCP 2.6,guang3zhou1shi4_2_4_2005_S0,STOREY_2,1670,0
26°C,扩容,guang3zhou1shi4,2060 RCP 2.6,guang3zhou1shi4_2_4_2005_S0,STOREY_3,1670,0
26°C,扩容,guang3zhou1shi4,2060 RCP 2.6,guang3zhou1shi4_2_4_2005_S0,STOREY_4,1670,0
26°C,扩容,guang3zhou1shi4,2060 RCP 2.6,guang3zhou1shi4_2_4_2005_S0,STOREY_5,1670,0
26°C,扩容,guang3zhou1shi4,2060 RCP 2.6,guang3zhou1shi4_2_4_2005_S0,STOREY_6,1670,0
26°C,扩容,guang3zhou1shi4,2060 RCP 2.6,guang3zhou1shi4_2_4_2005_S0,STOREY_7,1670,0
26°C,扩容,guang3zhou1shi4,2060 RCP 2.6,guang3zhou1shi4_2_4_2005_S0,STOREY_8,1670,0
26°C,扩容,guang3zhou1shi4,2060 RCP 2.6,guang3zhou1shi4_2_4_2005_S0,STOREY_9,1670,0
26°C,扩容,guang3zhou1shi4,2060 RCP 2.6,guang3zhou1shi4_2_4_2005_S0,STOREY_10,1670,0
26°C,扩容,guang3zhou1shi4,2060 RCP 2.6,guang3zhou1shi4_2_4_2005_S0,STOREY_11,1670,58
26°C,扩容,guang3zhou1shi4,2060 RCP 2.6,guang3zhou1shi4_2_4_2005_S0,STOREY_0,1670,0
26°C,扩容,guang3zhou1shi4,2060 RCP 2.6,guang3zhou1shi4_2_5_2015_S0,STOREY_1,1670,0
26°C,扩容,guang3zhou1shi4,2060 RCP 2.6,guang3zhou1shi4_2_5_2015_S0,STOREY_2,1670,0
26°C,扩容,guang3zhou1shi4,2060 RCP 2.6,guang3zhou1shi4_2_5_2015_S0,STOREY_3,1670,0
26°C,扩容,guang3zhou1shi4,2060 RCP 2.6,guang3zhou1shi4_2_5_2015_S0,STOREY_4,1670,0
26°C,扩容,guang3zhou1shi4,2060 RCP 2.6,guang3zhou1shi4_2_5_2015_S0,STOREY_5,1670,0
26°C,扩容,guang3zhou1shi4,2060 RCP 2.6,guang3zhou1shi4_2_5_2015_S0,STOREY_6,1670,0
26°C,扩容,guang3zhou1shi4,2060 RCP 2.6,guang3zhou1shi4_2_5_2015_S0,STOREY_7,1670,0
26°C,扩容,guang3zhou1shi4,2060 RCP 2.6,guang3zhou1shi4_2_5_2015_S0,STOREY_8,1670,0
26°C,扩容,guang3zhou1shi4,2060 RCP 2.6,guang3zhou1shi4_2_5_2015_S0,STOREY_9,1670,0
26°C,扩容,guang3zhou1shi4,2060 RCP 2.6,guang3zhou1shi4_2_5_2015_S0,STOREY_10,1670,0
26°C,扩容,guang3zhou1shi4,2060 RCP 2.6,guang3zhou1shi4_2_5_2015_S0,STOREY_11,1670,0
26°C,扩容,guang3zhou1shi4,2060 RCP 2.6,guang3zhou1shi4_2_5_2015_S0,STOREY_12,1670,0
26°C,扩容,guang3zhou1shi4,2060 RCP 2.6,guang3zhou1shi4_2_5_2015_S0,STOREY_13,1670,0
26°C,扩容,guang3zhou1shi4,2060 RCP 2.6,guang3zhou1shi4_2_5_2015_S0,STOREY_14,1670,39
26°C,扩容,guang3zhou1shi4,2060 RCP 2.6,guang3zhou1shi4_2_5_2015_S0,STOREY_0,1670,0
26°C,扩容,guang3zhou1shi4,2060 RCP 2.6,guang3zhou1shi4_2_6_2005_S0,STOREY_1,1670,0
26°C,扩容,guang3zhou1shi4,2060 RCP 2.6,guang3zhou1shi4_2_6_2005_S0,STOREY_2,1670,0
26°C,扩容,guang3zhou1shi4,2060 RCP 2.6,guang3zhou1shi4_2_6_2005_S0,STOREY_3,1670,0
26°C,扩容,guang3zhou1shi4,2060 RCP 2.6,guang3zhou1shi4_2_6_2005_S0,STOREY_4,1670,0
26°C,扩容,guang3zhou1shi4,2060 RCP 2.6,guang3zhou1shi4_2_6_2005_S0,STOREY_5,1670,0
26°C,扩容,guang3zhou1shi4,2060 RCP 2.6,guang3zhou1shi4_2_6_2005_S0,STOREY_6,1670,0
26°C,扩容,guang3zhou1shi4,2060 RCP 2.6,guang3zhou1shi4_2_6_2005_S0,STOREY_7,1670,0
26°C,扩容,guang3zhou1shi4,2060 RCP 2.6,guang3zhou1shi4_2_6_2005_S0,STOREY_8,1670,0
26°C,扩容,guang3zhou1shi4,2060 RCP 2.6,guang3zhou1shi4_2_6_2005_S0,STOREY_9,1670,0
26°C,扩容,guang3zhou1shi4,2060 RCP 2.6,guang3zhou1shi4_2_6_2005_S0,STOREY_10,1670,0
26°C,扩容,guang3zhou1shi4,2060 RCP 2.6,guang3zhou1shi4_2_6_2005_S0,STOREY_11,1670,0
26°C,扩容,guang3zhou1shi4,2060 RCP 2.6,guang3zhou1shi4_2_6_2005_S0,STOREY_12,1670,0
26°C,扩容,guang3zhou1shi4,2060 RCP 2.6,guang3zhou1shi4_2_6_2005_S0,STOREY_13,1670,0
26°C,扩容,guang3zhou1shi4,2060 RCP 2.6,guang3zhou1shi4_2_6_2005_S0,STOREY_14,1670,40
26°C,扩容,guang3zhou1shi4,2060 RCP 2.6,guang3zhou1shi4_2_6_2005_S0,STOREY_0,1670,0
26°C,扩容,guang3zhou1shi4,2060 RCP 4.5,guang3zhou1shi4_0_10_1980_S0,STOREY_1,1670,7
26°C,扩容,guang3zhou1shi4,2060 RCP 4.5,guang3zhou1shi4_0_10_1980_S0,STOREY_2,1670,91
26°C,扩容,guang3zhou1shi4,2060 RCP 4.5,guang3zhou1shi4_0_10_1980_S0,STOREY_0,1670,0
26°C,扩容,guang3zhou1shi4,2060 RCP 2.6,guang3zhou1shi4_2_7_2015_S0,STOREY_1,1670,0
26°C,扩容,guang3zhou1shi4,2060 RCP 2.6,guang3zhou1shi4_2_7_2015_S0,STOREY_2,1670,0
26°C,扩容,guang3zhou1shi4,2060 RCP 2.6,guang3zhou1shi4_2_7_2015_S0,STOREY_3,1670,0
26°C,扩容,guang3zhou1shi4,2060 RCP 2.6,guang3zhou1shi4_2_7_2015_S0,STOREY_4,1670,0
26°C,扩容,guang3zhou1shi4,2060 RCP 2.6,guang3zhou1shi4_2_7_2015_S0,STOREY_5,1670,0
26°C,扩容,guang3zhou1shi4,2060 RCP 2.6,guang3zhou1shi4_2_7_2015_S0,STOREY_6,1670,0
26°C,扩容,guang3zhou1shi4,2060 RCP 2.6,guang3zhou1shi4_2_7_2015_S0,STOREY_7,1670,0
26°C,扩容,guang3zhou1shi4,2060 RCP 2.6,guang3zhou1shi4_2_7_2015_S0,STOREY_8,1670,0
26°C,扩容,guang3zhou1shi4,2060 RCP 2.6,guang3zhou1shi4_2_7_2015_S0,STOREY_9,1670,0
26°C,扩容,guang3zhou1shi4,2060 RCP 2.6,guang3zhou1shi4_2_7_2015_S0,STOREY_10,1670,0
26°C,扩容,guang3zhou1shi4,2060 RCP 2.6,guang3zhou1shi4_2_7_2015_S0,STOREY_11,1670,0
26°C,扩容,guang3zhou1shi4,2060 RCP 2.6,guang3zhou1shi4_2_7_2015_S0,STOREY_12,1670,0
26°C,扩容,guang3zhou1shi4,2060 RCP 2.6,guang3zhou1shi4_2_7_2015_S0,STOREY_13,1670,0
26°C,扩容,guang3zhou1shi4,2060 RCP 2.6,guang3zhou1shi4_2_7_2015_S0,STOREY_14,1670,0
26°C,扩容,guang3zhou1shi4,2060 RCP 2.6,guang3zhou1shi4_2_7_2015_S0,STOREY_15,1670,0
26°C,扩容,guang3zhou1shi4,2060 RCP 2.6,guang3zhou1shi4_2_7_2015_S0,STOREY_16,1670,0
26°C,扩容,guang3zhou1shi4,2060 RCP 2.6,guang3zhou1shi4_2_7_2015_S0,STOREY_17,1670,0
26°C,扩容,guang3zhou1shi4,2060 RCP 2.6,guang3zhou1shi4_2_7_2015_S0,STOREY_18,1670,0
26°C,扩容,guang3zhou1shi4,2060 RCP 2.6,guang3zhou1shi4_2_7_2015_S0,STOREY_19,1670,25
26°C,扩容,guang3zhou1shi4,2060 RCP 2.6,guang3zhou1shi4_2_7_2015_S0,STOREY_0,1670,0
26°C,扩容,guang3zhou1shi4,2060 RCP 4.5,guang3zhou1shi4_0_11_1995_S0,STOREY_1,1670,4
26°C,扩容,guang3zhou1shi4,2060 RCP 4.5,guang3zhou1shi4_0_11_1995_S0,STOREY_2,1670,83
26°C,扩容,guang3zhou1shi4,2060 RCP 4.5,guang3zhou1shi4_0_11_1995_S0,STOREY_0,1670,0
26°C,扩容,guang3zhou1shi4,2060 RCP 4.5,guang3zhou1shi4_0_1_1995_S0,STOREY_1,1670,23
26°C,扩容,guang3zhou1shi4,2060 RCP 4.5,guang3zhou1shi4_0_1_1995_S0,STOREY_2,1670,113
26°C,扩容,guang3zhou1shi4,2060 RCP 4.5,guang3zhou1shi4_0_1_1995_S0,STOREY_0,1670,1
26°C,扩容,guang3zhou1shi4,2060 RCP 4.5,guang3zhou1shi4_0_12_1980_S0,STOREY_1,1670,1
26°C,扩容,guang3zhou1shi4,2060 RCP 4.5,guang3zhou1shi4_0_12_1980_S0,STOREY_2,1670,2
26°C,扩容,guang3zhou1shi4,2060 RCP 4.5,guang3zhou1shi4_0_12_1980_S0,STOREY_3,1670,5
26°C,扩容,guang3zhou1shi4,2060 RCP 4.5,guang3zhou1shi4_0_12_1980_S0,STOREY_4,1670,30
26°C,扩容,guang3zhou1shi4,2060 RCP 4.5,guang3zhou1shi4_0_12_1980_S0,STOREY_0,1670,0
26°C,扩容,guang3zhou1shi4,2060 RCP 4.5,guang3zhou1shi4_0_2_1980_S0,STOREY_1,1670,3
26°C,扩容,guang3zhou1shi4,2060 RCP 4.5,guang3zhou1shi4_0_2_1980_S0,STOREY_2,1670,61
26°C,扩容,guang3zhou1shi4,2060 RCP 4.5,guang3zhou1shi4_0_2_1980_S0,STOREY_0,1670,0
26°C,扩容,guang3zhou1shi4,2060 RCP 4.5,guang3zhou1shi4_0_3_1980_S0,STOREY_1,1670,31
26°C,扩容,guang3zhou1shi4,2060 RCP 4.5,guang3zhou1shi4_0_3_1980_S0,STOREY_0,1670,0
26°C,扩容,guang3zhou1shi4,2060 RCP 4.5,guang3zhou1shi4_0_4_1980_S0,STOREY_1,1670,90
26°C,扩容,guang3zhou1shi4,2060 RCP 4.5,guang3zhou1shi4_0_4_1980_S0,STOREY_2,1670,122
26°C,扩容,guang3zhou1shi4,2060 RCP 4.5,guang3zhou1shi4_0_4_1980_S0,STOREY_0,1670,0
26°C,扩容,guang3zhou1shi4,2060 RCP 2.6,guang3zhou1shi4_2_8_2005_S0,STOREY_1,1670,0
26°C,扩容,guang3zhou1shi4,2060 RCP 2.6,guang3zhou1shi4_2_8_2005_S0,STOREY_2,1670,0
26°C,扩容,guang3zhou1shi4,2060 RCP 2.6,guang3zhou1shi4_2_8_2005_S0,STOREY_3,1670,0
26°C,扩容,guang3zhou1shi4,2060 RCP 2.6,guang3zhou1shi4_2_8_2005_S0,STOREY_4,1670,0
26°C,扩容,guang3zhou1shi4,2060 RCP 2.6,guang3zhou1shi4_2_8_2005_S0,STOREY_5,1670,0
26°C,扩容,guang3zhou1shi4,2060 RCP 2.6,guang3zhou1shi4_2_8_2005_S0,STOREY_6,1670,0
26°C,扩容,guang3zhou1shi4,2060 RCP 2.6,guang3zhou1shi4_2_8_2005_S0,STOREY_7,1670,0
26°C,扩容,guang3zhou1shi4,2060 RCP 2.6,guang3zhou1shi4_2_8_2005_S0,STOREY_8,1670,0
26°C,扩容,guang3zhou1shi4,2060 RCP 2.6,guang3zhou1shi4_2_8_2005_S0,STOREY_9,1670,0
26°C,扩容,guang3zhou1shi4,2060 RCP 2.6,guang3zhou1shi4_2_8_2005_S0,STOREY_10,1670,0
26°C,扩容,guang3zhou1shi4,2060 RCP 2.6,guang3zhou1shi4_2_8_2005_S0,STOREY_11,1670,0
26°C,扩容,guang3zhou1shi4,2060 RCP 2.6,guang3zhou1shi4_2_8_2005_S0,STOREY_12,1670,0
26°C,扩容,guang3zhou1shi4,2060 RCP 2.6,guang3zhou1shi4_2_8_2005_S0,STOREY_13,1670,0
26°C,扩容,guang3zhou1shi4,2060 RCP 2.6,guang3zhou1shi4_2_8_2005_S0,STOREY_14,1670,0
26°C,扩容,guang3zhou1shi4,2060 RCP 2.6,guang3zhou1shi4_2_8_2005_S0,STOREY_15,1670,0
26°C,扩容,guang3zhou1shi4,2060 RCP 2.6,guang3zhou1shi4_2_8_2005_S0,STOREY_16,1670,0
26°C,扩容,guang3zhou1shi4,2060 RCP 2.6,guang3zhou1shi4_2_8_2005_S0,STOREY_17,1670,0
26°C,扩容,guang3zhou1shi4,2060 RCP 2.6,guang3zhou1shi4_2_8_2005_S0,STOREY_18,1670,0
26°C,扩容,guang3zhou1shi4,2060 RCP 2.6,guang3zhou1shi4_2_8_2005_S0,STOREY_19,1670,0
26°C,扩容,guang3zhou1shi4,2060 RCP 2.6,guang3zhou1shi4_2_8_2005_S0,STOREY_20,1670,0
26°C,扩容,guang3zhou1shi4,2060 RCP 2.6,guang3zhou1shi4_2_8_2005_S0,STOREY_21,1670,0
26°C,扩容,guang3zhou1shi4,2060 RCP 2.6,guang3zhou1shi4_2_8_2005_S0,STOREY_22,1670,0
26°C,扩容,guang3zhou1shi4,2060 RCP 2.6,guang3zhou1shi4_2_8_2005_S0,STOREY_23,1670,0
26°C,扩容,guang3zhou1shi4,2060 RCP 2.6,guang3zhou1shi4_2_8_2005_S0,STOREY_24,1670,0
26°C,扩容,guang3zhou1shi4,2060 RCP 2.6,guang3zhou1shi4_2_8_2005_S0,STOREY_25,1670,0
26°C,扩容,guang3zhou1shi4,2060 RCP 2.6,guang3zhou1shi4_2_8_2005_S0,STOREY_26,1670,0
26°C,扩容,guang3zhou1shi4,2060 RCP 2.6,guang3zhou1shi4_2_8_2005_S0,STOREY_27,1670,32
26°C,扩容,guang3zhou1shi4,2060 RCP 2.6,guang3zhou1shi4_2_8_2005_S0,STOREY_0,1670,0
26°C,扩容,guang3zhou1shi4,2060 RCP 4.5,guang3zhou1shi4_0_6_1995_S0,STOREY_0,1670,0
26°C,扩容,guang3zhou1shi4,2060 RCP 4.5,guang3zhou1shi4_0_5_1980_S0,STOREY_1,1670,1
26°C,扩容,guang3zhou1shi4,2060 RCP 4.5,guang3zhou1shi4_0_5_1980_S0,STOREY_2,1670,24
26°C,扩容,guang3zhou1shi4,2060 RCP 4.5,guang3zhou1shi4_0_5_1980_S0,STOREY_0,1670,0
26°C,扩容,guang3zhou1shi4,2060 RCP 4.5,guang3zhou1shi4_0_7_1980_S0,STOREY_0,1670,0
26°C,扩容,guang3zhou1shi4,2060 RCP 4.5,guang3zhou1shi4_0_8_1980_S0,STOREY_0,1670,0
26°C,扩容,guang3zhou1shi4,2060 RCP 4.5,guang3zhou1shi4_0_9_1980_S0,STOREY_0,1670,0
26°C,扩容,guang3zhou1shi4,2060 RCP 2.6,guang3zhou1shi4_2_9_2005_S0,STOREY_1,1670,0
26°C,扩容,guang3zhou1shi4,2060 RCP 2.6,guang3zhou1shi4_2_9_2005_S0,STOREY_2,1670,0
26°C,扩容,guang3zhou1shi4,2060 RCP 2.6,guang3zhou1shi4_2_9_2005_S0,STOREY_3,1670,0
26°C,扩容,guang3zhou1shi4,2060 RCP 2.6,guang3zhou1shi4_2_9_2005_S0,STOREY_4,1670,0
26°C,扩容,guang3zhou1shi4,2060 RCP 2.6,guang3zhou1shi4_2_9_2005_S0,STOREY_5,1670,0
26°C,扩容,guang3zhou1shi4,2060 RCP 2.6,guang3zhou1shi4_2_9_2005_S0,STOREY_6,1670,0
26°C,扩容,guang3zhou1shi4,2060 RCP 2.6,guang3zhou1shi4_2_9_2005_S0,STOREY_7,1670,0
26°C,扩容,guang3zhou1shi4,2060 RCP 2.6,guang3zhou1shi4_2_9_2005_S0,STOREY_8,1670,0
26°C,扩容,guang3zhou1shi4,2060 RCP 2.6,guang3zhou1shi4_2_9_2005_S0,STOREY_9,1670,0
26°C,扩容,guang3zhou1shi4,2060 RCP 2.6,guang3zhou1shi4_2_9_2005_S0,STOREY_10,1670,0
26°C,扩容,guang3zhou1shi4,2060 RCP 2.6,guang3zhou1shi4_2_9_2005_S0,STOREY_11,1670,0
26°C,扩容,guang3zhou1shi4,2060 RCP 2.6,guang3zhou1shi4_2_9_2005_S0,STOREY_12,1670,0
26°C,扩容,guang3zhou1shi4,2060 RCP 2.6,guang3zhou1shi4_2_9_2005_S0,STOREY_13,1670,0
26°C,扩容,guang3zhou1shi4,2060 RCP 2.6,guang3zhou1shi4_2_9_2005_S0,STOREY_14,1670,0
26°C,扩容,guang3zhou1shi4,2060 RCP 2.6,guang3zhou1shi4_2_9_2005_S0,STOREY_15,1670,0
26°C,扩容,guang3zhou1shi4,2060 RCP 2.6,guang3zhou1shi4_2_9_2005_S0,STOREY_16,1670,0
26°C,扩容,guang3zhou1shi4,2060 RCP 2.6,guang3zhou1shi4_2_9_2005_S0,STOREY_17,1670,0
26°C,扩容,guang3zhou1shi4,2060 RCP 2.6,guang3zhou1shi4_2_9_2005_S0,STOREY_18,1670,0
26°C,扩容,guang3zhou1shi4,2060 RCP 2.6,guang3zhou1shi4_2_9_2005_S0,STOREY_19,1670,0
26°C,扩容,guang3zhou1shi4,2060 RCP 2.6,guang3zhou1shi4_2_9_2005_S0,STOREY_20,1670,0
26°C,扩容,guang3zhou1shi4,2060 RCP 2.6,guang3zhou1shi4_2_9_2005_S0,STOREY_21,1670,0
26°C,扩容,guang3zhou1shi4,2060 RCP 2.6,guang3zhou1shi4_2_9_2005_S0,STOREY_22,1670,0
26°C,扩容,guang3zhou1shi4,2060 RCP 2.6,guang3zhou1shi4_2_9_2005_S0,STOREY_23,1670,48
26°C,扩容,guang3zhou1shi4,2060 RCP 2.6,guang3zhou1shi4_2_9_2005_S0,STOREY_0,1670,0
26°C,扩容,guang3zhou1shi4,2060 RCP 4.5,guang3zhou1shi4_1_12_2005_S0,STOREY_1,1670,1
26°C,扩容,guang3zhou1shi4,2060 RCP 4.5,guang3zhou1shi4_1_12_2005_S0,STOREY_2,1670,3
26°C,扩容,guang3zhou1shi4,2060 RCP 4.5,guang3zhou1shi4_1_12_2005_S0,STOREY_3,1670,41
26°C,扩容,guang3zhou1shi4,2060 RCP 4.5,guang3zhou1shi4_1_12_2005_S0,STOREY_0,1670,0
26°C,扩容,guang3zhou1shi4,2060 RCP 4.5,guang3zhou1shi4_1_10_1995_S0,STOREY_1,1670,4
26°C,扩容,guang3zhou1shi4,2060 RCP 4.5,guang3zhou1shi4_1_10_1995_S0,STOREY_2,1670,7
26°C,扩容,guang3zhou1shi4,2060 RCP 4.5,guang3zhou1shi4_1_10_1995_S0,STOREY_3,1670,9
26°C,扩容,guang3zhou1shi4,2060 RCP 4.5,guang3zhou1shi4_1_10_1995_S0,STOREY_4,1670,71
26°C,扩容,guang3zhou1shi4,2060 RCP 4.5,guang3zhou1shi4_1_10_1995_S0,STOREY_0,1670,0
26°C,扩容,guang3zhou1shi4,2060 RCP 4.5,guang3zhou1shi4_1_1_2005_S0,STOREY_1,1670,2
26°C,扩容,guang3zhou1shi4,2060 RCP 4.5,guang3zhou1shi4_1_1_2005_S0,STOREY_2,1670,3
26°C,扩容,guang3zhou1shi4,2060 RCP 4.5,guang3zhou1shi4_1_1_2005_S0,STOREY_3,1670,4
26°C,扩容,guang3zhou1shi4,2060 RCP 4.5,guang3zhou1shi4_1_1_2005_S0,STOREY_4,1670,46
26°C,扩容,guang3zhou1shi4,2060 RCP 4.5,guang3zhou1shi4_1_1_2005_S0,STOREY_0,1670,0
26°C,扩容,guang3zhou1shi4,2060 RCP 4.5,guang3zhou1shi4_1_11_1995_S0,STOREY_1,1670,3
26°C,扩容,guang3zhou1shi4,2060 RCP 4.5,guang3zhou1shi4_1_11_1995_S0,STOREY_2,1670,4
26°C,扩容,guang3zhou1shi4,2060 RCP 4.5,guang3zhou1shi4_1_11_1995_S0,STOREY_3,1670,5
26°C,扩容,guang3zhou1shi4,2060 RCP 4.5,guang3zhou1shi4_1_11_1995_S0,STOREY_4,1670,5
26°C,扩容,guang3zhou1shi4,2060 RCP 4.5,guang3zhou1shi4_1_11_1995_S0,STOREY_5,1670,5
26°C,扩容,guang3zhou1shi4,2060 RCP 4.5,guang3zhou1shi4_1_11_1995_S0,STOREY_6,1670,6
26°C,扩容,guang3zhou1shi4,2060 RCP 4.5,guang3zhou1shi4_1_11_1995_S0,STOREY_7,1670,62
26°C,扩容,guang3zhou1shi4,2060 RCP 4.5,guang3zhou1shi4_1_11_1995_S0,STOREY_0,1670,0
26°C,扩容,guang3zhou1shi4,2060 RCP 4.5,guang3zhou1shi4_1_3_2005_S0,STOREY_1,1670,6
26°C,扩容,guang3zhou1shi4,2060 RCP 4.5,guang3zhou1shi4_1_3_2005_S0,STOREY_2,1670,10
26°C,扩容,guang3zhou1shi4,2060 RCP 4.5,guang3zhou1shi4_1_3_2005_S0,STOREY_3,1670,10
26°C,扩容,guang3zhou1shi4,2060 RCP 4.5,guang3zhou1shi4_1_3_2005_S0,STOREY_4,1670,10
26°C,扩容,guang3zhou1shi4,2060 RCP 4.5,guang3zhou1shi4_1_3_2005_S0,STOREY_5,1670,89
26°C,扩容,guang3zhou1shi4,2060 RCP 4.5,guang3zhou1shi4_1_3_2005_S0,STOREY_0,1670,0
26°C,扩容,guang3zhou1shi4,2060 RCP 4.5,guang3zhou1shi4_1_4_1995_S0,STOREY_1,1670,6
26°C,扩容,guang3zhou1shi4,2060 RCP 4.5,guang3zhou1shi4_1_4_1995_S0,STOREY_2,1670,10
26°C,扩容,guang3zhou1shi4,2060 RCP 4.5,guang3zhou1shi4_1_4_1995_S0,STOREY_3,1670,10
26°C,扩容,guang3zhou1shi4,2060 RCP 4.5,guang3zhou1shi4_1_4_1995_S0,STOREY_4,1670,10
26°C,扩容,guang3zhou1shi4,2060 RCP 4.5,guang3zhou1shi4_1_4_1995_S0,STOREY_5,1670,89
26°C,扩容,guang3zhou1shi4,2060 RCP 4.5,guang3zhou1shi4_1_4_1995_S0,STOREY_0,1670,0
26°C,扩容,guang3zhou1shi4,2060 RCP 4.5,guang3zhou1shi4_1_2_2005_S0,STOREY_1,1670,5
26°C,扩容,guang3zhou1shi4,2060 RCP 4.5,guang3zhou1shi4_1_2_2005_S0,STOREY_2,1670,8
26°C,扩容,guang3zhou1shi4,2060 RCP 4.5,guang3zhou1shi4_1_2_2005_S0,STOREY_3,1670,8
26°C,扩容,guang3zhou1shi4,2060 RCP 4.5,guang3zhou1shi4_1_2_2005_S0,STOREY_4,1670,8
26°C,扩容,guang3zhou1shi4,2060 RCP 4.5,guang3zhou1shi4_1_2_2005_S0,STOREY_5,1670,8
26°C,扩容,guang3zhou1shi4,2060 RCP 4.5,guang3zhou1shi4_1_2_2005_S0,STOREY_6,1670,8
26°C,扩容,guang3zhou1shi4,2060 RCP 4.5,guang3zhou1shi4_1_2_2005_S0,STOREY_7,1670,8
26°C,扩容,guang3zhou1shi4,2060 RCP 4.5,guang3zhou1shi4_1_2_2005_S0,STOREY_8,1670,9
26°C,扩容,guang3zhou1shi4,2060 RCP 4.5,guang3zhou1shi4_1_2_2005_S0,STOREY_9,1670,75
26°C,扩容,guang3zhou1shi4,2060 RCP 4.5,guang3zhou1shi4_1_2_2005_S0,STOREY_0,1670,0
26°C,扩容,guang3zhou1shi4,2060 RCP 4.5,guang3zhou1shi4_1_5_1995_S0,STOREY_1,1670,4
26°C,扩容,guang3zhou1shi4,2060 RCP 4.5,guang3zhou1shi4_1_5_1995_S0,STOREY_2,1670,7
26°C,扩容,guang3zhou1shi4,2060 RCP 4.5,guang3zhou1shi4_1_5_1995_S0,STOREY_3,1670,9
26°C,扩容,guang3zhou1shi4,2060 RCP 4.5,guang3zhou1shi4_1_5_1995_S0,STOREY_4,1670,10
26°C,扩容,guang3zhou1shi4,2060 RCP 4.5,guang3zhou1shi4_1_5_1995_S0,STOREY_5,1670,77
26°C,扩容,guang3zhou1shi4,2060 RCP 4.5,guang3zhou1shi4_1_5_1995_S0,STOREY_0,1670,0
26°C,扩容,guang3zhou1shi4,2060 RCP 4.5,guang3zhou1shi4_1_6_2005_S0,STOREY_1,1670,7
26°C,扩容,guang3zhou1shi4,2060 RCP 4.5,guang3zhou1shi4_1_6_2005_S0,STOREY_2,1670,11
26°C,扩容,guang3zhou1shi4,2060 RCP 4.5,guang3zhou1shi4_1_6_2005_S0,STOREY_3,1670,11
26°C,扩容,guang3zhou1shi4,2060 RCP 4.5,guang3zhou1shi4_1_6_2005_S0,STOREY_4,1670,12
26°C,扩容,guang3zhou1shi4,2060 RCP 4.5,guang3zhou1shi4_1_6_2005_S0,STOREY_5,1670,92
26°C,扩容,guang3zhou1shi4,2060 RCP 4.5,guang3zhou1shi4_1_6_2005_S0,STOREY_0,1670,0
26°C,扩容,guang3zhou1shi4,2060 RCP 4.5,guang3zhou1shi4_1_9_1980_S0,STOREY_1,1670,3
26°C,扩容,guang3zhou1shi4,2060 RCP 4.5,guang3zhou1shi4_1_9_1980_S0,STOREY_2,1670,6
26°C,扩容,guang3zhou1shi4,2060 RCP 4.5,guang3zhou1shi4_1_9_1980_S0,STOREY_3,1670,7
26°C,扩容,guang3zhou1shi4,2060 RCP 4.5,guang3zhou1shi4_1_9_1980_S0,STOREY_4,1670,7
26°C,扩容,guang3zhou1shi4,2060 RCP 4.5,guang3zhou1shi4_1_9_1980_S0,STOREY_5,1670,7
26°C,扩容,guang3zhou1shi4,2060 RCP 4.5,guang3zhou1shi4_1_9_1980_S0,STOREY_6,1670,8
26°C,扩容,guang3zhou1shi4,2060 RCP 4.5,guang3zhou1shi4_1_9_1980_S0,STOREY_7,1670,65
26°C,扩容,guang3zhou1shi4,2060 RCP 4.5,guang3zhou1shi4_1_9_1980_S0,STOREY_0,1670,0
26°C,扩容,guang3zhou1shi4,2060 RCP 4.5,guang3zhou1shi4_1_7_2005_S0,STOREY_1,1670,3
26°C,扩容,guang3zhou1shi4,2060 RCP 4.5,guang3zhou1shi4_1_7_2005_S0,STOREY_2,1670,4
26°C,扩容,guang3zhou1shi4,2060 RCP 4.5,guang3zhou1shi4_1_7_2005_S0,STOREY_3,1670,6
26°C,扩容,guang3zhou1shi4,2060 RCP 4.5,guang3zhou1shi4_1_7_2005_S0,STOREY_4,1670,6
26°C,扩容,guang3zhou1shi4,2060 RCP 4.5,guang3zhou1shi4_1_7_2005_S0,STOREY_5,1670,6
26°C,扩容,guang3zhou1shi4,2060 RCP 4.5,guang3zhou1shi4_1_7_2005_S0,STOREY_6,1670,7
26°C,扩容,guang3zhou1shi4,2060 RCP 4.5,guang3zhou1shi4_1_7_2005_S0,STOREY_7,1670,63
26°C,扩容,guang3zhou1shi4,2060 RCP 4.5,guang3zhou1shi4_1_7_2005_S0,STOREY_0,1670,0
26°C,扩容,guang3zhou1shi4,2060 RCP 4.5,guang3zhou1shi4_1_8_1995_S0,STOREY_1,1670,3
26°C,扩容,guang3zhou1shi4,2060 RCP 4.5,guang3zhou1shi4_1_8_1995_S0,STOREY_2,1670,6
26°C,扩容,guang3zhou1shi4,2060 RCP 4.5,guang3zhou1shi4_1_8_1995_S0,STOREY_3,1670,6
26°C,扩容,guang3zhou1shi4,2060 RCP 4.5,guang3zhou1shi4_1_8_1995_S0,STOREY_4,1670,6
26°C,扩容,guang3zhou1shi4,2060 RCP 4.5,guang3zhou1shi4_1_8_1995_S0,STOREY_5,1670,6
26°C,扩容,guang3zhou1shi4,2060 RCP 4.5,guang3zhou1shi4_1_8_1995_S0,STOREY_6,1670,6
26°C,扩容,guang3zhou1shi4,2060 RCP 4.5,guang3zhou1shi4_1_8_1995_S0,STOREY_7,1670,7
26°C,扩容,guang3zhou1shi4,2060 RCP 4.5,guang3zhou1shi4_1_8_1995_S0,STOREY_8,1670,8
26°C,扩容,guang3zhou1shi4,2060 RCP 4.5,guang3zhou1shi4_1_8_1995_S0,STOREY_9,1670,68
26°C,扩容,guang3zhou1shi4,2060 RCP 4.5,guang3zhou1shi4_1_8_1995_S0,STOREY_0,1670,0
26°C,扩容,guang3zhou1shi4,2060 RCP 4.5,guang3zhou1shi4_2_10_2005_S0,STOREY_1,1670,2
26°C,扩容,guang3zhou1shi4,2060 RCP 4.5,guang3zhou1shi4_2_10_2005_S0,STOREY_2,1670,4
26°C,扩容,guang3zhou1shi4,2060 RCP 4.5,guang3zhou1shi4_2_10_2005_S0,STOREY_3,1670,4
26°C,扩容,guang3zhou1shi4,2060 RCP 4.5,guang3zhou1shi4_2_10_2005_S0,STOREY_4,1670,4
26°C,扩容,guang3zhou1shi4,2060 RCP 4.5,guang3zhou1shi4_2_10_2005_S0,STOREY_5,1670,4
26°C,扩容,guang3zhou1shi4,2060 RCP 4.5,guang3zhou1shi4_2_10_2005_S0,STOREY_6,1670,4
26°C,扩容,guang3zhou1shi4,2060 RCP 4.5,guang3zhou1shi4_2_10_2005_S0,STOREY_7,1670,4
26°C,扩容,guang3zhou1shi4,2060 RCP 4.5,guang3zhou1shi4_2_10_2005_S0,STOREY_8,1670,4
26°C,扩容,guang3zhou1shi4,2060 RCP 4.5,guang3zhou1shi4_2_10_2005_S0,STOREY_9,1670,5
26°C,扩容,guang3zhou1shi4,2060 RCP 4.5,guang3zhou1shi4_2_10_2005_S0,STOREY_10,1670,6
26°C,扩容,guang3zhou1shi4,2060 RCP 4.5,guang3zhou1shi4_2_10_2005_S0,STOREY_11,1670,55
26°C,扩容,guang3zhou1shi4,2060 RCP 4.5,guang3zhou1shi4_2_10_2005_S0,STOREY_0,1670,0
26°C,扩容,guang3zhou1shi4,2060 RCP 4.5,guang3zhou1shi4_2_11_2005_S0,STOREY_1,1670,2
26°C,扩容,guang3zhou1shi4,2060 RCP 4.5,guang3zhou1shi4_2_11_2005_S0,STOREY_2,1670,3
26°C,扩容,guang3zhou1shi4,2060 RCP 4.5,guang3zhou1shi4_2_11_2005_S0,STOREY_3,1670,3
26°C,扩容,guang3zhou1shi4,2060 RCP 4.5,guang3zhou1shi4_2_11_2005_S0,STOREY_4,1670,3
26°C,扩容,guang3zhou1shi4,2060 RCP 4.5,guang3zhou1shi4_2_11_2005_S0,STOREY_5,1670,3
26°C,扩容,guang3zhou1shi4,2060 RCP 4.5,guang3zhou1shi4_2_11_2005_S0,STOREY_6,1670,3
26°C,扩容,guang3zhou1shi4,2060 RCP 4.5,guang3zhou1shi4_2_11_2005_S0,STOREY_7,1670,3
26°C,扩容,guang3zhou1shi4,2060 RCP 4.5,guang3zhou1shi4_2_11_2005_S0,STOREY_8,1670,3
26°C,扩容,guang3zhou1shi4,2060 RCP 4.5,guang3zhou1shi4_2_11_2005_S0,STOREY_9,1670,3
26°C,扩容,guang3zhou1shi4,2060 RCP 4.5,guang3zhou1shi4_2_11_2005_S0,STOREY_10,1670,3
26°C,扩容,guang3zhou1shi4,2060 RCP 4.5,guang3zhou1shi4_2_11_2005_S0,STOREY_11,1670,3
26°C,扩容,guang3zhou1shi4,2060 RCP 4.5,guang3zhou1shi4_2_11_2005_S0,STOREY_12,1670,3
26°C,扩容,guang3zhou1shi4,2060 RCP 4.5,guang3zhou1shi4_2_11_2005_S0,STOREY_13,1670,4
26°C,扩容,guang3zhou1shi4,2060 RCP 4.5,guang3zhou1shi4_2_11_2005_S0,STOREY_14,1670,5
26°C,扩容,guang3zhou1shi4,2060 RCP 4.5,guang3zhou1shi4_2_11_2005_S0,STOREY_15,1670,54
26°C,扩容,guang3zhou1shi4,2060 RCP 4.5,guang3zhou1shi4_2_11_2005_S0,STOREY_0,1670,0
26°C,扩容,guang3zhou1shi4,2060 RCP 4.5,guang3zhou1shi4_2_12_2015_S0,STOREY_1,1670,1
26°C,扩容,guang3zhou1shi4,2060 RCP 4.5,guang3zhou1shi4_2_12_2015_S0,STOREY_2,1670,1
26°C,扩容,guang3zhou1shi4,2060 RCP 4.5,guang3zhou1shi4_2_12_2015_S0,STOREY_3,1670,1
26°C,扩容,guang3zhou1shi4,2060 RCP 4.5,guang3zhou1shi4_2_12_2015_S0,STOREY_4,1670,1
26°C,扩容,guang3zhou1shi4,2060 RCP 4.5,guang3zhou1shi4_2_12_2015_S0,STOREY_5,1670,1
26°C,扩容,guang3zhou1shi4,2060 RCP 4.5,guang3zhou1shi4_2_12_2015_S0,STOREY_6,1670,1
26°C,扩容,guang3zhou1shi4,2060 RCP 4.5,guang3zhou1shi4_2_12_2015_S0,STOREY_7,1670,1
26°C,扩容,guang3zhou1shi4,2060 RCP 4.5,guang3zhou1shi4_2_12_2015_S0,STOREY_8,1670,1
26°C,扩容,guang3zhou1shi4,2060 RCP 4.5,guang3zhou1shi4_2_12_2015_S0,STOREY_9,1670,1
26°C,扩容,guang3zhou1shi4,2060 RCP 4.5,guang3zhou1shi4_2_12_2015_S0,STOREY_10,1670,1
26°C,扩容,guang3zhou1shi4,2060 RCP 4.5,guang3zhou1shi4_2_12_2015_S0,STOREY_11,1670,1
26°C,扩容,guang3zhou1shi4,2060 RCP 4.5,guang3zhou1shi4_2_12_2015_S0,STOREY_12,1670,1
26°C,扩容,guang3zhou1shi4,2060 RCP 4.5,guang3zhou1shi4_2_12_2015_S0,STOREY_13,1670,1
26°C,扩容,guang3zhou1shi4,2060 RCP 4.5,guang3zhou1shi4_2_12_2015_S0,STOREY_14,1670,1
26°C,扩容,guang3zhou1shi4,2060 RCP 4.5,guang3zhou1shi4_2_12_2015_S0,STOREY_15,1670,1
26°C,扩容,guang3zhou1shi4,2060 RCP 4.5,guang3zhou1shi4_2_12_2015_S0,STOREY_16,1670,1
26°C,扩容,guang3zhou1shi4,2060 RCP 4.5,guang3zhou1shi4_2_12_2015_S0,STOREY_17,1670,1
26°C,扩容,guang3zhou1shi4,2060 RCP 4.5,guang3zhou1shi4_2_12_2015_S0,STOREY_18,1670,2
26°C,扩容,guang3zhou1shi4,2060 RCP 4.5,guang3zhou1shi4_2_12_2015_S0,STOREY_19,1670,2
26°C,扩容,guang3zhou1shi4,2060 RCP 4.5,guang3zhou1shi4_2_12_2015_S0,STOREY_20,1670,3
26°C,扩容,guang3zhou1shi4,2060 RCP 4.5,guang3zhou1shi4_2_12_2015_S0,STOREY_21,1670,34
26°C,扩容,guang3zhou1shi4,2060 RCP 4.5,guang3zhou1shi4_2_12_2015_S0,STOREY_0,1670,0
26°C,扩容,guang3zhou1shi4,2060 RCP 4.5,guang3zhou1shi4_2_2_1995_S0,STOREY_1,1670,6
26°C,扩容,guang3zhou1shi4,2060 RCP 4.5,guang3zhou1shi4_2_2_1995_S0,STOREY_2,1670,10
26°C,扩容,guang3zhou1shi4,2060 RCP 4.5,guang3zhou1shi4_2_2_1995_S0,STOREY_3,1670,10
26°C,扩容,guang3zhou1shi4,2060 RCP 4.5,guang3zhou1shi4_2_2_1995_S0,STOREY_4,1670,10
26°C,扩容,guang3zhou1shi4,2060 RCP 4.5,guang3zhou1shi4_2_2_1995_S0,STOREY_5,1670,10
26°C,扩容,guang3zhou1shi4,2060 RCP 4.5,guang3zhou1shi4_2_2_1995_S0,STOREY_6,1670,10
26°C,扩容,guang3zhou1shi4,2060 RCP 4.5,guang3zhou1shi4_2_2_1995_S0,STOREY_7,1670,10
26°C,扩容,guang3zhou1shi4,2060 RCP 4.5,guang3zhou1shi4_2_2_1995_S0,STOREY_8,1670,10
26°C,扩容,guang3zhou1shi4,2060 RCP 4.5,guang3zhou1shi4_2_2_1995_S0,STOREY_9,1670,10
26°C,扩容,guang3zhou1shi4,2060 RCP 4.5,guang3zhou1shi4_2_2_1995_S0,STOREY_10,1670,10
26°C,扩容,guang3zhou1shi4,2060 RCP 4.5,guang3zhou1shi4_2_2_1995_S0,STOREY_11,1670,10
26°C,扩容,guang3zhou1shi4,2060 RCP 4.5,guang3zhou1shi4_2_2_1995_S0,STOREY_12,1670,10
26°C,扩容,guang3zhou1shi4,2060 RCP 4.5,guang3zhou1shi4_2_2_1995_S0,STOREY_13,1670,10
26°C,扩容,guang3zhou1shi4,2060 RCP 4.5,guang3zhou1shi4_2_2_1995_S0,STOREY_14,1670,10
26°C,扩容,guang3zhou1shi4,2060 RCP 4.5,guang3zhou1shi4_2_2_1995_S0,STOREY_15,1670,10
26°C,扩容,guang3zhou1shi4,2060 RCP 4.5,guang3zhou1shi4_2_2_1995_S0,STOREY_16,1670,10
26°C,扩容,guang3zhou1shi4,2060 RCP 4.5,guang3zhou1shi4_2_2_1995_S0,STOREY_17,1670,10
26°C,扩容,guang3zhou1shi4,2060 RCP 4.5,guang3zhou1shi4_2_2_1995_S0,STOREY_18,1670,10
26°C,扩容,guang3zhou1shi4,2060 RCP 4.5,guang3zhou1shi4_2_2_1995_S0,STOREY_19,1670,85
26°C,扩容,guang3zhou1shi4,2060 RCP 4.5,guang3zhou1shi4_2_2_1995_S0,STOREY_0,1670,0
26°C,扩容,guang3zhou1shi4,2060 RCP 4.5,guang3zhou1shi4_2_1_2015_S0,STOREY_1,1670,1
26°C,扩容,guang3zhou1shi4,2060 RCP 4.5,guang3zhou1shi4_2_1_2015_S0,STOREY_2,1670,1
26°C,扩容,guang3zhou1shi4,2060 RCP 4.5,guang3zhou1shi4_2_1_2015_S0,STOREY_3,1670,1
26°C,扩容,guang3zhou1shi4,2060 RCP 4.5,guang3zhou1shi4_2_1_2015_S0,STOREY_4,1670,1
26°C,扩容,guang3zhou1shi4,2060 RCP 4.5,guang3zhou1shi4_2_1_2015_S0,STOREY_5,1670,1
26°C,扩容,guang3zhou1shi4,2060 RCP 4.5,guang3zhou1shi4_2_1_2015_S0,STOREY_6,1670,1
26°C,扩容,guang3zhou1shi4,2060 RCP 4.5,guang3zhou1shi4_2_1_2015_S0,STOREY_7,1670,1
26°C,扩容,guang3zhou1shi4,2060 RCP 4.5,guang3zhou1shi4_2_1_2015_S0,STOREY_8,1670,1
26°C,扩容,guang3zhou1shi4,2060 RCP 4.5,guang3zhou1shi4_2_1_2015_S0,STOREY_9,1670,1
26°C,扩容,guang3zhou1shi4,2060 RCP 4.5,guang3zhou1shi4_2_1_2015_S0,STOREY_10,1670,1
26°C,扩容,guang3zhou1shi4,2060 RCP 4.5,guang3zhou1shi4_2_1_2015_S0,STOREY_11,1670,1
26°C,扩容,guang3zhou1shi4,2060 RCP 4.5,guang3zhou1shi4_2_1_2015_S0,STOREY_12,1670,1
26°C,扩容,guang3zhou1shi4,2060 RCP 4.5,guang3zhou1shi4_2_1_2015_S0,STOREY_13,1670,1
26°C,扩容,guang3zhou1shi4,2060 RCP 4.5,guang3zhou1shi4_2_1_2015_S0,STOREY_14,1670,1
26°C,扩容,guang3zhou1shi4,2060 RCP 4.5,guang3zhou1shi4_2_1_2015_S0,STOREY_15,1670,1
26°C,扩容,guang3zhou1shi4,2060 RCP 4.5,guang3zhou1shi4_2_1_2015_S0,STOREY_16,1670,1
26°C,扩容,guang3zhou1shi4,2060 RCP 4.5,guang3zhou1shi4_2_1_2015_S0,STOREY_17,1670,1
26°C,扩容,guang3zhou1shi4,2060 RCP 4.5,guang3zhou1shi4_2_1_2015_S0,STOREY_18,1670,1
26°C,扩容,guang3zhou1shi4,2060 RCP 4.5,guang3zhou1shi4_2_1_2015_S0,STOREY_19,1670,1
26°C,扩容,guang3zhou1shi4,2060 RCP 4.5,guang3zhou1shi4_2_1_2015_S0,STOREY_20,1670,1
26°C,扩容,guang3zhou1shi4,2060 RCP 4.5,guang3zhou1shi4_2_1_2015_S0,STOREY_21,1670,1
26°C,扩容,guang3zhou1shi4,2060 RCP 4.5,guang3zhou1shi4_2_1_2015_S0,STOREY_22,1670,1
26°C,扩容,guang3zhou1shi4,2060 RCP 4.5,guang3zhou1shi4_2_1_2015_S0,STOREY_23,1670,1
26°C,扩容,guang3zhou1shi4,2060 RCP 4.5,guang3zhou1shi4_2_1_2015_S0,STOREY_24,1670,1
26°C,扩容,guang3zhou1shi4,2060 RCP 4.5,guang3zhou1shi4_2_1_2015_S0,STOREY_25,1670,1
26°C,扩容,guang3zhou1shi4,2060 RCP 4.5,guang3zhou1shi4_2_1_2015_S0,STOREY_26,1670,2
26°C,扩容,guang3zhou1shi4,2060 RCP 4.5,guang3zhou1shi4_2_1_2015_S0,STOREY_27,1670,31
26°C,扩容,guang3zhou1shi4,2060 RCP 4.5,guang3zhou1shi4_2_1_2015_S0,STOREY_0,1670,0
26°C,扩容,guang3zhou1shi4,2060 RCP 4.5,guang3zhou1shi4_2_3_2005_S0,STOREY_1,1670,1
26°C,扩容,guang3zhou1shi4,2060 RCP 4.5,guang3zhou1shi4_2_3_2005_S0,STOREY_2,1670,3
26°C,扩容,guang3zhou1shi4,2060 RCP 4.5,guang3zhou1shi4_2_3_2005_S0,STOREY_3,1670,3
26°C,扩容,guang3zhou1shi4,2060 RCP 4.5,guang3zhou1shi4_2_3_2005_S0,STOREY_4,1670,3
26°C,扩容,guang3zhou1shi4,2060 RCP 4.5,guang3zhou1shi4_2_3_2005_S0,STOREY_5,1670,3
26°C,扩容,guang3zhou1shi4,2060 RCP 4.5,guang3zhou1shi4_2_3_2005_S0,STOREY_6,1670,3
26°C,扩容,guang3zhou1shi4,2060 RCP 4.5,guang3zhou1shi4_2_3_2005_S0,STOREY_7,1670,3
26°C,扩容,guang3zhou1shi4,2060 RCP 4.5,guang3zhou1shi4_2_3_2005_S0,STOREY_8,1670,3
26°C,扩容,guang3zhou1shi4,2060 RCP 4.5,guang3zhou1shi4_2_3_2005_S0,STOREY_9,1670,3
26°C,扩容,guang3zhou1shi4,2060 RCP 4.5,guang3zhou1shi4_2_3_2005_S0,STOREY_10,1670,3
26°C,扩容,guang3zhou1shi4,2060 RCP 4.5,guang3zhou1shi4_2_3_2005_S0,STOREY_11,1670,4
26°C,扩容,guang3zhou1shi4,2060 RCP 4.5,guang3zhou1shi4_2_3_2005_S0,STOREY_12,1670,4
26°C,扩容,guang3zhou1shi4,2060 RCP 4.5,guang3zhou1shi4_2_3_2005_S0,STOREY_13,1670,5
26°C,扩容,guang3zhou1shi4,2060 RCP 4.5,guang3zhou1shi4_2_3_2005_S0,STOREY_14,1670,46
26°C,扩容,guang3zhou1shi4,2060 RCP 4.5,guang3zhou1shi4_2_3_2005_S0,STOREY_0,1670,0
26°C,扩容,guang3zhou1shi4,2060 RCP 4.5,guang3zhou1shi4_2_4_2005_S0,STOREY_1,1670,4
26°C,扩容,guang3zhou1shi4,2060 RCP 4.5,guang3zhou1shi4_2_4_2005_S0,STOREY_2,1670,6
26°C,扩容,guang3zhou1shi4,2060 RCP 4.5,guang3zhou1shi4_2_4_2005_S0,STOREY_3,1670,8
26°C,扩容,guang3zhou1shi4,2060 RCP 4.5,guang3zhou1shi4_2_4_2005_S0,STOREY_4,1670,8
26°C,扩容,guang3zhou1shi4,2060 RCP 4.5,guang3zhou1shi4_2_4_2005_S0,STOREY_5,1670,8
26°C,扩容,guang3zhou1shi4,2060 RCP 4.5,guang3zhou1shi4_2_4_2005_S0,STOREY_6,1670,8
26°C,扩容,guang3zhou1shi4,2060 RCP 4.5,guang3zhou1shi4_2_4_2005_S0,STOREY_7,1670,8
26°C,扩容,guang3zhou1shi4,2060 RCP 4.5,guang3zhou1shi4_2_4_2005_S0,STOREY_8,1670,8
26°C,扩容,guang3zhou1shi4,2060 RCP 4.5,guang3zhou1shi4_2_4_2005_S0,STOREY_9,1670,8
26°C,扩容,guang3zhou1shi4,2060 RCP 4.5,guang3zhou1shi4_2_4_2005_S0,STOREY_10,1670,9
26°C,扩容,guang3zhou1shi4,2060 RCP 4.5,guang3zhou1shi4_2_4_2005_S0,STOREY_11,1670,64
26°C,扩容,guang3zhou1shi4,2060 RCP 4.5,guang3zhou1shi4_2_4_2005_S0,STOREY_0,1670,0
26°C,扩容,guang3zhou1shi4,2060 RCP 4.5,guang3zhou1shi4_2_5_2015_S0,STOREY_1,1670,1
26°C,扩容,guang3zhou1shi4,2060 RCP 4.5,guang3zhou1shi4_2_5_2015_S0,STOREY_2,1670,2
26°C,扩容,guang3zhou1shi4,2060 RCP 4.5,guang3zhou1shi4_2_5_2015_S0,STOREY_3,1670,2
26°C,扩容,guang3zhou1shi4,2060 RCP 4.5,guang3zhou1shi4_2_5_2015_S0,STOREY_4,1670,2
26°C,扩容,guang3zhou1shi4,2060 RCP 4.5,guang3zhou1shi4_2_5_2015_S0,STOREY_5,1670,2
26°C,扩容,guang3zhou1shi4,2060 RCP 4.5,guang3zhou1shi4_2_5_2015_S0,STOREY_6,1670,2
26°C,扩容,guang3zhou1shi4,2060 RCP 4.5,guang3zhou1shi4_2_5_2015_S0,STOREY_7,1670,2
26°C,扩容,guang3zhou1shi4,2060 RCP 4.5,guang3zhou1shi4_2_5_2015_S0,STOREY_8,1670,2
26°C,扩容,guang3zhou1shi4,2060 RCP 4.5,guang3zhou1shi4_2_5_2015_S0,STOREY_9,1670,2
26°C,扩容,guang3zhou1shi4,2060 RCP 4.5,guang3zhou1shi4_2_5_2015_S0,STOREY_10,1670,2
26°C,扩容,guang3zhou1shi4,2060 RCP 4.5,guang3zhou1shi4_2_5_2015_S0,STOREY_11,1670,2
26°C,扩容,guang3zhou1shi4,2060 RCP 4.5,guang3zhou1shi4_2_5_2015_S0,STOREY_12,1670,3
26°C,扩容,guang3zhou1shi4,2060 RCP 4.5,guang3zhou1shi4_2_5_2015_S0,STOREY_13,1670,3
26°C,扩容,guang3zhou1shi4,2060 RCP 4.5,guang3zhou1shi4_2_5_2015_S0,STOREY_14,1670,41
26°C,扩容,guang3zhou1shi4,2060 RCP 4.5,guang3zhou1shi4_2_5_2015_S0,STOREY_0,1670,0
26°C,扩容,guang3zhou1shi4,2060 RCP 4.5,guang3zhou1shi4_2_6_2005_S0,STOREY_1,1670,2
26°C,扩容,guang3zhou1shi4,2060 RCP 4.5,guang3zhou1shi4_2_6_2005_S0,STOREY_2,1670,4
26°C,扩容,guang3zhou1shi4,2060 RCP 4.5,guang3zhou1shi4_2_6_2005_S0,STOREY_3,1670,4
26°C,扩容,guang3zhou1shi4,2060 RCP 4.5,guang3zhou1shi4_2_6_2005_S0,STOREY_4,1670,4
26°C,扩容,guang3zhou1shi4,2060 RCP 4.5,guang3zhou1shi4_2_6_2005_S0,STOREY_5,1670,4
26°C,扩容,guang3zhou1shi4,2060 RCP 4.5,guang3zhou1shi4_2_6_2005_S0,STOREY_6,1670,4
26°C,扩容,guang3zhou1shi4,2060 RCP 4.5,guang3zhou1shi4_2_6_2005_S0,STOREY_7,1670,4
26°C,扩容,guang3zhou1shi4,2060 RCP 4.5,guang3zhou1shi4_2_6_2005_S0,STOREY_8,1670,4
26°C,扩容,guang3zhou1shi4,2060 RCP 4.5,guang3zhou1shi4_2_6_2005_S0,STOREY_9,1670,4
26°C,扩容,guang3zhou1shi4,2060 RCP 4.5,guang3zhou1shi4_2_6_2005_S0,STOREY_10,1670,4
26°C,扩容,guang3zhou1shi4,2060 RCP 4.5,guang3zhou1shi4_2_6_2005_S0,STOREY_11,1670,4
26°C,扩容,guang3zhou1shi4,2060 RCP 4.5,guang3zhou1shi4_2_6_2005_S0,STOREY_12,1670,5
26°C,扩容,guang3zhou1shi4,2060 RCP 4.5,guang3zhou1shi4_2_6_2005_S0,STOREY_13,1670,5
26°C,扩容,guang3zhou1shi4,2060 RCP 4.5,guang3zhou1shi4_2_6_2005_S0,STOREY_14,1670,45
26°C,扩容,guang3zhou1shi4,2060 RCP 4.5,guang3zhou1shi4_2_6_2005_S0,STOREY_0,1670,0
26°C,扩容,guang3zhou1shi4,2060 RCP 8.5,guang3zhou1shi4_0_10_1980_S0,STOREY_1,1670,5
26°C,扩容,guang3zhou1shi4,2060 RCP 8.5,guang3zhou1shi4_0_10_1980_S0,STOREY_2,1670,88
26°C,扩容,guang3zhou1shi4,2060 RCP 8.5,guang3zhou1shi4_0_10_1980_S0,STOREY_0,1670,0
26°C,扩容,guang3zhou1shi4,2060 RCP 4.5,guang3zhou1shi4_2_7_2015_S0,STOREY_1,1670,1
26°C,扩容,guang3zhou1shi4,2060 RCP 4.5,guang3zhou1shi4_2_7_2015_S0,STOREY_2,1670,1
26°C,扩容,guang3zhou1shi4,2060 RCP 4.5,guang3zhou1shi4_2_7_2015_S0,STOREY_3,1670,2
26°C,扩容,guang3zhou1shi4,2060 RCP 4.5,guang3zhou1shi4_2_7_2015_S0,STOREY_4,1670,2
26°C,扩容,guang3zhou1shi4,2060 RCP 4.5,guang3zhou1shi4_2_7_2015_S0,STOREY_5,1670,2
26°C,扩容,guang3zhou1shi4,2060 RCP 4.5,guang3zhou1shi4_2_7_2015_S0,STOREY_6,1670,2
26°C,扩容,guang3zhou1shi4,2060 RCP 4.5,guang3zhou1shi4_2_7_2015_S0,STOREY_7,1670,2
26°C,扩容,guang3zhou1shi4,2060 RCP 4.5,guang3zhou1shi4_2_7_2015_S0,STOREY_8,1670,2
26°C,扩容,guang3zhou1shi4,2060 RCP 4.5,guang3zhou1shi4_2_7_2015_S0,STOREY_9,1670,2
26°C,扩容,guang3zhou1shi4,2060 RCP 4.5,guang3zhou1shi4_2_7_2015_S0,STOREY_10,1670,2
26°C,扩容,guang3zhou1shi4,2060 RCP 4.5,guang3zhou1shi4_2_7_2015_S0,STOREY_11,1670,2
26°C,扩容,guang3zhou1shi4,2060 RCP 4.5,guang3zhou1shi4_2_7_2015_S0,STOREY_12,1670,2
26°C,扩容,guang3zhou1shi4,2060 RCP 4.5,guang3zhou1shi4_2_7_2015_S0,STOREY_13,1670,2
26°C,扩容,guang3zhou1shi4,2060 RCP 4.5,guang3zhou1shi4_2_7_2015_S0,STOREY_14,1670,2
26°C,扩容,guang3zhou1shi4,2060 RCP 4.5,guang3zhou1shi4_2_7_2015_S0,STOREY_15,1670,2
26°C,扩容,guang3zhou1shi4,2060 RCP 4.5,guang3zhou1shi4_2_7_2015_S0,STOREY_16,1670,2
26°C,扩容,guang3zhou1shi4,2060 RCP 4.5,guang3zhou1shi4_2_7_2015_S0,STOREY_17,1670,2
26°C,扩容,guang3zhou1shi4,2060 RCP 4.5,guang3zhou1shi4_2_7_2015_S0,STOREY_18,1670,3
26°C,扩容,guang3zhou1shi4,2060 RCP 4.5,guang3zhou1shi4_2_7_2015_S0,STOREY_19,1670,28
26°C,扩容,guang3zhou1shi4,2060 RCP 4.5,guang3zhou1shi4_2_7_2015_S0,STOREY_0,1670,0
26°C,扩容,guang3zhou1shi4,2060 RCP 8.5,guang3zhou1shi4_0_11_1995_S0,STOREY_1,1670,0
26°C,扩容,guang3zhou1shi4,2060 RCP 8.5,guang3zhou1shi4_0_11_1995_S0,STOREY_2,1670,81
26°C,扩容,guang3zhou1shi4,2060 RCP 8.5,guang3zhou1shi4_0_11_1995_S0,STOREY_0,1670,0
26°C,扩容,guang3zhou1shi4,2060 RCP 8.5,guang3zhou1shi4_0_1_1995_S0,STOREY_1,1670,19
26°C,扩容,guang3zhou1shi4,2060 RCP 8.5,guang3zhou1shi4_0_1_1995_S0,STOREY_2,1670,125
26°C,扩容,guang3zhou1shi4,2060 RCP 8.5,guang3zhou1shi4_0_1_1995_S0,STOREY_0,1670,0
26°C,扩容,guang3zhou1shi4,2060 RCP 8.5,guang3zhou1shi4_0_12_1980_S0,STOREY_1,1670,0
26°C,扩容,guang3zhou1shi4,2060 RCP 8.5,guang3zhou1shi4_0_12_1980_S0,STOREY_2,1670,0
26°C,扩容,guang3zhou1shi4,2060 RCP 8.5,guang3zhou1shi4_0_12_1980_S0,STOREY_3,1670,0
26°C,扩容,guang3zhou1shi4,2060 RCP 8.5,guang3zhou1shi4_0_12_1980_S0,STOREY_4,1670,24
26°C,扩容,guang3zhou1shi4,2060 RCP 8.5,guang3zhou1shi4_0_12_1980_S0,STOREY_0,1670,0
26°C,扩容,guang3zhou1shi4,2060 RCP 8.5,guang3zhou1shi4_0_2_1980_S0,STOREY_1,1670,0
26°C,扩容,guang3zhou1shi4,2060 RCP 8.5,guang3zhou1shi4_0_2_1980_S0,STOREY_2,1670,63
26°C,扩容,guang3zhou1shi4,2060 RCP 8.5,guang3zhou1shi4_0_2_1980_S0,STOREY_0,1670,0
26°C,扩容,guang3zhou1shi4,2060 RCP 8.5,guang3zhou1shi4_0_3_1980_S0,STOREY_1,1670,31
26°C,扩容,guang3zhou1shi4,2060 RCP 8.5,guang3zhou1shi4_0_3_1980_S0,STOREY_0,1670,0
26°C,扩容,guang3zhou1shi4,2060 RCP 8.5,guang3zhou1shi4_0_4_1980_S0,STOREY_1,1670,67
26°C,扩容,guang3zhou1shi4,2060 RCP 8.5,guang3zhou1shi4_0_4_1980_S0,STOREY_2,1670,126
26°C,扩容,guang3zhou1shi4,2060 RCP 8.5,guang3zhou1shi4_0_4_1980_S0,STOREY_0,1670,0
26°C,扩容,guang3zhou1shi4,2060 RCP 8.5,guang3zhou1shi4_0_5_1980_S0,STOREY_1,1670,0
26°C,扩容,guang3zhou1shi4,2060 RCP 8.5,guang3zhou1shi4_0_5_1980_S0,STOREY_2,1670,23
26°C,扩容,guang3zhou1shi4,2060 RCP 8.5,guang3zhou1shi4_0_5_1980_S0,STOREY_0,1670,0
26°C,扩容,guang3zhou1shi4,2060 RCP 4.5,guang3zhou1shi4_2_8_2005_S0,STOREY_1,1670,2
26°C,扩容,guang3zhou1shi4,2060 RCP 4.5,guang3zhou1shi4_2_8_2005_S0,STOREY_2,1670,3
26°C,扩容,guang3zhou1shi4,2060 RCP 4.5,guang3zhou1shi4_2_8_2005_S0,STOREY_3,1670,4
26°C,扩容,guang3zhou1shi4,2060 RCP 4.5,guang3zhou1shi4_2_8_2005_S0,STOREY_4,1670,4
26°C,扩容,guang3zhou1shi4,2060 RCP 4.5,guang3zhou1shi4_2_8_2005_S0,STOREY_5,1670,4
26°C,扩容,guang3zhou1shi4,2060 RCP 4.5,guang3zhou1shi4_2_8_2005_S0,STOREY_6,1670,4
26°C,扩容,guang3zhou1shi4,2060 RCP 4.5,guang3zhou1shi4_2_8_2005_S0,STOREY_7,1670,3
26°C,扩容,guang3zhou1shi4,2060 RCP 4.5,guang3zhou1shi4_2_8_2005_S0,STOREY_8,1670,3
26°C,扩容,guang3zhou1shi4,2060 RCP 4.5,guang3zhou1shi4_2_8_2005_S0,STOREY_9,1670,3
26°C,扩容,guang3zhou1shi4,2060 RCP 4.5,guang3zhou1shi4_2_8_2005_S0,STOREY_10,1670,3
26°C,扩容,guang3zhou1shi4,2060 RCP 4.5,guang3zhou1shi4_2_8_2005_S0,STOREY_11,1670,3
26°C,扩容,guang3zhou1shi4,2060 RCP 4.5,guang3zhou1shi4_2_8_2005_S0,STOREY_12,1670,3
26°C,扩容,guang3zhou1shi4,2060 RCP 4.5,guang3zhou1shi4_2_8_2005_S0,STOREY_13,1670,3
26°C,扩容,guang3zhou1shi4,2060 RCP 4.5,guang3zhou1shi4_2_8_2005_S0,STOREY_14,1670,3
26°C,扩容,guang3zhou1shi4,2060 RCP 4.5,guang3zhou1shi4_2_8_2005_S0,STOREY_15,1670,3
26°C,扩容,guang3zhou1shi4,2060 RCP 4.5,guang3zhou1shi4_2_8_2005_S0,STOREY_16,1670,3
26°C,扩容,guang3zhou1shi4,2060 RCP 4.5,guang3zhou1shi4_2_8_2005_S0,STOREY_17,1670,3
26°C,扩容,guang3zhou1shi4,2060 RCP 4.5,guang3zhou1shi4_2_8_2005_S0,STOREY_18,1670,3
26°C,扩容,guang3zhou1shi4,2060 RCP 4.5,guang3zhou1shi4_2_8_2005_S0,STOREY_19,1670,3
26°C,扩容,guang3zhou1shi4,2060 RCP 4.5,guang3zhou1shi4_2_8_2005_S0,STOREY_20,1670,3
26°C,扩容,guang3zhou1shi4,2060 RCP 4.5,guang3zhou1shi4_2_8_2005_S0,STOREY_21,1670,3
26°C,扩容,guang3zhou1shi4,2060 RCP 4.5,guang3zhou1shi4_2_8_2005_S0,STOREY_22,1670,3
26°C,扩容,guang3zhou1shi4,2060 RCP 4.5,guang3zhou1shi4_2_8_2005_S0,STOREY_23,1670,3
26°C,扩容,guang3zhou1shi4,2060 RCP 4.5,guang3zhou1shi4_2_8_2005_S0,STOREY_24,1670,3
26°C,扩容,guang3zhou1shi4,2060 RCP 4.5,guang3zhou1shi4_2_8_2005_S0,STOREY_25,1670,3
26°C,扩容,guang3zhou1shi4,2060 RCP 4.5,guang3zhou1shi4_2_8_2005_S0,STOREY_26,1670,4
26°C,扩容,guang3zhou1shi4,2060 RCP 4.5,guang3zhou1shi4_2_8_2005_S0,STOREY_27,1670,32
26°C,扩容,guang3zhou1shi4,2060 RCP 4.5,guang3zhou1shi4_2_8_2005_S0,STOREY_0,1670,0
26°C,扩容,guang3zhou1shi4,2060 RCP 8.5,guang3zhou1shi4_0_6_1995_S0,STOREY_0,1670,1
26°C,扩容,guang3zhou1shi4,2060 RCP 8.5,guang3zhou1shi4_0_7_1980_S0,STOREY_0,1670,0
26°C,扩容,guang3zhou1shi4,2060 RCP 8.5,guang3zhou1shi4_0_8_1980_S0,STOREY_0,1670,0
26°C,扩容,guang3zhou1shi4,2060 RCP 8.5,guang3zhou1shi4_0_9_1980_S0,STOREY_0,1670,1
26°C,扩容,guang3zhou1shi4,2060 RCP 4.5,guang3zhou1shi4_2_9_2005_S0,STOREY_1,1670,3
26°C,扩容,guang3zhou1shi4,2060 RCP 4.5,guang3zhou1shi4_2_9_2005_S0,STOREY_2,1670,6
26°C,扩容,guang3zhou1shi4,2060 RCP 4.5,guang3zhou1shi4_2_9_2005_S0,STOREY_3,1670,6
26°C,扩容,guang3zhou1shi4,2060 RCP 4.5,guang3zhou1shi4_2_9_2005_S0,STOREY_4,1670,6
26°C,扩容,guang3zhou1shi4,2060 RCP 4.5,guang3zhou1shi4_2_9_2005_S0,STOREY_5,1670,6
26°C,扩容,guang3zhou1shi4,2060 RCP 4.5,guang3zhou1shi4_2_9_2005_S0,STOREY_6,1670,6
26°C,扩容,guang3zhou1shi4,2060 RCP 4.5,guang3zhou1shi4_2_9_2005_S0,STOREY_7,1670,6
26°C,扩容,guang3zhou1shi4,2060 RCP 4.5,guang3zhou1shi4_2_9_2005_S0,STOREY_8,1670,6
26°C,扩容,guang3zhou1shi4,2060 RCP 4.5,guang3zhou1shi4_2_9_2005_S0,STOREY_9,1670,6
26°C,扩容,guang3zhou1shi4,2060 RCP 4.5,guang3zhou1shi4_2_9_2005_S0,STOREY_10,1670,6
26°C,扩容,guang3zhou1shi4,2060 RCP 4.5,guang3zhou1shi4_2_9_2005_S0,STOREY_11,1670,6
26°C,扩容,guang3zhou1shi4,2060 RCP 4.5,guang3zhou1shi4_2_9_2005_S0,STOREY_12,1670,6
26°C,扩容,guang3zhou1shi4,2060 RCP 4.5,guang3zhou1shi4_2_9_2005_S0,STOREY_13,1670,6
26°C,扩容,guang3zhou1shi4,2060 RCP 4.5,guang3zhou1shi4_2_9_2005_S0,STOREY_14,1670,6
26°C,扩容,guang3zhou1shi4,2060 RCP 4.5,guang3zhou1shi4_2_9_2005_S0,STOREY_15,1670,6
26°C,扩容,guang3zhou1shi4,2060 RCP 4.5,guang3zhou1shi4_2_9_2005_S0,STOREY_16,1670,6
26°C,扩容,guang3zhou1shi4,2060 RCP 4.5,guang3zhou1shi4_2_9_2005_S0,STOREY_17,1670,6
26°C,扩容,guang3zhou1shi4,2060 RCP 4.5,guang3zhou1shi4_2_9_2005_S0,STOREY_18,1670,6
26°C,扩容,guang3zhou1shi4,2060 RCP 4.5,guang3zhou1shi4_2_9_2005_S0,STOREY_19,1670,6
26°C,扩容,guang3zhou1shi4,2060 RCP 4.5,guang3zhou1shi4_2_9_2005_S0,STOREY_20,1670,6
26°C,扩容,guang3zhou1shi4,2060 RCP 4.5,guang3zhou1shi4_2_9_2005_S0,STOREY_21,1670,7
26°C,扩容,guang3zhou1shi4,2060 RCP 4.5,guang3zhou1shi4_2_9_2005_S0,STOREY_22,1670,9
26°C,扩容,guang3zhou1shi4,2060 RCP 4.5,guang3zhou1shi4_2_9_2005_S0,STOREY_23,1670,55
26°C,扩容,guang3zhou1shi4,2060 RCP 4.5,guang3zhou1shi4_2_9_2005_S0,STOREY_0,1670,0
26°C,扩容,guang3zhou1shi4,2060 RCP 8.5,guang3zhou1shi4_1_10_1995_S0,STOREY_1,1670,0
26°C,扩容,guang3zhou1shi4,2060 RCP 8.5,guang3zhou1shi4_1_10_1995_S0,STOREY_2,1670,0
26°C,扩容,guang3zhou1shi4,2060 RCP 8.5,guang3zhou1shi4_1_10_1995_S0,STOREY_3,1670,0
26°C,扩容,guang3zhou1shi4,2060 RCP 8.5,guang3zhou1shi4_1_10_1995_S0,STOREY_4,1670,69
26°C,扩容,guang3zhou1shi4,2060 RCP 8.5,guang3zhou1shi4_1_10_1995_S0,STOREY_0,1670,0
26°C,扩容,guang3zhou1shi4,2060 RCP 8.5,guang3zhou1shi4_1_12_2005_S0,STOREY_1,1670,0
26°C,扩容,guang3zhou1shi4,2060 RCP 8.5,guang3zhou1shi4_1_12_2005_S0,STOREY_2,1670,0
26°C,扩容,guang3zhou1shi4,2060 RCP 8.5,guang3zhou1shi4_1_12_2005_S0,STOREY_3,1670,46
26°C,扩容,guang3zhou1shi4,2060 RCP 8.5,guang3zhou1shi4_1_12_2005_S0,STOREY_0,1670,0
26°C,扩容,guang3zhou1shi4,2060 RCP 8.5,guang3zhou1shi4_1_1_2005_S0,STOREY_1,1670,0
26°C,扩容,guang3zhou1shi4,2060 RCP 8.5,guang3zhou1shi4_1_1_2005_S0,STOREY_2,1670,0
26°C,扩容,guang3zhou1shi4,2060 RCP 8.5,guang3zhou1shi4_1_1_2005_S0,STOREY_3,1670,0
26°C,扩容,guang3zhou1shi4,2060 RCP 8.5,guang3zhou1shi4_1_1_2005_S0,STOREY_4,1670,49
26°C,扩容,guang3zhou1shi4,2060 RCP 8.5,guang3zhou1shi4_1_1_2005_S0,STOREY_0,1670,0
26°C,扩容,guang3zhou1shi4,2060 RCP 8.5,guang3zhou1shi4_1_11_1995_S0,STOREY_1,1670,0
26°C,扩容,guang3zhou1shi4,2060 RCP 8.5,guang3zhou1shi4_1_11_1995_S0,STOREY_2,1670,0
26°C,扩容,guang3zhou1shi4,2060 RCP 8.5,guang3zhou1shi4_1_11_1995_S0,STOREY_3,1670,0
26°C,扩容,guang3zhou1shi4,2060 RCP 8.5,guang3zhou1shi4_1_11_1995_S0,STOREY_4,1670,0
26°C,扩容,guang3zhou1shi4,2060 RCP 8.5,guang3zhou1shi4_1_11_1995_S0,STOREY_5,1670,0
26°C,扩容,guang3zhou1shi4,2060 RCP 8.5,guang3zhou1shi4_1_11_1995_S0,STOREY_6,1670,0
26°C,扩容,guang3zhou1shi4,2060 RCP 8.5,guang3zhou1shi4_1_11_1995_S0,STOREY_7,1670,64
26°C,扩容,guang3zhou1shi4,2060 RCP 8.5,guang3zhou1shi4_1_11_1995_S0,STOREY_0,1670,0
26°C,扩容,guang3zhou1shi4,2060 RCP 8.5,guang3zhou1shi4_1_3_2005_S0,STOREY_1,1670,0
26°C,扩容,guang3zhou1shi4,2060 RCP 8.5,guang3zhou1shi4_1_3_2005_S0,STOREY_2,1670,0
26°C,扩容,guang3zhou1shi4,2060 RCP 8.5,guang3zhou1shi4_1_3_2005_S0,STOREY_3,1670,0
26°C,扩容,guang3zhou1shi4,2060 RCP 8.5,guang3zhou1shi4_1_3_2005_S0,STOREY_4,1670,0
26°C,扩容,guang3zhou1shi4,2060 RCP 8.5,guang3zhou1shi4_1_3_2005_S0,STOREY_5,1670,81
26°C,扩容,guang3zhou1shi4,2060 RCP 8.5,guang3zhou1shi4_1_3_2005_S0,STOREY_0,1670,0
26°C,扩容,guang3zhou1shi4,2060 RCP 8.5,guang3zhou1shi4_1_4_1995_S0,STOREY_1,1670,0
26°C,扩容,guang3zhou1shi4,2060 RCP 8.5,guang3zhou1shi4_1_4_1995_S0,STOREY_2,1670,0
26°C,扩容,guang3zhou1shi4,2060 RCP 8.5,guang3zhou1shi4_1_4_1995_S0,STOREY_3,1670,0
26°C,扩容,guang3zhou1shi4,2060 RCP 8.5,guang3zhou1shi4_1_4_1995_S0,STOREY_4,1670,1
26°C,扩容,guang3zhou1shi4,2060 RCP 8.5,guang3zhou1shi4_1_4_1995_S0,STOREY_5,1670,82
26°C,扩容,guang3zhou1shi4,2060 RCP 8.5,guang3zhou1shi4_1_4_1995_S0,STOREY_0,1670,0
26°C,扩容,guang3zhou1shi4,2060 RCP 8.5,guang3zhou1shi4_1_2_2005_S0,STOREY_1,1670,0
26°C,扩容,guang3zhou1shi4,2060 RCP 8.5,guang3zhou1shi4_1_2_2005_S0,STOREY_2,1670,0
26°C,扩容,guang3zhou1shi4,2060 RCP 8.5,guang3zhou1shi4_1_2_2005_S0,STOREY_3,1670,0
26°C,扩容,guang3zhou1shi4,2060 RCP 8.5,guang3zhou1shi4_1_2_2005_S0,STOREY_4,1670,0
26°C,扩容,guang3zhou1shi4,2060 RCP 8.5,guang3zhou1shi4_1_2_2005_S0,STOREY_5,1670,0
26°C,扩容,guang3zhou1shi4,2060 RCP 8.5,guang3zhou1shi4_1_2_2005_S0,STOREY_6,1670,0
26°C,扩容,guang3zhou1shi4,2060 RCP 8.5,guang3zhou1shi4_1_2_2005_S0,STOREY_7,1670,0
26°C,扩容,guang3zhou1shi4,2060 RCP 8.5,guang3zhou1shi4_1_2_2005_S0,STOREY_8,1670,0
26°C,扩容,guang3zhou1shi4,2060 RCP 8.5,guang3zhou1shi4_1_2_2005_S0,STOREY_9,1670,78
26°C,扩容,guang3zhou1shi4,2060 RCP 8.5,guang3zhou1shi4_1_2_2005_S0,STOREY_0,1670,0
26°C,扩容,guang3zhou1shi4,2060 RCP 8.5,guang3zhou1shi4_1_5_1995_S0,STOREY_1,1670,0
26°C,扩容,guang3zhou1shi4,2060 RCP 8.5,guang3zhou1shi4_1_5_1995_S0,STOREY_2,1670,0
26°C,扩容,guang3zhou1shi4,2060 RCP 8.5,guang3zhou1shi4_1_5_1995_S0,STOREY_3,1670,0
26°C,扩容,guang3zhou1shi4,2060 RCP 8.5,guang3zhou1shi4_1_5_1995_S0,STOREY_4,1670,0
26°C,扩容,guang3zhou1shi4,2060 RCP 8.5,guang3zhou1shi4_1_5_1995_S0,STOREY_5,1670,72
26°C,扩容,guang3zhou1shi4,2060 RCP 8.5,guang3zhou1shi4_1_5_1995_S0,STOREY_0,1670,0
26°C,扩容,guang3zhou1shi4,2060 RCP 8.5,guang3zhou1shi4_1_6_2005_S0,STOREY_1,1670,0
26°C,扩容,guang3zhou1shi4,2060 RCP 8.5,guang3zhou1shi4_1_6_2005_S0,STOREY_2,1670,0
26°C,扩容,guang3zhou1shi4,2060 RCP 8.5,guang3zhou1shi4_1_6_2005_S0,STOREY_3,1670,0
26°C,扩容,guang3zhou1shi4,2060 RCP 8.5,guang3zhou1shi4_1_6_2005_S0,STOREY_4,1670,2
26°C,扩容,guang3zhou1shi4,2060 RCP 8.5,guang3zhou1shi4_1_6_2005_S0,STOREY_5,1670,88
26°C,扩容,guang3zhou1shi4,2060 RCP 8.5,guang3zhou1shi4_1_6_2005_S0,STOREY_0,1670,0
26°C,扩容,guang3zhou1shi4,2060 RCP 8.5,guang3zhou1shi4_1_7_2005_S0,STOREY_1,1670,0
26°C,扩容,guang3zhou1shi4,2060 RCP 8.5,guang3zhou1shi4_1_7_2005_S0,STOREY_2,1670,0
26°C,扩容,guang3zhou1shi4,2060 RCP 8.5,guang3zhou1shi4_1_7_2005_S0,STOREY_3,1670,0
26°C,扩容,guang3zhou1shi4,2060 RCP 8.5,guang3zhou1shi4_1_7_2005_S0,STOREY_4,1670,0
26°C,扩容,guang3zhou1shi4,2060 RCP 8.5,guang3zhou1shi4_1_7_2005_S0,STOREY_5,1670,0
26°C,扩容,guang3zhou1shi4,2060 RCP 8.5,guang3zhou1shi4_1_7_2005_S0,STOREY_6,1670,0
26°C,扩容,guang3zhou1shi4,2060 RCP 8.5,guang3zhou1shi4_1_7_2005_S0,STOREY_7,1670,64
26°C,扩容,guang3zhou1shi4,2060 RCP 8.5,guang3zhou1shi4_1_7_2005_S0,STOREY_0,1670,0
26°C,扩容,guang3zhou1shi4,2060 RCP 8.5,guang3zhou1shi4_1_9_1980_S0,STOREY_1,1670,0
26°C,扩容,guang3zhou1shi4,2060 RCP 8.5,guang3zhou1shi4_1_9_1980_S0,STOREY_2,1670,0
26°C,扩容,guang3zhou1shi4,2060 RCP 8.5,guang3zhou1shi4_1_9_1980_S0,STOREY_3,1670,0
26°C,扩容,guang3zhou1shi4,2060 RCP 8.5,guang3zhou1shi4_1_9_1980_S0,STOREY_4,1670,0
26°C,扩容,guang3zhou1shi4,2060 RCP 8.5,guang3zhou1shi4_1_9_1980_S0,STOREY_5,1670,0
26°C,扩容,guang3zhou1shi4,2060 RCP 8.5,guang3zhou1shi4_1_9_1980_S0,STOREY_6,1670,2
26°C,扩容,guang3zhou1shi4,2060 RCP 8.5,guang3zhou1shi4_1_9_1980_S0,STOREY_7,1670,71
26°C,扩容,guang3zhou1shi4,2060 RCP 8.5,guang3zhou1shi4_1_9_1980_S0,STOREY_0,1670,0
26°C,扩容,guang3zhou1shi4,2060 RCP 8.5,guang3zhou1shi4_1_8_1995_S0,STOREY_1,1670,0
26°C,扩容,guang3zhou1shi4,2060 RCP 8.5,guang3zhou1shi4_1_8_1995_S0,STOREY_2,1670,0
26°C,扩容,guang3zhou1shi4,2060 RCP 8.5,guang3zhou1shi4_1_8_1995_S0,STOREY_3,1670,0
26°C,扩容,guang3zhou1shi4,2060 RCP 8.5,guang3zhou1shi4_1_8_1995_S0,STOREY_4,1670,0
26°C,扩容,guang3zhou1shi4,2060 RCP 8.5,guang3zhou1shi4_1_8_1995_S0,STOREY_5,1670,0
26°C,扩容,guang3zhou1shi4,2060 RCP 8.5,guang3zhou1shi4_1_8_1995_S0,STOREY_6,1670,0
26°C,扩容,guang3zhou1shi4,2060 RCP 8.5,guang3zhou1shi4_1_8_1995_S0,STOREY_7,1670,0
26°C,扩容,guang3zhou1shi4,2060 RCP 8.5,guang3zhou1shi4_1_8_1995_S0,STOREY_8,1670,0
26°C,扩容,guang3zhou1shi4,2060 RCP 8.5,guang3zhou1shi4_1_8_1995_S0,STOREY_9,1670,73
26°C,扩容,guang3zhou1shi4,2060 RCP 8.5,guang3zhou1shi4_1_8_1995_S0,STOREY_0,1670,0
26°C,扩容,guang3zhou1shi4,2060 RCP 8.5,guang3zhou1shi4_2_10_2005_S0,STOREY_1,1670,0
26°C,扩容,guang3zhou1shi4,2060 RCP 8.5,guang3zhou1shi4_2_10_2005_S0,STOREY_2,1670,0
26°C,扩容,guang3zhou1shi4,2060 RCP 8.5,guang3zhou1shi4_2_10_2005_S0,STOREY_3,1670,0
26°C,扩容,guang3zhou1shi4,2060 RCP 8.5,guang3zhou1shi4_2_10_2005_S0,STOREY_4,1670,0
26°C,扩容,guang3zhou1shi4,2060 RCP 8.5,guang3zhou1shi4_2_10_2005_S0,STOREY_5,1670,0
26°C,扩容,guang3zhou1shi4,2060 RCP 8.5,guang3zhou1shi4_2_10_2005_S0,STOREY_6,1670,0
26°C,扩容,guang3zhou1shi4,2060 RCP 8.5,guang3zhou1shi4_2_10_2005_S0,STOREY_7,1670,0
26°C,扩容,guang3zhou1shi4,2060 RCP 8.5,guang3zhou1shi4_2_10_2005_S0,STOREY_8,1670,0
26°C,扩容,guang3zhou1shi4,2060 RCP 8.5,guang3zhou1shi4_2_10_2005_S0,STOREY_9,1670,0
26°C,扩容,guang3zhou1shi4,2060 RCP 8.5,guang3zhou1shi4_2_10_2005_S0,STOREY_10,1670,0
26°C,扩容,guang3zhou1shi4,2060 RCP 8.5,guang3zhou1shi4_2_10_2005_S0,STOREY_11,1670,52
26°C,扩容,guang3zhou1shi4,2060 RCP 8.5,guang3zhou1shi4_2_10_2005_S0,STOREY_0,1670,0
26°C,扩容,guang3zhou1shi4,2060 RCP 8.5,guang3zhou1shi4_2_11_2005_S0,STOREY_1,1670,0
26°C,扩容,guang3zhou1shi4,2060 RCP 8.5,guang3zhou1shi4_2_11_2005_S0,STOREY_2,1670,0
26°C,扩容,guang3zhou1shi4,2060 RCP 8.5,guang3zhou1shi4_2_11_2005_S0,STOREY_3,1670,0
26°C,扩容,guang3zhou1shi4,2060 RCP 8.5,guang3zhou1shi4_2_11_2005_S0,STOREY_4,1670,0
26°C,扩容,guang3zhou1shi4,2060 RCP 8.5,guang3zhou1shi4_2_11_2005_S0,STOREY_5,1670,0
26°C,扩容,guang3zhou1shi4,2060 RCP 8.5,guang3zhou1shi4_2_11_2005_S0,STOREY_6,1670,0
26°C,扩容,guang3zhou1shi4,2060 RCP 8.5,guang3zhou1shi4_2_11_2005_S0,STOREY_7,1670,0
26°C,扩容,guang3zhou1shi4,2060 RCP 8.5,guang3zhou1shi4_2_11_2005_S0,STOREY_8,1670,0
26°C,扩容,guang3zhou1shi4,2060 RCP 8.5,guang3zhou1shi4_2_11_2005_S0,STOREY_9,1670,0
26°C,扩容,guang3zhou1shi4,2060 RCP 8.5,guang3zhou1shi4_2_11_2005_S0,STOREY_10,1670,0
26°C,扩容,guang3zhou1shi4,2060 RCP 8.5,guang3zhou1shi4_2_11_2005_S0,STOREY_11,1670,0
26°C,扩容,guang3zhou1shi4,2060 RCP 8.5,guang3zhou1shi4_2_11_2005_S0,STOREY_12,1670,0
26°C,扩容,guang3zhou1shi4,2060 RCP 8.5,guang3zhou1shi4_2_11_2005_S0,STOREY_13,1670,0
26°C,扩容,guang3zhou1shi4,2060 RCP 8.5,guang3zhou1shi4_2_11_2005_S0,STOREY_14,1670,0
26°C,扩容,guang3zhou1shi4,2060 RCP 8.5,guang3zhou1shi4_2_11_2005_S0,STOREY_15,1670,51
26°C,扩容,guang3zhou1shi4,2060 RCP 8.5,guang3zhou1shi4_2_11_2005_S0,STOREY_0,1670,0
26°C,扩容,guang3zhou1shi4,2060 RCP 8.5,guang3zhou1shi4_2_12_2015_S0,STOREY_1,1670,0
26°C,扩容,guang3zhou1shi4,2060 RCP 8.5,guang3zhou1shi4_2_12_2015_S0,STOREY_2,1670,0
26°C,扩容,guang3zhou1shi4,2060 RCP 8.5,guang3zhou1shi4_2_12_2015_S0,STOREY_3,1670,0
26°C,扩容,guang3zhou1shi4,2060 RCP 8.5,guang3zhou1shi4_2_12_2015_S0,STOREY_4,1670,0
26°C,扩容,guang3zhou1shi4,2060 RCP 8.5,guang3zhou1shi4_2_12_2015_S0,STOREY_5,1670,0
26°C,扩容,guang3zhou1shi4,2060 RCP 8.5,guang3zhou1shi4_2_12_2015_S0,STOREY_6,1670,0
26°C,扩容,guang3zhou1shi4,2060 RCP 8.5,guang3zhou1shi4_2_12_2015_S0,STOREY_7,1670,0
26°C,扩容,guang3zhou1shi4,2060 RCP 8.5,guang3zhou1shi4_2_12_2015_S0,STOREY_8,1670,0
26°C,扩容,guang3zhou1shi4,2060 RCP 8.5,guang3zhou1shi4_2_12_2015_S0,STOREY_9,1670,0
26°C,扩容,guang3zhou1shi4,2060 RCP 8.5,guang3zhou1shi4_2_12_2015_S0,STOREY_10,1670,0
26°C,扩容,guang3zhou1shi4,2060 RCP 8.5,guang3zhou1shi4_2_12_2015_S0,STOREY_11,1670,0
26°C,扩容,guang3zhou1shi4,2060 RCP 8.5,guang3zhou1shi4_2_12_2015_S0,STOREY_12,1670,0
26°C,扩容,guang3zhou1shi4,2060 RCP 8.5,guang3zhou1shi4_2_12_2015_S0,STOREY_13,1670,0
26°C,扩容,guang3zhou1shi4,2060 RCP 8.5,guang3zhou1shi4_2_12_2015_S0,STOREY_14,1670,0
26°C,扩容,guang3zhou1shi4,2060 RCP 8.5,guang3zhou1shi4_2_12_2015_S0,STOREY_15,1670,0
26°C,扩容,guang3zhou1shi4,2060 RCP 8.5,guang3zhou1shi4_2_12_2015_S0,STOREY_16,1670,0
26°C,扩容,guang3zhou1shi4,2060 RCP 8.5,guang3zhou1shi4_2_12_2015_S0,STOREY_17,1670,0
26°C,扩容,guang3zhou1shi4,2060 RCP 8.5,guang3zhou1shi4_2_12_2015_S0,STOREY_18,1670,0
26°C,扩容,guang3zhou1shi4,2060 RCP 8.5,guang3zhou1shi4_2_12_2015_S0,STOREY_19,1670,0
26°C,扩容,guang3zhou1shi4,2060 RCP 8.5,guang3zhou1shi4_2_12_2015_S0,STOREY_20,1670,0
26°C,扩容,guang3zhou1shi4,2060 RCP 8.5,guang3zhou1shi4_2_12_2015_S0,STOREY_21,1670,34
26°C,扩容,guang3zhou1shi4,2060 RCP 8.5,guang3zhou1shi4_2_12_2015_S0,STOREY_0,1670,0
26°C,扩容,guang3zhou1shi4,2060 RCP 8.5,guang3zhou1shi4_2_2_1995_S0,STOREY_1,1670,0
26°C,扩容,guang3zhou1shi4,2060 RCP 8.5,guang3zhou1shi4_2_2_1995_S0,STOREY_2,1670,0
26°C,扩容,guang3zhou1shi4,2060 RCP 8.5,guang3zhou1shi4_2_2_1995_S0,STOREY_3,1670,0
26°C,扩容,guang3zhou1shi4,2060 RCP 8.5,guang3zhou1shi4_2_2_1995_S0,STOREY_4,1670,0
26°C,扩容,guang3zhou1shi4,2060 RCP 8.5,guang3zhou1shi4_2_2_1995_S0,STOREY_5,1670,0
26°C,扩容,guang3zhou1shi4,2060 RCP 8.5,guang3zhou1shi4_2_2_1995_S0,STOREY_6,1670,0
26°C,扩容,guang3zhou1shi4,2060 RCP 8.5,guang3zhou1shi4_2_2_1995_S0,STOREY_7,1670,0
26°C,扩容,guang3zhou1shi4,2060 RCP 8.5,guang3zhou1shi4_2_2_1995_S0,STOREY_8,1670,0
26°C,扩容,guang3zhou1shi4,2060 RCP 8.5,guang3zhou1shi4_2_2_1995_S0,STOREY_9,1670,0
26°C,扩容,guang3zhou1shi4,2060 RCP 8.5,guang3zhou1shi4_2_2_1995_S0,STOREY_10,1670,0
26°C,扩容,guang3zhou1shi4,2060 RCP 8.5,guang3zhou1shi4_2_2_1995_S0,STOREY_11,1670,0
26°C,扩容,guang3zhou1shi4,2060 RCP 8.5,guang3zhou1shi4_2_2_1995_S0,STOREY_12,1670,0
26°C,扩容,guang3zhou1shi4,2060 RCP 8.5,guang3zhou1shi4_2_2_1995_S0,STOREY_13,1670,0
26°C,扩容,guang3zhou1shi4,2060 RCP 8.5,guang3zhou1shi4_2_2_1995_S0,STOREY_14,1670,0
26°C,扩容,guang3zhou1shi4,2060 RCP 8.5,guang3zhou1shi4_2_2_1995_S0,STOREY_15,1670,0
26°C,扩容,guang3zhou1shi4,2060 RCP 8.5,guang3zhou1shi4_2_2_1995_S0,STOREY_16,1670,0
26°C,扩容,guang3zhou1shi4,2060 RCP 8.5,guang3zhou1shi4_2_2_1995_S0,STOREY_17,1670,0
26°C,扩容,guang3zhou1shi4,2060 RCP 8.5,guang3zhou1shi4_2_2_1995_S0,STOREY_18,1670,0
26°C,扩容,guang3zhou1shi4,2060 RCP 8.5,guang3zhou1shi4_2_2_1995_S0,STOREY_19,1670,86
26°C,扩容,guang3zhou1shi4,2060 RCP 8.5,guang3zhou1shi4_2_2_1995_S0,STOREY_0,1670,0
26°C,扩容,guang3zhou1shi4,2060 RCP 8.5,guang3zhou1shi4_2_1_2015_S0,STOREY_1,1670,0
26°C,扩容,guang3zhou1shi4,2060 RCP 8.5,guang3zhou1shi4_2_1_2015_S0,STOREY_2,1670,0
26°C,扩容,guang3zhou1shi4,2060 RCP 8.5,guang3zhou1shi4_2_1_2015_S0,STOREY_3,1670,0
26°C,扩容,guang3zhou1shi4,2060 RCP 8.5,guang3zhou1shi4_2_1_2015_S0,STOREY_4,1670,0
26°C,扩容,guang3zhou1shi4,2060 RCP 8.5,guang3zhou1shi4_2_1_2015_S0,STOREY_5,1670,0
26°C,扩容,guang3zhou1shi4,2060 RCP 8.5,guang3zhou1shi4_2_1_2015_S0,STOREY_6,1670,0
26°C,扩容,guang3zhou1shi4,2060 RCP 8.5,guang3zhou1shi4_2_1_2015_S0,STOREY_7,1670,0
26°C,扩容,guang3zhou1shi4,2060 RCP 8.5,guang3zhou1shi4_2_1_2015_S0,STOREY_8,1670,0
26°C,扩容,guang3zhou1shi4,2060 RCP 8.5,guang3zhou1shi4_2_1_2015_S0,STOREY_9,1670,0
26°C,扩容,guang3zhou1shi4,2060 RCP 8.5,guang3zhou1shi4_2_1_2015_S0,STOREY_10,1670,0
26°C,扩容,guang3zhou1shi4,2060 RCP 8.5,guang3zhou1shi4_2_1_2015_S0,STOREY_11,1670,0
26°C,扩容,guang3zhou1shi4,2060 RCP 8.5,guang3zhou1shi4_2_1_2015_S0,STOREY_12,1670,0
26°C,扩容,guang3zhou1shi4,2060 RCP 8.5,guang3zhou1shi4_2_1_2015_S0,STOREY_13,1670,0
26°C,扩容,guang3zhou1shi4,2060 RCP 8.5,guang3zhou1shi4_2_1_2015_S0,STOREY_14,1670,0
26°C,扩容,guang3zhou1shi4,2060 RCP 8.5,guang3zhou1shi4_2_1_2015_S0,STOREY_15,1670,0
26°C,扩容,guang3zhou1shi4,2060 RCP 8.5,guang3zhou1shi4_2_1_2015_S0,STOREY_16,1670,0
26°C,扩容,guang3zhou1shi4,2060 RCP 8.5,guang3zhou1shi4_2_1_2015_S0,STOREY_17,1670,0
26°C,扩容,guang3zhou1shi4,2060 RCP 8.5,guang3zhou1shi4_2_1_2015_S0,STOREY_18,1670,0
26°C,扩容,guang3zhou1shi4,2060 RCP 8.5,guang3zhou1shi4_2_1_2015_S0,STOREY_19,1670,0
26°C,扩容,guang3zhou1shi4,2060 RCP 8.5,guang3zhou1shi4_2_1_2015_S0,STOREY_20,1670,0
26°C,扩容,guang3zhou1shi4,2060 RCP 8.5,guang3zhou1shi4_2_1_2015_S0,STOREY_21,1670,0
26°C,扩容,guang3zhou1shi4,2060 RCP 8.5,guang3zhou1shi4_2_1_2015_S0,STOREY_22,1670,0
26°C,扩容,guang3zhou1shi4,2060 RCP 8.5,guang3zhou1shi4_2_1_2015_S0,STOREY_23,1670,0
26°C,扩容,guang3zhou1shi4,2060 RCP 8.5,guang3zhou1shi4_2_1_2015_S0,STOREY_24,1670,0
26°C,扩容,guang3zhou1shi4,2060 RCP 8.5,guang3zhou1shi4_2_1_2015_S0,STOREY_25,1670,0
26°C,扩容,guang3zhou1shi4,2060 RCP 8.5,guang3zhou1shi4_2_1_2015_S0,STOREY_26,1670,0
26°C,扩容,guang3zhou1shi4,2060 RCP 8.5,guang3zhou1shi4_2_1_2015_S0,STOREY_27,1670,28
26°C,扩容,guang3zhou1shi4,2060 RCP 8.5,guang3zhou1shi4_2_1_2015_S0,STOREY_0,1670,0
26°C,扩容,guang3zhou1shi4,2060 RCP 8.5,guang3zhou1shi4_2_3_2005_S0,STOREY_1,1670,0
26°C,扩容,guang3zhou1shi4,2060 RCP 8.5,guang3zhou1shi4_2_3_2005_S0,STOREY_2,1670,0
26°C,扩容,guang3zhou1shi4,2060 RCP 8.5,guang3zhou1shi4_2_3_2005_S0,STOREY_3,1670,0
26°C,扩容,guang3zhou1shi4,2060 RCP 8.5,guang3zhou1shi4_2_3_2005_S0,STOREY_4,1670,0
26°C,扩容,guang3zhou1shi4,2060 RCP 8.5,guang3zhou1shi4_2_3_2005_S0,STOREY_5,1670,0
26°C,扩容,guang3zhou1shi4,2060 RCP 8.5,guang3zhou1shi4_2_3_2005_S0,STOREY_6,1670,0
26°C,扩容,guang3zhou1shi4,2060 RCP 8.5,guang3zhou1shi4_2_3_2005_S0,STOREY_7,1670,0
26°C,扩容,guang3zhou1shi4,2060 RCP 8.5,guang3zhou1shi4_2_3_2005_S0,STOREY_8,1670,0
26°C,扩容,guang3zhou1shi4,2060 RCP 8.5,guang3zhou1shi4_2_3_2005_S0,STOREY_9,1670,0
26°C,扩容,guang3zhou1shi4,2060 RCP 8.5,guang3zhou1shi4_2_3_2005_S0,STOREY_10,1670,0
26°C,扩容,guang3zhou1shi4,2060 RCP 8.5,guang3zhou1shi4_2_3_2005_S0,STOREY_11,1670,0
26°C,扩容,guang3zhou1shi4,2060 RCP 8.5,guang3zhou1shi4_2_3_2005_S0,STOREY_12,1670,0
26°C,扩容,guang3zhou1shi4,2060 RCP 8.5,guang3zhou1shi4_2_3_2005_S0,STOREY_13,1670,0
26°C,扩容,guang3zhou1shi4,2060 RCP 8.5,guang3zhou1shi4_2_3_2005_S0,STOREY_14,1670,44
26°C,扩容,guang3zhou1shi4,2060 RCP 8.5,guang3zhou1shi4_2_3_2005_S0,STOREY_0,1670,0
26°C,扩容,guang3zhou1shi4,2060 RCP 8.5,guang3zhou1shi4_2_4_2005_S0,STOREY_1,1670,0
26°C,扩容,guang3zhou1shi4,2060 RCP 8.5,guang3zhou1shi4_2_4_2005_S0,STOREY_2,1670,0
26°C,扩容,guang3zhou1shi4,2060 RCP 8.5,guang3zhou1shi4_2_4_2005_S0,STOREY_3,1670,0
26°C,扩容,guang3zhou1shi4,2060 RCP 8.5,guang3zhou1shi4_2_4_2005_S0,STOREY_4,1670,0
26°C,扩容,guang3zhou1shi4,2060 RCP 8.5,guang3zhou1shi4_2_4_2005_S0,STOREY_5,1670,0
26°C,扩容,guang3zhou1shi4,2060 RCP 8.5,guang3zhou1shi4_2_4_2005_S0,STOREY_6,1670,0
26°C,扩容,guang3zhou1shi4,2060 RCP 8.5,guang3zhou1shi4_2_4_2005_S0,STOREY_7,1670,0
26°C,扩容,guang3zhou1shi4,2060 RCP 8.5,guang3zhou1shi4_2_4_2005_S0,STOREY_8,1670,0
26°C,扩容,guang3zhou1shi4,2060 RCP 8.5,guang3zhou1shi4_2_4_2005_S0,STOREY_9,1670,0
26°C,扩容,guang3zhou1shi4,2060 RCP 8.5,guang3zhou1shi4_2_4_2005_S0,STOREY_10,1670,0
26°C,扩容,guang3zhou1shi4,2060 RCP 8.5,guang3zhou1shi4_2_4_2005_S0,STOREY_11,1670,66
26°C,扩容,guang3zhou1shi4,2060 RCP 8.5,guang3zhou1shi4_2_4_2005_S0,STOREY_0,1670,0
26°C,扩容,guang3zhou1shi4,2060 RCP 8.5,guang3zhou1shi4_2_5_2015_S0,STOREY_1,1670,0
26°C,扩容,guang3zhou1shi4,2060 RCP 8.5,guang3zhou1shi4_2_5_2015_S0,STOREY_2,1670,0
26°C,扩容,guang3zhou1shi4,2060 RCP 8.5,guang3zhou1shi4_2_5_2015_S0,STOREY_3,1670,0
26°C,扩容,guang3zhou1shi4,2060 RCP 8.5,guang3zhou1shi4_2_5_2015_S0,STOREY_4,1670,0
26°C,扩容,guang3zhou1shi4,2060 RCP 8.5,guang3zhou1shi4_2_5_2015_S0,STOREY_5,1670,0
26°C,扩容,guang3zhou1shi4,2060 RCP 8.5,guang3zhou1shi4_2_5_2015_S0,STOREY_6,1670,0
26°C,扩容,guang3zhou1shi4,2060 RCP 8.5,guang3zhou1shi4_2_5_2015_S0,STOREY_7,1670,0
26°C,扩容,guang3zhou1shi4,2060 RCP 8.5,guang3zhou1shi4_2_5_2015_S0,STOREY_8,1670,0
26°C,扩容,guang3zhou1shi4,2060 RCP 8.5,guang3zhou1shi4_2_5_2015_S0,STOREY_9,1670,0
26°C,扩容,guang3zhou1shi4,2060 RCP 8.5,guang3zhou1shi4_2_5_2015_S0,STOREY_10,1670,0
26°C,扩容,guang3zhou1shi4,2060 RCP 8.5,guang3zhou1shi4_2_5_2015_S0,STOREY_11,1670,0
26°C,扩容,guang3zhou1shi4,2060 RCP 8.5,guang3zhou1shi4_2_5_2015_S0,STOREY_12,1670,0
26°C,扩容,guang3zhou1shi4,2060 RCP 8.5,guang3zhou1shi4_2_5_2015_S0,STOREY_13,1670,0
26°C,扩容,guang3zhou1shi4,2060 RCP 8.5,guang3zhou1shi4_2_5_2015_S0,STOREY_14,1670,42
26°C,扩容,guang3zhou1shi4,2060 RCP 8.5,guang3zhou1shi4_2_5_2015_S0,STOREY_0,1670,0
26°C,扩容,guang3zhou1shi4,2060 RCP 8.5,guang3zhou1shi4_2_6_2005_S0,STOREY_1,1670,0
26°C,扩容,guang3zhou1shi4,2060 RCP 8.5,guang3zhou1shi4_2_6_2005_S0,STOREY_2,1670,0
26°C,扩容,guang3zhou1shi4,2060 RCP 8.5,guang3zhou1shi4_2_6_2005_S0,STOREY_3,1670,0
26°C,扩容,guang3zhou1shi4,2060 RCP 8.5,guang3zhou1shi4_2_6_2005_S0,STOREY_4,1670,0
26°C,扩容,guang3zhou1shi4,2060 RCP 8.5,guang3zhou1shi4_2_6_2005_S0,STOREY_5,1670,0
26°C,扩容,guang3zhou1shi4,2060 RCP 8.5,guang3zhou1shi4_2_6_2005_S0,STOREY_6,1670,0
26°C,扩容,guang3zhou1shi4,2060 RCP 8.5,guang3zhou1shi4_2_6_2005_S0,STOREY_7,1670,0
26°C,扩容,guang3zhou1shi4,2060 RCP 8.5,guang3zhou1shi4_2_6_2005_S0,STOREY_8,1670,0
26°C,扩容,guang3zhou1shi4,2060 RCP 8.5,guang3zhou1shi4_2_6_2005_S0,STOREY_9,1670,0
26°C,扩容,guang3zhou1shi4,2060 RCP 8.5,guang3zhou1shi4_2_6_2005_S0,STOREY_10,1670,0
26°C,扩容,guang3zhou1shi4,2060 RCP 8.5,guang3zhou1shi4_2_6_2005_S0,STOREY_11,1670,0
26°C,扩容,guang3zhou1shi4,2060 RCP 8.5,guang3zhou1shi4_2_6_2005_S0,STOREY_12,1670,0
26°C,扩容,guang3zhou1shi4,2060 RCP 8.5,guang3zhou1shi4_2_6_2005_S0,STOREY_13,1670,0
26°C,扩容,guang3zhou1shi4,2060 RCP 8.5,guang3zhou1shi4_2_6_2005_S0,STOREY_14,1670,43
26°C,扩容,guang3zhou1shi4,2060 RCP 8.5,guang3zhou1shi4_2_6_2005_S0,STOREY_0,1670,0
26°C,扩容,shang4hai3shi4,2040 RCP 2.6,shang4hai3shi4_0_10_1980_S0,STOREY_1,1840,13
26°C,扩容,shang4hai3shi4,2040 RCP 2.6,shang4hai3shi4_0_10_1980_S0,STOREY_2,1840,27
26°C,扩容,shang4hai3shi4,2040 RCP 2.6,shang4hai3shi4_0_10_1980_S0,STOREY_0,1840,0
26°C,扩容,guang3zhou1shi4,2060 RCP 8.5,guang3zhou1shi4_2_7_2015_S0,STOREY_1,1670,0
26°C,扩容,guang3zhou1shi4,2060 RCP 8.5,guang3zhou1shi4_2_7_2015_S0,STOREY_2,1670,0
26°C,扩容,guang3zhou1shi4,2060 RCP 8.5,guang3zhou1shi4_2_7_2015_S0,STOREY_3,1670,0
26°C,扩容,guang3zhou1shi4,2060 RCP 8.5,guang3zhou1shi4_2_7_2015_S0,STOREY_4,1670,0
26°C,扩容,guang3zhou1shi4,2060 RCP 8.5,guang3zhou1shi4_2_7_2015_S0,STOREY_5,1670,0
26°C,扩容,guang3zhou1shi4,2060 RCP 8.5,guang3zhou1shi4_2_7_2015_S0,STOREY_6,1670,0
26°C,扩容,guang3zhou1shi4,2060 RCP 8.5,guang3zhou1shi4_2_7_2015_S0,STOREY_7,1670,0
26°C,扩容,guang3zhou1shi4,2060 RCP 8.5,guang3zhou1shi4_2_7_2015_S0,STOREY_8,1670,0
26°C,扩容,guang3zhou1shi4,2060 RCP 8.5,guang3zhou1shi4_2_7_2015_S0,STOREY_9,1670,0
26°C,扩容,guang3zhou1shi4,2060 RCP 8.5,guang3zhou1shi4_2_7_2015_S0,STOREY_10,1670,0
26°C,扩容,guang3zhou1shi4,2060 RCP 8.5,guang3zhou1shi4_2_7_2015_S0,STOREY_11,1670,0
26°C,扩容,guang3zhou1shi4,2060 RCP 8.5,guang3zhou1shi4_2_7_2015_S0,STOREY_12,1670,0
26°C,扩容,guang3zhou1shi4,2060 RCP 8.5,guang3zhou1shi4_2_7_2015_S0,STOREY_13,1670,0
26°C,扩容,guang3zhou1shi4,2060 RCP 8.5,guang3zhou1shi4_2_7_2015_S0,STOREY_14,1670,0
26°C,扩容,guang3zhou1shi4,2060 RCP 8.5,guang3zhou1shi4_2_7_2015_S0,STOREY_15,1670,0
26°C,扩容,guang3zhou1shi4,2060 RCP 8.5,guang3zhou1shi4_2_7_2015_S0,STOREY_16,1670,0
26°C,扩容,guang3zhou1shi4,2060 RCP 8.5,guang3zhou1shi4_2_7_2015_S0,STOREY_17,1670,0
26°C,扩容,guang3zhou1shi4,2060 RCP 8.5,guang3zhou1shi4_2_7_2015_S0,STOREY_18,1670,0
26°C,扩容,guang3zhou1shi4,2060 RCP 8.5,guang3zhou1shi4_2_7_2015_S0,STOREY_19,1670,27
26°C,扩容,guang3zhou1shi4,2060 RCP 8.5,guang3zhou1shi4_2_7_2015_S0,STOREY_0,1670,0
26°C,扩容,shang4hai3shi4,2040 RCP 2.6,shang4hai3shi4_0_11_1980_S0,STOREY_1,1840,8
26°C,扩容,shang4hai3shi4,2040 RCP 2.6,shang4hai3shi4_0_11_1980_S0,STOREY_2,1840,25
26°C,扩容,shang4hai3shi4,2040 RCP 2.6,shang4hai3shi4_0_11_1980_S0,STOREY_0,1840,0
26°C,扩容,shang4hai3shi4,2040 RCP 2.6,shang4hai3shi4_0_12_1995_S0,STOREY_1,1840,1
26°C,扩容,shang4hai3shi4,2040 RCP 2.6,shang4hai3shi4_0_12_1995_S0,STOREY_2,1840,23
26°C,扩容,shang4hai3shi4,2040 RCP 2.6,shang4hai3shi4_0_12_1995_S0,STOREY_0,1840,0
26°C,扩容,shang4hai3shi4,2040 RCP 2.6,shang4hai3shi4_0_13_1980_S0,STOREY_1,1840,27
26°C,扩容,shang4hai3shi4,2040 RCP 2.6,shang4hai3shi4_0_13_1980_S0,STOREY_0,1840,0
26°C,扩容,shang4hai3shi4,2040 RCP 2.6,shang4hai3shi4_0_14_2005_S0,STOREY_1,1840,4
26°C,扩容,shang4hai3shi4,2040 RCP 2.6,shang4hai3shi4_0_14_2005_S0,STOREY_2,1840,20
26°C,扩容,shang4hai3shi4,2040 RCP 2.6,shang4hai3shi4_0_14_2005_S0,STOREY_0,1840,0
26°C,扩容,shang4hai3shi4,2040 RCP 2.6,shang4hai3shi4_0_15_1995_S0,STOREY_1,1840,42
26°C,扩容,shang4hai3shi4,2040 RCP 2.6,shang4hai3shi4_0_15_1995_S0,STOREY_2,1840,51
26°C,扩容,shang4hai3shi4,2040 RCP 2.6,shang4hai3shi4_0_15_1995_S0,STOREY_0,1840,1
26°C,扩容,shang4hai3shi4,2040 RCP 2.6,shang4hai3shi4_0_2_1995_S0,STOREY_0,1840,0
26°C,扩容,shang4hai3shi4,2040 RCP 2.6,shang4hai3shi4_0_1_1980_S0,STOREY_1,1840,0
26°C,扩容,shang4hai3shi4,2040 RCP 2.6,shang4hai3shi4_0_1_1980_S0,STOREY_2,1840,13
26°C,扩容,shang4hai3shi4,2040 RCP 2.6,shang4hai3shi4_0_1_1980_S0,STOREY_0,1840,0
26°C,扩容,guang3zhou1shi4,2060 RCP 8.5,guang3zhou1shi4_2_8_2005_S0,STOREY_1,1670,0
26°C,扩容,guang3zhou1shi4,2060 RCP 8.5,guang3zhou1shi4_2_8_2005_S0,STOREY_2,1670,0
26°C,扩容,guang3zhou1shi4,2060 RCP 8.5,guang3zhou1shi4_2_8_2005_S0,STOREY_3,1670,0
26°C,扩容,guang3zhou1shi4,2060 RCP 8.5,guang3zhou1shi4_2_8_2005_S0,STOREY_4,1670,0
26°C,扩容,guang3zhou1shi4,2060 RCP 8.5,guang3zhou1shi4_2_8_2005_S0,STOREY_5,1670,0
26°C,扩容,guang3zhou1shi4,2060 RCP 8.5,guang3zhou1shi4_2_8_2005_S0,STOREY_6,1670,0
26°C,扩容,guang3zhou1shi4,2060 RCP 8.5,guang3zhou1shi4_2_8_2005_S0,STOREY_7,1670,0
26°C,扩容,guang3zhou1shi4,2060 RCP 8.5,guang3zhou1shi4_2_8_2005_S0,STOREY_8,1670,0
26°C,扩容,guang3zhou1shi4,2060 RCP 8.5,guang3zhou1shi4_2_8_2005_S0,STOREY_9,1670,0
26°C,扩容,guang3zhou1shi4,2060 RCP 8.5,guang3zhou1shi4_2_8_2005_S0,STOREY_10,1670,0
26°C,扩容,guang3zhou1shi4,2060 RCP 8.5,guang3zhou1shi4_2_8_2005_S0,STOREY_11,1670,0
26°C,扩容,guang3zhou1shi4,2060 RCP 8.5,guang3zhou1shi4_2_8_2005_S0,STOREY_12,1670,0
26°C,扩容,guang3zhou1shi4,2060 RCP 8.5,guang3zhou1shi4_2_8_2005_S0,STOREY_13,1670,0
26°C,扩容,guang3zhou1shi4,2060 RCP 8.5,guang3zhou1shi4_2_8_2005_S0,STOREY_14,1670,0
26°C,扩容,guang3zhou1shi4,2060 RCP 8.5,guang3zhou1shi4_2_8_2005_S0,STOREY_15,1670,0
26°C,扩容,guang3zhou1shi4,2060 RCP 8.5,guang3zhou1shi4_2_8_2005_S0,STOREY_16,1670,0
26°C,扩容,guang3zhou1shi4,2060 RCP 8.5,guang3zhou1shi4_2_8_2005_S0,STOREY_17,1670,0
26°C,扩容,guang3zhou1shi4,2060 RCP 8.5,guang3zhou1shi4_2_8_2005_S0,STOREY_18,1670,0
26°C,扩容,guang3zhou1shi4,2060 RCP 8.5,guang3zhou1shi4_2_8_2005_S0,STOREY_19,1670,0
26°C,扩容,guang3zhou1shi4,2060 RCP 8.5,guang3zhou1shi4_2_8_2005_S0,STOREY_20,1670,0
26°C,扩容,guang3zhou1shi4,2060 RCP 8.5,guang3zhou1shi4_2_8_2005_S0,STOREY_21,1670,0
26°C,扩容,guang3zhou1shi4,2060 RCP 8.5,guang3zhou1shi4_2_8_2005_S0,STOREY_22,1670,0
26°C,扩容,guang3zhou1shi4,2060 RCP 8.5,guang3zhou1shi4_2_8_2005_S0,STOREY_23,1670,0
26°C,扩容,guang3zhou1shi4,2060 RCP 8.5,guang3zhou1shi4_2_8_2005_S0,STOREY_24,1670,0
26°C,扩容,guang3zhou1shi4,2060 RCP 8.5,guang3zhou1shi4_2_8_2005_S0,STOREY_25,1670,0
26°C,扩容,guang3zhou1shi4,2060 RCP 8.5,guang3zhou1shi4_2_8_2005_S0,STOREY_26,1670,0
26°C,扩容,guang3zhou1shi4,2060 RCP 8.5,guang3zhou1shi4_2_8_2005_S0,STOREY_27,1670,30
26°C,扩容,guang3zhou1shi4,2060 RCP 8.5,guang3zhou1shi4_2_8_2005_S0,STOREY_0,1670,0
26°C,扩容,shang4hai3shi4,2040 RCP 2.6,shang4hai3shi4_0_3_1980_S0,STOREY_1,1840,21
26°C,扩容,shang4hai3shi4,2040 RCP 2.6,shang4hai3shi4_0_3_1980_S0,STOREY_2,1840,31
26°C,扩容,shang4hai3shi4,2040 RCP 2.6,shang4hai3shi4_0_3_1980_S0,STOREY_0,1840,0
26°C,扩容,shang4hai3shi4,2040 RCP 2.6,shang4hai3shi4_0_5_1980_S0,STOREY_1,1840,17
26°C,扩容,shang4hai3shi4,2040 RCP 2.6,shang4hai3shi4_0_5_1980_S0,STOREY_0,1840,0
26°C,扩容,shang4hai3shi4,2040 RCP 2.6,shang4hai3shi4_0_4_1980_S0,STOREY_1,1840,67
26°C,扩容,shang4hai3shi4,2040 RCP 2.6,shang4hai3shi4_0_4_1980_S0,STOREY_2,1840,60
26°C,扩容,shang4hai3shi4,2040 RCP 2.6,shang4hai3shi4_0_4_1980_S0,STOREY_0,1840,1
26°C,扩容,guang3zhou1shi4,2060 RCP 8.5,guang3zhou1shi4_2_9_2005_S0,STOREY_1,1670,0
26°C,扩容,guang3zhou1shi4,2060 RCP 8.5,guang3zhou1shi4_2_9_2005_S0,STOREY_2,1670,0
26°C,扩容,guang3zhou1shi4,2060 RCP 8.5,guang3zhou1shi4_2_9_2005_S0,STOREY_3,1670,0
26°C,扩容,guang3zhou1shi4,2060 RCP 8.5,guang3zhou1shi4_2_9_2005_S0,STOREY_4,1670,0
26°C,扩容,guang3zhou1shi4,2060 RCP 8.5,guang3zhou1shi4_2_9_2005_S0,STOREY_5,1670,0
26°C,扩容,guang3zhou1shi4,2060 RCP 8.5,guang3zhou1shi4_2_9_2005_S0,STOREY_6,1670,0
26°C,扩容,guang3zhou1shi4,2060 RCP 8.5,guang3zhou1shi4_2_9_2005_S0,STOREY_7,1670,0
26°C,扩容,guang3zhou1shi4,2060 RCP 8.5,guang3zhou1shi4_2_9_2005_S0,STOREY_8,1670,0
26°C,扩容,guang3zhou1shi4,2060 RCP 8.5,guang3zhou1shi4_2_9_2005_S0,STOREY_9,1670,0
26°C,扩容,guang3zhou1shi4,2060 RCP 8.5,guang3zhou1shi4_2_9_2005_S0,STOREY_10,1670,0
26°C,扩容,guang3zhou1shi4,2060 RCP 8.5,guang3zhou1shi4_2_9_2005_S0,STOREY_11,1670,0
26°C,扩容,guang3zhou1shi4,2060 RCP 8.5,guang3zhou1shi4_2_9_2005_S0,STOREY_12,1670,0
26°C,扩容,guang3zhou1shi4,2060 RCP 8.5,guang3zhou1shi4_2_9_2005_S0,STOREY_13,1670,0
26°C,扩容,guang3zhou1shi4,2060 RCP 8.5,guang3zhou1shi4_2_9_2005_S0,STOREY_14,1670,0
26°C,扩容,guang3zhou1shi4,2060 RCP 8.5,guang3zhou1shi4_2_9_2005_S0,STOREY_15,1670,0
26°C,扩容,guang3zhou1shi4,2060 RCP 8.5,guang3zhou1shi4_2_9_2005_S0,STOREY_16,1670,0
26°C,扩容,guang3zhou1shi4,2060 RCP 8.5,guang3zhou1shi4_2_9_2005_S0,STOREY_17,1670,0
26°C,扩容,guang3zhou1shi4,2060 RCP 8.5,guang3zhou1shi4_2_9_2005_S0,STOREY_18,1670,0
26°C,扩容,guang3zhou1shi4,2060 RCP 8.5,guang3zhou1shi4_2_9_2005_S0,STOREY_19,1670,0
26°C,扩容,guang3zhou1shi4,2060 RCP 8.5,guang3zhou1shi4_2_9_2005_S0,STOREY_20,1670,0
26°C,扩容,guang3zhou1shi4,2060 RCP 8.5,guang3zhou1shi4_2_9_2005_S0,STOREY_21,1670,0
26°C,扩容,guang3zhou1shi4,2060 RCP 8.5,guang3zhou1shi4_2_9_2005_S0,STOREY_22,1670,0
26°C,扩容,guang3zhou1shi4,2060 RCP 8.5,guang3zhou1shi4_2_9_2005_S0,STOREY_23,1670,49
26°C,扩容,guang3zhou1shi4,2060 RCP 8.5,guang3zhou1shi4_2_9_2005_S0,STOREY_0,1670,0
26°C,扩容,shang4hai3shi4,2040 RCP 2.6,shang4hai3shi4_0_6_1980_S0,STOREY_1,1840,12
26°C,扩容,shang4hai3shi4,2040 RCP 2.6,shang4hai3shi4_0_6_1980_S0,STOREY_2,1840,27
26°C,扩容,shang4hai3shi4,2040 RCP 2.6,shang4hai3shi4_0_6_1980_S0,STOREY_0,1840,0
26°C,扩容,shang4hai3shi4,2040 RCP 2.6,shang4hai3shi4_0_7_1995_S0,STOREY_1,1840,48
26°C,扩容,shang4hai3shi4,2040 RCP 2.6,shang4hai3shi4_0_7_1995_S0,STOREY_2,1840,57
26°C,扩容,shang4hai3shi4,2040 RCP 2.6,shang4hai3shi4_0_7_1995_S0,STOREY_0,1840,1
26°C,扩容,shang4hai3shi4,2040 RCP 2.6,shang4hai3shi4_0_8_1980_S0,STOREY_1,1840,56
26°C,扩容,shang4hai3shi4,2040 RCP 2.6,shang4hai3shi4_0_8_1980_S0,STOREY_2,1840,57
26°C,扩容,shang4hai3shi4,2040 RCP 2.6,shang4hai3shi4_0_8_1980_S0,STOREY_0,1840,0
26°C,扩容,shang4hai3shi4,2040 RCP 2.6,shang4hai3shi4_0_9_1995_S0,STOREY_1,1840,6
26°C,扩容,shang4hai3shi4,2040 RCP 2.6,shang4hai3shi4_0_9_1995_S0,STOREY_2,1840,26
26°C,扩容,shang4hai3shi4,2040 RCP 2.6,shang4hai3shi4_0_9_1995_S0,STOREY_0,1840,0
26°C,扩容,shang4hai3shi4,2040 RCP 2.6,shang4hai3shi4_1_10_1995_S0,STOREY_1,1840,0
26°C,扩容,shang4hai3shi4,2040 RCP 2.6,shang4hai3shi4_1_10_1995_S0,STOREY_2,1840,0
26°C,扩容,shang4hai3shi4,2040 RCP 2.6,shang4hai3shi4_1_10_1995_S0,STOREY_3,1840,0
26°C,扩容,shang4hai3shi4,2040 RCP 2.6,shang4hai3shi4_1_10_1995_S0,STOREY_4,1840,1
26°C,扩容,shang4hai3shi4,2040 RCP 2.6,shang4hai3shi4_1_10_1995_S0,STOREY_5,1840,18
26°C,扩容,shang4hai3shi4,2040 RCP 2.6,shang4hai3shi4_1_10_1995_S0,STOREY_0,1840,0
26°C,扩容,shang4hai3shi4,2040 RCP 2.6,shang4hai3shi4_1_13_2005_S0,STOREY_1,1840,0
26°C,扩容,shang4hai3shi4,2040 RCP 2.6,shang4hai3shi4_1_13_2005_S0,STOREY_2,1840,0
26°C,扩容,shang4hai3shi4,2040 RCP 2.6,shang4hai3shi4_1_13_2005_S0,STOREY_3,1840,0
26°C,扩容,shang4hai3shi4,2040 RCP 2.6,shang4hai3shi4_1_13_2005_S0,STOREY_4,1840,14
26°C,扩容,shang4hai3shi4,2040 RCP 2.6,shang4hai3shi4_1_13_2005_S0,STOREY_0,1840,0
26°C,扩容,shang4hai3shi4,2040 RCP 2.6,shang4hai3shi4_1_11_1995_S0,STOREY_1,1840,1
26°C,扩容,shang4hai3shi4,2040 RCP 2.6,shang4hai3shi4_1_11_1995_S0,STOREY_2,1840,1
26°C,扩容,shang4hai3shi4,2040 RCP 2.6,shang4hai3shi4_1_11_1995_S0,STOREY_3,1840,1
26°C,扩容,shang4hai3shi4,2040 RCP 2.6,shang4hai3shi4_1_11_1995_S0,STOREY_4,1840,4
26°C,扩容,shang4hai3shi4,2040 RCP 2.6,shang4hai3shi4_1_11_1995_S0,STOREY_5,1840,23
26°C,扩容,shang4hai3shi4,2040 RCP 2.6,shang4hai3shi4_1_11_1995_S0,STOREY_0,1840,0
26°C,扩容,shang4hai3shi4,2040 RCP 2.6,shang4hai3shi4_1_12_2005_S0,STOREY_1,1840,0
26°C,扩容,shang4hai3shi4,2040 RCP 2.6,shang4hai3shi4_1_12_2005_S0,STOREY_2,1840,0
26°C,扩容,shang4hai3shi4,2040 RCP 2.6,shang4hai3shi4_1_12_2005_S0,STOREY_3,1840,0
26°C,扩容,shang4hai3shi4,2040 RCP 2.6,shang4hai3shi4_1_12_2005_S0,STOREY_4,1840,0
26°C,扩容,shang4hai3shi4,2040 RCP 2.6,shang4hai3shi4_1_12_2005_S0,STOREY_5,1840,14
26°C,扩容,shang4hai3shi4,2040 RCP 2.6,shang4hai3shi4_1_12_2005_S0,STOREY_0,1840,0
26°C,扩容,shang4hai3shi4,2040 RCP 2.6,shang4hai3shi4_1_1_1995_S0,STOREY_1,1840,1
26°C,扩容,shang4hai3shi4,2040 RCP 2.6,shang4hai3shi4_1_1_1995_S0,STOREY_2,1840,1
26°C,扩容,shang4hai3shi4,2040 RCP 2.6,shang4hai3shi4_1_1_1995_S0,STOREY_3,1840,2
26°C,扩容,shang4hai3shi4,2040 RCP 2.6,shang4hai3shi4_1_1_1995_S0,STOREY_4,1840,4
26°C,扩容,shang4hai3shi4,2040 RCP 2.6,shang4hai3shi4_1_1_1995_S0,STOREY_5,1840,23
26°C,扩容,shang4hai3shi4,2040 RCP 2.6,shang4hai3shi4_1_1_1995_S0,STOREY_0,1840,0
26°C,扩容,shang4hai3shi4,2040 RCP 2.6,shang4hai3shi4_1_15_2005_S0,STOREY_1,1840,0
26°C,扩容,shang4hai3shi4,2040 RCP 2.6,shang4hai3shi4_1_15_2005_S0,STOREY_2,1840,0
26°C,扩容,shang4hai3shi4,2040 RCP 2.6,shang4hai3shi4_1_15_2005_S0,STOREY_3,1840,0
26°C,扩容,shang4hai3shi4,2040 RCP 2.6,shang4hai3shi4_1_15_2005_S0,STOREY_4,1840,0
26°C,扩容,shang4hai3shi4,2040 RCP 2.6,shang4hai3shi4_1_15_2005_S0,STOREY_5,1840,14
26°C,扩容,shang4hai3shi4,2040 RCP 2.6,shang4hai3shi4_1_15_2005_S0,STOREY_0,1840,0
26°C,扩容,shang4hai3shi4,2040 RCP 2.6,shang4hai3shi4_1_2_1980_S0,STOREY_1,1840,6
26°C,扩容,shang4hai3shi4,2040 RCP 2.6,shang4hai3shi4_1_2_1980_S0,STOREY_2,1840,7
26°C,扩容,shang4hai3shi4,2040 RCP 2.6,shang4hai3shi4_1_2_1980_S0,STOREY_3,1840,8
26°C,扩容,shang4hai3shi4,2040 RCP 2.6,shang4hai3shi4_1_2_1980_S0,STOREY_4,1840,16
26°C,扩容,shang4hai3shi4,2040 RCP 2.6,shang4hai3shi4_1_2_1980_S0,STOREY_5,1840,22
26°C,扩容,shang4hai3shi4,2040 RCP 2.6,shang4hai3shi4_1_2_1980_S0,STOREY_0,1840,0
26°C,扩容,shang4hai3shi4,2040 RCP 2.6,shang4hai3shi4_1_14_1995_S0,STOREY_1,1840,1
26°C,扩容,shang4hai3shi4,2040 RCP 2.6,shang4hai3shi4_1_14_1995_S0,STOREY_2,1840,1
26°C,扩容,shang4hai3shi4,2040 RCP 2.6,shang4hai3shi4_1_14_1995_S0,STOREY_3,1840,1
26°C,扩容,shang4hai3shi4,2040 RCP 2.6,shang4hai3shi4_1_14_1995_S0,STOREY_4,1840,1
26°C,扩容,shang4hai3shi4,2040 RCP 2.6,shang4hai3shi4_1_14_1995_S0,STOREY_5,1840,1
26°C,扩容,shang4hai3shi4,2040 RCP 2.6,shang4hai3shi4_1_14_1995_S0,STOREY_6,1840,1
26°C,扩容,shang4hai3shi4,2040 RCP 2.6,shang4hai3shi4_1_14_1995_S0,STOREY_7,1840,1
26°C,扩容,shang4hai3shi4,2040 RCP 2.6,shang4hai3shi4_1_14_1995_S0,STOREY_8,1840,4
26°C,扩容,shang4hai3shi4,2040 RCP 2.6,shang4hai3shi4_1_14_1995_S0,STOREY_9,1840,22
26°C,扩容,shang4hai3shi4,2040 RCP 2.6,shang4hai3shi4_1_14_1995_S0,STOREY_0,1840,0
26°C,扩容,shang4hai3shi4,2040 RCP 2.6,shang4hai3shi4_1_3_1995_S0,STOREY_1,1840,0
26°C,扩容,shang4hai3shi4,2040 RCP 2.6,shang4hai3shi4_1_3_1995_S0,STOREY_2,1840,0
26°C,扩容,shang4hai3shi4,2040 RCP 2.6,shang4hai3shi4_1_3_1995_S0,STOREY_3,1840,0
26°C,扩容,shang4hai3shi4,2040 RCP 2.6,shang4hai3shi4_1_3_1995_S0,STOREY_4,1840,0
26°C,扩容,shang4hai3shi4,2040 RCP 2.6,shang4hai3shi4_1_3_1995_S0,STOREY_5,1840,14
26°C,扩容,shang4hai3shi4,2040 RCP 2.6,shang4hai3shi4_1_3_1995_S0,STOREY_0,1840,0
26°C,扩容,shang4hai3shi4,2040 RCP 2.6,shang4hai3shi4_1_4_2005_S0,STOREY_1,1840,0
26°C,扩容,shang4hai3shi4,2040 RCP 2.6,shang4hai3shi4_1_4_2005_S0,STOREY_2,1840,0
26°C,扩容,shang4hai3shi4,2040 RCP 2.6,shang4hai3shi4_1_4_2005_S0,STOREY_3,1840,0
26°C,扩容,shang4hai3shi4,2040 RCP 2.6,shang4hai3shi4_1_4_2005_S0,STOREY_4,1840,0
26°C,扩容,shang4hai3shi4,2040 RCP 2.6,shang4hai3shi4_1_4_2005_S0,STOREY_5,1840,13
26°C,扩容,shang4hai3shi4,2040 RCP 2.6,shang4hai3shi4_1_4_2005_S0,STOREY_0,1840,0
26°C,扩容,shang4hai3shi4,2040 RCP 2.6,shang4hai3shi4_1_5_2005_S0,STOREY_1,1840,1
26°C,扩容,shang4hai3shi4,2040 RCP 2.6,shang4hai3shi4_1_5_2005_S0,STOREY_2,1840,1
26°C,扩容,shang4hai3shi4,2040 RCP 2.6,shang4hai3shi4_1_5_2005_S0,STOREY_3,1840,1
26°C,扩容,shang4hai3shi4,2040 RCP 2.6,shang4hai3shi4_1_5_2005_S0,STOREY_4,1840,2
26°C,扩容,shang4hai3shi4,2040 RCP 2.6,shang4hai3shi4_1_5_2005_S0,STOREY_5,1840,18
26°C,扩容,shang4hai3shi4,2040 RCP 2.6,shang4hai3shi4_1_5_2005_S0,STOREY_0,1840,0
26°C,扩容,shang4hai3shi4,2040 RCP 2.6,shang4hai3shi4_1_6_2005_S0,STOREY_1,1840,0
26°C,扩容,shang4hai3shi4,2040 RCP 2.6,shang4hai3shi4_1_6_2005_S0,STOREY_2,1840,0
26°C,扩容,shang4hai3shi4,2040 RCP 2.6,shang4hai3shi4_1_6_2005_S0,STOREY_3,1840,0
26°C,扩容,shang4hai3shi4,2040 RCP 2.6,shang4hai3shi4_1_6_2005_S0,STOREY_4,1840,1
26°C,扩容,shang4hai3shi4,2040 RCP 2.6,shang4hai3shi4_1_6_2005_S0,STOREY_5,1840,13
26°C,扩容,shang4hai3shi4,2040 RCP 2.6,shang4hai3shi4_1_6_2005_S0,STOREY_0,1840,0
26°C,扩容,shang4hai3shi4,2040 RCP 2.6,shang4hai3shi4_1_7_1995_S0,STOREY_1,1840,5
26°C,扩容,shang4hai3shi4,2040 RCP 2.6,shang4hai3shi4_1_7_1995_S0,STOREY_2,1840,6
26°C,扩容,shang4hai3shi4,2040 RCP 2.6,shang4hai3shi4_1_7_1995_S0,STOREY_3,1840,9
26°C,扩容,shang4hai3shi4,2040 RCP 2.6,shang4hai3shi4_1_7_1995_S0,STOREY_4,1840,26
26°C,扩容,shang4hai3shi4,2040 RCP 2.6,shang4hai3shi4_1_7_1995_S0,STOREY_0,1840,0
26°C,扩容,shang4hai3shi4,2040 RCP 2.6,shang4hai3shi4_1_8_1995_S0,STOREY_1,1840,13
26°C,扩容,shang4hai3shi4,2040 RCP 2.6,shang4hai3shi4_1_8_1995_S0,STOREY_2,1840,14
26°C,扩容,shang4hai3shi4,2040 RCP 2.6,shang4hai3shi4_1_8_1995_S0,STOREY_3,1840,14
26°C,扩容,shang4hai3shi4,2040 RCP 2.6,shang4hai3shi4_1_8_1995_S0,STOREY_4,1840,19
26°C,扩容,shang4hai3shi4,2040 RCP 2.6,shang4hai3shi4_1_8_1995_S0,STOREY_5,1840,30
26°C,扩容,shang4hai3shi4,2040 RCP 2.6,shang4hai3shi4_1_8_1995_S0,STOREY_0,1840,0
26°C,扩容,shang4hai3shi4,2040 RCP 2.6,shang4hai3shi4_1_9_1980_S0,STOREY_1,1840,0
26°C,扩容,shang4hai3shi4,2040 RCP 2.6,shang4hai3shi4_1_9_1980_S0,STOREY_2,1840,1
26°C,扩容,shang4hai3shi4,2040 RCP 2.6,shang4hai3shi4_1_9_1980_S0,STOREY_3,1840,1
26°C,扩容,shang4hai3shi4,2040 RCP 2.6,shang4hai3shi4_1_9_1980_S0,STOREY_4,1840,6
26°C,扩容,shang4hai3shi4,2040 RCP 2.6,shang4hai3shi4_1_9_1980_S0,STOREY_5,1840,18
26°C,扩容,shang4hai3shi4,2040 RCP 2.6,shang4hai3shi4_1_9_1980_S0,STOREY_0,1840,0
26°C,扩容,shang4hai3shi4,2040 RCP 2.6,shang4hai3shi4_2_11_2005_S0,STOREY_1,1840,0
26°C,扩容,shang4hai3shi4,2040 RCP 2.6,shang4hai3shi4_2_11_2005_S0,STOREY_2,1840,0
26°C,扩容,shang4hai3shi4,2040 RCP 2.6,shang4hai3shi4_2_11_2005_S0,STOREY_3,1840,0
26°C,扩容,shang4hai3shi4,2040 RCP 2.6,shang4hai3shi4_2_11_2005_S0,STOREY_4,1840,0
26°C,扩容,shang4hai3shi4,2040 RCP 2.6,shang4hai3shi4_2_11_2005_S0,STOREY_5,1840,0
26°C,扩容,shang4hai3shi4,2040 RCP 2.6,shang4hai3shi4_2_11_2005_S0,STOREY_6,1840,0
26°C,扩容,shang4hai3shi4,2040 RCP 2.6,shang4hai3shi4_2_11_2005_S0,STOREY_7,1840,0
26°C,扩容,shang4hai3shi4,2040 RCP 2.6,shang4hai3shi4_2_11_2005_S0,STOREY_8,1840,0
26°C,扩容,shang4hai3shi4,2040 RCP 2.6,shang4hai3shi4_2_11_2005_S0,STOREY_9,1840,0
26°C,扩容,shang4hai3shi4,2040 RCP 2.6,shang4hai3shi4_2_11_2005_S0,STOREY_10,1840,0
26°C,扩容,shang4hai3shi4,2040 RCP 2.6,shang4hai3shi4_2_11_2005_S0,STOREY_11,1840,13
26°C,扩容,shang4hai3shi4,2040 RCP 2.6,shang4hai3shi4_2_11_2005_S0,STOREY_0,1840,0
26°C,扩容,shang4hai3shi4,2040 RCP 2.6,shang4hai3shi4_2_10_1995_S0,STOREY_1,1840,0
26°C,扩容,shang4hai3shi4,2040 RCP 2.6,shang4hai3shi4_2_10_1995_S0,STOREY_2,1840,0
26°C,扩容,shang4hai3shi4,2040 RCP 2.6,shang4hai3shi4_2_10_1995_S0,STOREY_3,1840,0
26°C,扩容,shang4hai3shi4,2040 RCP 2.6,shang4hai3shi4_2_10_1995_S0,STOREY_4,1840,0
26°C,扩容,shang4hai3shi4,2040 RCP 2.6,shang4hai3shi4_2_10_1995_S0,STOREY_5,1840,0
26°C,扩容,shang4hai3shi4,2040 RCP 2.6,shang4hai3shi4_2_10_1995_S0,STOREY_6,1840,0
26°C,扩容,shang4hai3shi4,2040 RCP 2.6,shang4hai3shi4_2_10_1995_S0,STOREY_7,1840,0
26°C,扩容,shang4hai3shi4,2040 RCP 2.6,shang4hai3shi4_2_10_1995_S0,STOREY_8,1840,0
26°C,扩容,shang4hai3shi4,2040 RCP 2.6,shang4hai3shi4_2_10_1995_S0,STOREY_9,1840,0
26°C,扩容,shang4hai3shi4,2040 RCP 2.6,shang4hai3shi4_2_10_1995_S0,STOREY_10,1840,0
26°C,扩容,shang4hai3shi4,2040 RCP 2.6,shang4hai3shi4_2_10_1995_S0,STOREY_11,1840,0
26°C,扩容,shang4hai3shi4,2040 RCP 2.6,shang4hai3shi4_2_10_1995_S0,STOREY_12,1840,0
26°C,扩容,shang4hai3shi4,2040 RCP 2.6,shang4hai3shi4_2_10_1995_S0,STOREY_13,1840,0
26°C,扩容,shang4hai3shi4,2040 RCP 2.6,shang4hai3shi4_2_10_1995_S0,STOREY_14,1840,1
26°C,扩容,shang4hai3shi4,2040 RCP 2.6,shang4hai3shi4_2_10_1995_S0,STOREY_15,1840,15
26°C,扩容,shang4hai3shi4,2040 RCP 2.6,shang4hai3shi4_2_10_1995_S0,STOREY_0,1840,0
26°C,扩容,shang4hai3shi4,2040 RCP 2.6,shang4hai3shi4_2_12_2005_S0,STOREY_1,1840,0
26°C,扩容,shang4hai3shi4,2040 RCP 2.6,shang4hai3shi4_2_12_2005_S0,STOREY_2,1840,0
26°C,扩容,shang4hai3shi4,2040 RCP 2.6,shang4hai3shi4_2_12_2005_S0,STOREY_3,1840,0
26°C,扩容,shang4hai3shi4,2040 RCP 2.6,shang4hai3shi4_2_12_2005_S0,STOREY_4,1840,0
26°C,扩容,shang4hai3shi4,2040 RCP 2.6,shang4hai3shi4_2_12_2005_S0,STOREY_5,1840,0
26°C,扩容,shang4hai3shi4,2040 RCP 2.6,shang4hai3shi4_2_12_2005_S0,STOREY_6,1840,0
26°C,扩容,shang4hai3shi4,2040 RCP 2.6,shang4hai3shi4_2_12_2005_S0,STOREY_7,1840,0
26°C,扩容,shang4hai3shi4,2040 RCP 2.6,shang4hai3shi4_2_12_2005_S0,STOREY_8,1840,0
26°C,扩容,shang4hai3shi4,2040 RCP 2.6,shang4hai3shi4_2_12_2005_S0,STOREY_9,1840,0
26°C,扩容,shang4hai3shi4,2040 RCP 2.6,shang4hai3shi4_2_12_2005_S0,STOREY_10,1840,0
26°C,扩容,shang4hai3shi4,2040 RCP 2.6,shang4hai3shi4_2_12_2005_S0,STOREY_11,1840,0
26°C,扩容,shang4hai3shi4,2040 RCP 2.6,shang4hai3shi4_2_12_2005_S0,STOREY_12,1840,0
26°C,扩容,shang4hai3shi4,2040 RCP 2.6,shang4hai3shi4_2_12_2005_S0,STOREY_13,1840,10
26°C,扩容,shang4hai3shi4,2040 RCP 2.6,shang4hai3shi4_2_12_2005_S0,STOREY_0,1840,0
26°C,扩容,shang4hai3shi4,2040 RCP 2.6,shang4hai3shi4_2_15_2005_S0,STOREY_1,1840,0
26°C,扩容,shang4hai3shi4,2040 RCP 2.6,shang4hai3shi4_2_15_2005_S0,STOREY_2,1840,0
26°C,扩容,shang4hai3shi4,2040 RCP 2.6,shang4hai3shi4_2_15_2005_S0,STOREY_3,1840,0
26°C,扩容,shang4hai3shi4,2040 RCP 2.6,shang4hai3shi4_2_15_2005_S0,STOREY_4,1840,0
26°C,扩容,shang4hai3shi4,2040 RCP 2.6,shang4hai3shi4_2_15_2005_S0,STOREY_5,1840,0
26°C,扩容,shang4hai3shi4,2040 RCP 2.6,shang4hai3shi4_2_15_2005_S0,STOREY_6,1840,0
26°C,扩容,shang4hai3shi4,2040 RCP 2.6,shang4hai3shi4_2_15_2005_S0,STOREY_7,1840,0
26°C,扩容,shang4hai3shi4,2040 RCP 2.6,shang4hai3shi4_2_15_2005_S0,STOREY_8,1840,0
26°C,扩容,shang4hai3shi4,2040 RCP 2.6,shang4hai3shi4_2_15_2005_S0,STOREY_9,1840,0
26°C,扩容,shang4hai3shi4,2040 RCP 2.6,shang4hai3shi4_2_15_2005_S0,STOREY_10,1840,0
26°C,扩容,shang4hai3shi4,2040 RCP 2.6,shang4hai3shi4_2_15_2005_S0,STOREY_11,1840,1
26°C,扩容,shang4hai3shi4,2040 RCP 2.6,shang4hai3shi4_2_15_2005_S0,STOREY_12,1840,18
26°C,扩容,shang4hai3shi4,2040 RCP 2.6,shang4hai3shi4_2_15_2005_S0,STOREY_0,1840,0
26°C,扩容,shang4hai3shi4,2040 RCP 2.6,shang4hai3shi4_2_13_2005_S0,STOREY_1,1840,0
26°C,扩容,shang4hai3shi4,2040 RCP 2.6,shang4hai3shi4_2_13_2005_S0,STOREY_2,1840,0
26°C,扩容,shang4hai3shi4,2040 RCP 2.6,shang4hai3shi4_2_13_2005_S0,STOREY_3,1840,0
26°C,扩容,shang4hai3shi4,2040 RCP 2.6,shang4hai3shi4_2_13_2005_S0,STOREY_4,1840,0
26°C,扩容,shang4hai3shi4,2040 RCP 2.6,shang4hai3shi4_2_13_2005_S0,STOREY_5,1840,0
26°C,扩容,shang4hai3shi4,2040 RCP 2.6,shang4hai3shi4_2_13_2005_S0,STOREY_6,1840,0
26°C,扩容,shang4hai3shi4,2040 RCP 2.6,shang4hai3shi4_2_13_2005_S0,STOREY_7,1840,0
26°C,扩容,shang4hai3shi4,2040 RCP 2.6,shang4hai3shi4_2_13_2005_S0,STOREY_8,1840,0
26°C,扩容,shang4hai3shi4,2040 RCP 2.6,shang4hai3shi4_2_13_2005_S0,STOREY_9,1840,0
26°C,扩容,shang4hai3shi4,2040 RCP 2.6,shang4hai3shi4_2_13_2005_S0,STOREY_10,1840,0
26°C,扩容,shang4hai3shi4,2040 RCP 2.6,shang4hai3shi4_2_13_2005_S0,STOREY_11,1840,0
26°C,扩容,shang4hai3shi4,2040 RCP 2.6,shang4hai3shi4_2_13_2005_S0,STOREY_12,1840,0
26°C,扩容,shang4hai3shi4,2040 RCP 2.6,shang4hai3shi4_2_13_2005_S0,STOREY_13,1840,0
26°C,扩容,shang4hai3shi4,2040 RCP 2.6,shang4hai3shi4_2_13_2005_S0,STOREY_14,1840,0
26°C,扩容,shang4hai3shi4,2040 RCP 2.6,shang4hai3shi4_2_13_2005_S0,STOREY_15,1840,0
26°C,扩容,shang4hai3shi4,2040 RCP 2.6,shang4hai3shi4_2_13_2005_S0,STOREY_16,1840,0
26°C,扩容,shang4hai3shi4,2040 RCP 2.6,shang4hai3shi4_2_13_2005_S0,STOREY_17,1840,0
26°C,扩容,shang4hai3shi4,2040 RCP 2.6,shang4hai3shi4_2_13_2005_S0,STOREY_18,1840,0
26°C,扩容,shang4hai3shi4,2040 RCP 2.6,shang4hai3shi4_2_13_2005_S0,STOREY_19,1840,0
26°C,扩容,shang4hai3shi4,2040 RCP 2.6,shang4hai3shi4_2_13_2005_S0,STOREY_20,1840,0
26°C,扩容,shang4hai3shi4,2040 RCP 2.6,shang4hai3shi4_2_13_2005_S0,STOREY_21,1840,0
26°C,扩容,shang4hai3shi4,2040 RCP 2.6,shang4hai3shi4_2_13_2005_S0,STOREY_22,1840,0
26°C,扩容,shang4hai3shi4,2040 RCP 2.6,shang4hai3shi4_2_13_2005_S0,STOREY_23,1840,0
26°C,扩容,shang4hai3shi4,2040 RCP 2.6,shang4hai3shi4_2_13_2005_S0,STOREY_24,1840,0
26°C,扩容,shang4hai3shi4,2040 RCP 2.6,shang4hai3shi4_2_13_2005_S0,STOREY_25,1840,0
26°C,扩容,shang4hai3shi4,2040 RCP 2.6,shang4hai3shi4_2_13_2005_S0,STOREY_26,1840,0
26°C,扩容,shang4hai3shi4,2040 RCP 2.6,shang4hai3shi4_2_13_2005_S0,STOREY_27,1840,13
26°C,扩容,shang4hai3shi4,2040 RCP 2.6,shang4hai3shi4_2_13_2005_S0,STOREY_0,1840,0
26°C,扩容,shang4hai3shi4,2040 RCP 2.6,shang4hai3shi4_2_14_2015_S0,STOREY_1,1840,0
26°C,扩容,shang4hai3shi4,2040 RCP 2.6,shang4hai3shi4_2_14_2015_S0,STOREY_2,1840,0
26°C,扩容,shang4hai3shi4,2040 RCP 2.6,shang4hai3shi4_2_14_2015_S0,STOREY_3,1840,0
26°C,扩容,shang4hai3shi4,2040 RCP 2.6,shang4hai3shi4_2_14_2015_S0,STOREY_4,1840,0
26°C,扩容,shang4hai3shi4,2040 RCP 2.6,shang4hai3shi4_2_14_2015_S0,STOREY_5,1840,0
26°C,扩容,shang4hai3shi4,2040 RCP 2.6,shang4hai3shi4_2_14_2015_S0,STOREY_6,1840,0
26°C,扩容,shang4hai3shi4,2040 RCP 2.6,shang4hai3shi4_2_14_2015_S0,STOREY_7,1840,0
26°C,扩容,shang4hai3shi4,2040 RCP 2.6,shang4hai3shi4_2_14_2015_S0,STOREY_8,1840,0
26°C,扩容,shang4hai3shi4,2040 RCP 2.6,shang4hai3shi4_2_14_2015_S0,STOREY_9,1840,0
26°C,扩容,shang4hai3shi4,2040 RCP 2.6,shang4hai3shi4_2_14_2015_S0,STOREY_10,1840,0
26°C,扩容,shang4hai3shi4,2040 RCP 2.6,shang4hai3shi4_2_14_2015_S0,STOREY_11,1840,0
26°C,扩容,shang4hai3shi4,2040 RCP 2.6,shang4hai3shi4_2_14_2015_S0,STOREY_12,1840,0
26°C,扩容,shang4hai3shi4,2040 RCP 2.6,shang4hai3shi4_2_14_2015_S0,STOREY_13,1840,0
26°C,扩容,shang4hai3shi4,2040 RCP 2.6,shang4hai3shi4_2_14_2015_S0,STOREY_14,1840,0
26°C,扩容,shang4hai3shi4,2040 RCP 2.6,shang4hai3shi4_2_14_2015_S0,STOREY_15,1840,0
26°C,扩容,shang4hai3shi4,2040 RCP 2.6,shang4hai3shi4_2_14_2015_S0,STOREY_16,1840,0
26°C,扩容,shang4hai3shi4,2040 RCP 2.6,shang4hai3shi4_2_14_2015_S0,STOREY_17,1840,7
26°C,扩容,shang4hai3shi4,2040 RCP 2.6,shang4hai3shi4_2_14_2015_S0,STOREY_0,1840,0
26°C,扩容,shang4hai3shi4,2040 RCP 2.6,shang4hai3shi4_2_1_2005_S0,STOREY_1,1840,0
26°C,扩容,shang4hai3shi4,2040 RCP 2.6,shang4hai3shi4_2_1_2005_S0,STOREY_2,1840,0
26°C,扩容,shang4hai3shi4,2040 RCP 2.6,shang4hai3shi4_2_1_2005_S0,STOREY_3,1840,0
26°C,扩容,shang4hai3shi4,2040 RCP 2.6,shang4hai3shi4_2_1_2005_S0,STOREY_4,1840,0
26°C,扩容,shang4hai3shi4,2040 RCP 2.6,shang4hai3shi4_2_1_2005_S0,STOREY_5,1840,0
26°C,扩容,shang4hai3shi4,2040 RCP 2.6,shang4hai3shi4_2_1_2005_S0,STOREY_6,1840,0
26°C,扩容,shang4hai3shi4,2040 RCP 2.6,shang4hai3shi4_2_1_2005_S0,STOREY_7,1840,0
26°C,扩容,shang4hai3shi4,2040 RCP 2.6,shang4hai3shi4_2_1_2005_S0,STOREY_8,1840,0
26°C,扩容,shang4hai3shi4,2040 RCP 2.6,shang4hai3shi4_2_1_2005_S0,STOREY_9,1840,0
26°C,扩容,shang4hai3shi4,2040 RCP 2.6,shang4hai3shi4_2_1_2005_S0,STOREY_10,1840,0
26°C,扩容,shang4hai3shi4,2040 RCP 2.6,shang4hai3shi4_2_1_2005_S0,STOREY_11,1840,0
26°C,扩容,shang4hai3shi4,2040 RCP 2.6,shang4hai3shi4_2_1_2005_S0,STOREY_12,1840,0
26°C,扩容,shang4hai3shi4,2040 RCP 2.6,shang4hai3shi4_2_1_2005_S0,STOREY_13,1840,0
26°C,扩容,shang4hai3shi4,2040 RCP 2.6,shang4hai3shi4_2_1_2005_S0,STOREY_14,1840,0
26°C,扩容,shang4hai3shi4,2040 RCP 2.6,shang4hai3shi4_2_1_2005_S0,STOREY_15,1840,11
26°C,扩容,shang4hai3shi4,2040 RCP 2.6,shang4hai3shi4_2_1_2005_S0,STOREY_0,1840,0
26°C,扩容,shang4hai3shi4,2040 RCP 2.6,shang4hai3shi4_2_2_1980_S0,STOREY_1,1840,0
26°C,扩容,shang4hai3shi4,2040 RCP 2.6,shang4hai3shi4_2_2_1980_S0,STOREY_2,1840,0
26°C,扩容,shang4hai3shi4,2040 RCP 2.6,shang4hai3shi4_2_2_1980_S0,STOREY_3,1840,1
26°C,扩容,shang4hai3shi4,2040 RCP 2.6,shang4hai3shi4_2_2_1980_S0,STOREY_4,1840,1
26°C,扩容,shang4hai3shi4,2040 RCP 2.6,shang4hai3shi4_2_2_1980_S0,STOREY_5,1840,1
26°C,扩容,shang4hai3shi4,2040 RCP 2.6,shang4hai3shi4_2_2_1980_S0,STOREY_6,1840,1
26°C,扩容,shang4hai3shi4,2040 RCP 2.6,shang4hai3shi4_2_2_1980_S0,STOREY_7,1840,1
26°C,扩容,shang4hai3shi4,2040 RCP 2.6,shang4hai3shi4_2_2_1980_S0,STOREY_8,1840,1
26°C,扩容,shang4hai3shi4,2040 RCP 2.6,shang4hai3shi4_2_2_1980_S0,STOREY_9,1840,1
26°C,扩容,shang4hai3shi4,2040 RCP 2.6,shang4hai3shi4_2_2_1980_S0,STOREY_10,1840,7
26°C,扩容,shang4hai3shi4,2040 RCP 2.6,shang4hai3shi4_2_2_1980_S0,STOREY_11,1840,18
26°C,扩容,shang4hai3shi4,2040 RCP 2.6,shang4hai3shi4_2_2_1980_S0,STOREY_0,1840,0
26°C,扩容,shang4hai3shi4,2040 RCP 2.6,shang4hai3shi4_2_3_2005_S0,STOREY_1,1840,0
26°C,扩容,shang4hai3shi4,2040 RCP 2.6,shang4hai3shi4_2_3_2005_S0,STOREY_2,1840,0
26°C,扩容,shang4hai3shi4,2040 RCP 2.6,shang4hai3shi4_2_3_2005_S0,STOREY_3,1840,0
26°C,扩容,shang4hai3shi4,2040 RCP 2.6,shang4hai3shi4_2_3_2005_S0,STOREY_4,1840,0
26°C,扩容,shang4hai3shi4,2040 RCP 2.6,shang4hai3shi4_2_3_2005_S0,STOREY_5,1840,0
26°C,扩容,shang4hai3shi4,2040 RCP 2.6,shang4hai3shi4_2_3_2005_S0,STOREY_6,1840,0
26°C,扩容,shang4hai3shi4,2040 RCP 2.6,shang4hai3shi4_2_3_2005_S0,STOREY_7,1840,0
26°C,扩容,shang4hai3shi4,2040 RCP 2.6,shang4hai3shi4_2_3_2005_S0,STOREY_8,1840,0
26°C,扩容,shang4hai3shi4,2040 RCP 2.6,shang4hai3shi4_2_3_2005_S0,STOREY_9,1840,0
26°C,扩容,shang4hai3shi4,2040 RCP 2.6,shang4hai3shi4_2_3_2005_S0,STOREY_10,1840,0
26°C,扩容,shang4hai3shi4,2040 RCP 2.6,shang4hai3shi4_2_3_2005_S0,STOREY_11,1840,0
26°C,扩容,shang4hai3shi4,2040 RCP 2.6,shang4hai3shi4_2_3_2005_S0,STOREY_12,1840,0
26°C,扩容,shang4hai3shi4,2040 RCP 2.6,shang4hai3shi4_2_3_2005_S0,STOREY_13,1840,0
26°C,扩容,shang4hai3shi4,2040 RCP 2.6,shang4hai3shi4_2_3_2005_S0,STOREY_14,1840,0
26°C,扩容,shang4hai3shi4,2040 RCP 2.6,shang4hai3shi4_2_3_2005_S0,STOREY_15,1840,0
26°C,扩容,shang4hai3shi4,2040 RCP 2.6,shang4hai3shi4_2_3_2005_S0,STOREY_16,1840,0
26°C,扩容,shang4hai3shi4,2040 RCP 2.6,shang4hai3shi4_2_3_2005_S0,STOREY_17,1840,14
26°C,扩容,shang4hai3shi4,2040 RCP 2.6,shang4hai3shi4_2_3_2005_S0,STOREY_0,1840,0
26°C,扩容,shang4hai3shi4,2040 RCP 2.6,shang4hai3shi4_2_4_1995_S0,STOREY_1,1840,0
26°C,扩容,shang4hai3shi4,2040 RCP 2.6,shang4hai3shi4_2_4_1995_S0,STOREY_2,1840,0
26°C,扩容,shang4hai3shi4,2040 RCP 2.6,shang4hai3shi4_2_4_1995_S0,STOREY_3,1840,0
26°C,扩容,shang4hai3shi4,2040 RCP 2.6,shang4hai3shi4_2_4_1995_S0,STOREY_4,1840,0
26°C,扩容,shang4hai3shi4,2040 RCP 2.6,shang4hai3shi4_2_4_1995_S0,STOREY_5,1840,0
26°C,扩容,shang4hai3shi4,2040 RCP 2.6,shang4hai3shi4_2_4_1995_S0,STOREY_6,1840,0
26°C,扩容,shang4hai3shi4,2040 RCP 2.6,shang4hai3shi4_2_4_1995_S0,STOREY_7,1840,0
26°C,扩容,shang4hai3shi4,2040 RCP 2.6,shang4hai3shi4_2_4_1995_S0,STOREY_8,1840,0
26°C,扩容,shang4hai3shi4,2040 RCP 2.6,shang4hai3shi4_2_4_1995_S0,STOREY_9,1840,0
26°C,扩容,shang4hai3shi4,2040 RCP 2.6,shang4hai3shi4_2_4_1995_S0,STOREY_10,1840,0
26°C,扩容,shang4hai3shi4,2040 RCP 2.6,shang4hai3shi4_2_4_1995_S0,STOREY_11,1840,0
26°C,扩容,shang4hai3shi4,2040 RCP 2.6,shang4hai3shi4_2_4_1995_S0,STOREY_12,1840,0
26°C,扩容,shang4hai3shi4,2040 RCP 2.6,shang4hai3shi4_2_4_1995_S0,STOREY_13,1840,0
26°C,扩容,shang4hai3shi4,2040 RCP 2.6,shang4hai3shi4_2_4_1995_S0,STOREY_14,1840,0
26°C,扩容,shang4hai3shi4,2040 RCP 2.6,shang4hai3shi4_2_4_1995_S0,STOREY_15,1840,0
26°C,扩容,shang4hai3shi4,2040 RCP 2.6,shang4hai3shi4_2_4_1995_S0,STOREY_16,1840,0
26°C,扩容,shang4hai3shi4,2040 RCP 2.6,shang4hai3shi4_2_4_1995_S0,STOREY_17,1840,0
26°C,扩容,shang4hai3shi4,2040 RCP 2.6,shang4hai3shi4_2_4_1995_S0,STOREY_18,1840,1
26°C,扩容,shang4hai3shi4,2040 RCP 2.6,shang4hai3shi4_2_4_1995_S0,STOREY_19,1840,18
26°C,扩容,shang4hai3shi4,2040 RCP 2.6,shang4hai3shi4_2_4_1995_S0,STOREY_0,1840,0
26°C,扩容,shang4hai3shi4,2040 RCP 2.6,shang4hai3shi4_2_6_2015_S0,STOREY_1,1840,0
26°C,扩容,shang4hai3shi4,2040 RCP 2.6,shang4hai3shi4_2_6_2015_S0,STOREY_2,1840,0
26°C,扩容,shang4hai3shi4,2040 RCP 2.6,shang4hai3shi4_2_6_2015_S0,STOREY_3,1840,0
26°C,扩容,shang4hai3shi4,2040 RCP 2.6,shang4hai3shi4_2_6_2015_S0,STOREY_4,1840,0
26°C,扩容,shang4hai3shi4,2040 RCP 2.6,shang4hai3shi4_2_6_2015_S0,STOREY_5,1840,0
26°C,扩容,shang4hai3shi4,2040 RCP 2.6,shang4hai3shi4_2_6_2015_S0,STOREY_6,1840,0
26°C,扩容,shang4hai3shi4,2040 RCP 2.6,shang4hai3shi4_2_6_2015_S0,STOREY_7,1840,0
26°C,扩容,shang4hai3shi4,2040 RCP 2.6,shang4hai3shi4_2_6_2015_S0,STOREY_8,1840,0
26°C,扩容,shang4hai3shi4,2040 RCP 2.6,shang4hai3shi4_2_6_2015_S0,STOREY_9,1840,0
26°C,扩容,shang4hai3shi4,2040 RCP 2.6,shang4hai3shi4_2_6_2015_S0,STOREY_10,1840,0
26°C,扩容,shang4hai3shi4,2040 RCP 2.6,shang4hai3shi4_2_6_2015_S0,STOREY_11,1840,10
26°C,扩容,shang4hai3shi4,2040 RCP 2.6,shang4hai3shi4_2_6_2015_S0,STOREY_0,1840,0
26°C,扩容,shang4hai3shi4,2040 RCP 2.6,shang4hai3shi4_2_5_2005_S0,STOREY_1,1840,0
26°C,扩容,shang4hai3shi4,2040 RCP 2.6,shang4hai3shi4_2_5_2005_S0,STOREY_2,1840,0
26°C,扩容,shang4hai3shi4,2040 RCP 2.6,shang4hai3shi4_2_5_2005_S0,STOREY_3,1840,0
26°C,扩容,shang4hai3shi4,2040 RCP 2.6,shang4hai3shi4_2_5_2005_S0,STOREY_4,1840,0
26°C,扩容,shang4hai3shi4,2040 RCP 2.6,shang4hai3shi4_2_5_2005_S0,STOREY_5,1840,0
26°C,扩容,shang4hai3shi4,2040 RCP 2.6,shang4hai3shi4_2_5_2005_S0,STOREY_6,1840,0
26°C,扩容,shang4hai3shi4,2040 RCP 2.6,shang4hai3shi4_2_5_2005_S0,STOREY_7,1840,0
26°C,扩容,shang4hai3shi4,2040 RCP 2.6,shang4hai3shi4_2_5_2005_S0,STOREY_8,1840,0
26°C,扩容,shang4hai3shi4,2040 RCP 2.6,shang4hai3shi4_2_5_2005_S0,STOREY_9,1840,0
26°C,扩容,shang4hai3shi4,2040 RCP 2.6,shang4hai3shi4_2_5_2005_S0,STOREY_10,1840,0
26°C,扩容,shang4hai3shi4,2040 RCP 2.6,shang4hai3shi4_2_5_2005_S0,STOREY_11,1840,0
26°C,扩容,shang4hai3shi4,2040 RCP 2.6,shang4hai3shi4_2_5_2005_S0,STOREY_12,1840,0
26°C,扩容,shang4hai3shi4,2040 RCP 2.6,shang4hai3shi4_2_5_2005_S0,STOREY_13,1840,0
26°C,扩容,shang4hai3shi4,2040 RCP 2.6,shang4hai3shi4_2_5_2005_S0,STOREY_14,1840,0
26°C,扩容,shang4hai3shi4,2040 RCP 2.6,shang4hai3shi4_2_5_2005_S0,STOREY_15,1840,0
26°C,扩容,shang4hai3shi4,2040 RCP 2.6,shang4hai3shi4_2_5_2005_S0,STOREY_16,1840,0
26°C,扩容,shang4hai3shi4,2040 RCP 2.6,shang4hai3shi4_2_5_2005_S0,STOREY_17,1840,0
26°C,扩容,shang4hai3shi4,2040 RCP 2.6,shang4hai3shi4_2_5_2005_S0,STOREY_18,1840,0
26°C,扩容,shang4hai3shi4,2040 RCP 2.6,shang4hai3shi4_2_5_2005_S0,STOREY_19,1840,0
26°C,扩容,shang4hai3shi4,2040 RCP 2.6,shang4hai3shi4_2_5_2005_S0,STOREY_20,1840,0
26°C,扩容,shang4hai3shi4,2040 RCP 2.6,shang4hai3shi4_2_5_2005_S0,STOREY_21,1840,0
26°C,扩容,shang4hai3shi4,2040 RCP 2.6,shang4hai3shi4_2_5_2005_S0,STOREY_22,1840,0
26°C,扩容,shang4hai3shi4,2040 RCP 2.6,shang4hai3shi4_2_5_2005_S0,STOREY_23,1840,0
26°C,扩容,shang4hai3shi4,2040 RCP 2.6,shang4hai3shi4_2_5_2005_S0,STOREY_24,1840,9
26°C,扩容,shang4hai3shi4,2040 RCP 2.6,shang4hai3shi4_2_5_2005_S0,STOREY_0,1840,0
26°C,扩容,shang4hai3shi4,2040 RCP 2.6,shang4hai3shi4_2_7_2005_S0,STOREY_1,1840,0
26°C,扩容,shang4hai3shi4,2040 RCP 2.6,shang4hai3shi4_2_7_2005_S0,STOREY_2,1840,0
26°C,扩容,shang4hai3shi4,2040 RCP 2.6,shang4hai3shi4_2_7_2005_S0,STOREY_3,1840,0
26°C,扩容,shang4hai3shi4,2040 RCP 2.6,shang4hai3shi4_2_7_2005_S0,STOREY_4,1840,0
26°C,扩容,shang4hai3shi4,2040 RCP 2.6,shang4hai3shi4_2_7_2005_S0,STOREY_5,1840,0
26°C,扩容,shang4hai3shi4,2040 RCP 2.6,shang4hai3shi4_2_7_2005_S0,STOREY_6,1840,0
26°C,扩容,shang4hai3shi4,2040 RCP 2.6,shang4hai3shi4_2_7_2005_S0,STOREY_7,1840,0
26°C,扩容,shang4hai3shi4,2040 RCP 2.6,shang4hai3shi4_2_7_2005_S0,STOREY_8,1840,0
26°C,扩容,shang4hai3shi4,2040 RCP 2.6,shang4hai3shi4_2_7_2005_S0,STOREY_9,1840,0
26°C,扩容,shang4hai3shi4,2040 RCP 2.6,shang4hai3shi4_2_7_2005_S0,STOREY_10,1840,13
26°C,扩容,shang4hai3shi4,2040 RCP 2.6,shang4hai3shi4_2_7_2005_S0,STOREY_0,1840,0
26°C,扩容,shang4hai3shi4,2040 RCP 4.5,shang4hai3shi4_0_10_1980_S0,STOREY_1,1840,2
26°C,扩容,shang4hai3shi4,2040 RCP 4.5,shang4hai3shi4_0_10_1980_S0,STOREY_2,1840,11
26°C,扩容,shang4hai3shi4,2040 RCP 4.5,shang4hai3shi4_0_10_1980_S0,STOREY_0,1840,0
26°C,扩容,shang4hai3shi4,2040 RCP 4.5,shang4hai3shi4_0_11_1980_S0,STOREY_1,1840,0
26°C,扩容,shang4hai3shi4,2040 RCP 4.5,shang4hai3shi4_0_11_1980_S0,STOREY_2,1840,11
26°C,扩容,shang4hai3shi4,2040 RCP 4.5,shang4hai3shi4_0_11_1980_S0,STOREY_0,1840,0
26°C,扩容,shang4hai3shi4,2040 RCP 4.5,shang4hai3shi4_0_12_1995_S0,STOREY_1,1840,0
26°C,扩容,shang4hai3shi4,2040 RCP 4.5,shang4hai3shi4_0_12_1995_S0,STOREY_2,1840,8
26°C,扩容,shang4hai3shi4,2040 RCP 4.5,shang4hai3shi4_0_12_1995_S0,STOREY_0,1840,0
26°C,扩容,shang4hai3shi4,2040 RCP 4.5,shang4hai3shi4_0_13_1980_S0,STOREY_1,1840,12
26°C,扩容,shang4hai3shi4,2040 RCP 4.5,shang4hai3shi4_0_13_1980_S0,STOREY_0,1840,0
26°C,扩容,shang4hai3shi4,2040 RCP 4.5,shang4hai3shi4_0_14_2005_S0,STOREY_1,1840,0
26°C,扩容,shang4hai3shi4,2040 RCP 4.5,shang4hai3shi4_0_14_2005_S0,STOREY_2,1840,8
26°C,扩容,shang4hai3shi4,2040 RCP 4.5,shang4hai3shi4_0_14_2005_S0,STOREY_0,1840,0
26°C,扩容,shang4hai3shi4,2040 RCP 4.5,shang4hai3shi4_0_15_1995_S0,STOREY_1,1840,19
26°C,扩容,shang4hai3shi4,2040 RCP 4.5,shang4hai3shi4_0_15_1995_S0,STOREY_2,1840,28
26°C,扩容,shang4hai3shi4,2040 RCP 4.5,shang4hai3shi4_0_15_1995_S0,STOREY_0,1840,0
26°C,扩容,shang4hai3shi4,2040 RCP 4.5,shang4hai3shi4_0_2_1995_S0,STOREY_0,1840,0
26°C,扩容,shang4hai3shi4,2040 RCP 4.5,shang4hai3shi4_0_1_1980_S0,STOREY_1,1840,0
26°C,扩容,shang4hai3shi4,2040 RCP 4.5,shang4hai3shi4_0_1_1980_S0,STOREY_2,1840,4
26°C,扩容,shang4hai3shi4,2040 RCP 4.5,shang4hai3shi4_0_1_1980_S0,STOREY_0,1840,0
26°C,扩容,shang4hai3shi4,2040 RCP 2.6,shang4hai3shi4_2_8_2005_S0,STOREY_1,1840,0
26°C,扩容,shang4hai3shi4,2040 RCP 2.6,shang4hai3shi4_2_8_2005_S0,STOREY_2,1840,0
26°C,扩容,shang4hai3shi4,2040 RCP 2.6,shang4hai3shi4_2_8_2005_S0,STOREY_3,1840,0
26°C,扩容,shang4hai3shi4,2040 RCP 2.6,shang4hai3shi4_2_8_2005_S0,STOREY_4,1840,0
26°C,扩容,shang4hai3shi4,2040 RCP 2.6,shang4hai3shi4_2_8_2005_S0,STOREY_5,1840,0
26°C,扩容,shang4hai3shi4,2040 RCP 2.6,shang4hai3shi4_2_8_2005_S0,STOREY_6,1840,0
26°C,扩容,shang4hai3shi4,2040 RCP 2.6,shang4hai3shi4_2_8_2005_S0,STOREY_7,1840,0
26°C,扩容,shang4hai3shi4,2040 RCP 2.6,shang4hai3shi4_2_8_2005_S0,STOREY_8,1840,0
26°C,扩容,shang4hai3shi4,2040 RCP 2.6,shang4hai3shi4_2_8_2005_S0,STOREY_9,1840,0
26°C,扩容,shang4hai3shi4,2040 RCP 2.6,shang4hai3shi4_2_8_2005_S0,STOREY_10,1840,0
26°C,扩容,shang4hai3shi4,2040 RCP 2.6,shang4hai3shi4_2_8_2005_S0,STOREY_11,1840,0
26°C,扩容,shang4hai3shi4,2040 RCP 2.6,shang4hai3shi4_2_8_2005_S0,STOREY_12,1840,0
26°C,扩容,shang4hai3shi4,2040 RCP 2.6,shang4hai3shi4_2_8_2005_S0,STOREY_13,1840,0
26°C,扩容,shang4hai3shi4,2040 RCP 2.6,shang4hai3shi4_2_8_2005_S0,STOREY_14,1840,0
26°C,扩容,shang4hai3shi4,2040 RCP 2.6,shang4hai3shi4_2_8_2005_S0,STOREY_15,1840,0
26°C,扩容,shang4hai3shi4,2040 RCP 2.6,shang4hai3shi4_2_8_2005_S0,STOREY_16,1840,0
26°C,扩容,shang4hai3shi4,2040 RCP 2.6,shang4hai3shi4_2_8_2005_S0,STOREY_17,1840,0
26°C,扩容,shang4hai3shi4,2040 RCP 2.6,shang4hai3shi4_2_8_2005_S0,STOREY_18,1840,0
26°C,扩容,shang4hai3shi4,2040 RCP 2.6,shang4hai3shi4_2_8_2005_S0,STOREY_19,1840,0
26°C,扩容,shang4hai3shi4,2040 RCP 2.6,shang4hai3shi4_2_8_2005_S0,STOREY_20,1840,0
26°C,扩容,shang4hai3shi4,2040 RCP 2.6,shang4hai3shi4_2_8_2005_S0,STOREY_21,1840,11
26°C,扩容,shang4hai3shi4,2040 RCP 2.6,shang4hai3shi4_2_8_2005_S0,STOREY_0,1840,0
26°C,扩容,shang4hai3shi4,2040 RCP 2.6,shang4hai3shi4_2_9_2005_S0,STOREY_1,1840,0
26°C,扩容,shang4hai3shi4,2040 RCP 2.6,shang4hai3shi4_2_9_2005_S0,STOREY_2,1840,0
26°C,扩容,shang4hai3shi4,2040 RCP 2.6,shang4hai3shi4_2_9_2005_S0,STOREY_3,1840,0
26°C,扩容,shang4hai3shi4,2040 RCP 2.6,shang4hai3shi4_2_9_2005_S0,STOREY_4,1840,0
26°C,扩容,shang4hai3shi4,2040 RCP 2.6,shang4hai3shi4_2_9_2005_S0,STOREY_5,1840,0
26°C,扩容,shang4hai3shi4,2040 RCP 2.6,shang4hai3shi4_2_9_2005_S0,STOREY_6,1840,0
26°C,扩容,shang4hai3shi4,2040 RCP 2.6,shang4hai3shi4_2_9_2005_S0,STOREY_7,1840,0
26°C,扩容,shang4hai3shi4,2040 RCP 2.6,shang4hai3shi4_2_9_2005_S0,STOREY_8,1840,0
26°C,扩容,shang4hai3shi4,2040 RCP 2.6,shang4hai3shi4_2_9_2005_S0,STOREY_9,1840,0
26°C,扩容,shang4hai3shi4,2040 RCP 2.6,shang4hai3shi4_2_9_2005_S0,STOREY_10,1840,0
26°C,扩容,shang4hai3shi4,2040 RCP 2.6,shang4hai3shi4_2_9_2005_S0,STOREY_11,1840,0
26°C,扩容,shang4hai3shi4,2040 RCP 2.6,shang4hai3shi4_2_9_2005_S0,STOREY_12,1840,0
26°C,扩容,shang4hai3shi4,2040 RCP 2.6,shang4hai3shi4_2_9_2005_S0,STOREY_13,1840,0
26°C,扩容,shang4hai3shi4,2040 RCP 2.6,shang4hai3shi4_2_9_2005_S0,STOREY_14,1840,0
26°C,扩容,shang4hai3shi4,2040 RCP 2.6,shang4hai3shi4_2_9_2005_S0,STOREY_15,1840,0
26°C,扩容,shang4hai3shi4,2040 RCP 2.6,shang4hai3shi4_2_9_2005_S0,STOREY_16,1840,0
26°C,扩容,shang4hai3shi4,2040 RCP 2.6,shang4hai3shi4_2_9_2005_S0,STOREY_17,1840,0
26°C,扩容,shang4hai3shi4,2040 RCP 2.6,shang4hai3shi4_2_9_2005_S0,STOREY_18,1840,0
26°C,扩容,shang4hai3shi4,2040 RCP 2.6,shang4hai3shi4_2_9_2005_S0,STOREY_19,1840,0
26°C,扩容,shang4hai3shi4,2040 RCP 2.6,shang4hai3shi4_2_9_2005_S0,STOREY_20,1840,8
26°C,扩容,shang4hai3shi4,2040 RCP 2.6,shang4hai3shi4_2_9_2005_S0,STOREY_0,1840,0
26°C,扩容,shang4hai3shi4,2040 RCP 4.5,shang4hai3shi4_0_3_1980_S0,STOREY_1,1840,6
26°C,扩容,shang4hai3shi4,2040 RCP 4.5,shang4hai3shi4_0_3_1980_S0,STOREY_2,1840,16
26°C,扩容,shang4hai3shi4,2040 RCP 4.5,shang4hai3shi4_0_3_1980_S0,STOREY_0,1840,0
26°C,扩容,shang4hai3shi4,2040 RCP 4.5,shang4hai3shi4_0_4_1980_S0,STOREY_1,1840,28
26°C,扩容,shang4hai3shi4,2040 RCP 4.5,shang4hai3shi4_0_4_1980_S0,STOREY_2,1840,31
26°C,扩容,shang4hai3shi4,2040 RCP 4.5,shang4hai3shi4_0_4_1980_S0,STOREY_0,1840,0
26°C,扩容,shang4hai3shi4,2040 RCP 4.5,shang4hai3shi4_0_5_1980_S0,STOREY_1,1840,8
26°C,扩容,shang4hai3shi4,2040 RCP 4.5,shang4hai3shi4_0_5_1980_S0,STOREY_0,1840,0
26°C,扩容,shang4hai3shi4,2040 RCP 4.5,shang4hai3shi4_0_6_1980_S0,STOREY_1,1840,1
26°C,扩容,shang4hai3shi4,2040 RCP 4.5,shang4hai3shi4_0_6_1980_S0,STOREY_2,1840,12
26°C,扩容,shang4hai3shi4,2040 RCP 4.5,shang4hai3shi4_0_6_1980_S0,STOREY_0,1840,0
26°C,扩容,shang4hai3shi4,2040 RCP 4.5,shang4hai3shi4_0_7_1995_S0,STOREY_1,1840,22
26°C,扩容,shang4hai3shi4,2040 RCP 4.5,shang4hai3shi4_0_7_1995_S0,STOREY_2,1840,30
26°C,扩容,shang4hai3shi4,2040 RCP 4.5,shang4hai3shi4_0_7_1995_S0,STOREY_0,1840,0
26°C,扩容,shang4hai3shi4,2040 RCP 4.5,shang4hai3shi4_0_9_1995_S0,STOREY_1,1840,0
26°C,扩容,shang4hai3shi4,2040 RCP 4.5,shang4hai3shi4_0_9_1995_S0,STOREY_2,1840,11
26°C,扩容,shang4hai3shi4,2040 RCP 4.5,shang4hai3shi4_0_9_1995_S0,STOREY_0,1840,0
26°C,扩容,shang4hai3shi4,2040 RCP 4.5,shang4hai3shi4_0_8_1980_S0,STOREY_1,1840,19
26°C,扩容,shang4hai3shi4,2040 RCP 4.5,shang4hai3shi4_0_8_1980_S0,STOREY_2,1840,29
26°C,扩容,shang4hai3shi4,2040 RCP 4.5,shang4hai3shi4_0_8_1980_S0,STOREY_0,1840,0
26°C,扩容,shang4hai3shi4,2040 RCP 4.5,shang4hai3shi4_1_10_1995_S0,STOREY_1,1840,0
26°C,扩容,shang4hai3shi4,2040 RCP 4.5,shang4hai3shi4_1_10_1995_S0,STOREY_2,1840,0
26°C,扩容,shang4hai3shi4,2040 RCP 4.5,shang4hai3shi4_1_10_1995_S0,STOREY_3,1840,0
26°C,扩容,shang4hai3shi4,2040 RCP 4.5,shang4hai3shi4_1_10_1995_S0,STOREY_4,1840,0
26°C,扩容,shang4hai3shi4,2040 RCP 4.5,shang4hai3shi4_1_10_1995_S0,STOREY_5,1840,7
26°C,扩容,shang4hai3shi4,2040 RCP 4.5,shang4hai3shi4_1_10_1995_S0,STOREY_0,1840,0
26°C,扩容,shang4hai3shi4,2040 RCP 4.5,shang4hai3shi4_1_13_2005_S0,STOREY_1,1840,0
26°C,扩容,shang4hai3shi4,2040 RCP 4.5,shang4hai3shi4_1_13_2005_S0,STOREY_2,1840,0
26°C,扩容,shang4hai3shi4,2040 RCP 4.5,shang4hai3shi4_1_13_2005_S0,STOREY_3,1840,0
26°C,扩容,shang4hai3shi4,2040 RCP 4.5,shang4hai3shi4_1_13_2005_S0,STOREY_4,1840,4
26°C,扩容,shang4hai3shi4,2040 RCP 4.5,shang4hai3shi4_1_13_2005_S0,STOREY_0,1840,0
26°C,扩容,shang4hai3shi4,2040 RCP 4.5,shang4hai3shi4_1_11_1995_S0,STOREY_1,1840,0
26°C,扩容,shang4hai3shi4,2040 RCP 4.5,shang4hai3shi4_1_11_1995_S0,STOREY_2,1840,1
26°C,扩容,shang4hai3shi4,2040 RCP 4.5,shang4hai3shi4_1_11_1995_S0,STOREY_3,1840,1
26°C,扩容,shang4hai3shi4,2040 RCP 4.5,shang4hai3shi4_1_11_1995_S0,STOREY_4,1840,0
26°C,扩容,shang4hai3shi4,2040 RCP 4.5,shang4hai3shi4_1_11_1995_S0,STOREY_5,1840,9
26°C,扩容,shang4hai3shi4,2040 RCP 4.5,shang4hai3shi4_1_11_1995_S0,STOREY_0,1840,0
26°C,扩容,shang4hai3shi4,2040 RCP 4.5,shang4hai3shi4_1_12_2005_S0,STOREY_1,1840,0
26°C,扩容,shang4hai3shi4,2040 RCP 4.5,shang4hai3shi4_1_12_2005_S0,STOREY_2,1840,0
26°C,扩容,shang4hai3shi4,2040 RCP 4.5,shang4hai3shi4_1_12_2005_S0,STOREY_3,1840,0
26°C,扩容,shang4hai3shi4,2040 RCP 4.5,shang4hai3shi4_1_12_2005_S0,STOREY_4,1840,0
26°C,扩容,shang4hai3shi4,2040 RCP 4.5,shang4hai3shi4_1_12_2005_S0,STOREY_5,1840,4
26°C,扩容,shang4hai3shi4,2040 RCP 4.5,shang4hai3shi4_1_12_2005_S0,STOREY_0,1840,0
26°C,扩容,shang4hai3shi4,2040 RCP 4.5,shang4hai3shi4_1_15_2005_S0,STOREY_1,1840,0
26°C,扩容,shang4hai3shi4,2040 RCP 4.5,shang4hai3shi4_1_15_2005_S0,STOREY_2,1840,0
26°C,扩容,shang4hai3shi4,2040 RCP 4.5,shang4hai3shi4_1_15_2005_S0,STOREY_3,1840,0
26°C,扩容,shang4hai3shi4,2040 RCP 4.5,shang4hai3shi4_1_15_2005_S0,STOREY_4,1840,0
26°C,扩容,shang4hai3shi4,2040 RCP 4.5,shang4hai3shi4_1_15_2005_S0,STOREY_5,1840,5
26°C,扩容,shang4hai3shi4,2040 RCP 4.5,shang4hai3shi4_1_15_2005_S0,STOREY_0,1840,0
26°C,扩容,shang4hai3shi4,2040 RCP 4.5,shang4hai3shi4_1_2_1980_S0,STOREY_1,1840,1
26°C,扩容,shang4hai3shi4,2040 RCP 4.5,shang4hai3shi4_1_2_1980_S0,STOREY_2,1840,2
26°C,扩容,shang4hai3shi4,2040 RCP 4.5,shang4hai3shi4_1_2_1980_S0,STOREY_3,1840,2
26°C,扩容,shang4hai3shi4,2040 RCP 4.5,shang4hai3shi4_1_2_1980_S0,STOREY_4,1840,4
26°C,扩容,shang4hai3shi4,2040 RCP 4.5,shang4hai3shi4_1_2_1980_S0,STOREY_5,1840,9
26°C,扩容,shang4hai3shi4,2040 RCP 4.5,shang4hai3shi4_1_2_1980_S0,STOREY_0,1840,0
26°C,扩容,shang4hai3shi4,2040 RCP 4.5,shang4hai3shi4_1_1_1995_S0,STOREY_1,1840,0
26°C,扩容,shang4hai3shi4,2040 RCP 4.5,shang4hai3shi4_1_1_1995_S0,STOREY_2,1840,0
26°C,扩容,shang4hai3shi4,2040 RCP 4.5,shang4hai3shi4_1_1_1995_S0,STOREY_3,1840,0
26°C,扩容,shang4hai3shi4,2040 RCP 4.5,shang4hai3shi4_1_1_1995_S0,STOREY_4,1840,0
26°C,扩容,shang4hai3shi4,2040 RCP 4.5,shang4hai3shi4_1_1_1995_S0,STOREY_5,1840,10
26°C,扩容,shang4hai3shi4,2040 RCP 4.5,shang4hai3shi4_1_1_1995_S0,STOREY_0,1840,0
26°C,扩容,shang4hai3shi4,2040 RCP 4.5,shang4hai3shi4_1_14_1995_S0,STOREY_1,1840,0
26°C,扩容,shang4hai3shi4,2040 RCP 4.5,shang4hai3shi4_1_14_1995_S0,STOREY_2,1840,1
26°C,扩容,shang4hai3shi4,2040 RCP 4.5,shang4hai3shi4_1_14_1995_S0,STOREY_3,1840,1
26°C,扩容,shang4hai3shi4,2040 RCP 4.5,shang4hai3shi4_1_14_1995_S0,STOREY_4,1840,1
26°C,扩容,shang4hai3shi4,2040 RCP 4.5,shang4hai3shi4_1_14_1995_S0,STOREY_5,1840,0
26°C,扩容,shang4hai3shi4,2040 RCP 4.5,shang4hai3shi4_1_14_1995_S0,STOREY_6,1840,0
26°C,扩容,shang4hai3shi4,2040 RCP 4.5,shang4hai3shi4_1_14_1995_S0,STOREY_7,1840,0
26°C,扩容,shang4hai3shi4,2040 RCP 4.5,shang4hai3shi4_1_14_1995_S0,STOREY_8,1840,0
26°C,扩容,shang4hai3shi4,2040 RCP 4.5,shang4hai3shi4_1_14_1995_S0,STOREY_9,1840,8
26°C,扩容,shang4hai3shi4,2040 RCP 4.5,shang4hai3shi4_1_14_1995_S0,STOREY_0,1840,0
26°C,扩容,shang4hai3shi4,2040 RCP 4.5,shang4hai3shi4_1_3_1995_S0,STOREY_1,1840,0
26°C,扩容,shang4hai3shi4,2040 RCP 4.5,shang4hai3shi4_1_3_1995_S0,STOREY_2,1840,0
26°C,扩容,shang4hai3shi4,2040 RCP 4.5,shang4hai3shi4_1_3_1995_S0,STOREY_3,1840,0
26°C,扩容,shang4hai3shi4,2040 RCP 4.5,shang4hai3shi4_1_3_1995_S0,STOREY_4,1840,0
26°C,扩容,shang4hai3shi4,2040 RCP 4.5,shang4hai3shi4_1_3_1995_S0,STOREY_5,1840,4
26°C,扩容,shang4hai3shi4,2040 RCP 4.5,shang4hai3shi4_1_3_1995_S0,STOREY_0,1840,0
26°C,扩容,shang4hai3shi4,2040 RCP 4.5,shang4hai3shi4_1_4_2005_S0,STOREY_1,1840,0
26°C,扩容,shang4hai3shi4,2040 RCP 4.5,shang4hai3shi4_1_4_2005_S0,STOREY_2,1840,0
26°C,扩容,shang4hai3shi4,2040 RCP 4.5,shang4hai3shi4_1_4_2005_S0,STOREY_3,1840,0
26°C,扩容,shang4hai3shi4,2040 RCP 4.5,shang4hai3shi4_1_4_2005_S0,STOREY_4,1840,0
26°C,扩容,shang4hai3shi4,2040 RCP 4.5,shang4hai3shi4_1_4_2005_S0,STOREY_5,1840,4
26°C,扩容,shang4hai3shi4,2040 RCP 4.5,shang4hai3shi4_1_4_2005_S0,STOREY_0,1840,0
26°C,扩容,shang4hai3shi4,2040 RCP 4.5,shang4hai3shi4_1_5_2005_S0,STOREY_1,1840,0
26°C,扩容,shang4hai3shi4,2040 RCP 4.5,shang4hai3shi4_1_5_2005_S0,STOREY_2,1840,1
26°C,扩容,shang4hai3shi4,2040 RCP 4.5,shang4hai3shi4_1_5_2005_S0,STOREY_3,1840,1
26°C,扩容,shang4hai3shi4,2040 RCP 4.5,shang4hai3shi4_1_5_2005_S0,STOREY_4,1840,0
26°C,扩容,shang4hai3shi4,2040 RCP 4.5,shang4hai3shi4_1_5_2005_S0,STOREY_5,1840,6
26°C,扩容,shang4hai3shi4,2040 RCP 4.5,shang4hai3shi4_1_5_2005_S0,STOREY_0,1840,0
26°C,扩容,shang4hai3shi4,2040 RCP 4.5,shang4hai3shi4_1_6_2005_S0,STOREY_1,1840,0
26°C,扩容,shang4hai3shi4,2040 RCP 4.5,shang4hai3shi4_1_6_2005_S0,STOREY_2,1840,0
26°C,扩容,shang4hai3shi4,2040 RCP 4.5,shang4hai3shi4_1_6_2005_S0,STOREY_3,1840,0
26°C,扩容,shang4hai3shi4,2040 RCP 4.5,shang4hai3shi4_1_6_2005_S0,STOREY_4,1840,0
26°C,扩容,shang4hai3shi4,2040 RCP 4.5,shang4hai3shi4_1_6_2005_S0,STOREY_5,1840,4
26°C,扩容,shang4hai3shi4,2040 RCP 4.5,shang4hai3shi4_1_6_2005_S0,STOREY_0,1840,0
26°C,扩容,shang4hai3shi4,2040 RCP 4.5,shang4hai3shi4_1_7_1995_S0,STOREY_1,1840,0
26°C,扩容,shang4hai3shi4,2040 RCP 4.5,shang4hai3shi4_1_7_1995_S0,STOREY_2,1840,0
26°C,扩容,shang4hai3shi4,2040 RCP 4.5,shang4hai3shi4_1_7_1995_S0,STOREY_3,1840,1
26°C,扩容,shang4hai3shi4,2040 RCP 4.5,shang4hai3shi4_1_7_1995_S0,STOREY_4,1840,11
26°C,扩容,shang4hai3shi4,2040 RCP 4.5,shang4hai3shi4_1_7_1995_S0,STOREY_0,1840,0
26°C,扩容,shang4hai3shi4,2040 RCP 4.5,shang4hai3shi4_1_8_1995_S0,STOREY_1,1840,3
26°C,扩容,shang4hai3shi4,2040 RCP 4.5,shang4hai3shi4_1_8_1995_S0,STOREY_2,1840,3
26°C,扩容,shang4hai3shi4,2040 RCP 4.5,shang4hai3shi4_1_8_1995_S0,STOREY_3,1840,3
26°C,扩容,shang4hai3shi4,2040 RCP 4.5,shang4hai3shi4_1_8_1995_S0,STOREY_4,1840,4
26°C,扩容,shang4hai3shi4,2040 RCP 4.5,shang4hai3shi4_1_8_1995_S0,STOREY_5,1840,17
26°C,扩容,shang4hai3shi4,2040 RCP 4.5,shang4hai3shi4_1_8_1995_S0,STOREY_0,1840,0
26°C,扩容,shang4hai3shi4,2040 RCP 4.5,shang4hai3shi4_1_9_1980_S0,STOREY_1,1840,0
26°C,扩容,shang4hai3shi4,2040 RCP 4.5,shang4hai3shi4_1_9_1980_S0,STOREY_2,1840,0
26°C,扩容,shang4hai3shi4,2040 RCP 4.5,shang4hai3shi4_1_9_1980_S0,STOREY_3,1840,0
26°C,扩容,shang4hai3shi4,2040 RCP 4.5,shang4hai3shi4_1_9_1980_S0,STOREY_4,1840,0
26°C,扩容,shang4hai3shi4,2040 RCP 4.5,shang4hai3shi4_1_9_1980_S0,STOREY_5,1840,8
26°C,扩容,shang4hai3shi4,2040 RCP 4.5,shang4hai3shi4_1_9_1980_S0,STOREY_0,1840,0
26°C,扩容,shang4hai3shi4,2040 RCP 4.5,shang4hai3shi4_2_11_2005_S0,STOREY_1,1840,0
26°C,扩容,shang4hai3shi4,2040 RCP 4.5,shang4hai3shi4_2_11_2005_S0,STOREY_2,1840,0
26°C,扩容,shang4hai3shi4,2040 RCP 4.5,shang4hai3shi4_2_11_2005_S0,STOREY_3,1840,0
26°C,扩容,shang4hai3shi4,2040 RCP 4.5,shang4hai3shi4_2_11_2005_S0,STOREY_4,1840,0
26°C,扩容,shang4hai3shi4,2040 RCP 4.5,shang4hai3shi4_2_11_2005_S0,STOREY_5,1840,0
26°C,扩容,shang4hai3shi4,2040 RCP 4.5,shang4hai3shi4_2_11_2005_S0,STOREY_6,1840,0
26°C,扩容,shang4hai3shi4,2040 RCP 4.5,shang4hai3shi4_2_11_2005_S0,STOREY_7,1840,0
26°C,扩容,shang4hai3shi4,2040 RCP 4.5,shang4hai3shi4_2_11_2005_S0,STOREY_8,1840,0
26°C,扩容,shang4hai3shi4,2040 RCP 4.5,shang4hai3shi4_2_11_2005_S0,STOREY_9,1840,0
26°C,扩容,shang4hai3shi4,2040 RCP 4.5,shang4hai3shi4_2_11_2005_S0,STOREY_10,1840,0
26°C,扩容,shang4hai3shi4,2040 RCP 4.5,shang4hai3shi4_2_11_2005_S0,STOREY_11,1840,4
26°C,扩容,shang4hai3shi4,2040 RCP 4.5,shang4hai3shi4_2_11_2005_S0,STOREY_0,1840,0
26°C,扩容,shang4hai3shi4,2040 RCP 4.5,shang4hai3shi4_2_10_1995_S0,STOREY_1,1840,0
26°C,扩容,shang4hai3shi4,2040 RCP 4.5,shang4hai3shi4_2_10_1995_S0,STOREY_2,1840,0
26°C,扩容,shang4hai3shi4,2040 RCP 4.5,shang4hai3shi4_2_10_1995_S0,STOREY_3,1840,0
26°C,扩容,shang4hai3shi4,2040 RCP 4.5,shang4hai3shi4_2_10_1995_S0,STOREY_4,1840,0
26°C,扩容,shang4hai3shi4,2040 RCP 4.5,shang4hai3shi4_2_10_1995_S0,STOREY_5,1840,0
26°C,扩容,shang4hai3shi4,2040 RCP 4.5,shang4hai3shi4_2_10_1995_S0,STOREY_6,1840,0
26°C,扩容,shang4hai3shi4,2040 RCP 4.5,shang4hai3shi4_2_10_1995_S0,STOREY_7,1840,0
26°C,扩容,shang4hai3shi4,2040 RCP 4.5,shang4hai3shi4_2_10_1995_S0,STOREY_8,1840,0
26°C,扩容,shang4hai3shi4,2040 RCP 4.5,shang4hai3shi4_2_10_1995_S0,STOREY_9,1840,0
26°C,扩容,shang4hai3shi4,2040 RCP 4.5,shang4hai3shi4_2_10_1995_S0,STOREY_10,1840,0
26°C,扩容,shang4hai3shi4,2040 RCP 4.5,shang4hai3shi4_2_10_1995_S0,STOREY_11,1840,0
26°C,扩容,shang4hai3shi4,2040 RCP 4.5,shang4hai3shi4_2_10_1995_S0,STOREY_12,1840,0
26°C,扩容,shang4hai3shi4,2040 RCP 4.5,shang4hai3shi4_2_10_1995_S0,STOREY_13,1840,0
26°C,扩容,shang4hai3shi4,2040 RCP 4.5,shang4hai3shi4_2_10_1995_S0,STOREY_14,1840,1
26°C,扩容,shang4hai3shi4,2040 RCP 4.5,shang4hai3shi4_2_10_1995_S0,STOREY_15,1840,4
26°C,扩容,shang4hai3shi4,2040 RCP 4.5,shang4hai3shi4_2_10_1995_S0,STOREY_0,1840,0
26°C,扩容,shang4hai3shi4,2040 RCP 4.5,shang4hai3shi4_2_12_2005_S0,STOREY_1,1840,0
26°C,扩容,shang4hai3shi4,2040 RCP 4.5,shang4hai3shi4_2_12_2005_S0,STOREY_2,1840,0
26°C,扩容,shang4hai3shi4,2040 RCP 4.5,shang4hai3shi4_2_12_2005_S0,STOREY_3,1840,0
26°C,扩容,shang4hai3shi4,2040 RCP 4.5,shang4hai3shi4_2_12_2005_S0,STOREY_4,1840,0
26°C,扩容,shang4hai3shi4,2040 RCP 4.5,shang4hai3shi4_2_12_2005_S0,STOREY_5,1840,0
26°C,扩容,shang4hai3shi4,2040 RCP 4.5,shang4hai3shi4_2_12_2005_S0,STOREY_6,1840,0
26°C,扩容,shang4hai3shi4,2040 RCP 4.5,shang4hai3shi4_2_12_2005_S0,STOREY_7,1840,0
26°C,扩容,shang4hai3shi4,2040 RCP 4.5,shang4hai3shi4_2_12_2005_S0,STOREY_8,1840,0
26°C,扩容,shang4hai3shi4,2040 RCP 4.5,shang4hai3shi4_2_12_2005_S0,STOREY_9,1840,0
26°C,扩容,shang4hai3shi4,2040 RCP 4.5,shang4hai3shi4_2_12_2005_S0,STOREY_10,1840,0
26°C,扩容,shang4hai3shi4,2040 RCP 4.5,shang4hai3shi4_2_12_2005_S0,STOREY_11,1840,0
26°C,扩容,shang4hai3shi4,2040 RCP 4.5,shang4hai3shi4_2_12_2005_S0,STOREY_12,1840,0
26°C,扩容,shang4hai3shi4,2040 RCP 4.5,shang4hai3shi4_2_12_2005_S0,STOREY_13,1840,2
26°C,扩容,shang4hai3shi4,2040 RCP 4.5,shang4hai3shi4_2_12_2005_S0,STOREY_0,1840,0
26°C,扩容,shang4hai3shi4,2040 RCP 4.5,shang4hai3shi4_2_15_2005_S0,STOREY_1,1840,0
26°C,扩容,shang4hai3shi4,2040 RCP 4.5,shang4hai3shi4_2_15_2005_S0,STOREY_2,1840,0
26°C,扩容,shang4hai3shi4,2040 RCP 4.5,shang4hai3shi4_2_15_2005_S0,STOREY_3,1840,0
26°C,扩容,shang4hai3shi4,2040 RCP 4.5,shang4hai3shi4_2_15_2005_S0,STOREY_4,1840,0
26°C,扩容,shang4hai3shi4,2040 RCP 4.5,shang4hai3shi4_2_15_2005_S0,STOREY_5,1840,0
26°C,扩容,shang4hai3shi4,2040 RCP 4.5,shang4hai3shi4_2_15_2005_S0,STOREY_6,1840,0
26°C,扩容,shang4hai3shi4,2040 RCP 4.5,shang4hai3shi4_2_15_2005_S0,STOREY_7,1840,0
26°C,扩容,shang4hai3shi4,2040 RCP 4.5,shang4hai3shi4_2_15_2005_S0,STOREY_8,1840,0
26°C,扩容,shang4hai3shi4,2040 RCP 4.5,shang4hai3shi4_2_15_2005_S0,STOREY_9,1840,0
26°C,扩容,shang4hai3shi4,2040 RCP 4.5,shang4hai3shi4_2_15_2005_S0,STOREY_10,1840,0
26°C,扩容,shang4hai3shi4,2040 RCP 4.5,shang4hai3shi4_2_15_2005_S0,STOREY_11,1840,0
26°C,扩容,shang4hai3shi4,2040 RCP 4.5,shang4hai3shi4_2_15_2005_S0,STOREY_12,1840,6
26°C,扩容,shang4hai3shi4,2040 RCP 4.5,shang4hai3shi4_2_15_2005_S0,STOREY_0,1840,0
26°C,扩容,shang4hai3shi4,2040 RCP 4.5,shang4hai3shi4_2_13_2005_S0,STOREY_1,1840,0
26°C,扩容,shang4hai3shi4,2040 RCP 4.5,shang4hai3shi4_2_13_2005_S0,STOREY_2,1840,0
26°C,扩容,shang4hai3shi4,2040 RCP 4.5,shang4hai3shi4_2_13_2005_S0,STOREY_3,1840,0
26°C,扩容,shang4hai3shi4,2040 RCP 4.5,shang4hai3shi4_2_13_2005_S0,STOREY_4,1840,0
26°C,扩容,shang4hai3shi4,2040 RCP 4.5,shang4hai3shi4_2_13_2005_S0,STOREY_5,1840,0
26°C,扩容,shang4hai3shi4,2040 RCP 4.5,shang4hai3shi4_2_13_2005_S0,STOREY_6,1840,0
26°C,扩容,shang4hai3shi4,2040 RCP 4.5,shang4hai3shi4_2_13_2005_S0,STOREY_7,1840,0
26°C,扩容,shang4hai3shi4,2040 RCP 4.5,shang4hai3shi4_2_13_2005_S0,STOREY_8,1840,0
26°C,扩容,shang4hai3shi4,2040 RCP 4.5,shang4hai3shi4_2_13_2005_S0,STOREY_9,1840,0
26°C,扩容,shang4hai3shi4,2040 RCP 4.5,shang4hai3shi4_2_13_2005_S0,STOREY_10,1840,0
26°C,扩容,shang4hai3shi4,2040 RCP 4.5,shang4hai3shi4_2_13_2005_S0,STOREY_11,1840,0
26°C,扩容,shang4hai3shi4,2040 RCP 4.5,shang4hai3shi4_2_13_2005_S0,STOREY_12,1840,0
26°C,扩容,shang4hai3shi4,2040 RCP 4.5,shang4hai3shi4_2_13_2005_S0,STOREY_13,1840,0
26°C,扩容,shang4hai3shi4,2040 RCP 4.5,shang4hai3shi4_2_13_2005_S0,STOREY_14,1840,0
26°C,扩容,shang4hai3shi4,2040 RCP 4.5,shang4hai3shi4_2_13_2005_S0,STOREY_15,1840,0
26°C,扩容,shang4hai3shi4,2040 RCP 4.5,shang4hai3shi4_2_13_2005_S0,STOREY_16,1840,0
26°C,扩容,shang4hai3shi4,2040 RCP 4.5,shang4hai3shi4_2_13_2005_S0,STOREY_17,1840,0
26°C,扩容,shang4hai3shi4,2040 RCP 4.5,shang4hai3shi4_2_13_2005_S0,STOREY_18,1840,0
26°C,扩容,shang4hai3shi4,2040 RCP 4.5,shang4hai3shi4_2_13_2005_S0,STOREY_19,1840,0
26°C,扩容,shang4hai3shi4,2040 RCP 4.5,shang4hai3shi4_2_13_2005_S0,STOREY_20,1840,0
26°C,扩容,shang4hai3shi4,2040 RCP 4.5,shang4hai3shi4_2_13_2005_S0,STOREY_21,1840,0
26°C,扩容,shang4hai3shi4,2040 RCP 4.5,shang4hai3shi4_2_13_2005_S0,STOREY_22,1840,0
26°C,扩容,shang4hai3shi4,2040 RCP 4.5,shang4hai3shi4_2_13_2005_S0,STOREY_23,1840,0
26°C,扩容,shang4hai3shi4,2040 RCP 4.5,shang4hai3shi4_2_13_2005_S0,STOREY_24,1840,0
26°C,扩容,shang4hai3shi4,2040 RCP 4.5,shang4hai3shi4_2_13_2005_S0,STOREY_25,1840,0
26°C,扩容,shang4hai3shi4,2040 RCP 4.5,shang4hai3shi4_2_13_2005_S0,STOREY_26,1840,0
26°C,扩容,shang4hai3shi4,2040 RCP 4.5,shang4hai3shi4_2_13_2005_S0,STOREY_27,1840,4
26°C,扩容,shang4hai3shi4,2040 RCP 4.5,shang4hai3shi4_2_13_2005_S0,STOREY_0,1840,0
26°C,扩容,shang4hai3shi4,2040 RCP 4.5,shang4hai3shi4_2_14_2015_S0,STOREY_1,1840,0
26°C,扩容,shang4hai3shi4,2040 RCP 4.5,shang4hai3shi4_2_14_2015_S0,STOREY_2,1840,0
26°C,扩容,shang4hai3shi4,2040 RCP 4.5,shang4hai3shi4_2_14_2015_S0,STOREY_3,1840,0
26°C,扩容,shang4hai3shi4,2040 RCP 4.5,shang4hai3shi4_2_14_2015_S0,STOREY_4,1840,0
26°C,扩容,shang4hai3shi4,2040 RCP 4.5,shang4hai3shi4_2_14_2015_S0,STOREY_5,1840,0
26°C,扩容,shang4hai3shi4,2040 RCP 4.5,shang4hai3shi4_2_14_2015_S0,STOREY_6,1840,0
26°C,扩容,shang4hai3shi4,2040 RCP 4.5,shang4hai3shi4_2_14_2015_S0,STOREY_7,1840,0
26°C,扩容,shang4hai3shi4,2040 RCP 4.5,shang4hai3shi4_2_14_2015_S0,STOREY_8,1840,0
26°C,扩容,shang4hai3shi4,2040 RCP 4.5,shang4hai3shi4_2_14_2015_S0,STOREY_9,1840,0
26°C,扩容,shang4hai3shi4,2040 RCP 4.5,shang4hai3shi4_2_14_2015_S0,STOREY_10,1840,0
26°C,扩容,shang4hai3shi4,2040 RCP 4.5,shang4hai3shi4_2_14_2015_S0,STOREY_11,1840,0
26°C,扩容,shang4hai3shi4,2040 RCP 4.5,shang4hai3shi4_2_14_2015_S0,STOREY_12,1840,0
26°C,扩容,shang4hai3shi4,2040 RCP 4.5,shang4hai3shi4_2_14_2015_S0,STOREY_13,1840,0
26°C,扩容,shang4hai3shi4,2040 RCP 4.5,shang4hai3shi4_2_14_2015_S0,STOREY_14,1840,0
26°C,扩容,shang4hai3shi4,2040 RCP 4.5,shang4hai3shi4_2_14_2015_S0,STOREY_15,1840,0
26°C,扩容,shang4hai3shi4,2040 RCP 4.5,shang4hai3shi4_2_14_2015_S0,STOREY_16,1840,0
26°C,扩容,shang4hai3shi4,2040 RCP 4.5,shang4hai3shi4_2_14_2015_S0,STOREY_17,1840,0
26°C,扩容,shang4hai3shi4,2040 RCP 4.5,shang4hai3shi4_2_14_2015_S0,STOREY_0,1840,0
26°C,扩容,shang4hai3shi4,2040 RCP 4.5,shang4hai3shi4_2_1_2005_S0,STOREY_1,1840,0
26°C,扩容,shang4hai3shi4,2040 RCP 4.5,shang4hai3shi4_2_1_2005_S0,STOREY_2,1840,0
26°C,扩容,shang4hai3shi4,2040 RCP 4.5,shang4hai3shi4_2_1_2005_S0,STOREY_3,1840,0
26°C,扩容,shang4hai3shi4,2040 RCP 4.5,shang4hai3shi4_2_1_2005_S0,STOREY_4,1840,0
26°C,扩容,shang4hai3shi4,2040 RCP 4.5,shang4hai3shi4_2_1_2005_S0,STOREY_5,1840,0
26°C,扩容,shang4hai3shi4,2040 RCP 4.5,shang4hai3shi4_2_1_2005_S0,STOREY_6,1840,0
26°C,扩容,shang4hai3shi4,2040 RCP 4.5,shang4hai3shi4_2_1_2005_S0,STOREY_7,1840,0
26°C,扩容,shang4hai3shi4,2040 RCP 4.5,shang4hai3shi4_2_1_2005_S0,STOREY_8,1840,0
26°C,扩容,shang4hai3shi4,2040 RCP 4.5,shang4hai3shi4_2_1_2005_S0,STOREY_9,1840,0
26°C,扩容,shang4hai3shi4,2040 RCP 4.5,shang4hai3shi4_2_1_2005_S0,STOREY_10,1840,0
26°C,扩容,shang4hai3shi4,2040 RCP 4.5,shang4hai3shi4_2_1_2005_S0,STOREY_11,1840,0
26°C,扩容,shang4hai3shi4,2040 RCP 4.5,shang4hai3shi4_2_1_2005_S0,STOREY_12,1840,0
26°C,扩容,shang4hai3shi4,2040 RCP 4.5,shang4hai3shi4_2_1_2005_S0,STOREY_13,1840,0
26°C,扩容,shang4hai3shi4,2040 RCP 4.5,shang4hai3shi4_2_1_2005_S0,STOREY_14,1840,0
26°C,扩容,shang4hai3shi4,2040 RCP 4.5,shang4hai3shi4_2_1_2005_S0,STOREY_15,1840,4
26°C,扩容,shang4hai3shi4,2040 RCP 4.5,shang4hai3shi4_2_1_2005_S0,STOREY_0,1840,0
26°C,扩容,shang4hai3shi4,2040 RCP 4.5,shang4hai3shi4_2_2_1980_S0,STOREY_1,1840,0
26°C,扩容,shang4hai3shi4,2040 RCP 4.5,shang4hai3shi4_2_2_1980_S0,STOREY_2,1840,0
26°C,扩容,shang4hai3shi4,2040 RCP 4.5,shang4hai3shi4_2_2_1980_S0,STOREY_3,1840,0
26°C,扩容,shang4hai3shi4,2040 RCP 4.5,shang4hai3shi4_2_2_1980_S0,STOREY_4,1840,0
26°C,扩容,shang4hai3shi4,2040 RCP 4.5,shang4hai3shi4_2_2_1980_S0,STOREY_5,1840,0
26°C,扩容,shang4hai3shi4,2040 RCP 4.5,shang4hai3shi4_2_2_1980_S0,STOREY_6,1840,0
26°C,扩容,shang4hai3shi4,2040 RCP 4.5,shang4hai3shi4_2_2_1980_S0,STOREY_7,1840,0
26°C,扩容,shang4hai3shi4,2040 RCP 4.5,shang4hai3shi4_2_2_1980_S0,STOREY_8,1840,0
26°C,扩容,shang4hai3shi4,2040 RCP 4.5,shang4hai3shi4_2_2_1980_S0,STOREY_9,1840,0
26°C,扩容,shang4hai3shi4,2040 RCP 4.5,shang4hai3shi4_2_2_1980_S0,STOREY_10,1840,0
26°C,扩容,shang4hai3shi4,2040 RCP 4.5,shang4hai3shi4_2_2_1980_S0,STOREY_11,1840,6
26°C,扩容,shang4hai3shi4,2040 RCP 4.5,shang4hai3shi4_2_2_1980_S0,STOREY_0,1840,0
26°C,扩容,shang4hai3shi4,2040 RCP 4.5,shang4hai3shi4_2_3_2005_S0,STOREY_1,1840,0
26°C,扩容,shang4hai3shi4,2040 RCP 4.5,shang4hai3shi4_2_3_2005_S0,STOREY_2,1840,0
26°C,扩容,shang4hai3shi4,2040 RCP 4.5,shang4hai3shi4_2_3_2005_S0,STOREY_3,1840,0
26°C,扩容,shang4hai3shi4,2040 RCP 4.5,shang4hai3shi4_2_3_2005_S0,STOREY_4,1840,0
26°C,扩容,shang4hai3shi4,2040 RCP 4.5,shang4hai3shi4_2_3_2005_S0,STOREY_5,1840,0
26°C,扩容,shang4hai3shi4,2040 RCP 4.5,shang4hai3shi4_2_3_2005_S0,STOREY_6,1840,0
26°C,扩容,shang4hai3shi4,2040 RCP 4.5,shang4hai3shi4_2_3_2005_S0,STOREY_7,1840,0
26°C,扩容,shang4hai3shi4,2040 RCP 4.5,shang4hai3shi4_2_3_2005_S0,STOREY_8,1840,0
26°C,扩容,shang4hai3shi4,2040 RCP 4.5,shang4hai3shi4_2_3_2005_S0,STOREY_9,1840,0
26°C,扩容,shang4hai3shi4,2040 RCP 4.5,shang4hai3shi4_2_3_2005_S0,STOREY_10,1840,0
26°C,扩容,shang4hai3shi4,2040 RCP 4.5,shang4hai3shi4_2_3_2005_S0,STOREY_11,1840,0
26°C,扩容,shang4hai3shi4,2040 RCP 4.5,shang4hai3shi4_2_3_2005_S0,STOREY_12,1840,0
26°C,扩容,shang4hai3shi4,2040 RCP 4.5,shang4hai3shi4_2_3_2005_S0,STOREY_13,1840,0
26°C,扩容,shang4hai3shi4,2040 RCP 4.5,shang4hai3shi4_2_3_2005_S0,STOREY_14,1840,0
26°C,扩容,shang4hai3shi4,2040 RCP 4.5,shang4hai3shi4_2_3_2005_S0,STOREY_15,1840,0
26°C,扩容,shang4hai3shi4,2040 RCP 4.5,shang4hai3shi4_2_3_2005_S0,STOREY_16,1840,0
26°C,扩容,shang4hai3shi4,2040 RCP 4.5,shang4hai3shi4_2_3_2005_S0,STOREY_17,1840,5
26°C,扩容,shang4hai3shi4,2040 RCP 4.5,shang4hai3shi4_2_3_2005_S0,STOREY_0,1840,0
26°C,扩容,shang4hai3shi4,2040 RCP 4.5,shang4hai3shi4_2_6_2015_S0,STOREY_1,1840,0
26°C,扩容,shang4hai3shi4,2040 RCP 4.5,shang4hai3shi4_2_6_2015_S0,STOREY_2,1840,0
26°C,扩容,shang4hai3shi4,2040 RCP 4.5,shang4hai3shi4_2_6_2015_S0,STOREY_3,1840,0
26°C,扩容,shang4hai3shi4,2040 RCP 4.5,shang4hai3shi4_2_6_2015_S0,STOREY_4,1840,0
26°C,扩容,shang4hai3shi4,2040 RCP 4.5,shang4hai3shi4_2_6_2015_S0,STOREY_5,1840,0
26°C,扩容,shang4hai3shi4,2040 RCP 4.5,shang4hai3shi4_2_6_2015_S0,STOREY_6,1840,0
26°C,扩容,shang4hai3shi4,2040 RCP 4.5,shang4hai3shi4_2_6_2015_S0,STOREY_7,1840,0
26°C,扩容,shang4hai3shi4,2040 RCP 4.5,shang4hai3shi4_2_6_2015_S0,STOREY_8,1840,0
26°C,扩容,shang4hai3shi4,2040 RCP 4.5,shang4hai3shi4_2_6_2015_S0,STOREY_9,1840,0
26°C,扩容,shang4hai3shi4,2040 RCP 4.5,shang4hai3shi4_2_6_2015_S0,STOREY_10,1840,0
26°C,扩容,shang4hai3shi4,2040 RCP 4.5,shang4hai3shi4_2_6_2015_S0,STOREY_11,1840,2
26°C,扩容,shang4hai3shi4,2040 RCP 4.5,shang4hai3shi4_2_6_2015_S0,STOREY_0,1840,0
26°C,扩容,shang4hai3shi4,2040 RCP 4.5,shang4hai3shi4_2_4_1995_S0,STOREY_1,1840,0
26°C,扩容,shang4hai3shi4,2040 RCP 4.5,shang4hai3shi4_2_4_1995_S0,STOREY_2,1840,0
26°C,扩容,shang4hai3shi4,2040 RCP 4.5,shang4hai3shi4_2_4_1995_S0,STOREY_3,1840,0
26°C,扩容,shang4hai3shi4,2040 RCP 4.5,shang4hai3shi4_2_4_1995_S0,STOREY_4,1840,0
26°C,扩容,shang4hai3shi4,2040 RCP 4.5,shang4hai3shi4_2_4_1995_S0,STOREY_5,1840,0
26°C,扩容,shang4hai3shi4,2040 RCP 4.5,shang4hai3shi4_2_4_1995_S0,STOREY_6,1840,0
26°C,扩容,shang4hai3shi4,2040 RCP 4.5,shang4hai3shi4_2_4_1995_S0,STOREY_7,1840,0
26°C,扩容,shang4hai3shi4,2040 RCP 4.5,shang4hai3shi4_2_4_1995_S0,STOREY_8,1840,0
26°C,扩容,shang4hai3shi4,2040 RCP 4.5,shang4hai3shi4_2_4_1995_S0,STOREY_9,1840,0
26°C,扩容,shang4hai3shi4,2040 RCP 4.5,shang4hai3shi4_2_4_1995_S0,STOREY_10,1840,0
26°C,扩容,shang4hai3shi4,2040 RCP 4.5,shang4hai3shi4_2_4_1995_S0,STOREY_11,1840,0
26°C,扩容,shang4hai3shi4,2040 RCP 4.5,shang4hai3shi4_2_4_1995_S0,STOREY_12,1840,0
26°C,扩容,shang4hai3shi4,2040 RCP 4.5,shang4hai3shi4_2_4_1995_S0,STOREY_13,1840,0
26°C,扩容,shang4hai3shi4,2040 RCP 4.5,shang4hai3shi4_2_4_1995_S0,STOREY_14,1840,0
26°C,扩容,shang4hai3shi4,2040 RCP 4.5,shang4hai3shi4_2_4_1995_S0,STOREY_15,1840,0
26°C,扩容,shang4hai3shi4,2040 RCP 4.5,shang4hai3shi4_2_4_1995_S0,STOREY_16,1840,0
26°C,扩容,shang4hai3shi4,2040 RCP 4.5,shang4hai3shi4_2_4_1995_S0,STOREY_17,1840,0
26°C,扩容,shang4hai3shi4,2040 RCP 4.5,shang4hai3shi4_2_4_1995_S0,STOREY_18,1840,0
26°C,扩容,shang4hai3shi4,2040 RCP 4.5,shang4hai3shi4_2_4_1995_S0,STOREY_19,1840,6
26°C,扩容,shang4hai3shi4,2040 RCP 4.5,shang4hai3shi4_2_4_1995_S0,STOREY_0,1840,0
26°C,扩容,shang4hai3shi4,2040 RCP 4.5,shang4hai3shi4_2_5_2005_S0,STOREY_1,1840,0
26°C,扩容,shang4hai3shi4,2040 RCP 4.5,shang4hai3shi4_2_5_2005_S0,STOREY_2,1840,0
26°C,扩容,shang4hai3shi4,2040 RCP 4.5,shang4hai3shi4_2_5_2005_S0,STOREY_3,1840,0
26°C,扩容,shang4hai3shi4,2040 RCP 4.5,shang4hai3shi4_2_5_2005_S0,STOREY_4,1840,0
26°C,扩容,shang4hai3shi4,2040 RCP 4.5,shang4hai3shi4_2_5_2005_S0,STOREY_5,1840,0
26°C,扩容,shang4hai3shi4,2040 RCP 4.5,shang4hai3shi4_2_5_2005_S0,STOREY_6,1840,0
26°C,扩容,shang4hai3shi4,2040 RCP 4.5,shang4hai3shi4_2_5_2005_S0,STOREY_7,1840,0
26°C,扩容,shang4hai3shi4,2040 RCP 4.5,shang4hai3shi4_2_5_2005_S0,STOREY_8,1840,0
26°C,扩容,shang4hai3shi4,2040 RCP 4.5,shang4hai3shi4_2_5_2005_S0,STOREY_9,1840,0
26°C,扩容,shang4hai3shi4,2040 RCP 4.5,shang4hai3shi4_2_5_2005_S0,STOREY_10,1840,0
26°C,扩容,shang4hai3shi4,2040 RCP 4.5,shang4hai3shi4_2_5_2005_S0,STOREY_11,1840,0
26°C,扩容,shang4hai3shi4,2040 RCP 4.5,shang4hai3shi4_2_5_2005_S0,STOREY_12,1840,0
26°C,扩容,shang4hai3shi4,2040 RCP 4.5,shang4hai3shi4_2_5_2005_S0,STOREY_13,1840,0
26°C,扩容,shang4hai3shi4,2040 RCP 4.5,shang4hai3shi4_2_5_2005_S0,STOREY_14,1840,0
26°C,扩容,shang4hai3shi4,2040 RCP 4.5,shang4hai3shi4_2_5_2005_S0,STOREY_15,1840,0
26°C,扩容,shang4hai3shi4,2040 RCP 4.5,shang4hai3shi4_2_5_2005_S0,STOREY_16,1840,0
26°C,扩容,shang4hai3shi4,2040 RCP 4.5,shang4hai3shi4_2_5_2005_S0,STOREY_17,1840,0
26°C,扩容,shang4hai3shi4,2040 RCP 4.5,shang4hai3shi4_2_5_2005_S0,STOREY_18,1840,0
26°C,扩容,shang4hai3shi4,2040 RCP 4.5,shang4hai3shi4_2_5_2005_S0,STOREY_19,1840,0
26°C,扩容,shang4hai3shi4,2040 RCP 4.5,shang4hai3shi4_2_5_2005_S0,STOREY_20,1840,0
26°C,扩容,shang4hai3shi4,2040 RCP 4.5,shang4hai3shi4_2_5_2005_S0,STOREY_21,1840,0
26°C,扩容,shang4hai3shi4,2040 RCP 4.5,shang4hai3shi4_2_5_2005_S0,STOREY_22,1840,0
26°C,扩容,shang4hai3shi4,2040 RCP 4.5,shang4hai3shi4_2_5_2005_S0,STOREY_23,1840,0
26°C,扩容,shang4hai3shi4,2040 RCP 4.5,shang4hai3shi4_2_5_2005_S0,STOREY_24,1840,2
26°C,扩容,shang4hai3shi4,2040 RCP 4.5,shang4hai3shi4_2_5_2005_S0,STOREY_0,1840,0
26°C,扩容,shang4hai3shi4,2040 RCP 4.5,shang4hai3shi4_2_7_2005_S0,STOREY_1,1840,0
26°C,扩容,shang4hai3shi4,2040 RCP 4.5,shang4hai3shi4_2_7_2005_S0,STOREY_2,1840,0
26°C,扩容,shang4hai3shi4,2040 RCP 4.5,shang4hai3shi4_2_7_2005_S0,STOREY_3,1840,0
26°C,扩容,shang4hai3shi4,2040 RCP 4.5,shang4hai3shi4_2_7_2005_S0,STOREY_4,1840,0
26°C,扩容,shang4hai3shi4,2040 RCP 4.5,shang4hai3shi4_2_7_2005_S0,STOREY_5,1840,0
26°C,扩容,shang4hai3shi4,2040 RCP 4.5,shang4hai3shi4_2_7_2005_S0,STOREY_6,1840,0
26°C,扩容,shang4hai3shi4,2040 RCP 4.5,shang4hai3shi4_2_7_2005_S0,STOREY_7,1840,0
26°C,扩容,shang4hai3shi4,2040 RCP 4.5,shang4hai3shi4_2_7_2005_S0,STOREY_8,1840,0
26°C,扩容,shang4hai3shi4,2040 RCP 4.5,shang4hai3shi4_2_7_2005_S0,STOREY_9,1840,0
26°C,扩容,shang4hai3shi4,2040 RCP 4.5,shang4hai3shi4_2_7_2005_S0,STOREY_10,1840,4
26°C,扩容,shang4hai3shi4,2040 RCP 4.5,shang4hai3shi4_2_7_2005_S0,STOREY_0,1840,0
26°C,扩容,shang4hai3shi4,2040 RCP 8.5,shang4hai3shi4_0_10_1980_S0,STOREY_1,1840,3
26°C,扩容,shang4hai3shi4,2040 RCP 8.5,shang4hai3shi4_0_10_1980_S0,STOREY_2,1840,16
26°C,扩容,shang4hai3shi4,2040 RCP 8.5,shang4hai3shi4_0_10_1980_S0,STOREY_0,1840,0
26°C,扩容,shang4hai3shi4,2040 RCP 8.5,shang4hai3shi4_0_11_1980_S0,STOREY_1,1840,3
26°C,扩容,shang4hai3shi4,2040 RCP 8.5,shang4hai3shi4_0_11_1980_S0,STOREY_2,1840,17
26°C,扩容,shang4hai3shi4,2040 RCP 8.5,shang4hai3shi4_0_11_1980_S0,STOREY_0,1840,0
26°C,扩容,shang4hai3shi4,2040 RCP 8.5,shang4hai3shi4_0_12_1995_S0,STOREY_1,1840,0
26°C,扩容,shang4hai3shi4,2040 RCP 8.5,shang4hai3shi4_0_12_1995_S0,STOREY_2,1840,12
26°C,扩容,shang4hai3shi4,2040 RCP 8.5,shang4hai3shi4_0_12_1995_S0,STOREY_0,1840,0
26°C,扩容,shang4hai3shi4,2040 RCP 8.5,shang4hai3shi4_0_13_1980_S0,STOREY_1,1840,19
26°C,扩容,shang4hai3shi4,2040 RCP 8.5,shang4hai3shi4_0_13_1980_S0,STOREY_0,1840,0
26°C,扩容,shang4hai3shi4,2040 RCP 8.5,shang4hai3shi4_0_14_2005_S0,STOREY_1,1840,1
26°C,扩容,shang4hai3shi4,2040 RCP 8.5,shang4hai3shi4_0_14_2005_S0,STOREY_2,1840,12
26°C,扩容,shang4hai3shi4,2040 RCP 8.5,shang4hai3shi4_0_14_2005_S0,STOREY_0,1840,0
26°C,扩容,shang4hai3shi4,2040 RCP 8.5,shang4hai3shi4_0_15_1995_S0,STOREY_1,1840,21
26°C,扩容,shang4hai3shi4,2040 RCP 8.5,shang4hai3shi4_0_15_1995_S0,STOREY_2,1840,32
26°C,扩容,shang4hai3shi4,2040 RCP 8.5,shang4hai3shi4_0_15_1995_S0,STOREY_0,1840,0
26°C,扩容,shang4hai3shi4,2040 RCP 8.5,shang4hai3shi4_0_2_1995_S0,STOREY_0,1840,0
26°C,扩容,shang4hai3shi4,2040 RCP 8.5,shang4hai3shi4_0_1_1980_S0,STOREY_1,1840,0
26°C,扩容,shang4hai3shi4,2040 RCP 8.5,shang4hai3shi4_0_1_1980_S0,STOREY_2,1840,6
26°C,扩容,shang4hai3shi4,2040 RCP 8.5,shang4hai3shi4_0_1_1980_S0,STOREY_0,1840,0
26°C,扩容,shang4hai3shi4,2040 RCP 4.5,shang4hai3shi4_2_9_2005_S0,STOREY_1,1840,0
26°C,扩容,shang4hai3shi4,2040 RCP 4.5,shang4hai3shi4_2_9_2005_S0,STOREY_2,1840,0
26°C,扩容,shang4hai3shi4,2040 RCP 4.5,shang4hai3shi4_2_9_2005_S0,STOREY_3,1840,0
26°C,扩容,shang4hai3shi4,2040 RCP 4.5,shang4hai3shi4_2_9_2005_S0,STOREY_4,1840,0
26°C,扩容,shang4hai3shi4,2040 RCP 4.5,shang4hai3shi4_2_9_2005_S0,STOREY_5,1840,0
26°C,扩容,shang4hai3shi4,2040 RCP 4.5,shang4hai3shi4_2_9_2005_S0,STOREY_6,1840,0
26°C,扩容,shang4hai3shi4,2040 RCP 4.5,shang4hai3shi4_2_9_2005_S0,STOREY_7,1840,0
26°C,扩容,shang4hai3shi4,2040 RCP 4.5,shang4hai3shi4_2_9_2005_S0,STOREY_8,1840,0
26°C,扩容,shang4hai3shi4,2040 RCP 4.5,shang4hai3shi4_2_9_2005_S0,STOREY_9,1840,0
26°C,扩容,shang4hai3shi4,2040 RCP 4.5,shang4hai3shi4_2_9_2005_S0,STOREY_10,1840,0
26°C,扩容,shang4hai3shi4,2040 RCP 4.5,shang4hai3shi4_2_9_2005_S0,STOREY_11,1840,0
26°C,扩容,shang4hai3shi4,2040 RCP 4.5,shang4hai3shi4_2_9_2005_S0,STOREY_12,1840,0
26°C,扩容,shang4hai3shi4,2040 RCP 4.5,shang4hai3shi4_2_9_2005_S0,STOREY_13,1840,0
26°C,扩容,shang4hai3shi4,2040 RCP 4.5,shang4hai3shi4_2_9_2005_S0,STOREY_14,1840,0
26°C,扩容,shang4hai3shi4,2040 RCP 4.5,shang4hai3shi4_2_9_2005_S0,STOREY_15,1840,0
26°C,扩容,shang4hai3shi4,2040 RCP 4.5,shang4hai3shi4_2_9_2005_S0,STOREY_16,1840,0
26°C,扩容,shang4hai3shi4,2040 RCP 4.5,shang4hai3shi4_2_9_2005_S0,STOREY_17,1840,0
26°C,扩容,shang4hai3shi4,2040 RCP 4.5,shang4hai3shi4_2_9_2005_S0,STOREY_18,1840,0
26°C,扩容,shang4hai3shi4,2040 RCP 4.5,shang4hai3shi4_2_9_2005_S0,STOREY_19,1840,0
26°C,扩容,shang4hai3shi4,2040 RCP 4.5,shang4hai3shi4_2_9_2005_S0,STOREY_20,1840,2
26°C,扩容,shang4hai3shi4,2040 RCP 4.5,shang4hai3shi4_2_9_2005_S0,STOREY_0,1840,0
26°C,扩容,shang4hai3shi4,2040 RCP 8.5,shang4hai3shi4_0_3_1980_S0,STOREY_1,1840,7
26°C,扩容,shang4hai3shi4,2040 RCP 8.5,shang4hai3shi4_0_3_1980_S0,STOREY_2,1840,23
26°C,扩容,shang4hai3shi4,2040 RCP 8.5,shang4hai3shi4_0_3_1980_S0,STOREY_0,1840,0
26°C,扩容,shang4hai3shi4,2040 RCP 4.5,shang4hai3shi4_2_8_2005_S0,STOREY_1,1840,0
26°C,扩容,shang4hai3shi4,2040 RCP 4.5,shang4hai3shi4_2_8_2005_S0,STOREY_2,1840,0
26°C,扩容,shang4hai3shi4,2040 RCP 4.5,shang4hai3shi4_2_8_2005_S0,STOREY_3,1840,0
26°C,扩容,shang4hai3shi4,2040 RCP 4.5,shang4hai3shi4_2_8_2005_S0,STOREY_4,1840,0
26°C,扩容,shang4hai3shi4,2040 RCP 4.5,shang4hai3shi4_2_8_2005_S0,STOREY_5,1840,0
26°C,扩容,shang4hai3shi4,2040 RCP 4.5,shang4hai3shi4_2_8_2005_S0,STOREY_6,1840,0
26°C,扩容,shang4hai3shi4,2040 RCP 4.5,shang4hai3shi4_2_8_2005_S0,STOREY_7,1840,0
26°C,扩容,shang4hai3shi4,2040 RCP 4.5,shang4hai3shi4_2_8_2005_S0,STOREY_8,1840,0
26°C,扩容,shang4hai3shi4,2040 RCP 4.5,shang4hai3shi4_2_8_2005_S0,STOREY_9,1840,0
26°C,扩容,shang4hai3shi4,2040 RCP 4.5,shang4hai3shi4_2_8_2005_S0,STOREY_10,1840,0
26°C,扩容,shang4hai3shi4,2040 RCP 4.5,shang4hai3shi4_2_8_2005_S0,STOREY_11,1840,0
26°C,扩容,shang4hai3shi4,2040 RCP 4.5,shang4hai3shi4_2_8_2005_S0,STOREY_12,1840,0
26°C,扩容,shang4hai3shi4,2040 RCP 4.5,shang4hai3shi4_2_8_2005_S0,STOREY_13,1840,0
26°C,扩容,shang4hai3shi4,2040 RCP 4.5,shang4hai3shi4_2_8_2005_S0,STOREY_14,1840,0
26°C,扩容,shang4hai3shi4,2040 RCP 4.5,shang4hai3shi4_2_8_2005_S0,STOREY_15,1840,0
26°C,扩容,shang4hai3shi4,2040 RCP 4.5,shang4hai3shi4_2_8_2005_S0,STOREY_16,1840,0
26°C,扩容,shang4hai3shi4,2040 RCP 4.5,shang4hai3shi4_2_8_2005_S0,STOREY_17,1840,0
26°C,扩容,shang4hai3shi4,2040 RCP 4.5,shang4hai3shi4_2_8_2005_S0,STOREY_18,1840,0
26°C,扩容,shang4hai3shi4,2040 RCP 4.5,shang4hai3shi4_2_8_2005_S0,STOREY_19,1840,0
26°C,扩容,shang4hai3shi4,2040 RCP 4.5,shang4hai3shi4_2_8_2005_S0,STOREY_20,1840,0
26°C,扩容,shang4hai3shi4,2040 RCP 4.5,shang4hai3shi4_2_8_2005_S0,STOREY_21,1840,3
26°C,扩容,shang4hai3shi4,2040 RCP 4.5,shang4hai3shi4_2_8_2005_S0,STOREY_0,1840,0
26°C,扩容,shang4hai3shi4,2040 RCP 8.5,shang4hai3shi4_0_5_1980_S0,STOREY_1,1840,10
26°C,扩容,shang4hai3shi4,2040 RCP 8.5,shang4hai3shi4_0_5_1980_S0,STOREY_0,1840,0
26°C,扩容,shang4hai3shi4,2040 RCP 8.5,shang4hai3shi4_0_4_1980_S0,STOREY_1,1840,49
26°C,扩容,shang4hai3shi4,2040 RCP 8.5,shang4hai3shi4_0_4_1980_S0,STOREY_2,1840,39
26°C,扩容,shang4hai3shi4,2040 RCP 8.5,shang4hai3shi4_0_4_1980_S0,STOREY_0,1840,0
26°C,扩容,shang4hai3shi4,2040 RCP 8.5,shang4hai3shi4_0_7_1995_S0,STOREY_1,1840,27
26°C,扩容,shang4hai3shi4,2040 RCP 8.5,shang4hai3shi4_0_7_1995_S0,STOREY_2,1840,36
26°C,扩容,shang4hai3shi4,2040 RCP 8.5,shang4hai3shi4_0_7_1995_S0,STOREY_0,1840,0
26°C,扩容,shang4hai3shi4,2040 RCP 8.5,shang4hai3shi4_0_6_1980_S0,STOREY_1,1840,5
26°C,扩容,shang4hai3shi4,2040 RCP 8.5,shang4hai3shi4_0_6_1980_S0,STOREY_2,1840,18
26°C,扩容,shang4hai3shi4,2040 RCP 8.5,shang4hai3shi4_0_6_1980_S0,STOREY_0,1840,0
26°C,扩容,shang4hai3shi4,2040 RCP 8.5,shang4hai3shi4_0_8_1980_S0,STOREY_1,1840,29
26°C,扩容,shang4hai3shi4,2040 RCP 8.5,shang4hai3shi4_0_8_1980_S0,STOREY_2,1840,36
26°C,扩容,shang4hai3shi4,2040 RCP 8.5,shang4hai3shi4_0_8_1980_S0,STOREY_0,1840,0
26°C,扩容,shang4hai3shi4,2040 RCP 8.5,shang4hai3shi4_0_9_1995_S0,STOREY_1,1840,1
26°C,扩容,shang4hai3shi4,2040 RCP 8.5,shang4hai3shi4_0_9_1995_S0,STOREY_2,1840,16
26°C,扩容,shang4hai3shi4,2040 RCP 8.5,shang4hai3shi4_0_9_1995_S0,STOREY_0,1840,0
26°C,扩容,shang4hai3shi4,2040 RCP 8.5,shang4hai3shi4_1_10_1995_S0,STOREY_1,1840,0
26°C,扩容,shang4hai3shi4,2040 RCP 8.5,shang4hai3shi4_1_10_1995_S0,STOREY_2,1840,0
26°C,扩容,shang4hai3shi4,2040 RCP 8.5,shang4hai3shi4_1_10_1995_S0,STOREY_3,1840,0
26°C,扩容,shang4hai3shi4,2040 RCP 8.5,shang4hai3shi4_1_10_1995_S0,STOREY_4,1840,0
26°C,扩容,shang4hai3shi4,2040 RCP 8.5,shang4hai3shi4_1_10_1995_S0,STOREY_5,1840,11
26°C,扩容,shang4hai3shi4,2040 RCP 8.5,shang4hai3shi4_1_10_1995_S0,STOREY_0,1840,0
26°C,扩容,shang4hai3shi4,2040 RCP 8.5,shang4hai3shi4_1_11_1995_S0,STOREY_1,1840,0
26°C,扩容,shang4hai3shi4,2040 RCP 8.5,shang4hai3shi4_1_11_1995_S0,STOREY_2,1840,0
26°C,扩容,shang4hai3shi4,2040 RCP 8.5,shang4hai3shi4_1_11_1995_S0,STOREY_3,1840,0
26°C,扩容,shang4hai3shi4,2040 RCP 8.5,shang4hai3shi4_1_11_1995_S0,STOREY_4,1840,1
26°C,扩容,shang4hai3shi4,2040 RCP 8.5,shang4hai3shi4_1_11_1995_S0,STOREY_5,1840,14
26°C,扩容,shang4hai3shi4,2040 RCP 8.5,shang4hai3shi4_1_11_1995_S0,STOREY_0,1840,0
26°C,扩容,shang4hai3shi4,2040 RCP 8.5,shang4hai3shi4_1_13_2005_S0,STOREY_1,1840,0
26°C,扩容,shang4hai3shi4,2040 RCP 8.5,shang4hai3shi4_1_13_2005_S0,STOREY_2,1840,0
26°C,扩容,shang4hai3shi4,2040 RCP 8.5,shang4hai3shi4_1_13_2005_S0,STOREY_3,1840,0
26°C,扩容,shang4hai3shi4,2040 RCP 8.5,shang4hai3shi4_1_13_2005_S0,STOREY_4,1840,6
26°C,扩容,shang4hai3shi4,2040 RCP 8.5,shang4hai3shi4_1_13_2005_S0,STOREY_0,1840,0
26°C,扩容,shang4hai3shi4,2040 RCP 8.5,shang4hai3shi4_1_12_2005_S0,STOREY_1,1840,0
26°C,扩容,shang4hai3shi4,2040 RCP 8.5,shang4hai3shi4_1_12_2005_S0,STOREY_2,1840,0
26°C,扩容,shang4hai3shi4,2040 RCP 8.5,shang4hai3shi4_1_12_2005_S0,STOREY_3,1840,0
26°C,扩容,shang4hai3shi4,2040 RCP 8.5,shang4hai3shi4_1_12_2005_S0,STOREY_4,1840,0
26°C,扩容,shang4hai3shi4,2040 RCP 8.5,shang4hai3shi4_1_12_2005_S0,STOREY_5,1840,7
26°C,扩容,shang4hai3shi4,2040 RCP 8.5,shang4hai3shi4_1_12_2005_S0,STOREY_0,1840,0
26°C,扩容,shang4hai3shi4,2040 RCP 8.5,shang4hai3shi4_1_15_2005_S0,STOREY_1,1840,0
26°C,扩容,shang4hai3shi4,2040 RCP 8.5,shang4hai3shi4_1_15_2005_S0,STOREY_2,1840,0
26°C,扩容,shang4hai3shi4,2040 RCP 8.5,shang4hai3shi4_1_15_2005_S0,STOREY_3,1840,0
26°C,扩容,shang4hai3shi4,2040 RCP 8.5,shang4hai3shi4_1_15_2005_S0,STOREY_4,1840,0
26°C,扩容,shang4hai3shi4,2040 RCP 8.5,shang4hai3shi4_1_15_2005_S0,STOREY_5,1840,7
26°C,扩容,shang4hai3shi4,2040 RCP 8.5,shang4hai3shi4_1_15_2005_S0,STOREY_0,1840,0
26°C,扩容,shang4hai3shi4,2040 RCP 8.5,shang4hai3shi4_1_1_1995_S0,STOREY_1,1840,0
26°C,扩容,shang4hai3shi4,2040 RCP 8.5,shang4hai3shi4_1_1_1995_S0,STOREY_2,1840,0
26°C,扩容,shang4hai3shi4,2040 RCP 8.5,shang4hai3shi4_1_1_1995_S0,STOREY_3,1840,0
26°C,扩容,shang4hai3shi4,2040 RCP 8.5,shang4hai3shi4_1_1_1995_S0,STOREY_4,1840,1
26°C,扩容,shang4hai3shi4,2040 RCP 8.5,shang4hai3shi4_1_1_1995_S0,STOREY_5,1840,14
26°C,扩容,shang4hai3shi4,2040 RCP 8.5,shang4hai3shi4_1_1_1995_S0,STOREY_0,1840,0
26°C,扩容,shang4hai3shi4,2040 RCP 8.5,shang4hai3shi4_1_2_1980_S0,STOREY_1,1840,1
26°C,扩容,shang4hai3shi4,2040 RCP 8.5,shang4hai3shi4_1_2_1980_S0,STOREY_2,1840,1
26°C,扩容,shang4hai3shi4,2040 RCP 8.5,shang4hai3shi4_1_2_1980_S0,STOREY_3,1840,1
26°C,扩容,shang4hai3shi4,2040 RCP 8.5,shang4hai3shi4_1_2_1980_S0,STOREY_4,1840,5
26°C,扩容,shang4hai3shi4,2040 RCP 8.5,shang4hai3shi4_1_2_1980_S0,STOREY_5,1840,13
26°C,扩容,shang4hai3shi4,2040 RCP 8.5,shang4hai3shi4_1_2_1980_S0,STOREY_0,1840,0
26°C,扩容,shang4hai3shi4,2040 RCP 8.5,shang4hai3shi4_1_14_1995_S0,STOREY_1,1840,0
26°C,扩容,shang4hai3shi4,2040 RCP 8.5,shang4hai3shi4_1_14_1995_S0,STOREY_2,1840,0
26°C,扩容,shang4hai3shi4,2040 RCP 8.5,shang4hai3shi4_1_14_1995_S0,STOREY_3,1840,0
26°C,扩容,shang4hai3shi4,2040 RCP 8.5,shang4hai3shi4_1_14_1995_S0,STOREY_4,1840,0
26°C,扩容,shang4hai3shi4,2040 RCP 8.5,shang4hai3shi4_1_14_1995_S0,STOREY_5,1840,0
26°C,扩容,shang4hai3shi4,2040 RCP 8.5,shang4hai3shi4_1_14_1995_S0,STOREY_6,1840,0
26°C,扩容,shang4hai3shi4,2040 RCP 8.5,shang4hai3shi4_1_14_1995_S0,STOREY_7,1840,0
26°C,扩容,shang4hai3shi4,2040 RCP 8.5,shang4hai3shi4_1_14_1995_S0,STOREY_8,1840,1
26°C,扩容,shang4hai3shi4,2040 RCP 8.5,shang4hai3shi4_1_14_1995_S0,STOREY_9,1840,13
26°C,扩容,shang4hai3shi4,2040 RCP 8.5,shang4hai3shi4_1_14_1995_S0,STOREY_0,1840,0
26°C,扩容,shang4hai3shi4,2040 RCP 8.5,shang4hai3shi4_1_3_1995_S0,STOREY_1,1840,0
26°C,扩容,shang4hai3shi4,2040 RCP 8.5,shang4hai3shi4_1_3_1995_S0,STOREY_2,1840,0
26°C,扩容,shang4hai3shi4,2040 RCP 8.5,shang4hai3shi4_1_3_1995_S0,STOREY_3,1840,0
26°C,扩容,shang4hai3shi4,2040 RCP 8.5,shang4hai3shi4_1_3_1995_S0,STOREY_4,1840,0
26°C,扩容,shang4hai3shi4,2040 RCP 8.5,shang4hai3shi4_1_3_1995_S0,STOREY_5,1840,6
26°C,扩容,shang4hai3shi4,2040 RCP 8.5,shang4hai3shi4_1_3_1995_S0,STOREY_0,1840,0
26°C,扩容,shang4hai3shi4,2040 RCP 8.5,shang4hai3shi4_1_4_2005_S0,STOREY_1,1840,0
26°C,扩容,shang4hai3shi4,2040 RCP 8.5,shang4hai3shi4_1_4_2005_S0,STOREY_2,1840,0
26°C,扩容,shang4hai3shi4,2040 RCP 8.5,shang4hai3shi4_1_4_2005_S0,STOREY_3,1840,0
26°C,扩容,shang4hai3shi4,2040 RCP 8.5,shang4hai3shi4_1_4_2005_S0,STOREY_4,1840,0
26°C,扩容,shang4hai3shi4,2040 RCP 8.5,shang4hai3shi4_1_4_2005_S0,STOREY_5,1840,6
26°C,扩容,shang4hai3shi4,2040 RCP 8.5,shang4hai3shi4_1_4_2005_S0,STOREY_0,1840,0
26°C,扩容,shang4hai3shi4,2040 RCP 8.5,shang4hai3shi4_1_5_2005_S0,STOREY_1,1840,0
26°C,扩容,shang4hai3shi4,2040 RCP 8.5,shang4hai3shi4_1_5_2005_S0,STOREY_2,1840,0
26°C,扩容,shang4hai3shi4,2040 RCP 8.5,shang4hai3shi4_1_5_2005_S0,STOREY_3,1840,0
26°C,扩容,shang4hai3shi4,2040 RCP 8.5,shang4hai3shi4_1_5_2005_S0,STOREY_4,1840,0
26°C,扩容,shang4hai3shi4,2040 RCP 8.5,shang4hai3shi4_1_5_2005_S0,STOREY_5,1840,9
26°C,扩容,shang4hai3shi4,2040 RCP 8.5,shang4hai3shi4_1_5_2005_S0,STOREY_0,1840,0
26°C,扩容,shang4hai3shi4,2040 RCP 8.5,shang4hai3shi4_1_6_2005_S0,STOREY_1,1840,0
26°C,扩容,shang4hai3shi4,2040 RCP 8.5,shang4hai3shi4_1_6_2005_S0,STOREY_2,1840,0
26°C,扩容,shang4hai3shi4,2040 RCP 8.5,shang4hai3shi4_1_6_2005_S0,STOREY_3,1840,0
26°C,扩容,shang4hai3shi4,2040 RCP 8.5,shang4hai3shi4_1_6_2005_S0,STOREY_4,1840,0
26°C,扩容,shang4hai3shi4,2040 RCP 8.5,shang4hai3shi4_1_6_2005_S0,STOREY_5,1840,6
26°C,扩容,shang4hai3shi4,2040 RCP 8.5,shang4hai3shi4_1_6_2005_S0,STOREY_0,1840,0
26°C,扩容,shang4hai3shi4,2040 RCP 8.5,shang4hai3shi4_1_7_1995_S0,STOREY_1,1840,1
26°C,扩容,shang4hai3shi4,2040 RCP 8.5,shang4hai3shi4_1_7_1995_S0,STOREY_2,1840,1
26°C,扩容,shang4hai3shi4,2040 RCP 8.5,shang4hai3shi4_1_7_1995_S0,STOREY_3,1840,2
26°C,扩容,shang4hai3shi4,2040 RCP 8.5,shang4hai3shi4_1_7_1995_S0,STOREY_4,1840,15
26°C,扩容,shang4hai3shi4,2040 RCP 8.5,shang4hai3shi4_1_7_1995_S0,STOREY_0,1840,0
26°C,扩容,shang4hai3shi4,2040 RCP 8.5,shang4hai3shi4_1_8_1995_S0,STOREY_1,1840,5
26°C,扩容,shang4hai3shi4,2040 RCP 8.5,shang4hai3shi4_1_8_1995_S0,STOREY_2,1840,5
26°C,扩容,shang4hai3shi4,2040 RCP 8.5,shang4hai3shi4_1_8_1995_S0,STOREY_3,1840,5
26°C,扩容,shang4hai3shi4,2040 RCP 8.5,shang4hai3shi4_1_8_1995_S0,STOREY_4,1840,7
26°C,扩容,shang4hai3shi4,2040 RCP 8.5,shang4hai3shi4_1_8_1995_S0,STOREY_5,1840,23
26°C,扩容,shang4hai3shi4,2040 RCP 8.5,shang4hai3shi4_1_8_1995_S0,STOREY_0,1840,0
26°C,扩容,shang4hai3shi4,2040 RCP 8.5,shang4hai3shi4_1_9_1980_S0,STOREY_1,1840,0
26°C,扩容,shang4hai3shi4,2040 RCP 8.5,shang4hai3shi4_1_9_1980_S0,STOREY_2,1840,0
26°C,扩容,shang4hai3shi4,2040 RCP 8.5,shang4hai3shi4_1_9_1980_S0,STOREY_3,1840,0
26°C,扩容,shang4hai3shi4,2040 RCP 8.5,shang4hai3shi4_1_9_1980_S0,STOREY_4,1840,1
26°C,扩容,shang4hai3shi4,2040 RCP 8.5,shang4hai3shi4_1_9_1980_S0,STOREY_5,1840,11
26°C,扩容,shang4hai3shi4,2040 RCP 8.5,shang4hai3shi4_1_9_1980_S0,STOREY_0,1840,0
26°C,扩容,shang4hai3shi4,2040 RCP 8.5,shang4hai3shi4_2_11_2005_S0,STOREY_1,1840,0
26°C,扩容,shang4hai3shi4,2040 RCP 8.5,shang4hai3shi4_2_11_2005_S0,STOREY_2,1840,0
26°C,扩容,shang4hai3shi4,2040 RCP 8.5,shang4hai3shi4_2_11_2005_S0,STOREY_3,1840,0
26°C,扩容,shang4hai3shi4,2040 RCP 8.5,shang4hai3shi4_2_11_2005_S0,STOREY_4,1840,0
26°C,扩容,shang4hai3shi4,2040 RCP 8.5,shang4hai3shi4_2_11_2005_S0,STOREY_5,1840,0
26°C,扩容,shang4hai3shi4,2040 RCP 8.5,shang4hai3shi4_2_11_2005_S0,STOREY_6,1840,0
26°C,扩容,shang4hai3shi4,2040 RCP 8.5,shang4hai3shi4_2_11_2005_S0,STOREY_7,1840,0
26°C,扩容,shang4hai3shi4,2040 RCP 8.5,shang4hai3shi4_2_11_2005_S0,STOREY_8,1840,0
26°C,扩容,shang4hai3shi4,2040 RCP 8.5,shang4hai3shi4_2_11_2005_S0,STOREY_9,1840,0
26°C,扩容,shang4hai3shi4,2040 RCP 8.5,shang4hai3shi4_2_11_2005_S0,STOREY_10,1840,0
26°C,扩容,shang4hai3shi4,2040 RCP 8.5,shang4hai3shi4_2_11_2005_S0,STOREY_11,1840,6
26°C,扩容,shang4hai3shi4,2040 RCP 8.5,shang4hai3shi4_2_11_2005_S0,STOREY_0,1840,0
26°C,扩容,shang4hai3shi4,2040 RCP 8.5,shang4hai3shi4_2_10_1995_S0,STOREY_1,1840,0
26°C,扩容,shang4hai3shi4,2040 RCP 8.5,shang4hai3shi4_2_10_1995_S0,STOREY_2,1840,0
26°C,扩容,shang4hai3shi4,2040 RCP 8.5,shang4hai3shi4_2_10_1995_S0,STOREY_3,1840,0
26°C,扩容,shang4hai3shi4,2040 RCP 8.5,shang4hai3shi4_2_10_1995_S0,STOREY_4,1840,0
26°C,扩容,shang4hai3shi4,2040 RCP 8.5,shang4hai3shi4_2_10_1995_S0,STOREY_5,1840,0
26°C,扩容,shang4hai3shi4,2040 RCP 8.5,shang4hai3shi4_2_10_1995_S0,STOREY_6,1840,0
26°C,扩容,shang4hai3shi4,2040 RCP 8.5,shang4hai3shi4_2_10_1995_S0,STOREY_7,1840,0
26°C,扩容,shang4hai3shi4,2040 RCP 8.5,shang4hai3shi4_2_10_1995_S0,STOREY_8,1840,0
26°C,扩容,shang4hai3shi4,2040 RCP 8.5,shang4hai3shi4_2_10_1995_S0,STOREY_9,1840,0
26°C,扩容,shang4hai3shi4,2040 RCP 8.5,shang4hai3shi4_2_10_1995_S0,STOREY_10,1840,0
26°C,扩容,shang4hai3shi4,2040 RCP 8.5,shang4hai3shi4_2_10_1995_S0,STOREY_11,1840,0
26°C,扩容,shang4hai3shi4,2040 RCP 8.5,shang4hai3shi4_2_10_1995_S0,STOREY_12,1840,0
26°C,扩容,shang4hai3shi4,2040 RCP 8.5,shang4hai3shi4_2_10_1995_S0,STOREY_13,1840,0
26°C,扩容,shang4hai3shi4,2040 RCP 8.5,shang4hai3shi4_2_10_1995_S0,STOREY_14,1840,0
26°C,扩容,shang4hai3shi4,2040 RCP 8.5,shang4hai3shi4_2_10_1995_S0,STOREY_15,1840,7
26°C,扩容,shang4hai3shi4,2040 RCP 8.5,shang4hai3shi4_2_10_1995_S0,STOREY_0,1840,0
26°C,扩容,shang4hai3shi4,2040 RCP 8.5,shang4hai3shi4_2_12_2005_S0,STOREY_1,1840,0
26°C,扩容,shang4hai3shi4,2040 RCP 8.5,shang4hai3shi4_2_12_2005_S0,STOREY_2,1840,0
26°C,扩容,shang4hai3shi4,2040 RCP 8.5,shang4hai3shi4_2_12_2005_S0,STOREY_3,1840,0
26°C,扩容,shang4hai3shi4,2040 RCP 8.5,shang4hai3shi4_2_12_2005_S0,STOREY_4,1840,0
26°C,扩容,shang4hai3shi4,2040 RCP 8.5,shang4hai3shi4_2_12_2005_S0,STOREY_5,1840,0
26°C,扩容,shang4hai3shi4,2040 RCP 8.5,shang4hai3shi4_2_12_2005_S0,STOREY_6,1840,0
26°C,扩容,shang4hai3shi4,2040 RCP 8.5,shang4hai3shi4_2_12_2005_S0,STOREY_7,1840,0
26°C,扩容,shang4hai3shi4,2040 RCP 8.5,shang4hai3shi4_2_12_2005_S0,STOREY_8,1840,0
26°C,扩容,shang4hai3shi4,2040 RCP 8.5,shang4hai3shi4_2_12_2005_S0,STOREY_9,1840,0
26°C,扩容,shang4hai3shi4,2040 RCP 8.5,shang4hai3shi4_2_12_2005_S0,STOREY_10,1840,0
26°C,扩容,shang4hai3shi4,2040 RCP 8.5,shang4hai3shi4_2_12_2005_S0,STOREY_11,1840,0
26°C,扩容,shang4hai3shi4,2040 RCP 8.5,shang4hai3shi4_2_12_2005_S0,STOREY_12,1840,0
26°C,扩容,shang4hai3shi4,2040 RCP 8.5,shang4hai3shi4_2_12_2005_S0,STOREY_13,1840,5
26°C,扩容,shang4hai3shi4,2040 RCP 8.5,shang4hai3shi4_2_12_2005_S0,STOREY_0,1840,0
26°C,扩容,shang4hai3shi4,2040 RCP 8.5,shang4hai3shi4_2_15_2005_S0,STOREY_1,1840,0
26°C,扩容,shang4hai3shi4,2040 RCP 8.5,shang4hai3shi4_2_15_2005_S0,STOREY_2,1840,0
26°C,扩容,shang4hai3shi4,2040 RCP 8.5,shang4hai3shi4_2_15_2005_S0,STOREY_3,1840,0
26°C,扩容,shang4hai3shi4,2040 RCP 8.5,shang4hai3shi4_2_15_2005_S0,STOREY_4,1840,0
26°C,扩容,shang4hai3shi4,2040 RCP 8.5,shang4hai3shi4_2_15_2005_S0,STOREY_5,1840,0
26°C,扩容,shang4hai3shi4,2040 RCP 8.5,shang4hai3shi4_2_15_2005_S0,STOREY_6,1840,0
26°C,扩容,shang4hai3shi4,2040 RCP 8.5,shang4hai3shi4_2_15_2005_S0,STOREY_7,1840,0
26°C,扩容,shang4hai3shi4,2040 RCP 8.5,shang4hai3shi4_2_15_2005_S0,STOREY_8,1840,0
26°C,扩容,shang4hai3shi4,2040 RCP 8.5,shang4hai3shi4_2_15_2005_S0,STOREY_9,1840,0
26°C,扩容,shang4hai3shi4,2040 RCP 8.5,shang4hai3shi4_2_15_2005_S0,STOREY_10,1840,0
26°C,扩容,shang4hai3shi4,2040 RCP 8.5,shang4hai3shi4_2_15_2005_S0,STOREY_11,1840,0
26°C,扩容,shang4hai3shi4,2040 RCP 8.5,shang4hai3shi4_2_15_2005_S0,STOREY_12,1840,9
26°C,扩容,shang4hai3shi4,2040 RCP 8.5,shang4hai3shi4_2_15_2005_S0,STOREY_0,1840,0
26°C,扩容,shang4hai3shi4,2040 RCP 8.5,shang4hai3shi4_2_13_2005_S0,STOREY_1,1840,0
26°C,扩容,shang4hai3shi4,2040 RCP 8.5,shang4hai3shi4_2_13_2005_S0,STOREY_2,1840,0
26°C,扩容,shang4hai3shi4,2040 RCP 8.5,shang4hai3shi4_2_13_2005_S0,STOREY_3,1840,0
26°C,扩容,shang4hai3shi4,2040 RCP 8.5,shang4hai3shi4_2_13_2005_S0,STOREY_4,1840,0
26°C,扩容,shang4hai3shi4,2040 RCP 8.5,shang4hai3shi4_2_13_2005_S0,STOREY_5,1840,0
26°C,扩容,shang4hai3shi4,2040 RCP 8.5,shang4hai3shi4_2_13_2005_S0,STOREY_6,1840,0
26°C,扩容,shang4hai3shi4,2040 RCP 8.5,shang4hai3shi4_2_13_2005_S0,STOREY_7,1840,0
26°C,扩容,shang4hai3shi4,2040 RCP 8.5,shang4hai3shi4_2_13_2005_S0,STOREY_8,1840,0
26°C,扩容,shang4hai3shi4,2040 RCP 8.5,shang4hai3shi4_2_13_2005_S0,STOREY_9,1840,0
26°C,扩容,shang4hai3shi4,2040 RCP 8.5,shang4hai3shi4_2_13_2005_S0,STOREY_10,1840,0
26°C,扩容,shang4hai3shi4,2040 RCP 8.5,shang4hai3shi4_2_13_2005_S0,STOREY_11,1840,0
26°C,扩容,shang4hai3shi4,2040 RCP 8.5,shang4hai3shi4_2_13_2005_S0,STOREY_12,1840,0
26°C,扩容,shang4hai3shi4,2040 RCP 8.5,shang4hai3shi4_2_13_2005_S0,STOREY_13,1840,0
26°C,扩容,shang4hai3shi4,2040 RCP 8.5,shang4hai3shi4_2_13_2005_S0,STOREY_14,1840,0
26°C,扩容,shang4hai3shi4,2040 RCP 8.5,shang4hai3shi4_2_13_2005_S0,STOREY_15,1840,0
26°C,扩容,shang4hai3shi4,2040 RCP 8.5,shang4hai3shi4_2_13_2005_S0,STOREY_16,1840,0
26°C,扩容,shang4hai3shi4,2040 RCP 8.5,shang4hai3shi4_2_13_2005_S0,STOREY_17,1840,0
26°C,扩容,shang4hai3shi4,2040 RCP 8.5,shang4hai3shi4_2_13_2005_S0,STOREY_18,1840,0
26°C,扩容,shang4hai3shi4,2040 RCP 8.5,shang4hai3shi4_2_13_2005_S0,STOREY_19,1840,0
26°C,扩容,shang4hai3shi4,2040 RCP 8.5,shang4hai3shi4_2_13_2005_S0,STOREY_20,1840,0
26°C,扩容,shang4hai3shi4,2040 RCP 8.5,shang4hai3shi4_2_13_2005_S0,STOREY_21,1840,0
26°C,扩容,shang4hai3shi4,2040 RCP 8.5,shang4hai3shi4_2_13_2005_S0,STOREY_22,1840,0
26°C,扩容,shang4hai3shi4,2040 RCP 8.5,shang4hai3shi4_2_13_2005_S0,STOREY_23,1840,0
26°C,扩容,shang4hai3shi4,2040 RCP 8.5,shang4hai3shi4_2_13_2005_S0,STOREY_24,1840,0
26°C,扩容,shang4hai3shi4,2040 RCP 8.5,shang4hai3shi4_2_13_2005_S0,STOREY_25,1840,0
26°C,扩容,shang4hai3shi4,2040 RCP 8.5,shang4hai3shi4_2_13_2005_S0,STOREY_26,1840,0
26°C,扩容,shang4hai3shi4,2040 RCP 8.5,shang4hai3shi4_2_13_2005_S0,STOREY_27,1840,6
26°C,扩容,shang4hai3shi4,2040 RCP 8.5,shang4hai3shi4_2_13_2005_S0,STOREY_0,1840,0
26°C,扩容,shang4hai3shi4,2040 RCP 8.5,shang4hai3shi4_2_14_2015_S0,STOREY_1,1840,0
26°C,扩容,shang4hai3shi4,2040 RCP 8.5,shang4hai3shi4_2_14_2015_S0,STOREY_2,1840,0
26°C,扩容,shang4hai3shi4,2040 RCP 8.5,shang4hai3shi4_2_14_2015_S0,STOREY_3,1840,0
26°C,扩容,shang4hai3shi4,2040 RCP 8.5,shang4hai3shi4_2_14_2015_S0,STOREY_4,1840,0
26°C,扩容,shang4hai3shi4,2040 RCP 8.5,shang4hai3shi4_2_14_2015_S0,STOREY_5,1840,0
26°C,扩容,shang4hai3shi4,2040 RCP 8.5,shang4hai3shi4_2_14_2015_S0,STOREY_6,1840,0
26°C,扩容,shang4hai3shi4,2040 RCP 8.5,shang4hai3shi4_2_14_2015_S0,STOREY_7,1840,0
26°C,扩容,shang4hai3shi4,2040 RCP 8.5,shang4hai3shi4_2_14_2015_S0,STOREY_8,1840,0
26°C,扩容,shang4hai3shi4,2040 RCP 8.5,shang4hai3shi4_2_14_2015_S0,STOREY_9,1840,0
26°C,扩容,shang4hai3shi4,2040 RCP 8.5,shang4hai3shi4_2_14_2015_S0,STOREY_10,1840,0
26°C,扩容,shang4hai3shi4,2040 RCP 8.5,shang4hai3shi4_2_14_2015_S0,STOREY_11,1840,0
26°C,扩容,shang4hai3shi4,2040 RCP 8.5,shang4hai3shi4_2_14_2015_S0,STOREY_12,1840,0
26°C,扩容,shang4hai3shi4,2040 RCP 8.5,shang4hai3shi4_2_14_2015_S0,STOREY_13,1840,0
26°C,扩容,shang4hai3shi4,2040 RCP 8.5,shang4hai3shi4_2_14_2015_S0,STOREY_14,1840,0
26°C,扩容,shang4hai3shi4,2040 RCP 8.5,shang4hai3shi4_2_14_2015_S0,STOREY_15,1840,0
26°C,扩容,shang4hai3shi4,2040 RCP 8.5,shang4hai3shi4_2_14_2015_S0,STOREY_16,1840,0
26°C,扩容,shang4hai3shi4,2040 RCP 8.5,shang4hai3shi4_2_14_2015_S0,STOREY_17,1840,2
26°C,扩容,shang4hai3shi4,2040 RCP 8.5,shang4hai3shi4_2_14_2015_S0,STOREY_0,1840,0
26°C,扩容,shang4hai3shi4,2040 RCP 8.5,shang4hai3shi4_2_1_2005_S0,STOREY_1,1840,0
26°C,扩容,shang4hai3shi4,2040 RCP 8.5,shang4hai3shi4_2_1_2005_S0,STOREY_2,1840,0
26°C,扩容,shang4hai3shi4,2040 RCP 8.5,shang4hai3shi4_2_1_2005_S0,STOREY_3,1840,0
26°C,扩容,shang4hai3shi4,2040 RCP 8.5,shang4hai3shi4_2_1_2005_S0,STOREY_4,1840,0
26°C,扩容,shang4hai3shi4,2040 RCP 8.5,shang4hai3shi4_2_1_2005_S0,STOREY_5,1840,0
26°C,扩容,shang4hai3shi4,2040 RCP 8.5,shang4hai3shi4_2_1_2005_S0,STOREY_6,1840,0
26°C,扩容,shang4hai3shi4,2040 RCP 8.5,shang4hai3shi4_2_1_2005_S0,STOREY_7,1840,0
26°C,扩容,shang4hai3shi4,2040 RCP 8.5,shang4hai3shi4_2_1_2005_S0,STOREY_8,1840,0
26°C,扩容,shang4hai3shi4,2040 RCP 8.5,shang4hai3shi4_2_1_2005_S0,STOREY_9,1840,0
26°C,扩容,shang4hai3shi4,2040 RCP 8.5,shang4hai3shi4_2_1_2005_S0,STOREY_10,1840,0
26°C,扩容,shang4hai3shi4,2040 RCP 8.5,shang4hai3shi4_2_1_2005_S0,STOREY_11,1840,0
26°C,扩容,shang4hai3shi4,2040 RCP 8.5,shang4hai3shi4_2_1_2005_S0,STOREY_12,1840,0
26°C,扩容,shang4hai3shi4,2040 RCP 8.5,shang4hai3shi4_2_1_2005_S0,STOREY_13,1840,0
26°C,扩容,shang4hai3shi4,2040 RCP 8.5,shang4hai3shi4_2_1_2005_S0,STOREY_14,1840,0
26°C,扩容,shang4hai3shi4,2040 RCP 8.5,shang4hai3shi4_2_1_2005_S0,STOREY_15,1840,5
26°C,扩容,shang4hai3shi4,2040 RCP 8.5,shang4hai3shi4_2_1_2005_S0,STOREY_0,1840,0
26°C,扩容,shang4hai3shi4,2040 RCP 8.5,shang4hai3shi4_2_2_1980_S0,STOREY_1,1840,0
26°C,扩容,shang4hai3shi4,2040 RCP 8.5,shang4hai3shi4_2_2_1980_S0,STOREY_2,1840,0
26°C,扩容,shang4hai3shi4,2040 RCP 8.5,shang4hai3shi4_2_2_1980_S0,STOREY_3,1840,0
26°C,扩容,shang4hai3shi4,2040 RCP 8.5,shang4hai3shi4_2_2_1980_S0,STOREY_4,1840,0
26°C,扩容,shang4hai3shi4,2040 RCP 8.5,shang4hai3shi4_2_2_1980_S0,STOREY_5,1840,0
26°C,扩容,shang4hai3shi4,2040 RCP 8.5,shang4hai3shi4_2_2_1980_S0,STOREY_6,1840,0
26°C,扩容,shang4hai3shi4,2040 RCP 8.5,shang4hai3shi4_2_2_1980_S0,STOREY_7,1840,0
26°C,扩容,shang4hai3shi4,2040 RCP 8.5,shang4hai3shi4_2_2_1980_S0,STOREY_8,1840,0
26°C,扩容,shang4hai3shi4,2040 RCP 8.5,shang4hai3shi4_2_2_1980_S0,STOREY_9,1840,0
26°C,扩容,shang4hai3shi4,2040 RCP 8.5,shang4hai3shi4_2_2_1980_S0,STOREY_10,1840,1
26°C,扩容,shang4hai3shi4,2040 RCP 8.5,shang4hai3shi4_2_2_1980_S0,STOREY_11,1840,9
26°C,扩容,shang4hai3shi4,2040 RCP 8.5,shang4hai3shi4_2_2_1980_S0,STOREY_0,1840,0
26°C,扩容,shang4hai3shi4,2040 RCP 8.5,shang4hai3shi4_2_3_2005_S0,STOREY_1,1840,0
26°C,扩容,shang4hai3shi4,2040 RCP 8.5,shang4hai3shi4_2_3_2005_S0,STOREY_2,1840,0
26°C,扩容,shang4hai3shi4,2040 RCP 8.5,shang4hai3shi4_2_3_2005_S0,STOREY_3,1840,0
26°C,扩容,shang4hai3shi4,2040 RCP 8.5,shang4hai3shi4_2_3_2005_S0,STOREY_4,1840,0
26°C,扩容,shang4hai3shi4,2040 RCP 8.5,shang4hai3shi4_2_3_2005_S0,STOREY_5,1840,0
26°C,扩容,shang4hai3shi4,2040 RCP 8.5,shang4hai3shi4_2_3_2005_S0,STOREY_6,1840,0
26°C,扩容,shang4hai3shi4,2040 RCP 8.5,shang4hai3shi4_2_3_2005_S0,STOREY_7,1840,0
26°C,扩容,shang4hai3shi4,2040 RCP 8.5,shang4hai3shi4_2_3_2005_S0,STOREY_8,1840,0
26°C,扩容,shang4hai3shi4,2040 RCP 8.5,shang4hai3shi4_2_3_2005_S0,STOREY_9,1840,0
26°C,扩容,shang4hai3shi4,2040 RCP 8.5,shang4hai3shi4_2_3_2005_S0,STOREY_10,1840,0
26°C,扩容,shang4hai3shi4,2040 RCP 8.5,shang4hai3shi4_2_3_2005_S0,STOREY_11,1840,0
26°C,扩容,shang4hai3shi4,2040 RCP 8.5,shang4hai3shi4_2_3_2005_S0,STOREY_12,1840,0
26°C,扩容,shang4hai3shi4,2040 RCP 8.5,shang4hai3shi4_2_3_2005_S0,STOREY_13,1840,0
26°C,扩容,shang4hai3shi4,2040 RCP 8.5,shang4hai3shi4_2_3_2005_S0,STOREY_14,1840,0
26°C,扩容,shang4hai3shi4,2040 RCP 8.5,shang4hai3shi4_2_3_2005_S0,STOREY_15,1840,0
26°C,扩容,shang4hai3shi4,2040 RCP 8.5,shang4hai3shi4_2_3_2005_S0,STOREY_16,1840,0
26°C,扩容,shang4hai3shi4,2040 RCP 8.5,shang4hai3shi4_2_3_2005_S0,STOREY_17,1840,8
26°C,扩容,shang4hai3shi4,2040 RCP 8.5,shang4hai3shi4_2_3_2005_S0,STOREY_0,1840,0
26°C,扩容,shang4hai3shi4,2040 RCP 8.5,shang4hai3shi4_2_4_1995_S0,STOREY_1,1840,0
26°C,扩容,shang4hai3shi4,2040 RCP 8.5,shang4hai3shi4_2_4_1995_S0,STOREY_2,1840,0
26°C,扩容,shang4hai3shi4,2040 RCP 8.5,shang4hai3shi4_2_4_1995_S0,STOREY_3,1840,0
26°C,扩容,shang4hai3shi4,2040 RCP 8.5,shang4hai3shi4_2_4_1995_S0,STOREY_4,1840,0
26°C,扩容,shang4hai3shi4,2040 RCP 8.5,shang4hai3shi4_2_4_1995_S0,STOREY_5,1840,0
26°C,扩容,shang4hai3shi4,2040 RCP 8.5,shang4hai3shi4_2_4_1995_S0,STOREY_6,1840,0
26°C,扩容,shang4hai3shi4,2040 RCP 8.5,shang4hai3shi4_2_4_1995_S0,STOREY_7,1840,0
26°C,扩容,shang4hai3shi4,2040 RCP 8.5,shang4hai3shi4_2_4_1995_S0,STOREY_8,1840,0
26°C,扩容,shang4hai3shi4,2040 RCP 8.5,shang4hai3shi4_2_4_1995_S0,STOREY_9,1840,0
26°C,扩容,shang4hai3shi4,2040 RCP 8.5,shang4hai3shi4_2_4_1995_S0,STOREY_10,1840,0
26°C,扩容,shang4hai3shi4,2040 RCP 8.5,shang4hai3shi4_2_4_1995_S0,STOREY_11,1840,0
26°C,扩容,shang4hai3shi4,2040 RCP 8.5,shang4hai3shi4_2_4_1995_S0,STOREY_12,1840,0
26°C,扩容,shang4hai3shi4,2040 RCP 8.5,shang4hai3shi4_2_4_1995_S0,STOREY_13,1840,0
26°C,扩容,shang4hai3shi4,2040 RCP 8.5,shang4hai3shi4_2_4_1995_S0,STOREY_14,1840,0
26°C,扩容,shang4hai3shi4,2040 RCP 8.5,shang4hai3shi4_2_4_1995_S0,STOREY_15,1840,0
26°C,扩容,shang4hai3shi4,2040 RCP 8.5,shang4hai3shi4_2_4_1995_S0,STOREY_16,1840,0
26°C,扩容,shang4hai3shi4,2040 RCP 8.5,shang4hai3shi4_2_4_1995_S0,STOREY_17,1840,0
26°C,扩容,shang4hai3shi4,2040 RCP 8.5,shang4hai3shi4_2_4_1995_S0,STOREY_18,1840,0
26°C,扩容,shang4hai3shi4,2040 RCP 8.5,shang4hai3shi4_2_4_1995_S0,STOREY_19,1840,9
26°C,扩容,shang4hai3shi4,2040 RCP 8.5,shang4hai3shi4_2_4_1995_S0,STOREY_0,1840,0
26°C,扩容,shang4hai3shi4,2040 RCP 8.5,shang4hai3shi4_2_6_2015_S0,STOREY_1,1840,0
26°C,扩容,shang4hai3shi4,2040 RCP 8.5,shang4hai3shi4_2_6_2015_S0,STOREY_2,1840,0
26°C,扩容,shang4hai3shi4,2040 RCP 8.5,shang4hai3shi4_2_6_2015_S0,STOREY_3,1840,0
26°C,扩容,shang4hai3shi4,2040 RCP 8.5,shang4hai3shi4_2_6_2015_S0,STOREY_4,1840,0
26°C,扩容,shang4hai3shi4,2040 RCP 8.5,shang4hai3shi4_2_6_2015_S0,STOREY_5,1840,0
26°C,扩容,shang4hai3shi4,2040 RCP 8.5,shang4hai3shi4_2_6_2015_S0,STOREY_6,1840,0
26°C,扩容,shang4hai3shi4,2040 RCP 8.5,shang4hai3shi4_2_6_2015_S0,STOREY_7,1840,0
26°C,扩容,shang4hai3shi4,2040 RCP 8.5,shang4hai3shi4_2_6_2015_S0,STOREY_8,1840,0
26°C,扩容,shang4hai3shi4,2040 RCP 8.5,shang4hai3shi4_2_6_2015_S0,STOREY_9,1840,0
26°C,扩容,shang4hai3shi4,2040 RCP 8.5,shang4hai3shi4_2_6_2015_S0,STOREY_10,1840,0
26°C,扩容,shang4hai3shi4,2040 RCP 8.5,shang4hai3shi4_2_6_2015_S0,STOREY_11,1840,5
26°C,扩容,shang4hai3shi4,2040 RCP 8.5,shang4hai3shi4_2_6_2015_S0,STOREY_0,1840,0
26°C,扩容,shang4hai3shi4,2040 RCP 8.5,shang4hai3shi4_2_5_2005_S0,STOREY_1,1840,0
26°C,扩容,shang4hai3shi4,2040 RCP 8.5,shang4hai3shi4_2_5_2005_S0,STOREY_2,1840,0
26°C,扩容,shang4hai3shi4,2040 RCP 8.5,shang4hai3shi4_2_5_2005_S0,STOREY_3,1840,0
26°C,扩容,shang4hai3shi4,2040 RCP 8.5,shang4hai3shi4_2_5_2005_S0,STOREY_4,1840,0
26°C,扩容,shang4hai3shi4,2040 RCP 8.5,shang4hai3shi4_2_5_2005_S0,STOREY_5,1840,0
26°C,扩容,shang4hai3shi4,2040 RCP 8.5,shang4hai3shi4_2_5_2005_S0,STOREY_6,1840,0
26°C,扩容,shang4hai3shi4,2040 RCP 8.5,shang4hai3shi4_2_5_2005_S0,STOREY_7,1840,0
26°C,扩容,shang4hai3shi4,2040 RCP 8.5,shang4hai3shi4_2_5_2005_S0,STOREY_8,1840,0
26°C,扩容,shang4hai3shi4,2040 RCP 8.5,shang4hai3shi4_2_5_2005_S0,STOREY_9,1840,0
26°C,扩容,shang4hai3shi4,2040 RCP 8.5,shang4hai3shi4_2_5_2005_S0,STOREY_10,1840,0
26°C,扩容,shang4hai3shi4,2040 RCP 8.5,shang4hai3shi4_2_5_2005_S0,STOREY_11,1840,0
26°C,扩容,shang4hai3shi4,2040 RCP 8.5,shang4hai3shi4_2_5_2005_S0,STOREY_12,1840,0
26°C,扩容,shang4hai3shi4,2040 RCP 8.5,shang4hai3shi4_2_5_2005_S0,STOREY_13,1840,0
26°C,扩容,shang4hai3shi4,2040 RCP 8.5,shang4hai3shi4_2_5_2005_S0,STOREY_14,1840,0
26°C,扩容,shang4hai3shi4,2040 RCP 8.5,shang4hai3shi4_2_5_2005_S0,STOREY_15,1840,0
26°C,扩容,shang4hai3shi4,2040 RCP 8.5,shang4hai3shi4_2_5_2005_S0,STOREY_16,1840,0
26°C,扩容,shang4hai3shi4,2040 RCP 8.5,shang4hai3shi4_2_5_2005_S0,STOREY_17,1840,0
26°C,扩容,shang4hai3shi4,2040 RCP 8.5,shang4hai3shi4_2_5_2005_S0,STOREY_18,1840,0
26°C,扩容,shang4hai3shi4,2040 RCP 8.5,shang4hai3shi4_2_5_2005_S0,STOREY_19,1840,0
26°C,扩容,shang4hai3shi4,2040 RCP 8.5,shang4hai3shi4_2_5_2005_S0,STOREY_20,1840,0
26°C,扩容,shang4hai3shi4,2040 RCP 8.5,shang4hai3shi4_2_5_2005_S0,STOREY_21,1840,0
26°C,扩容,shang4hai3shi4,2040 RCP 8.5,shang4hai3shi4_2_5_2005_S0,STOREY_22,1840,0
26°C,扩容,shang4hai3shi4,2040 RCP 8.5,shang4hai3shi4_2_5_2005_S0,STOREY_23,1840,0
26°C,扩容,shang4hai3shi4,2040 RCP 8.5,shang4hai3shi4_2_5_2005_S0,STOREY_24,1840,4
26°C,扩容,shang4hai3shi4,2040 RCP 8.5,shang4hai3shi4_2_5_2005_S0,STOREY_0,1840,0
26°C,扩容,shang4hai3shi4,2040 RCP 8.5,shang4hai3shi4_2_7_2005_S0,STOREY_1,1840,0
26°C,扩容,shang4hai3shi4,2040 RCP 8.5,shang4hai3shi4_2_7_2005_S0,STOREY_2,1840,0
26°C,扩容,shang4hai3shi4,2040 RCP 8.5,shang4hai3shi4_2_7_2005_S0,STOREY_3,1840,0
26°C,扩容,shang4hai3shi4,2040 RCP 8.5,shang4hai3shi4_2_7_2005_S0,STOREY_4,1840,0
26°C,扩容,shang4hai3shi4,2040 RCP 8.5,shang4hai3shi4_2_7_2005_S0,STOREY_5,1840,0
26°C,扩容,shang4hai3shi4,2040 RCP 8.5,shang4hai3shi4_2_7_2005_S0,STOREY_6,1840,0
26°C,扩容,shang4hai3shi4,2040 RCP 8.5,shang4hai3shi4_2_7_2005_S0,STOREY_7,1840,0
26°C,扩容,shang4hai3shi4,2040 RCP 8.5,shang4hai3shi4_2_7_2005_S0,STOREY_8,1840,0
26°C,扩容,shang4hai3shi4,2040 RCP 8.5,shang4hai3shi4_2_7_2005_S0,STOREY_9,1840,0
26°C,扩容,shang4hai3shi4,2040 RCP 8.5,shang4hai3shi4_2_7_2005_S0,STOREY_10,1840,6
26°C,扩容,shang4hai3shi4,2040 RCP 8.5,shang4hai3shi4_2_7_2005_S0,STOREY_0,1840,0
26°C,扩容,shang4hai3shi4,2060 RCP 2.6,shang4hai3shi4_0_10_1980_S0,STOREY_1,1840,3
26°C,扩容,shang4hai3shi4,2060 RCP 2.6,shang4hai3shi4_0_10_1980_S0,STOREY_2,1840,33
26°C,扩容,shang4hai3shi4,2060 RCP 2.6,shang4hai3shi4_0_10_1980_S0,STOREY_0,1840,0
26°C,扩容,shang4hai3shi4,2060 RCP 2.6,shang4hai3shi4_0_11_1980_S0,STOREY_1,1840,1
26°C,扩容,shang4hai3shi4,2060 RCP 2.6,shang4hai3shi4_0_11_1980_S0,STOREY_2,1840,32
26°C,扩容,shang4hai3shi4,2060 RCP 2.6,shang4hai3shi4_0_11_1980_S0,STOREY_0,1840,0
26°C,扩容,shang4hai3shi4,2060 RCP 2.6,shang4hai3shi4_0_12_1995_S0,STOREY_1,1840,0
26°C,扩容,shang4hai3shi4,2060 RCP 2.6,shang4hai3shi4_0_12_1995_S0,STOREY_2,1840,25
26°C,扩容,shang4hai3shi4,2060 RCP 2.6,shang4hai3shi4_0_12_1995_S0,STOREY_0,1840,0
26°C,扩容,shang4hai3shi4,2060 RCP 2.6,shang4hai3shi4_0_13_1980_S0,STOREY_1,1840,36
26°C,扩容,shang4hai3shi4,2060 RCP 2.6,shang4hai3shi4_0_13_1980_S0,STOREY_0,1840,0
26°C,扩容,shang4hai3shi4,2060 RCP 2.6,shang4hai3shi4_0_14_2005_S0,STOREY_1,1840,0
26°C,扩容,shang4hai3shi4,2060 RCP 2.6,shang4hai3shi4_0_14_2005_S0,STOREY_2,1840,24
26°C,扩容,shang4hai3shi4,2060 RCP 2.6,shang4hai3shi4_0_14_2005_S0,STOREY_0,1840,0
26°C,扩容,shang4hai3shi4,2060 RCP 2.6,shang4hai3shi4_0_15_1995_S0,STOREY_1,1840,42
26°C,扩容,shang4hai3shi4,2060 RCP 2.6,shang4hai3shi4_0_15_1995_S0,STOREY_2,1840,65
26°C,扩容,shang4hai3shi4,2060 RCP 2.6,shang4hai3shi4_0_15_1995_S0,STOREY_0,1840,0
26°C,扩容,shang4hai3shi4,2060 RCP 2.6,shang4hai3shi4_0_2_1995_S0,STOREY_0,1840,0
26°C,扩容,shang4hai3shi4,2060 RCP 2.6,shang4hai3shi4_0_1_1980_S0,STOREY_1,1840,0
26°C,扩容,shang4hai3shi4,2060 RCP 2.6,shang4hai3shi4_0_1_1980_S0,STOREY_2,1840,10
26°C,扩容,shang4hai3shi4,2060 RCP 2.6,shang4hai3shi4_0_1_1980_S0,STOREY_0,1840,0
26°C,扩容,shang4hai3shi4,2040 RCP 8.5,shang4hai3shi4_2_8_2005_S0,STOREY_1,1840,0
26°C,扩容,shang4hai3shi4,2040 RCP 8.5,shang4hai3shi4_2_8_2005_S0,STOREY_2,1840,0
26°C,扩容,shang4hai3shi4,2040 RCP 8.5,shang4hai3shi4_2_8_2005_S0,STOREY_3,1840,0
26°C,扩容,shang4hai3shi4,2040 RCP 8.5,shang4hai3shi4_2_8_2005_S0,STOREY_4,1840,0
26°C,扩容,shang4hai3shi4,2040 RCP 8.5,shang4hai3shi4_2_8_2005_S0,STOREY_5,1840,0
26°C,扩容,shang4hai3shi4,2040 RCP 8.5,shang4hai3shi4_2_8_2005_S0,STOREY_6,1840,0
26°C,扩容,shang4hai3shi4,2040 RCP 8.5,shang4hai3shi4_2_8_2005_S0,STOREY_7,1840,0
26°C,扩容,shang4hai3shi4,2040 RCP 8.5,shang4hai3shi4_2_8_2005_S0,STOREY_8,1840,0
26°C,扩容,shang4hai3shi4,2040 RCP 8.5,shang4hai3shi4_2_8_2005_S0,STOREY_9,1840,0
26°C,扩容,shang4hai3shi4,2040 RCP 8.5,shang4hai3shi4_2_8_2005_S0,STOREY_10,1840,0
26°C,扩容,shang4hai3shi4,2040 RCP 8.5,shang4hai3shi4_2_8_2005_S0,STOREY_11,1840,0
26°C,扩容,shang4hai3shi4,2040 RCP 8.5,shang4hai3shi4_2_8_2005_S0,STOREY_12,1840,0
26°C,扩容,shang4hai3shi4,2040 RCP 8.5,shang4hai3shi4_2_8_2005_S0,STOREY_13,1840,0
26°C,扩容,shang4hai3shi4,2040 RCP 8.5,shang4hai3shi4_2_8_2005_S0,STOREY_14,1840,0
26°C,扩容,shang4hai3shi4,2040 RCP 8.5,shang4hai3shi4_2_8_2005_S0,STOREY_15,1840,0
26°C,扩容,shang4hai3shi4,2040 RCP 8.5,shang4hai3shi4_2_8_2005_S0,STOREY_16,1840,0
26°C,扩容,shang4hai3shi4,2040 RCP 8.5,shang4hai3shi4_2_8_2005_S0,STOREY_17,1840,0
26°C,扩容,shang4hai3shi4,2040 RCP 8.5,shang4hai3shi4_2_8_2005_S0,STOREY_18,1840,0
26°C,扩容,shang4hai3shi4,2040 RCP 8.5,shang4hai3shi4_2_8_2005_S0,STOREY_19,1840,0
26°C,扩容,shang4hai3shi4,2040 RCP 8.5,shang4hai3shi4_2_8_2005_S0,STOREY_20,1840,0
26°C,扩容,shang4hai3shi4,2040 RCP 8.5,shang4hai3shi4_2_8_2005_S0,STOREY_21,1840,5
26°C,扩容,shang4hai3shi4,2040 RCP 8.5,shang4hai3shi4_2_8_2005_S0,STOREY_0,1840,0
26°C,扩容,shang4hai3shi4,2040 RCP 8.5,shang4hai3shi4_2_9_2005_S0,STOREY_1,1840,0
26°C,扩容,shang4hai3shi4,2040 RCP 8.5,shang4hai3shi4_2_9_2005_S0,STOREY_2,1840,0
26°C,扩容,shang4hai3shi4,2040 RCP 8.5,shang4hai3shi4_2_9_2005_S0,STOREY_3,1840,0
26°C,扩容,shang4hai3shi4,2040 RCP 8.5,shang4hai3shi4_2_9_2005_S0,STOREY_4,1840,0
26°C,扩容,shang4hai3shi4,2040 RCP 8.5,shang4hai3shi4_2_9_2005_S0,STOREY_5,1840,0
26°C,扩容,shang4hai3shi4,2040 RCP 8.5,shang4hai3shi4_2_9_2005_S0,STOREY_6,1840,0
26°C,扩容,shang4hai3shi4,2040 RCP 8.5,shang4hai3shi4_2_9_2005_S0,STOREY_7,1840,0
26°C,扩容,shang4hai3shi4,2040 RCP 8.5,shang4hai3shi4_2_9_2005_S0,STOREY_8,1840,0
26°C,扩容,shang4hai3shi4,2040 RCP 8.5,shang4hai3shi4_2_9_2005_S0,STOREY_9,1840,0
26°C,扩容,shang4hai3shi4,2040 RCP 8.5,shang4hai3shi4_2_9_2005_S0,STOREY_10,1840,0
26°C,扩容,shang4hai3shi4,2040 RCP 8.5,shang4hai3shi4_2_9_2005_S0,STOREY_11,1840,0
26°C,扩容,shang4hai3shi4,2040 RCP 8.5,shang4hai3shi4_2_9_2005_S0,STOREY_12,1840,0
26°C,扩容,shang4hai3shi4,2040 RCP 8.5,shang4hai3shi4_2_9_2005_S0,STOREY_13,1840,0
26°C,扩容,shang4hai3shi4,2040 RCP 8.5,shang4hai3shi4_2_9_2005_S0,STOREY_14,1840,0
26°C,扩容,shang4hai3shi4,2040 RCP 8.5,shang4hai3shi4_2_9_2005_S0,STOREY_15,1840,0
26°C,扩容,shang4hai3shi4,2040 RCP 8.5,shang4hai3shi4_2_9_2005_S0,STOREY_16,1840,0
26°C,扩容,shang4hai3shi4,2040 RCP 8.5,shang4hai3shi4_2_9_2005_S0,STOREY_17,1840,0
26°C,扩容,shang4hai3shi4,2040 RCP 8.5,shang4hai3shi4_2_9_2005_S0,STOREY_18,1840,0
26°C,扩容,shang4hai3shi4,2040 RCP 8.5,shang4hai3shi4_2_9_2005_S0,STOREY_19,1840,0
26°C,扩容,shang4hai3shi4,2040 RCP 8.5,shang4hai3shi4_2_9_2005_S0,STOREY_20,1840,3
26°C,扩容,shang4hai3shi4,2040 RCP 8.5,shang4hai3shi4_2_9_2005_S0,STOREY_0,1840,0
26°C,扩容,shang4hai3shi4,2060 RCP 2.6,shang4hai3shi4_0_4_1980_S0,STOREY_1,1840,82
26°C,扩容,shang4hai3shi4,2060 RCP 2.6,shang4hai3shi4_0_4_1980_S0,STOREY_2,1840,76
26°C,扩容,shang4hai3shi4,2060 RCP 2.6,shang4hai3shi4_0_4_1980_S0,STOREY_0,1840,0
26°C,扩容,shang4hai3shi4,2060 RCP 2.6,shang4hai3shi4_0_3_1980_S0,STOREY_1,1840,16
26°C,扩容,shang4hai3shi4,2060 RCP 2.6,shang4hai3shi4_0_3_1980_S0,STOREY_2,1840,40
26°C,扩容,shang4hai3shi4,2060 RCP 2.6,shang4hai3shi4_0_3_1980_S0,STOREY_0,1840,0
26°C,扩容,shang4hai3shi4,2060 RCP 2.6,shang4hai3shi4_0_5_1980_S0,STOREY_1,1840,16
26°C,扩容,shang4hai3shi4,2060 RCP 2.6,shang4hai3shi4_0_5_1980_S0,STOREY_0,1840,0
26°C,扩容,shang4hai3shi4,2060 RCP 2.6,shang4hai3shi4_0_6_1980_S0,STOREY_1,1840,3
26°C,扩容,shang4hai3shi4,2060 RCP 2.6,shang4hai3shi4_0_6_1980_S0,STOREY_2,1840,35
26°C,扩容,shang4hai3shi4,2060 RCP 2.6,shang4hai3shi4_0_6_1980_S0,STOREY_0,1840,0
26°C,扩容,shang4hai3shi4,2060 RCP 2.6,shang4hai3shi4_0_7_1995_S0,STOREY_1,1840,48
26°C,扩容,shang4hai3shi4,2060 RCP 2.6,shang4hai3shi4_0_7_1995_S0,STOREY_2,1840,72
26°C,扩容,shang4hai3shi4,2060 RCP 2.6,shang4hai3shi4_0_7_1995_S0,STOREY_0,1840,0
26°C,扩容,shang4hai3shi4,2060 RCP 2.6,shang4hai3shi4_0_8_1980_S0,STOREY_1,1840,65
26°C,扩容,shang4hai3shi4,2060 RCP 2.6,shang4hai3shi4_0_8_1980_S0,STOREY_2,1840,74
26°C,扩容,shang4hai3shi4,2060 RCP 2.6,shang4hai3shi4_0_8_1980_S0,STOREY_0,1840,0
26°C,扩容,shang4hai3shi4,2060 RCP 2.6,shang4hai3shi4_0_9_1995_S0,STOREY_1,1840,0
26°C,扩容,shang4hai3shi4,2060 RCP 2.6,shang4hai3shi4_0_9_1995_S0,STOREY_2,1840,31
26°C,扩容,shang4hai3shi4,2060 RCP 2.6,shang4hai3shi4_0_9_1995_S0,STOREY_0,1840,0
26°C,扩容,shang4hai3shi4,2060 RCP 2.6,shang4hai3shi4_1_10_1995_S0,STOREY_1,1840,0
26°C,扩容,shang4hai3shi4,2060 RCP 2.6,shang4hai3shi4_1_10_1995_S0,STOREY_2,1840,0
26°C,扩容,shang4hai3shi4,2060 RCP 2.6,shang4hai3shi4_1_10_1995_S0,STOREY_3,1840,0
26°C,扩容,shang4hai3shi4,2060 RCP 2.6,shang4hai3shi4_1_10_1995_S0,STOREY_4,1840,0
26°C,扩容,shang4hai3shi4,2060 RCP 2.6,shang4hai3shi4_1_10_1995_S0,STOREY_5,1840,18
26°C,扩容,shang4hai3shi4,2060 RCP 2.6,shang4hai3shi4_1_10_1995_S0,STOREY_0,1840,0
26°C,扩容,shang4hai3shi4,2060 RCP 2.6,shang4hai3shi4_1_13_2005_S0,STOREY_1,1840,0
26°C,扩容,shang4hai3shi4,2060 RCP 2.6,shang4hai3shi4_1_13_2005_S0,STOREY_2,1840,0
26°C,扩容,shang4hai3shi4,2060 RCP 2.6,shang4hai3shi4_1_13_2005_S0,STOREY_3,1840,0
26°C,扩容,shang4hai3shi4,2060 RCP 2.6,shang4hai3shi4_1_13_2005_S0,STOREY_4,1840,14
26°C,扩容,shang4hai3shi4,2060 RCP 2.6,shang4hai3shi4_1_13_2005_S0,STOREY_0,1840,0
26°C,扩容,shang4hai3shi4,2060 RCP 2.6,shang4hai3shi4_1_11_1995_S0,STOREY_1,1840,0
26°C,扩容,shang4hai3shi4,2060 RCP 2.6,shang4hai3shi4_1_11_1995_S0,STOREY_2,1840,0
26°C,扩容,shang4hai3shi4,2060 RCP 2.6,shang4hai3shi4_1_11_1995_S0,STOREY_3,1840,0
26°C,扩容,shang4hai3shi4,2060 RCP 2.6,shang4hai3shi4_1_11_1995_S0,STOREY_4,1840,0
26°C,扩容,shang4hai3shi4,2060 RCP 2.6,shang4hai3shi4_1_11_1995_S0,STOREY_5,1840,27
26°C,扩容,shang4hai3shi4,2060 RCP 2.6,shang4hai3shi4_1_11_1995_S0,STOREY_0,1840,0
26°C,扩容,shang4hai3shi4,2060 RCP 2.6,shang4hai3shi4_1_12_2005_S0,STOREY_1,1840,0
26°C,扩容,shang4hai3shi4,2060 RCP 2.6,shang4hai3shi4_1_12_2005_S0,STOREY_2,1840,0
26°C,扩容,shang4hai3shi4,2060 RCP 2.6,shang4hai3shi4_1_12_2005_S0,STOREY_3,1840,0
26°C,扩容,shang4hai3shi4,2060 RCP 2.6,shang4hai3shi4_1_12_2005_S0,STOREY_4,1840,0
26°C,扩容,shang4hai3shi4,2060 RCP 2.6,shang4hai3shi4_1_12_2005_S0,STOREY_5,1840,14
26°C,扩容,shang4hai3shi4,2060 RCP 2.6,shang4hai3shi4_1_12_2005_S0,STOREY_0,1840,0
26°C,扩容,shang4hai3shi4,2060 RCP 2.6,shang4hai3shi4_1_15_2005_S0,STOREY_1,1840,0
26°C,扩容,shang4hai3shi4,2060 RCP 2.6,shang4hai3shi4_1_15_2005_S0,STOREY_2,1840,0
26°C,扩容,shang4hai3shi4,2060 RCP 2.6,shang4hai3shi4_1_15_2005_S0,STOREY_3,1840,0
26°C,扩容,shang4hai3shi4,2060 RCP 2.6,shang4hai3shi4_1_15_2005_S0,STOREY_4,1840,0
26°C,扩容,shang4hai3shi4,2060 RCP 2.6,shang4hai3shi4_1_15_2005_S0,STOREY_5,1840,15
26°C,扩容,shang4hai3shi4,2060 RCP 2.6,shang4hai3shi4_1_15_2005_S0,STOREY_0,1840,0
26°C,扩容,shang4hai3shi4,2060 RCP 2.6,shang4hai3shi4_1_1_1995_S0,STOREY_1,1840,0
26°C,扩容,shang4hai3shi4,2060 RCP 2.6,shang4hai3shi4_1_1_1995_S0,STOREY_2,1840,0
26°C,扩容,shang4hai3shi4,2060 RCP 2.6,shang4hai3shi4_1_1_1995_S0,STOREY_3,1840,0
26°C,扩容,shang4hai3shi4,2060 RCP 2.6,shang4hai3shi4_1_1_1995_S0,STOREY_4,1840,0
26°C,扩容,shang4hai3shi4,2060 RCP 2.6,shang4hai3shi4_1_1_1995_S0,STOREY_5,1840,27
26°C,扩容,shang4hai3shi4,2060 RCP 2.6,shang4hai3shi4_1_1_1995_S0,STOREY_0,1840,0
26°C,扩容,shang4hai3shi4,2060 RCP 2.6,shang4hai3shi4_1_2_1980_S0,STOREY_1,1840,0
26°C,扩容,shang4hai3shi4,2060 RCP 2.6,shang4hai3shi4_1_2_1980_S0,STOREY_2,1840,1
26°C,扩容,shang4hai3shi4,2060 RCP 2.6,shang4hai3shi4_1_2_1980_S0,STOREY_3,1840,2
26°C,扩容,shang4hai3shi4,2060 RCP 2.6,shang4hai3shi4_1_2_1980_S0,STOREY_4,1840,10
26°C,扩容,shang4hai3shi4,2060 RCP 2.6,shang4hai3shi4_1_2_1980_S0,STOREY_5,1840,28
26°C,扩容,shang4hai3shi4,2060 RCP 2.6,shang4hai3shi4_1_2_1980_S0,STOREY_0,1840,0
26°C,扩容,shang4hai3shi4,2060 RCP 2.6,shang4hai3shi4_1_14_1995_S0,STOREY_1,1840,0
26°C,扩容,shang4hai3shi4,2060 RCP 2.6,shang4hai3shi4_1_14_1995_S0,STOREY_2,1840,0
26°C,扩容,shang4hai3shi4,2060 RCP 2.6,shang4hai3shi4_1_14_1995_S0,STOREY_3,1840,0
26°C,扩容,shang4hai3shi4,2060 RCP 2.6,shang4hai3shi4_1_14_1995_S0,STOREY_4,1840,0
26°C,扩容,shang4hai3shi4,2060 RCP 2.6,shang4hai3shi4_1_14_1995_S0,STOREY_5,1840,0
26°C,扩容,shang4hai3shi4,2060 RCP 2.6,shang4hai3shi4_1_14_1995_S0,STOREY_6,1840,0
26°C,扩容,shang4hai3shi4,2060 RCP 2.6,shang4hai3shi4_1_14_1995_S0,STOREY_7,1840,0
26°C,扩容,shang4hai3shi4,2060 RCP 2.6,shang4hai3shi4_1_14_1995_S0,STOREY_8,1840,0
26°C,扩容,shang4hai3shi4,2060 RCP 2.6,shang4hai3shi4_1_14_1995_S0,STOREY_9,1840,24
26°C,扩容,shang4hai3shi4,2060 RCP 2.6,shang4hai3shi4_1_14_1995_S0,STOREY_0,1840,0
26°C,扩容,shang4hai3shi4,2060 RCP 2.6,shang4hai3shi4_1_3_1995_S0,STOREY_1,1840,0
26°C,扩容,shang4hai3shi4,2060 RCP 2.6,shang4hai3shi4_1_3_1995_S0,STOREY_2,1840,0
26°C,扩容,shang4hai3shi4,2060 RCP 2.6,shang4hai3shi4_1_3_1995_S0,STOREY_3,1840,0
26°C,扩容,shang4hai3shi4,2060 RCP 2.6,shang4hai3shi4_1_3_1995_S0,STOREY_4,1840,0
26°C,扩容,shang4hai3shi4,2060 RCP 2.6,shang4hai3shi4_1_3_1995_S0,STOREY_5,1840,15
26°C,扩容,shang4hai3shi4,2060 RCP 2.6,shang4hai3shi4_1_3_1995_S0,STOREY_0,1840,0
26°C,扩容,shang4hai3shi4,2060 RCP 2.6,shang4hai3shi4_1_4_2005_S0,STOREY_1,1840,0
26°C,扩容,shang4hai3shi4,2060 RCP 2.6,shang4hai3shi4_1_4_2005_S0,STOREY_2,1840,0
26°C,扩容,shang4hai3shi4,2060 RCP 2.6,shang4hai3shi4_1_4_2005_S0,STOREY_3,1840,0
26°C,扩容,shang4hai3shi4,2060 RCP 2.6,shang4hai3shi4_1_4_2005_S0,STOREY_4,1840,0
26°C,扩容,shang4hai3shi4,2060 RCP 2.6,shang4hai3shi4_1_4_2005_S0,STOREY_5,1840,11
26°C,扩容,shang4hai3shi4,2060 RCP 2.6,shang4hai3shi4_1_4_2005_S0,STOREY_0,1840,0
26°C,扩容,shang4hai3shi4,2060 RCP 2.6,shang4hai3shi4_1_5_2005_S0,STOREY_1,1840,0
26°C,扩容,shang4hai3shi4,2060 RCP 2.6,shang4hai3shi4_1_5_2005_S0,STOREY_2,1840,0
26°C,扩容,shang4hai3shi4,2060 RCP 2.6,shang4hai3shi4_1_5_2005_S0,STOREY_3,1840,0
26°C,扩容,shang4hai3shi4,2060 RCP 2.6,shang4hai3shi4_1_5_2005_S0,STOREY_4,1840,0
26°C,扩容,shang4hai3shi4,2060 RCP 2.6,shang4hai3shi4_1_5_2005_S0,STOREY_5,1840,17
26°C,扩容,shang4hai3shi4,2060 RCP 2.6,shang4hai3shi4_1_5_2005_S0,STOREY_0,1840,0
26°C,扩容,shang4hai3shi4,2060 RCP 2.6,shang4hai3shi4_1_6_2005_S0,STOREY_1,1840,0
26°C,扩容,shang4hai3shi4,2060 RCP 2.6,shang4hai3shi4_1_6_2005_S0,STOREY_2,1840,0
26°C,扩容,shang4hai3shi4,2060 RCP 2.6,shang4hai3shi4_1_6_2005_S0,STOREY_3,1840,0
26°C,扩容,shang4hai3shi4,2060 RCP 2.6,shang4hai3shi4_1_6_2005_S0,STOREY_4,1840,0
26°C,扩容,shang4hai3shi4,2060 RCP 2.6,shang4hai3shi4_1_6_2005_S0,STOREY_5,1840,11
26°C,扩容,shang4hai3shi4,2060 RCP 2.6,shang4hai3shi4_1_6_2005_S0,STOREY_0,1840,0
26°C,扩容,shang4hai3shi4,2060 RCP 2.6,shang4hai3shi4_1_7_1995_S0,STOREY_1,1840,0
26°C,扩容,shang4hai3shi4,2060 RCP 2.6,shang4hai3shi4_1_7_1995_S0,STOREY_2,1840,0
26°C,扩容,shang4hai3shi4,2060 RCP 2.6,shang4hai3shi4_1_7_1995_S0,STOREY_3,1840,1
26°C,扩容,shang4hai3shi4,2060 RCP 2.6,shang4hai3shi4_1_7_1995_S0,STOREY_4,1840,33
26°C,扩容,shang4hai3shi4,2060 RCP 2.6,shang4hai3shi4_1_7_1995_S0,STOREY_0,1840,0
26°C,扩容,shang4hai3shi4,2060 RCP 2.6,shang4hai3shi4_1_8_1995_S0,STOREY_1,1840,5
26°C,扩容,shang4hai3shi4,2060 RCP 2.6,shang4hai3shi4_1_8_1995_S0,STOREY_2,1840,5
26°C,扩容,shang4hai3shi4,2060 RCP 2.6,shang4hai3shi4_1_8_1995_S0,STOREY_3,1840,5
26°C,扩容,shang4hai3shi4,2060 RCP 2.6,shang4hai3shi4_1_8_1995_S0,STOREY_4,1840,10
26°C,扩容,shang4hai3shi4,2060 RCP 2.6,shang4hai3shi4_1_8_1995_S0,STOREY_5,1840,41
26°C,扩容,shang4hai3shi4,2060 RCP 2.6,shang4hai3shi4_1_8_1995_S0,STOREY_0,1840,0
26°C,扩容,shang4hai3shi4,2060 RCP 2.6,shang4hai3shi4_1_9_1980_S0,STOREY_1,1840,0
26°C,扩容,shang4hai3shi4,2060 RCP 2.6,shang4hai3shi4_1_9_1980_S0,STOREY_2,1840,0
26°C,扩容,shang4hai3shi4,2060 RCP 2.6,shang4hai3shi4_1_9_1980_S0,STOREY_3,1840,0
26°C,扩容,shang4hai3shi4,2060 RCP 2.6,shang4hai3shi4_1_9_1980_S0,STOREY_4,1840,0
26°C,扩容,shang4hai3shi4,2060 RCP 2.6,shang4hai3shi4_1_9_1980_S0,STOREY_5,1840,18
26°C,扩容,shang4hai3shi4,2060 RCP 2.6,shang4hai3shi4_1_9_1980_S0,STOREY_0,1840,0
26°C,扩容,shang4hai3shi4,2060 RCP 2.6,shang4hai3shi4_2_11_2005_S0,STOREY_1,1840,0
26°C,扩容,shang4hai3shi4,2060 RCP 2.6,shang4hai3shi4_2_11_2005_S0,STOREY_2,1840,0
26°C,扩容,shang4hai3shi4,2060 RCP 2.6,shang4hai3shi4_2_11_2005_S0,STOREY_3,1840,0
26°C,扩容,shang4hai3shi4,2060 RCP 2.6,shang4hai3shi4_2_11_2005_S0,STOREY_4,1840,0
26°C,扩容,shang4hai3shi4,2060 RCP 2.6,shang4hai3shi4_2_11_2005_S0,STOREY_5,1840,0
26°C,扩容,shang4hai3shi4,2060 RCP 2.6,shang4hai3shi4_2_11_2005_S0,STOREY_6,1840,0
26°C,扩容,shang4hai3shi4,2060 RCP 2.6,shang4hai3shi4_2_11_2005_S0,STOREY_7,1840,0
26°C,扩容,shang4hai3shi4,2060 RCP 2.6,shang4hai3shi4_2_11_2005_S0,STOREY_8,1840,0
26°C,扩容,shang4hai3shi4,2060 RCP 2.6,shang4hai3shi4_2_11_2005_S0,STOREY_9,1840,0
26°C,扩容,shang4hai3shi4,2060 RCP 2.6,shang4hai3shi4_2_11_2005_S0,STOREY_10,1840,0
26°C,扩容,shang4hai3shi4,2060 RCP 2.6,shang4hai3shi4_2_11_2005_S0,STOREY_11,1840,10
26°C,扩容,shang4hai3shi4,2060 RCP 2.6,shang4hai3shi4_2_11_2005_S0,STOREY_0,1840,0
26°C,扩容,shang4hai3shi4,2060 RCP 2.6,shang4hai3shi4_2_10_1995_S0,STOREY_1,1840,0
26°C,扩容,shang4hai3shi4,2060 RCP 2.6,shang4hai3shi4_2_10_1995_S0,STOREY_2,1840,0
26°C,扩容,shang4hai3shi4,2060 RCP 2.6,shang4hai3shi4_2_10_1995_S0,STOREY_3,1840,0
26°C,扩容,shang4hai3shi4,2060 RCP 2.6,shang4hai3shi4_2_10_1995_S0,STOREY_4,1840,0
26°C,扩容,shang4hai3shi4,2060 RCP 2.6,shang4hai3shi4_2_10_1995_S0,STOREY_5,1840,0
26°C,扩容,shang4hai3shi4,2060 RCP 2.6,shang4hai3shi4_2_10_1995_S0,STOREY_6,1840,0
26°C,扩容,shang4hai3shi4,2060 RCP 2.6,shang4hai3shi4_2_10_1995_S0,STOREY_7,1840,0
26°C,扩容,shang4hai3shi4,2060 RCP 2.6,shang4hai3shi4_2_10_1995_S0,STOREY_8,1840,0
26°C,扩容,shang4hai3shi4,2060 RCP 2.6,shang4hai3shi4_2_10_1995_S0,STOREY_9,1840,0
26°C,扩容,shang4hai3shi4,2060 RCP 2.6,shang4hai3shi4_2_10_1995_S0,STOREY_10,1840,0
26°C,扩容,shang4hai3shi4,2060 RCP 2.6,shang4hai3shi4_2_10_1995_S0,STOREY_11,1840,0
26°C,扩容,shang4hai3shi4,2060 RCP 2.6,shang4hai3shi4_2_10_1995_S0,STOREY_12,1840,0
26°C,扩容,shang4hai3shi4,2060 RCP 2.6,shang4hai3shi4_2_10_1995_S0,STOREY_13,1840,0
26°C,扩容,shang4hai3shi4,2060 RCP 2.6,shang4hai3shi4_2_10_1995_S0,STOREY_14,1840,0
26°C,扩容,shang4hai3shi4,2060 RCP 2.6,shang4hai3shi4_2_10_1995_S0,STOREY_15,1840,14
26°C,扩容,shang4hai3shi4,2060 RCP 2.6,shang4hai3shi4_2_10_1995_S0,STOREY_0,1840,0
26°C,扩容,shang4hai3shi4,2060 RCP 2.6,shang4hai3shi4_2_12_2005_S0,STOREY_1,1840,0
26°C,扩容,shang4hai3shi4,2060 RCP 2.6,shang4hai3shi4_2_12_2005_S0,STOREY_2,1840,0
26°C,扩容,shang4hai3shi4,2060 RCP 2.6,shang4hai3shi4_2_12_2005_S0,STOREY_3,1840,0
26°C,扩容,shang4hai3shi4,2060 RCP 2.6,shang4hai3shi4_2_12_2005_S0,STOREY_4,1840,0
26°C,扩容,shang4hai3shi4,2060 RCP 2.6,shang4hai3shi4_2_12_2005_S0,STOREY_5,1840,0
26°C,扩容,shang4hai3shi4,2060 RCP 2.6,shang4hai3shi4_2_12_2005_S0,STOREY_6,1840,0
26°C,扩容,shang4hai3shi4,2060 RCP 2.6,shang4hai3shi4_2_12_2005_S0,STOREY_7,1840,0
26°C,扩容,shang4hai3shi4,2060 RCP 2.6,shang4hai3shi4_2_12_2005_S0,STOREY_8,1840,0
26°C,扩容,shang4hai3shi4,2060 RCP 2.6,shang4hai3shi4_2_12_2005_S0,STOREY_9,1840,0
26°C,扩容,shang4hai3shi4,2060 RCP 2.6,shang4hai3shi4_2_12_2005_S0,STOREY_10,1840,0
26°C,扩容,shang4hai3shi4,2060 RCP 2.6,shang4hai3shi4_2_12_2005_S0,STOREY_11,1840,0
26°C,扩容,shang4hai3shi4,2060 RCP 2.6,shang4hai3shi4_2_12_2005_S0,STOREY_12,1840,0
26°C,扩容,shang4hai3shi4,2060 RCP 2.6,shang4hai3shi4_2_12_2005_S0,STOREY_13,1840,5
26°C,扩容,shang4hai3shi4,2060 RCP 2.6,shang4hai3shi4_2_12_2005_S0,STOREY_0,1840,0
26°C,扩容,shang4hai3shi4,2060 RCP 2.6,shang4hai3shi4_2_15_2005_S0,STOREY_1,1840,0
26°C,扩容,shang4hai3shi4,2060 RCP 2.6,shang4hai3shi4_2_15_2005_S0,STOREY_2,1840,0
26°C,扩容,shang4hai3shi4,2060 RCP 2.6,shang4hai3shi4_2_15_2005_S0,STOREY_3,1840,0
26°C,扩容,shang4hai3shi4,2060 RCP 2.6,shang4hai3shi4_2_15_2005_S0,STOREY_4,1840,0
26°C,扩容,shang4hai3shi4,2060 RCP 2.6,shang4hai3shi4_2_15_2005_S0,STOREY_5,1840,0
26°C,扩容,shang4hai3shi4,2060 RCP 2.6,shang4hai3shi4_2_15_2005_S0,STOREY_6,1840,0
26°C,扩容,shang4hai3shi4,2060 RCP 2.6,shang4hai3shi4_2_15_2005_S0,STOREY_7,1840,0
26°C,扩容,shang4hai3shi4,2060 RCP 2.6,shang4hai3shi4_2_15_2005_S0,STOREY_8,1840,0
26°C,扩容,shang4hai3shi4,2060 RCP 2.6,shang4hai3shi4_2_15_2005_S0,STOREY_9,1840,0
26°C,扩容,shang4hai3shi4,2060 RCP 2.6,shang4hai3shi4_2_15_2005_S0,STOREY_10,1840,0
26°C,扩容,shang4hai3shi4,2060 RCP 2.6,shang4hai3shi4_2_15_2005_S0,STOREY_11,1840,0
26°C,扩容,shang4hai3shi4,2060 RCP 2.6,shang4hai3shi4_2_15_2005_S0,STOREY_12,1840,16
26°C,扩容,shang4hai3shi4,2060 RCP 2.6,shang4hai3shi4_2_15_2005_S0,STOREY_0,1840,0
26°C,扩容,shang4hai3shi4,2060 RCP 2.6,shang4hai3shi4_2_14_2015_S0,STOREY_1,1840,0
26°C,扩容,shang4hai3shi4,2060 RCP 2.6,shang4hai3shi4_2_14_2015_S0,STOREY_2,1840,0
26°C,扩容,shang4hai3shi4,2060 RCP 2.6,shang4hai3shi4_2_14_2015_S0,STOREY_3,1840,0
26°C,扩容,shang4hai3shi4,2060 RCP 2.6,shang4hai3shi4_2_14_2015_S0,STOREY_4,1840,0
26°C,扩容,shang4hai3shi4,2060 RCP 2.6,shang4hai3shi4_2_14_2015_S0,STOREY_5,1840,0
26°C,扩容,shang4hai3shi4,2060 RCP 2.6,shang4hai3shi4_2_14_2015_S0,STOREY_6,1840,0
26°C,扩容,shang4hai3shi4,2060 RCP 2.6,shang4hai3shi4_2_14_2015_S0,STOREY_7,1840,0
26°C,扩容,shang4hai3shi4,2060 RCP 2.6,shang4hai3shi4_2_14_2015_S0,STOREY_8,1840,0
26°C,扩容,shang4hai3shi4,2060 RCP 2.6,shang4hai3shi4_2_14_2015_S0,STOREY_9,1840,0
26°C,扩容,shang4hai3shi4,2060 RCP 2.6,shang4hai3shi4_2_14_2015_S0,STOREY_10,1840,0
26°C,扩容,shang4hai3shi4,2060 RCP 2.6,shang4hai3shi4_2_14_2015_S0,STOREY_11,1840,0
26°C,扩容,shang4hai3shi4,2060 RCP 2.6,shang4hai3shi4_2_14_2015_S0,STOREY_12,1840,0
26°C,扩容,shang4hai3shi4,2060 RCP 2.6,shang4hai3shi4_2_14_2015_S0,STOREY_13,1840,0
26°C,扩容,shang4hai3shi4,2060 RCP 2.6,shang4hai3shi4_2_14_2015_S0,STOREY_14,1840,0
26°C,扩容,shang4hai3shi4,2060 RCP 2.6,shang4hai3shi4_2_14_2015_S0,STOREY_15,1840,0
26°C,扩容,shang4hai3shi4,2060 RCP 2.6,shang4hai3shi4_2_14_2015_S0,STOREY_16,1840,0
26°C,扩容,shang4hai3shi4,2060 RCP 2.6,shang4hai3shi4_2_14_2015_S0,STOREY_17,1840,0
26°C,扩容,shang4hai3shi4,2060 RCP 2.6,shang4hai3shi4_2_14_2015_S0,STOREY_0,1840,0
26°C,扩容,shang4hai3shi4,2060 RCP 2.6,shang4hai3shi4_2_13_2005_S0,STOREY_1,1840,0
26°C,扩容,shang4hai3shi4,2060 RCP 2.6,shang4hai3shi4_2_13_2005_S0,STOREY_2,1840,0
26°C,扩容,shang4hai3shi4,2060 RCP 2.6,shang4hai3shi4_2_13_2005_S0,STOREY_3,1840,0
26°C,扩容,shang4hai3shi4,2060 RCP 2.6,shang4hai3shi4_2_13_2005_S0,STOREY_4,1840,0
26°C,扩容,shang4hai3shi4,2060 RCP 2.6,shang4hai3shi4_2_13_2005_S0,STOREY_5,1840,0
26°C,扩容,shang4hai3shi4,2060 RCP 2.6,shang4hai3shi4_2_13_2005_S0,STOREY_6,1840,0
26°C,扩容,shang4hai3shi4,2060 RCP 2.6,shang4hai3shi4_2_13_2005_S0,STOREY_7,1840,0
26°C,扩容,shang4hai3shi4,2060 RCP 2.6,shang4hai3shi4_2_13_2005_S0,STOREY_8,1840,0
26°C,扩容,shang4hai3shi4,2060 RCP 2.6,shang4hai3shi4_2_13_2005_S0,STOREY_9,1840,0
26°C,扩容,shang4hai3shi4,2060 RCP 2.6,shang4hai3shi4_2_13_2005_S0,STOREY_10,1840,0
26°C,扩容,shang4hai3shi4,2060 RCP 2.6,shang4hai3shi4_2_13_2005_S0,STOREY_11,1840,0
26°C,扩容,shang4hai3shi4,2060 RCP 2.6,shang4hai3shi4_2_13_2005_S0,STOREY_12,1840,0
26°C,扩容,shang4hai3shi4,2060 RCP 2.6,shang4hai3shi4_2_13_2005_S0,STOREY_13,1840,0
26°C,扩容,shang4hai3shi4,2060 RCP 2.6,shang4hai3shi4_2_13_2005_S0,STOREY_14,1840,0
26°C,扩容,shang4hai3shi4,2060 RCP 2.6,shang4hai3shi4_2_13_2005_S0,STOREY_15,1840,0
26°C,扩容,shang4hai3shi4,2060 RCP 2.6,shang4hai3shi4_2_13_2005_S0,STOREY_16,1840,0
26°C,扩容,shang4hai3shi4,2060 RCP 2.6,shang4hai3shi4_2_13_2005_S0,STOREY_17,1840,0
26°C,扩容,shang4hai3shi4,2060 RCP 2.6,shang4hai3shi4_2_13_2005_S0,STOREY_18,1840,0
26°C,扩容,shang4hai3shi4,2060 RCP 2.6,shang4hai3shi4_2_13_2005_S0,STOREY_19,1840,0
26°C,扩容,shang4hai3shi4,2060 RCP 2.6,shang4hai3shi4_2_13_2005_S0,STOREY_20,1840,0
26°C,扩容,shang4hai3shi4,2060 RCP 2.6,shang4hai3shi4_2_13_2005_S0,STOREY_21,1840,0
26°C,扩容,shang4hai3shi4,2060 RCP 2.6,shang4hai3shi4_2_13_2005_S0,STOREY_22,1840,0
26°C,扩容,shang4hai3shi4,2060 RCP 2.6,shang4hai3shi4_2_13_2005_S0,STOREY_23,1840,0
26°C,扩容,shang4hai3shi4,2060 RCP 2.6,shang4hai3shi4_2_13_2005_S0,STOREY_24,1840,0
26°C,扩容,shang4hai3shi4,2060 RCP 2.6,shang4hai3shi4_2_13_2005_S0,STOREY_25,1840,0
26°C,扩容,shang4hai3shi4,2060 RCP 2.6,shang4hai3shi4_2_13_2005_S0,STOREY_26,1840,0
26°C,扩容,shang4hai3shi4,2060 RCP 2.6,shang4hai3shi4_2_13_2005_S0,STOREY_27,1840,9
26°C,扩容,shang4hai3shi4,2060 RCP 2.6,shang4hai3shi4_2_13_2005_S0,STOREY_0,1840,0
26°C,扩容,shang4hai3shi4,2060 RCP 2.6,shang4hai3shi4_2_1_2005_S0,STOREY_1,1840,0
26°C,扩容,shang4hai3shi4,2060 RCP 2.6,shang4hai3shi4_2_1_2005_S0,STOREY_2,1840,0
26°C,扩容,shang4hai3shi4,2060 RCP 2.6,shang4hai3shi4_2_1_2005_S0,STOREY_3,1840,0
26°C,扩容,shang4hai3shi4,2060 RCP 2.6,shang4hai3shi4_2_1_2005_S0,STOREY_4,1840,0
26°C,扩容,shang4hai3shi4,2060 RCP 2.6,shang4hai3shi4_2_1_2005_S0,STOREY_5,1840,0
26°C,扩容,shang4hai3shi4,2060 RCP 2.6,shang4hai3shi4_2_1_2005_S0,STOREY_6,1840,0
26°C,扩容,shang4hai3shi4,2060 RCP 2.6,shang4hai3shi4_2_1_2005_S0,STOREY_7,1840,0
26°C,扩容,shang4hai3shi4,2060 RCP 2.6,shang4hai3shi4_2_1_2005_S0,STOREY_8,1840,0
26°C,扩容,shang4hai3shi4,2060 RCP 2.6,shang4hai3shi4_2_1_2005_S0,STOREY_9,1840,0
26°C,扩容,shang4hai3shi4,2060 RCP 2.6,shang4hai3shi4_2_1_2005_S0,STOREY_10,1840,0
26°C,扩容,shang4hai3shi4,2060 RCP 2.6,shang4hai3shi4_2_1_2005_S0,STOREY_11,1840,0
26°C,扩容,shang4hai3shi4,2060 RCP 2.6,shang4hai3shi4_2_1_2005_S0,STOREY_12,1840,0
26°C,扩容,shang4hai3shi4,2060 RCP 2.6,shang4hai3shi4_2_1_2005_S0,STOREY_13,1840,0
26°C,扩容,shang4hai3shi4,2060 RCP 2.6,shang4hai3shi4_2_1_2005_S0,STOREY_14,1840,0
26°C,扩容,shang4hai3shi4,2060 RCP 2.6,shang4hai3shi4_2_1_2005_S0,STOREY_15,1840,6
26°C,扩容,shang4hai3shi4,2060 RCP 2.6,shang4hai3shi4_2_1_2005_S0,STOREY_0,1840,0
26°C,扩容,shang4hai3shi4,2060 RCP 2.6,shang4hai3shi4_2_2_1980_S0,STOREY_1,1840,0
26°C,扩容,shang4hai3shi4,2060 RCP 2.6,shang4hai3shi4_2_2_1980_S0,STOREY_2,1840,0
26°C,扩容,shang4hai3shi4,2060 RCP 2.6,shang4hai3shi4_2_2_1980_S0,STOREY_3,1840,0
26°C,扩容,shang4hai3shi4,2060 RCP 2.6,shang4hai3shi4_2_2_1980_S0,STOREY_4,1840,0
26°C,扩容,shang4hai3shi4,2060 RCP 2.6,shang4hai3shi4_2_2_1980_S0,STOREY_5,1840,0
26°C,扩容,shang4hai3shi4,2060 RCP 2.6,shang4hai3shi4_2_2_1980_S0,STOREY_6,1840,0
26°C,扩容,shang4hai3shi4,2060 RCP 2.6,shang4hai3shi4_2_2_1980_S0,STOREY_7,1840,0
26°C,扩容,shang4hai3shi4,2060 RCP 2.6,shang4hai3shi4_2_2_1980_S0,STOREY_8,1840,0
26°C,扩容,shang4hai3shi4,2060 RCP 2.6,shang4hai3shi4_2_2_1980_S0,STOREY_9,1840,0
26°C,扩容,shang4hai3shi4,2060 RCP 2.6,shang4hai3shi4_2_2_1980_S0,STOREY_10,1840,0
26°C,扩容,shang4hai3shi4,2060 RCP 2.6,shang4hai3shi4_2_2_1980_S0,STOREY_11,1840,18
26°C,扩容,shang4hai3shi4,2060 RCP 2.6,shang4hai3shi4_2_2_1980_S0,STOREY_0,1840,0
26°C,扩容,shang4hai3shi4,2060 RCP 2.6,shang4hai3shi4_2_3_2005_S0,STOREY_1,1840,0
26°C,扩容,shang4hai3shi4,2060 RCP 2.6,shang4hai3shi4_2_3_2005_S0,STOREY_2,1840,0
26°C,扩容,shang4hai3shi4,2060 RCP 2.6,shang4hai3shi4_2_3_2005_S0,STOREY_3,1840,0
26°C,扩容,shang4hai3shi4,2060 RCP 2.6,shang4hai3shi4_2_3_2005_S0,STOREY_4,1840,0
26°C,扩容,shang4hai3shi4,2060 RCP 2.6,shang4hai3shi4_2_3_2005_S0,STOREY_5,1840,0
26°C,扩容,shang4hai3shi4,2060 RCP 2.6,shang4hai3shi4_2_3_2005_S0,STOREY_6,1840,0
26°C,扩容,shang4hai3shi4,2060 RCP 2.6,shang4hai3shi4_2_3_2005_S0,STOREY_7,1840,0
26°C,扩容,shang4hai3shi4,2060 RCP 2.6,shang4hai3shi4_2_3_2005_S0,STOREY_8,1840,0
26°C,扩容,shang4hai3shi4,2060 RCP 2.6,shang4hai3shi4_2_3_2005_S0,STOREY_9,1840,0
26°C,扩容,shang4hai3shi4,2060 RCP 2.6,shang4hai3shi4_2_3_2005_S0,STOREY_10,1840,0
26°C,扩容,shang4hai3shi4,2060 RCP 2.6,shang4hai3shi4_2_3_2005_S0,STOREY_11,1840,0
26°C,扩容,shang4hai3shi4,2060 RCP 2.6,shang4hai3shi4_2_3_2005_S0,STOREY_12,1840,0
26°C,扩容,shang4hai3shi4,2060 RCP 2.6,shang4hai3shi4_2_3_2005_S0,STOREY_13,1840,0
26°C,扩容,shang4hai3shi4,2060 RCP 2.6,shang4hai3shi4_2_3_2005_S0,STOREY_14,1840,0
26°C,扩容,shang4hai3shi4,2060 RCP 2.6,shang4hai3shi4_2_3_2005_S0,STOREY_15,1840,0
26°C,扩容,shang4hai3shi4,2060 RCP 2.6,shang4hai3shi4_2_3_2005_S0,STOREY_16,1840,0
26°C,扩容,shang4hai3shi4,2060 RCP 2.6,shang4hai3shi4_2_3_2005_S0,STOREY_17,1840,13
26°C,扩容,shang4hai3shi4,2060 RCP 2.6,shang4hai3shi4_2_3_2005_S0,STOREY_0,1840,0
26°C,扩容,shang4hai3shi4,2060 RCP 2.6,shang4hai3shi4_2_4_1995_S0,STOREY_1,1840,0
26°C,扩容,shang4hai3shi4,2060 RCP 2.6,shang4hai3shi4_2_4_1995_S0,STOREY_2,1840,0
26°C,扩容,shang4hai3shi4,2060 RCP 2.6,shang4hai3shi4_2_4_1995_S0,STOREY_3,1840,0
26°C,扩容,shang4hai3shi4,2060 RCP 2.6,shang4hai3shi4_2_4_1995_S0,STOREY_4,1840,0
26°C,扩容,shang4hai3shi4,2060 RCP 2.6,shang4hai3shi4_2_4_1995_S0,STOREY_5,1840,0
26°C,扩容,shang4hai3shi4,2060 RCP 2.6,shang4hai3shi4_2_4_1995_S0,STOREY_6,1840,0
26°C,扩容,shang4hai3shi4,2060 RCP 2.6,shang4hai3shi4_2_4_1995_S0,STOREY_7,1840,0
26°C,扩容,shang4hai3shi4,2060 RCP 2.6,shang4hai3shi4_2_4_1995_S0,STOREY_8,1840,0
26°C,扩容,shang4hai3shi4,2060 RCP 2.6,shang4hai3shi4_2_4_1995_S0,STOREY_9,1840,0
26°C,扩容,shang4hai3shi4,2060 RCP 2.6,shang4hai3shi4_2_4_1995_S0,STOREY_10,1840,0
26°C,扩容,shang4hai3shi4,2060 RCP 2.6,shang4hai3shi4_2_4_1995_S0,STOREY_11,1840,0
26°C,扩容,shang4hai3shi4,2060 RCP 2.6,shang4hai3shi4_2_4_1995_S0,STOREY_12,1840,0
26°C,扩容,shang4hai3shi4,2060 RCP 2.6,shang4hai3shi4_2_4_1995_S0,STOREY_13,1840,0
26°C,扩容,shang4hai3shi4,2060 RCP 2.6,shang4hai3shi4_2_4_1995_S0,STOREY_14,1840,0
26°C,扩容,shang4hai3shi4,2060 RCP 2.6,shang4hai3shi4_2_4_1995_S0,STOREY_15,1840,0
26°C,扩容,shang4hai3shi4,2060 RCP 2.6,shang4hai3shi4_2_4_1995_S0,STOREY_16,1840,0
26°C,扩容,shang4hai3shi4,2060 RCP 2.6,shang4hai3shi4_2_4_1995_S0,STOREY_17,1840,0
26°C,扩容,shang4hai3shi4,2060 RCP 2.6,shang4hai3shi4_2_4_1995_S0,STOREY_18,1840,0
26°C,扩容,shang4hai3shi4,2060 RCP 2.6,shang4hai3shi4_2_4_1995_S0,STOREY_19,1840,15
26°C,扩容,shang4hai3shi4,2060 RCP 2.6,shang4hai3shi4_2_4_1995_S0,STOREY_0,1840,0
26°C,扩容,shang4hai3shi4,2060 RCP 2.6,shang4hai3shi4_2_6_2015_S0,STOREY_1,1840,0
26°C,扩容,shang4hai3shi4,2060 RCP 2.6,shang4hai3shi4_2_6_2015_S0,STOREY_2,1840,0
26°C,扩容,shang4hai3shi4,2060 RCP 2.6,shang4hai3shi4_2_6_2015_S0,STOREY_3,1840,0
26°C,扩容,shang4hai3shi4,2060 RCP 2.6,shang4hai3shi4_2_6_2015_S0,STOREY_4,1840,0
26°C,扩容,shang4hai3shi4,2060 RCP 2.6,shang4hai3shi4_2_6_2015_S0,STOREY_5,1840,0
26°C,扩容,shang4hai3shi4,2060 RCP 2.6,shang4hai3shi4_2_6_2015_S0,STOREY_6,1840,0
26°C,扩容,shang4hai3shi4,2060 RCP 2.6,shang4hai3shi4_2_6_2015_S0,STOREY_7,1840,0
26°C,扩容,shang4hai3shi4,2060 RCP 2.6,shang4hai3shi4_2_6_2015_S0,STOREY_8,1840,0
26°C,扩容,shang4hai3shi4,2060 RCP 2.6,shang4hai3shi4_2_6_2015_S0,STOREY_9,1840,0
26°C,扩容,shang4hai3shi4,2060 RCP 2.6,shang4hai3shi4_2_6_2015_S0,STOREY_10,1840,0
26°C,扩容,shang4hai3shi4,2060 RCP 2.6,shang4hai3shi4_2_6_2015_S0,STOREY_11,1840,3
26°C,扩容,shang4hai3shi4,2060 RCP 2.6,shang4hai3shi4_2_6_2015_S0,STOREY_0,1840,0
26°C,扩容,shang4hai3shi4,2060 RCP 2.6,shang4hai3shi4_2_5_2005_S0,STOREY_1,1840,0
26°C,扩容,shang4hai3shi4,2060 RCP 2.6,shang4hai3shi4_2_5_2005_S0,STOREY_2,1840,0
26°C,扩容,shang4hai3shi4,2060 RCP 2.6,shang4hai3shi4_2_5_2005_S0,STOREY_3,1840,0
26°C,扩容,shang4hai3shi4,2060 RCP 2.6,shang4hai3shi4_2_5_2005_S0,STOREY_4,1840,0
26°C,扩容,shang4hai3shi4,2060 RCP 2.6,shang4hai3shi4_2_5_2005_S0,STOREY_5,1840,0
26°C,扩容,shang4hai3shi4,2060 RCP 2.6,shang4hai3shi4_2_5_2005_S0,STOREY_6,1840,0
26°C,扩容,shang4hai3shi4,2060 RCP 2.6,shang4hai3shi4_2_5_2005_S0,STOREY_7,1840,0
26°C,扩容,shang4hai3shi4,2060 RCP 2.6,shang4hai3shi4_2_5_2005_S0,STOREY_8,1840,0
26°C,扩容,shang4hai3shi4,2060 RCP 2.6,shang4hai3shi4_2_5_2005_S0,STOREY_9,1840,0
26°C,扩容,shang4hai3shi4,2060 RCP 2.6,shang4hai3shi4_2_5_2005_S0,STOREY_10,1840,0
26°C,扩容,shang4hai3shi4,2060 RCP 2.6,shang4hai3shi4_2_5_2005_S0,STOREY_11,1840,0
26°C,扩容,shang4hai3shi4,2060 RCP 2.6,shang4hai3shi4_2_5_2005_S0,STOREY_12,1840,0
26°C,扩容,shang4hai3shi4,2060 RCP 2.6,shang4hai3shi4_2_5_2005_S0,STOREY_13,1840,0
26°C,扩容,shang4hai3shi4,2060 RCP 2.6,shang4hai3shi4_2_5_2005_S0,STOREY_14,1840,0
26°C,扩容,shang4hai3shi4,2060 RCP 2.6,shang4hai3shi4_2_5_2005_S0,STOREY_15,1840,0
26°C,扩容,shang4hai3shi4,2060 RCP 2.6,shang4hai3shi4_2_5_2005_S0,STOREY_16,1840,0
26°C,扩容,shang4hai3shi4,2060 RCP 2.6,shang4hai3shi4_2_5_2005_S0,STOREY_17,1840,0
26°C,扩容,shang4hai3shi4,2060 RCP 2.6,shang4hai3shi4_2_5_2005_S0,STOREY_18,1840,0
26°C,扩容,shang4hai3shi4,2060 RCP 2.6,shang4hai3shi4_2_5_2005_S0,STOREY_19,1840,0
26°C,扩容,shang4hai3shi4,2060 RCP 2.6,shang4hai3shi4_2_5_2005_S0,STOREY_20,1840,0
26°C,扩容,shang4hai3shi4,2060 RCP 2.6,shang4hai3shi4_2_5_2005_S0,STOREY_21,1840,0
26°C,扩容,shang4hai3shi4,2060 RCP 2.6,shang4hai3shi4_2_5_2005_S0,STOREY_22,1840,0
26°C,扩容,shang4hai3shi4,2060 RCP 2.6,shang4hai3shi4_2_5_2005_S0,STOREY_23,1840,0
26°C,扩容,shang4hai3shi4,2060 RCP 2.6,shang4hai3shi4_2_5_2005_S0,STOREY_24,1840,5
26°C,扩容,shang4hai3shi4,2060 RCP 2.6,shang4hai3shi4_2_5_2005_S0,STOREY_0,1840,0
26°C,扩容,shang4hai3shi4,2060 RCP 2.6,shang4hai3shi4_2_7_2005_S0,STOREY_1,1840,0
26°C,扩容,shang4hai3shi4,2060 RCP 2.6,shang4hai3shi4_2_7_2005_S0,STOREY_2,1840,0
26°C,扩容,shang4hai3shi4,2060 RCP 2.6,shang4hai3shi4_2_7_2005_S0,STOREY_3,1840,0
26°C,扩容,shang4hai3shi4,2060 RCP 2.6,shang4hai3shi4_2_7_2005_S0,STOREY_4,1840,0
26°C,扩容,shang4hai3shi4,2060 RCP 2.6,shang4hai3shi4_2_7_2005_S0,STOREY_5,1840,0
26°C,扩容,shang4hai3shi4,2060 RCP 2.6,shang4hai3shi4_2_7_2005_S0,STOREY_6,1840,0
26°C,扩容,shang4hai3shi4,2060 RCP 2.6,shang4hai3shi4_2_7_2005_S0,STOREY_7,1840,0
26°C,扩容,shang4hai3shi4,2060 RCP 2.6,shang4hai3shi4_2_7_2005_S0,STOREY_8,1840,0
26°C,扩容,shang4hai3shi4,2060 RCP 2.6,shang4hai3shi4_2_7_2005_S0,STOREY_9,1840,0
26°C,扩容,shang4hai3shi4,2060 RCP 2.6,shang4hai3shi4_2_7_2005_S0,STOREY_10,1840,13
26°C,扩容,shang4hai3shi4,2060 RCP 2.6,shang4hai3shi4_2_7_2005_S0,STOREY_0,1840,0
26°C,扩容,shang4hai3shi4,2060 RCP 4.5,shang4hai3shi4_0_10_1980_S0,STOREY_1,1840,6
26°C,扩容,shang4hai3shi4,2060 RCP 4.5,shang4hai3shi4_0_10_1980_S0,STOREY_2,1840,41
26°C,扩容,shang4hai3shi4,2060 RCP 4.5,shang4hai3shi4_0_10_1980_S0,STOREY_0,1840,0
26°C,扩容,shang4hai3shi4,2060 RCP 4.5,shang4hai3shi4_0_11_1980_S0,STOREY_1,1840,2
26°C,扩容,shang4hai3shi4,2060 RCP 4.5,shang4hai3shi4_0_11_1980_S0,STOREY_2,1840,36
26°C,扩容,shang4hai3shi4,2060 RCP 4.5,shang4hai3shi4_0_11_1980_S0,STOREY_0,1840,0
26°C,扩容,shang4hai3shi4,2060 RCP 4.5,shang4hai3shi4_0_12_1995_S0,STOREY_1,1840,0
26°C,扩容,shang4hai3shi4,2060 RCP 4.5,shang4hai3shi4_0_12_1995_S0,STOREY_2,1840,28
26°C,扩容,shang4hai3shi4,2060 RCP 4.5,shang4hai3shi4_0_12_1995_S0,STOREY_0,1840,0
26°C,扩容,shang4hai3shi4,2060 RCP 4.5,shang4hai3shi4_0_13_1980_S0,STOREY_1,1840,43
26°C,扩容,shang4hai3shi4,2060 RCP 4.5,shang4hai3shi4_0_13_1980_S0,STOREY_0,1840,0
26°C,扩容,shang4hai3shi4,2060 RCP 4.5,shang4hai3shi4_0_14_2005_S0,STOREY_1,1840,1
26°C,扩容,shang4hai3shi4,2060 RCP 4.5,shang4hai3shi4_0_14_2005_S0,STOREY_2,1840,27
26°C,扩容,shang4hai3shi4,2060 RCP 4.5,shang4hai3shi4_0_14_2005_S0,STOREY_0,1840,0
26°C,扩容,shang4hai3shi4,2060 RCP 4.5,shang4hai3shi4_0_15_1995_S0,STOREY_1,1840,47
26°C,扩容,shang4hai3shi4,2060 RCP 4.5,shang4hai3shi4_0_15_1995_S0,STOREY_2,1840,73
26°C,扩容,shang4hai3shi4,2060 RCP 4.5,shang4hai3shi4_0_15_1995_S0,STOREY_0,1840,0
26°C,扩容,shang4hai3shi4,2060 RCP 4.5,shang4hai3shi4_0_2_1995_S0,STOREY_0,1840,0
26°C,扩容,shang4hai3shi4,2060 RCP 4.5,shang4hai3shi4_0_1_1980_S0,STOREY_1,1840,0
26°C,扩容,shang4hai3shi4,2060 RCP 4.5,shang4hai3shi4_0_1_1980_S0,STOREY_2,1840,12
26°C,扩容,shang4hai3shi4,2060 RCP 4.5,shang4hai3shi4_0_1_1980_S0,STOREY_0,1840,0
26°C,扩容,shang4hai3shi4,2060 RCP 2.6,shang4hai3shi4_2_8_2005_S0,STOREY_1,1840,0
26°C,扩容,shang4hai3shi4,2060 RCP 2.6,shang4hai3shi4_2_8_2005_S0,STOREY_2,1840,0
26°C,扩容,shang4hai3shi4,2060 RCP 2.6,shang4hai3shi4_2_8_2005_S0,STOREY_3,1840,0
26°C,扩容,shang4hai3shi4,2060 RCP 2.6,shang4hai3shi4_2_8_2005_S0,STOREY_4,1840,0
26°C,扩容,shang4hai3shi4,2060 RCP 2.6,shang4hai3shi4_2_8_2005_S0,STOREY_5,1840,0
26°C,扩容,shang4hai3shi4,2060 RCP 2.6,shang4hai3shi4_2_8_2005_S0,STOREY_6,1840,0
26°C,扩容,shang4hai3shi4,2060 RCP 2.6,shang4hai3shi4_2_8_2005_S0,STOREY_7,1840,0
26°C,扩容,shang4hai3shi4,2060 RCP 2.6,shang4hai3shi4_2_8_2005_S0,STOREY_8,1840,0
26°C,扩容,shang4hai3shi4,2060 RCP 2.6,shang4hai3shi4_2_8_2005_S0,STOREY_9,1840,0
26°C,扩容,shang4hai3shi4,2060 RCP 2.6,shang4hai3shi4_2_8_2005_S0,STOREY_10,1840,0
26°C,扩容,shang4hai3shi4,2060 RCP 2.6,shang4hai3shi4_2_8_2005_S0,STOREY_11,1840,0
26°C,扩容,shang4hai3shi4,2060 RCP 2.6,shang4hai3shi4_2_8_2005_S0,STOREY_12,1840,0
26°C,扩容,shang4hai3shi4,2060 RCP 2.6,shang4hai3shi4_2_8_2005_S0,STOREY_13,1840,0
26°C,扩容,shang4hai3shi4,2060 RCP 2.6,shang4hai3shi4_2_8_2005_S0,STOREY_14,1840,0
26°C,扩容,shang4hai3shi4,2060 RCP 2.6,shang4hai3shi4_2_8_2005_S0,STOREY_15,1840,0
26°C,扩容,shang4hai3shi4,2060 RCP 2.6,shang4hai3shi4_2_8_2005_S0,STOREY_16,1840,0
26°C,扩容,shang4hai3shi4,2060 RCP 2.6,shang4hai3shi4_2_8_2005_S0,STOREY_17,1840,0
26°C,扩容,shang4hai3shi4,2060 RCP 2.6,shang4hai3shi4_2_8_2005_S0,STOREY_18,1840,0
26°C,扩容,shang4hai3shi4,2060 RCP 2.6,shang4hai3shi4_2_8_2005_S0,STOREY_19,1840,0
26°C,扩容,shang4hai3shi4,2060 RCP 2.6,shang4hai3shi4_2_8_2005_S0,STOREY_20,1840,0
26°C,扩容,shang4hai3shi4,2060 RCP 2.6,shang4hai3shi4_2_8_2005_S0,STOREY_21,1840,5
26°C,扩容,shang4hai3shi4,2060 RCP 2.6,shang4hai3shi4_2_8_2005_S0,STOREY_0,1840,0
26°C,扩容,shang4hai3shi4,2060 RCP 2.6,shang4hai3shi4_2_9_2005_S0,STOREY_1,1840,0
26°C,扩容,shang4hai3shi4,2060 RCP 2.6,shang4hai3shi4_2_9_2005_S0,STOREY_2,1840,0
26°C,扩容,shang4hai3shi4,2060 RCP 2.6,shang4hai3shi4_2_9_2005_S0,STOREY_3,1840,0
26°C,扩容,shang4hai3shi4,2060 RCP 2.6,shang4hai3shi4_2_9_2005_S0,STOREY_4,1840,0
26°C,扩容,shang4hai3shi4,2060 RCP 2.6,shang4hai3shi4_2_9_2005_S0,STOREY_5,1840,0
26°C,扩容,shang4hai3shi4,2060 RCP 2.6,shang4hai3shi4_2_9_2005_S0,STOREY_6,1840,0
26°C,扩容,shang4hai3shi4,2060 RCP 2.6,shang4hai3shi4_2_9_2005_S0,STOREY_7,1840,0
26°C,扩容,shang4hai3shi4,2060 RCP 2.6,shang4hai3shi4_2_9_2005_S0,STOREY_8,1840,0
26°C,扩容,shang4hai3shi4,2060 RCP 2.6,shang4hai3shi4_2_9_2005_S0,STOREY_9,1840,0
26°C,扩容,shang4hai3shi4,2060 RCP 2.6,shang4hai3shi4_2_9_2005_S0,STOREY_10,1840,0
26°C,扩容,shang4hai3shi4,2060 RCP 2.6,shang4hai3shi4_2_9_2005_S0,STOREY_11,1840,0
26°C,扩容,shang4hai3shi4,2060 RCP 2.6,shang4hai3shi4_2_9_2005_S0,STOREY_12,1840,0
26°C,扩容,shang4hai3shi4,2060 RCP 2.6,shang4hai3shi4_2_9_2005_S0,STOREY_13,1840,0
26°C,扩容,shang4hai3shi4,2060 RCP 2.6,shang4hai3shi4_2_9_2005_S0,STOREY_14,1840,0
26°C,扩容,shang4hai3shi4,2060 RCP 2.6,shang4hai3shi4_2_9_2005_S0,STOREY_15,1840,0
26°C,扩容,shang4hai3shi4,2060 RCP 2.6,shang4hai3shi4_2_9_2005_S0,STOREY_16,1840,0
26°C,扩容,shang4hai3shi4,2060 RCP 2.6,shang4hai3shi4_2_9_2005_S0,STOREY_17,1840,0
26°C,扩容,shang4hai3shi4,2060 RCP 2.6,shang4hai3shi4_2_9_2005_S0,STOREY_18,1840,0
26°C,扩容,shang4hai3shi4,2060 RCP 2.6,shang4hai3shi4_2_9_2005_S0,STOREY_19,1840,0
26°C,扩容,shang4hai3shi4,2060 RCP 2.6,shang4hai3shi4_2_9_2005_S0,STOREY_20,1840,4
26°C,扩容,shang4hai3shi4,2060 RCP 2.6,shang4hai3shi4_2_9_2005_S0,STOREY_0,1840,0
26°C,扩容,shang4hai3shi4,2060 RCP 4.5,shang4hai3shi4_0_3_1980_S0,STOREY_1,1840,17
26°C,扩容,shang4hai3shi4,2060 RCP 4.5,shang4hai3shi4_0_3_1980_S0,STOREY_2,1840,47
26°C,扩容,shang4hai3shi4,2060 RCP 4.5,shang4hai3shi4_0_3_1980_S0,STOREY_0,1840,0
26°C,扩容,shang4hai3shi4,2060 RCP 4.5,shang4hai3shi4_0_4_1980_S0,STOREY_1,1840,91
26°C,扩容,shang4hai3shi4,2060 RCP 4.5,shang4hai3shi4_0_4_1980_S0,STOREY_2,1840,77
26°C,扩容,shang4hai3shi4,2060 RCP 4.5,shang4hai3shi4_0_4_1980_S0,STOREY_0,1840,0
26°C,扩容,shang4hai3shi4,2060 RCP 4.5,shang4hai3shi4_0_5_1980_S0,STOREY_1,1840,22
26°C,扩容,shang4hai3shi4,2060 RCP 4.5,shang4hai3shi4_0_5_1980_S0,STOREY_0,1840,0
26°C,扩容,shang4hai3shi4,2060 RCP 4.5,shang4hai3shi4_0_6_1980_S0,STOREY_1,1840,7
26°C,扩容,shang4hai3shi4,2060 RCP 4.5,shang4hai3shi4_0_6_1980_S0,STOREY_2,1840,42
26°C,扩容,shang4hai3shi4,2060 RCP 4.5,shang4hai3shi4_0_6_1980_S0,STOREY_0,1840,0
26°C,扩容,shang4hai3shi4,2060 RCP 4.5,shang4hai3shi4_0_7_1995_S0,STOREY_1,1840,56
26°C,扩容,shang4hai3shi4,2060 RCP 4.5,shang4hai3shi4_0_7_1995_S0,STOREY_2,1840,70
26°C,扩容,shang4hai3shi4,2060 RCP 4.5,shang4hai3shi4_0_7_1995_S0,STOREY_0,1840,0
26°C,扩容,shang4hai3shi4,2060 RCP 4.5,shang4hai3shi4_0_8_1980_S0,STOREY_1,1840,71
26°C,扩容,shang4hai3shi4,2060 RCP 4.5,shang4hai3shi4_0_8_1980_S0,STOREY_2,1840,69
26°C,扩容,shang4hai3shi4,2060 RCP 4.5,shang4hai3shi4_0_8_1980_S0,STOREY_0,1840,0
26°C,扩容,shang4hai3shi4,2060 RCP 4.5,shang4hai3shi4_0_9_1995_S0,STOREY_1,1840,1
26°C,扩容,shang4hai3shi4,2060 RCP 4.5,shang4hai3shi4_0_9_1995_S0,STOREY_2,1840,36
26°C,扩容,shang4hai3shi4,2060 RCP 4.5,shang4hai3shi4_0_9_1995_S0,STOREY_0,1840,0
26°C,扩容,shang4hai3shi4,2060 RCP 4.5,shang4hai3shi4_1_10_1995_S0,STOREY_1,1840,0
26°C,扩容,shang4hai3shi4,2060 RCP 4.5,shang4hai3shi4_1_10_1995_S0,STOREY_2,1840,0
26°C,扩容,shang4hai3shi4,2060 RCP 4.5,shang4hai3shi4_1_10_1995_S0,STOREY_3,1840,0
26°C,扩容,shang4hai3shi4,2060 RCP 4.5,shang4hai3shi4_1_10_1995_S0,STOREY_4,1840,0
26°C,扩容,shang4hai3shi4,2060 RCP 4.5,shang4hai3shi4_1_10_1995_S0,STOREY_5,1840,20
26°C,扩容,shang4hai3shi4,2060 RCP 4.5,shang4hai3shi4_1_10_1995_S0,STOREY_0,1840,0
26°C,扩容,shang4hai3shi4,2060 RCP 4.5,shang4hai3shi4_1_13_2005_S0,STOREY_1,1840,0
26°C,扩容,shang4hai3shi4,2060 RCP 4.5,shang4hai3shi4_1_13_2005_S0,STOREY_2,1840,0
26°C,扩容,shang4hai3shi4,2060 RCP 4.5,shang4hai3shi4_1_13_2005_S0,STOREY_3,1840,0
26°C,扩容,shang4hai3shi4,2060 RCP 4.5,shang4hai3shi4_1_13_2005_S0,STOREY_4,1840,14
26°C,扩容,shang4hai3shi4,2060 RCP 4.5,shang4hai3shi4_1_13_2005_S0,STOREY_0,1840,0
26°C,扩容,shang4hai3shi4,2060 RCP 4.5,shang4hai3shi4_1_11_1995_S0,STOREY_1,1840,0
26°C,扩容,shang4hai3shi4,2060 RCP 4.5,shang4hai3shi4_1_11_1995_S0,STOREY_2,1840,0
26°C,扩容,shang4hai3shi4,2060 RCP 4.5,shang4hai3shi4_1_11_1995_S0,STOREY_3,1840,0
26°C,扩容,shang4hai3shi4,2060 RCP 4.5,shang4hai3shi4_1_11_1995_S0,STOREY_4,1840,1
26°C,扩容,shang4hai3shi4,2060 RCP 4.5,shang4hai3shi4_1_11_1995_S0,STOREY_5,1840,29
26°C,扩容,shang4hai3shi4,2060 RCP 4.5,shang4hai3shi4_1_11_1995_S0,STOREY_0,1840,0
26°C,扩容,shang4hai3shi4,2060 RCP 4.5,shang4hai3shi4_1_12_2005_S0,STOREY_1,1840,0
26°C,扩容,shang4hai3shi4,2060 RCP 4.5,shang4hai3shi4_1_12_2005_S0,STOREY_2,1840,0
26°C,扩容,shang4hai3shi4,2060 RCP 4.5,shang4hai3shi4_1_12_2005_S0,STOREY_3,1840,0
26°C,扩容,shang4hai3shi4,2060 RCP 4.5,shang4hai3shi4_1_12_2005_S0,STOREY_4,1840,0
26°C,扩容,shang4hai3shi4,2060 RCP 4.5,shang4hai3shi4_1_12_2005_S0,STOREY_5,1840,14
26°C,扩容,shang4hai3shi4,2060 RCP 4.5,shang4hai3shi4_1_12_2005_S0,STOREY_0,1840,0
26°C,扩容,shang4hai3shi4,2060 RCP 4.5,shang4hai3shi4_1_15_2005_S0,STOREY_1,1840,0
26°C,扩容,shang4hai3shi4,2060 RCP 4.5,shang4hai3shi4_1_15_2005_S0,STOREY_2,1840,0
26°C,扩容,shang4hai3shi4,2060 RCP 4.5,shang4hai3shi4_1_15_2005_S0,STOREY_3,1840,0
26°C,扩容,shang4hai3shi4,2060 RCP 4.5,shang4hai3shi4_1_15_2005_S0,STOREY_4,1840,0
26°C,扩容,shang4hai3shi4,2060 RCP 4.5,shang4hai3shi4_1_15_2005_S0,STOREY_5,1840,13
26°C,扩容,shang4hai3shi4,2060 RCP 4.5,shang4hai3shi4_1_15_2005_S0,STOREY_0,1840,0
26°C,扩容,shang4hai3shi4,2060 RCP 4.5,shang4hai3shi4_1_1_1995_S0,STOREY_1,1840,0
26°C,扩容,shang4hai3shi4,2060 RCP 4.5,shang4hai3shi4_1_1_1995_S0,STOREY_2,1840,0
26°C,扩容,shang4hai3shi4,2060 RCP 4.5,shang4hai3shi4_1_1_1995_S0,STOREY_3,1840,0
26°C,扩容,shang4hai3shi4,2060 RCP 4.5,shang4hai3shi4_1_1_1995_S0,STOREY_4,1840,1
26°C,扩容,shang4hai3shi4,2060 RCP 4.5,shang4hai3shi4_1_1_1995_S0,STOREY_5,1840,31
26°C,扩容,shang4hai3shi4,2060 RCP 4.5,shang4hai3shi4_1_1_1995_S0,STOREY_0,1840,0
26°C,扩容,shang4hai3shi4,2060 RCP 4.5,shang4hai3shi4_1_2_1980_S0,STOREY_1,1840,3
26°C,扩容,shang4hai3shi4,2060 RCP 4.5,shang4hai3shi4_1_2_1980_S0,STOREY_2,1840,4
26°C,扩容,shang4hai3shi4,2060 RCP 4.5,shang4hai3shi4_1_2_1980_S0,STOREY_3,1840,4
26°C,扩容,shang4hai3shi4,2060 RCP 4.5,shang4hai3shi4_1_2_1980_S0,STOREY_4,1840,10
26°C,扩容,shang4hai3shi4,2060 RCP 4.5,shang4hai3shi4_1_2_1980_S0,STOREY_5,1840,32
26°C,扩容,shang4hai3shi4,2060 RCP 4.5,shang4hai3shi4_1_2_1980_S0,STOREY_0,1840,0
26°C,扩容,shang4hai3shi4,2060 RCP 4.5,shang4hai3shi4_1_14_1995_S0,STOREY_1,1840,0
26°C,扩容,shang4hai3shi4,2060 RCP 4.5,shang4hai3shi4_1_14_1995_S0,STOREY_2,1840,0
26°C,扩容,shang4hai3shi4,2060 RCP 4.5,shang4hai3shi4_1_14_1995_S0,STOREY_3,1840,0
26°C,扩容,shang4hai3shi4,2060 RCP 4.5,shang4hai3shi4_1_14_1995_S0,STOREY_4,1840,0
26°C,扩容,shang4hai3shi4,2060 RCP 4.5,shang4hai3shi4_1_14_1995_S0,STOREY_5,1840,0
26°C,扩容,shang4hai3shi4,2060 RCP 4.5,shang4hai3shi4_1_14_1995_S0,STOREY_6,1840,0
26°C,扩容,shang4hai3shi4,2060 RCP 4.5,shang4hai3shi4_1_14_1995_S0,STOREY_7,1840,0
26°C,扩容,shang4hai3shi4,2060 RCP 4.5,shang4hai3shi4_1_14_1995_S0,STOREY_8,1840,1
26°C,扩容,shang4hai3shi4,2060 RCP 4.5,shang4hai3shi4_1_14_1995_S0,STOREY_9,1840,28
26°C,扩容,shang4hai3shi4,2060 RCP 4.5,shang4hai3shi4_1_14_1995_S0,STOREY_0,1840,0
26°C,扩容,shang4hai3shi4,2060 RCP 4.5,shang4hai3shi4_1_3_1995_S0,STOREY_1,1840,0
26°C,扩容,shang4hai3shi4,2060 RCP 4.5,shang4hai3shi4_1_3_1995_S0,STOREY_2,1840,0
26°C,扩容,shang4hai3shi4,2060 RCP 4.5,shang4hai3shi4_1_3_1995_S0,STOREY_3,1840,0
26°C,扩容,shang4hai3shi4,2060 RCP 4.5,shang4hai3shi4_1_3_1995_S0,STOREY_4,1840,0
26°C,扩容,shang4hai3shi4,2060 RCP 4.5,shang4hai3shi4_1_3_1995_S0,STOREY_5,1840,17
26°C,扩容,shang4hai3shi4,2060 RCP 4.5,shang4hai3shi4_1_3_1995_S0,STOREY_0,1840,0
26°C,扩容,shang4hai3shi4,2060 RCP 4.5,shang4hai3shi4_1_4_2005_S0,STOREY_1,1840,0
26°C,扩容,shang4hai3shi4,2060 RCP 4.5,shang4hai3shi4_1_4_2005_S0,STOREY_2,1840,0
26°C,扩容,shang4hai3shi4,2060 RCP 4.5,shang4hai3shi4_1_4_2005_S0,STOREY_3,1840,0
26°C,扩容,shang4hai3shi4,2060 RCP 4.5,shang4hai3shi4_1_4_2005_S0,STOREY_4,1840,0
26°C,扩容,shang4hai3shi4,2060 RCP 4.5,shang4hai3shi4_1_4_2005_S0,STOREY_5,1840,13
26°C,扩容,shang4hai3shi4,2060 RCP 4.5,shang4hai3shi4_1_4_2005_S0,STOREY_0,1840,0
26°C,扩容,shang4hai3shi4,2060 RCP 4.5,shang4hai3shi4_1_5_2005_S0,STOREY_1,1840,0
26°C,扩容,shang4hai3shi4,2060 RCP 4.5,shang4hai3shi4_1_5_2005_S0,STOREY_2,1840,0
26°C,扩容,shang4hai3shi4,2060 RCP 4.5,shang4hai3shi4_1_5_2005_S0,STOREY_3,1840,0
26°C,扩容,shang4hai3shi4,2060 RCP 4.5,shang4hai3shi4_1_5_2005_S0,STOREY_4,1840,0
26°C,扩容,shang4hai3shi4,2060 RCP 4.5,shang4hai3shi4_1_5_2005_S0,STOREY_5,1840,26
26°C,扩容,shang4hai3shi4,2060 RCP 4.5,shang4hai3shi4_1_5_2005_S0,STOREY_0,1840,0
26°C,扩容,shang4hai3shi4,2060 RCP 4.5,shang4hai3shi4_1_6_2005_S0,STOREY_1,1840,0
26°C,扩容,shang4hai3shi4,2060 RCP 4.5,shang4hai3shi4_1_6_2005_S0,STOREY_2,1840,0
26°C,扩容,shang4hai3shi4,2060 RCP 4.5,shang4hai3shi4_1_6_2005_S0,STOREY_3,1840,0
26°C,扩容,shang4hai3shi4,2060 RCP 4.5,shang4hai3shi4_1_6_2005_S0,STOREY_4,1840,0
26°C,扩容,shang4hai3shi4,2060 RCP 4.5,shang4hai3shi4_1_6_2005_S0,STOREY_5,1840,16
26°C,扩容,shang4hai3shi4,2060 RCP 4.5,shang4hai3shi4_1_6_2005_S0,STOREY_0,1840,0
26°C,扩容,shang4hai3shi4,2060 RCP 4.5,shang4hai3shi4_1_7_1995_S0,STOREY_1,1840,1
26°C,扩容,shang4hai3shi4,2060 RCP 4.5,shang4hai3shi4_1_7_1995_S0,STOREY_2,1840,1
26°C,扩容,shang4hai3shi4,2060 RCP 4.5,shang4hai3shi4_1_7_1995_S0,STOREY_3,1840,3
26°C,扩容,shang4hai3shi4,2060 RCP 4.5,shang4hai3shi4_1_7_1995_S0,STOREY_4,1840,41
26°C,扩容,shang4hai3shi4,2060 RCP 4.5,shang4hai3shi4_1_7_1995_S0,STOREY_0,1840,0
26°C,扩容,shang4hai3shi4,2060 RCP 4.5,shang4hai3shi4_1_8_1995_S0,STOREY_1,1840,7
26°C,扩容,shang4hai3shi4,2060 RCP 4.5,shang4hai3shi4_1_8_1995_S0,STOREY_2,1840,7
26°C,扩容,shang4hai3shi4,2060 RCP 4.5,shang4hai3shi4_1_8_1995_S0,STOREY_3,1840,7
26°C,扩容,shang4hai3shi4,2060 RCP 4.5,shang4hai3shi4_1_8_1995_S0,STOREY_4,1840,14
26°C,扩容,shang4hai3shi4,2060 RCP 4.5,shang4hai3shi4_1_8_1995_S0,STOREY_5,1840,49
26°C,扩容,shang4hai3shi4,2060 RCP 4.5,shang4hai3shi4_1_8_1995_S0,STOREY_0,1840,0
26°C,扩容,shang4hai3shi4,2060 RCP 4.5,shang4hai3shi4_1_9_1980_S0,STOREY_1,1840,0
26°C,扩容,shang4hai3shi4,2060 RCP 4.5,shang4hai3shi4_1_9_1980_S0,STOREY_2,1840,0
26°C,扩容,shang4hai3shi4,2060 RCP 4.5,shang4hai3shi4_1_9_1980_S0,STOREY_3,1840,0
26°C,扩容,shang4hai3shi4,2060 RCP 4.5,shang4hai3shi4_1_9_1980_S0,STOREY_4,1840,1
26°C,扩容,shang4hai3shi4,2060 RCP 4.5,shang4hai3shi4_1_9_1980_S0,STOREY_5,1840,23
26°C,扩容,shang4hai3shi4,2060 RCP 4.5,shang4hai3shi4_1_9_1980_S0,STOREY_0,1840,0
26°C,扩容,shang4hai3shi4,2060 RCP 4.5,shang4hai3shi4_2_10_1995_S0,STOREY_1,1840,0
26°C,扩容,shang4hai3shi4,2060 RCP 4.5,shang4hai3shi4_2_10_1995_S0,STOREY_2,1840,0
26°C,扩容,shang4hai3shi4,2060 RCP 4.5,shang4hai3shi4_2_10_1995_S0,STOREY_3,1840,0
26°C,扩容,shang4hai3shi4,2060 RCP 4.5,shang4hai3shi4_2_10_1995_S0,STOREY_4,1840,0
26°C,扩容,shang4hai3shi4,2060 RCP 4.5,shang4hai3shi4_2_10_1995_S0,STOREY_5,1840,0
26°C,扩容,shang4hai3shi4,2060 RCP 4.5,shang4hai3shi4_2_10_1995_S0,STOREY_6,1840,0
26°C,扩容,shang4hai3shi4,2060 RCP 4.5,shang4hai3shi4_2_10_1995_S0,STOREY_7,1840,0
26°C,扩容,shang4hai3shi4,2060 RCP 4.5,shang4hai3shi4_2_10_1995_S0,STOREY_8,1840,0
26°C,扩容,shang4hai3shi4,2060 RCP 4.5,shang4hai3shi4_2_10_1995_S0,STOREY_9,1840,0
26°C,扩容,shang4hai3shi4,2060 RCP 4.5,shang4hai3shi4_2_10_1995_S0,STOREY_10,1840,0
26°C,扩容,shang4hai3shi4,2060 RCP 4.5,shang4hai3shi4_2_10_1995_S0,STOREY_11,1840,0
26°C,扩容,shang4hai3shi4,2060 RCP 4.5,shang4hai3shi4_2_10_1995_S0,STOREY_12,1840,0
26°C,扩容,shang4hai3shi4,2060 RCP 4.5,shang4hai3shi4_2_10_1995_S0,STOREY_13,1840,0
26°C,扩容,shang4hai3shi4,2060 RCP 4.5,shang4hai3shi4_2_10_1995_S0,STOREY_14,1840,0
26°C,扩容,shang4hai3shi4,2060 RCP 4.5,shang4hai3shi4_2_10_1995_S0,STOREY_15,1840,16
26°C,扩容,shang4hai3shi4,2060 RCP 4.5,shang4hai3shi4_2_10_1995_S0,STOREY_0,1840,0
26°C,扩容,shang4hai3shi4,2060 RCP 4.5,shang4hai3shi4_2_11_2005_S0,STOREY_1,1840,0
26°C,扩容,shang4hai3shi4,2060 RCP 4.5,shang4hai3shi4_2_11_2005_S0,STOREY_2,1840,0
26°C,扩容,shang4hai3shi4,2060 RCP 4.5,shang4hai3shi4_2_11_2005_S0,STOREY_3,1840,0
26°C,扩容,shang4hai3shi4,2060 RCP 4.5,shang4hai3shi4_2_11_2005_S0,STOREY_4,1840,0
26°C,扩容,shang4hai3shi4,2060 RCP 4.5,shang4hai3shi4_2_11_2005_S0,STOREY_5,1840,0
26°C,扩容,shang4hai3shi4,2060 RCP 4.5,shang4hai3shi4_2_11_2005_S0,STOREY_6,1840,0
26°C,扩容,shang4hai3shi4,2060 RCP 4.5,shang4hai3shi4_2_11_2005_S0,STOREY_7,1840,0
26°C,扩容,shang4hai3shi4,2060 RCP 4.5,shang4hai3shi4_2_11_2005_S0,STOREY_8,1840,0
26°C,扩容,shang4hai3shi4,2060 RCP 4.5,shang4hai3shi4_2_11_2005_S0,STOREY_9,1840,0
26°C,扩容,shang4hai3shi4,2060 RCP 4.5,shang4hai3shi4_2_11_2005_S0,STOREY_10,1840,0
26°C,扩容,shang4hai3shi4,2060 RCP 4.5,shang4hai3shi4_2_11_2005_S0,STOREY_11,1840,11
26°C,扩容,shang4hai3shi4,2060 RCP 4.5,shang4hai3shi4_2_11_2005_S0,STOREY_0,1840,0
26°C,扩容,shang4hai3shi4,2060 RCP 4.5,shang4hai3shi4_2_12_2005_S0,STOREY_1,1840,0
26°C,扩容,shang4hai3shi4,2060 RCP 4.5,shang4hai3shi4_2_12_2005_S0,STOREY_2,1840,0
26°C,扩容,shang4hai3shi4,2060 RCP 4.5,shang4hai3shi4_2_12_2005_S0,STOREY_3,1840,0
26°C,扩容,shang4hai3shi4,2060 RCP 4.5,shang4hai3shi4_2_12_2005_S0,STOREY_4,1840,0
26°C,扩容,shang4hai3shi4,2060 RCP 4.5,shang4hai3shi4_2_12_2005_S0,STOREY_5,1840,0
26°C,扩容,shang4hai3shi4,2060 RCP 4.5,shang4hai3shi4_2_12_2005_S0,STOREY_6,1840,0
26°C,扩容,shang4hai3shi4,2060 RCP 4.5,shang4hai3shi4_2_12_2005_S0,STOREY_7,1840,0
26°C,扩容,shang4hai3shi4,2060 RCP 4.5,shang4hai3shi4_2_12_2005_S0,STOREY_8,1840,0
26°C,扩容,shang4hai3shi4,2060 RCP 4.5,shang4hai3shi4_2_12_2005_S0,STOREY_9,1840,0
26°C,扩容,shang4hai3shi4,2060 RCP 4.5,shang4hai3shi4_2_12_2005_S0,STOREY_10,1840,0
26°C,扩容,shang4hai3shi4,2060 RCP 4.5,shang4hai3shi4_2_12_2005_S0,STOREY_11,1840,0
26°C,扩容,shang4hai3shi4,2060 RCP 4.5,shang4hai3shi4_2_12_2005_S0,STOREY_12,1840,0
26°C,扩容,shang4hai3shi4,2060 RCP 4.5,shang4hai3shi4_2_12_2005_S0,STOREY_13,1840,8
26°C,扩容,shang4hai3shi4,2060 RCP 4.5,shang4hai3shi4_2_12_2005_S0,STOREY_0,1840,0
26°C,扩容,shang4hai3shi4,2060 RCP 4.5,shang4hai3shi4_2_15_2005_S0,STOREY_1,1840,0
26°C,扩容,shang4hai3shi4,2060 RCP 4.5,shang4hai3shi4_2_15_2005_S0,STOREY_2,1840,0
26°C,扩容,shang4hai3shi4,2060 RCP 4.5,shang4hai3shi4_2_15_2005_S0,STOREY_3,1840,0
26°C,扩容,shang4hai3shi4,2060 RCP 4.5,shang4hai3shi4_2_15_2005_S0,STOREY_4,1840,0
26°C,扩容,shang4hai3shi4,2060 RCP 4.5,shang4hai3shi4_2_15_2005_S0,STOREY_5,1840,0
26°C,扩容,shang4hai3shi4,2060 RCP 4.5,shang4hai3shi4_2_15_2005_S0,STOREY_6,1840,0
26°C,扩容,shang4hai3shi4,2060 RCP 4.5,shang4hai3shi4_2_15_2005_S0,STOREY_7,1840,0
26°C,扩容,shang4hai3shi4,2060 RCP 4.5,shang4hai3shi4_2_15_2005_S0,STOREY_8,1840,0
26°C,扩容,shang4hai3shi4,2060 RCP 4.5,shang4hai3shi4_2_15_2005_S0,STOREY_9,1840,0
26°C,扩容,shang4hai3shi4,2060 RCP 4.5,shang4hai3shi4_2_15_2005_S0,STOREY_10,1840,0
26°C,扩容,shang4hai3shi4,2060 RCP 4.5,shang4hai3shi4_2_15_2005_S0,STOREY_11,1840,0
26°C,扩容,shang4hai3shi4,2060 RCP 4.5,shang4hai3shi4_2_15_2005_S0,STOREY_12,1840,20
26°C,扩容,shang4hai3shi4,2060 RCP 4.5,shang4hai3shi4_2_15_2005_S0,STOREY_0,1840,0
26°C,扩容,shang4hai3shi4,2060 RCP 4.5,shang4hai3shi4_2_13_2005_S0,STOREY_1,1840,0
26°C,扩容,shang4hai3shi4,2060 RCP 4.5,shang4hai3shi4_2_13_2005_S0,STOREY_2,1840,0
26°C,扩容,shang4hai3shi4,2060 RCP 4.5,shang4hai3shi4_2_13_2005_S0,STOREY_3,1840,0
26°C,扩容,shang4hai3shi4,2060 RCP 4.5,shang4hai3shi4_2_13_2005_S0,STOREY_4,1840,0
26°C,扩容,shang4hai3shi4,2060 RCP 4.5,shang4hai3shi4_2_13_2005_S0,STOREY_5,1840,0
26°C,扩容,shang4hai3shi4,2060 RCP 4.5,shang4hai3shi4_2_13_2005_S0,STOREY_6,1840,0
26°C,扩容,shang4hai3shi4,2060 RCP 4.5,shang4hai3shi4_2_13_2005_S0,STOREY_7,1840,0
26°C,扩容,shang4hai3shi4,2060 RCP 4.5,shang4hai3shi4_2_13_2005_S0,STOREY_8,1840,0
26°C,扩容,shang4hai3shi4,2060 RCP 4.5,shang4hai3shi4_2_13_2005_S0,STOREY_9,1840,0
26°C,扩容,shang4hai3shi4,2060 RCP 4.5,shang4hai3shi4_2_13_2005_S0,STOREY_10,1840,0
26°C,扩容,shang4hai3shi4,2060 RCP 4.5,shang4hai3shi4_2_13_2005_S0,STOREY_11,1840,0
26°C,扩容,shang4hai3shi4,2060 RCP 4.5,shang4hai3shi4_2_13_2005_S0,STOREY_12,1840,0
26°C,扩容,shang4hai3shi4,2060 RCP 4.5,shang4hai3shi4_2_13_2005_S0,STOREY_13,1840,0
26°C,扩容,shang4hai3shi4,2060 RCP 4.5,shang4hai3shi4_2_13_2005_S0,STOREY_14,1840,0
26°C,扩容,shang4hai3shi4,2060 RCP 4.5,shang4hai3shi4_2_13_2005_S0,STOREY_15,1840,0
26°C,扩容,shang4hai3shi4,2060 RCP 4.5,shang4hai3shi4_2_13_2005_S0,STOREY_16,1840,0
26°C,扩容,shang4hai3shi4,2060 RCP 4.5,shang4hai3shi4_2_13_2005_S0,STOREY_17,1840,0
26°C,扩容,shang4hai3shi4,2060 RCP 4.5,shang4hai3shi4_2_13_2005_S0,STOREY_18,1840,0
26°C,扩容,shang4hai3shi4,2060 RCP 4.5,shang4hai3shi4_2_13_2005_S0,STOREY_19,1840,0
26°C,扩容,shang4hai3shi4,2060 RCP 4.5,shang4hai3shi4_2_13_2005_S0,STOREY_20,1840,0
26°C,扩容,shang4hai3shi4,2060 RCP 4.5,shang4hai3shi4_2_13_2005_S0,STOREY_21,1840,0
26°C,扩容,shang4hai3shi4,2060 RCP 4.5,shang4hai3shi4_2_13_2005_S0,STOREY_22,1840,0
26°C,扩容,shang4hai3shi4,2060 RCP 4.5,shang4hai3shi4_2_13_2005_S0,STOREY_23,1840,0
26°C,扩容,shang4hai3shi4,2060 RCP 4.5,shang4hai3shi4_2_13_2005_S0,STOREY_24,1840,0
26°C,扩容,shang4hai3shi4,2060 RCP 4.5,shang4hai3shi4_2_13_2005_S0,STOREY_25,1840,0
26°C,扩容,shang4hai3shi4,2060 RCP 4.5,shang4hai3shi4_2_13_2005_S0,STOREY_26,1840,0
26°C,扩容,shang4hai3shi4,2060 RCP 4.5,shang4hai3shi4_2_13_2005_S0,STOREY_27,1840,12
26°C,扩容,shang4hai3shi4,2060 RCP 4.5,shang4hai3shi4_2_13_2005_S0,STOREY_0,1840,0
26°C,扩容,shang4hai3shi4,2060 RCP 4.5,shang4hai3shi4_2_14_2015_S0,STOREY_1,1840,0
26°C,扩容,shang4hai3shi4,2060 RCP 4.5,shang4hai3shi4_2_14_2015_S0,STOREY_2,1840,0
26°C,扩容,shang4hai3shi4,2060 RCP 4.5,shang4hai3shi4_2_14_2015_S0,STOREY_3,1840,0
26°C,扩容,shang4hai3shi4,2060 RCP 4.5,shang4hai3shi4_2_14_2015_S0,STOREY_4,1840,0
26°C,扩容,shang4hai3shi4,2060 RCP 4.5,shang4hai3shi4_2_14_2015_S0,STOREY_5,1840,0
26°C,扩容,shang4hai3shi4,2060 RCP 4.5,shang4hai3shi4_2_14_2015_S0,STOREY_6,1840,0
26°C,扩容,shang4hai3shi4,2060 RCP 4.5,shang4hai3shi4_2_14_2015_S0,STOREY_7,1840,0
26°C,扩容,shang4hai3shi4,2060 RCP 4.5,shang4hai3shi4_2_14_2015_S0,STOREY_8,1840,0
26°C,扩容,shang4hai3shi4,2060 RCP 4.5,shang4hai3shi4_2_14_2015_S0,STOREY_9,1840,0
26°C,扩容,shang4hai3shi4,2060 RCP 4.5,shang4hai3shi4_2_14_2015_S0,STOREY_10,1840,0
26°C,扩容,shang4hai3shi4,2060 RCP 4.5,shang4hai3shi4_2_14_2015_S0,STOREY_11,1840,0
26°C,扩容,shang4hai3shi4,2060 RCP 4.5,shang4hai3shi4_2_14_2015_S0,STOREY_12,1840,0
26°C,扩容,shang4hai3shi4,2060 RCP 4.5,shang4hai3shi4_2_14_2015_S0,STOREY_13,1840,0
26°C,扩容,shang4hai3shi4,2060 RCP 4.5,shang4hai3shi4_2_14_2015_S0,STOREY_14,1840,0
26°C,扩容,shang4hai3shi4,2060 RCP 4.5,shang4hai3shi4_2_14_2015_S0,STOREY_15,1840,0
26°C,扩容,shang4hai3shi4,2060 RCP 4.5,shang4hai3shi4_2_14_2015_S0,STOREY_16,1840,0
26°C,扩容,shang4hai3shi4,2060 RCP 4.5,shang4hai3shi4_2_14_2015_S0,STOREY_17,1840,3
26°C,扩容,shang4hai3shi4,2060 RCP 4.5,shang4hai3shi4_2_14_2015_S0,STOREY_0,1840,0
26°C,扩容,shang4hai3shi4,2060 RCP 4.5,shang4hai3shi4_2_1_2005_S0,STOREY_1,1840,0
26°C,扩容,shang4hai3shi4,2060 RCP 4.5,shang4hai3shi4_2_1_2005_S0,STOREY_2,1840,0
26°C,扩容,shang4hai3shi4,2060 RCP 4.5,shang4hai3shi4_2_1_2005_S0,STOREY_3,1840,0
26°C,扩容,shang4hai3shi4,2060 RCP 4.5,shang4hai3shi4_2_1_2005_S0,STOREY_4,1840,0
26°C,扩容,shang4hai3shi4,2060 RCP 4.5,shang4hai3shi4_2_1_2005_S0,STOREY_5,1840,0
26°C,扩容,shang4hai3shi4,2060 RCP 4.5,shang4hai3shi4_2_1_2005_S0,STOREY_6,1840,0
26°C,扩容,shang4hai3shi4,2060 RCP 4.5,shang4hai3shi4_2_1_2005_S0,STOREY_7,1840,0
26°C,扩容,shang4hai3shi4,2060 RCP 4.5,shang4hai3shi4_2_1_2005_S0,STOREY_8,1840,0
26°C,扩容,shang4hai3shi4,2060 RCP 4.5,shang4hai3shi4_2_1_2005_S0,STOREY_9,1840,0
26°C,扩容,shang4hai3shi4,2060 RCP 4.5,shang4hai3shi4_2_1_2005_S0,STOREY_10,1840,0
26°C,扩容,shang4hai3shi4,2060 RCP 4.5,shang4hai3shi4_2_1_2005_S0,STOREY_11,1840,0
26°C,扩容,shang4hai3shi4,2060 RCP 4.5,shang4hai3shi4_2_1_2005_S0,STOREY_12,1840,0
26°C,扩容,shang4hai3shi4,2060 RCP 4.5,shang4hai3shi4_2_1_2005_S0,STOREY_13,1840,0
26°C,扩容,shang4hai3shi4,2060 RCP 4.5,shang4hai3shi4_2_1_2005_S0,STOREY_14,1840,0
26°C,扩容,shang4hai3shi4,2060 RCP 4.5,shang4hai3shi4_2_1_2005_S0,STOREY_15,1840,9
26°C,扩容,shang4hai3shi4,2060 RCP 4.5,shang4hai3shi4_2_1_2005_S0,STOREY_0,1840,0
26°C,扩容,shang4hai3shi4,2060 RCP 4.5,shang4hai3shi4_2_2_1980_S0,STOREY_1,1840,0
26°C,扩容,shang4hai3shi4,2060 RCP 4.5,shang4hai3shi4_2_2_1980_S0,STOREY_2,1840,0
26°C,扩容,shang4hai3shi4,2060 RCP 4.5,shang4hai3shi4_2_2_1980_S0,STOREY_3,1840,0
26°C,扩容,shang4hai3shi4,2060 RCP 4.5,shang4hai3shi4_2_2_1980_S0,STOREY_4,1840,0
26°C,扩容,shang4hai3shi4,2060 RCP 4.5,shang4hai3shi4_2_2_1980_S0,STOREY_5,1840,0
26°C,扩容,shang4hai3shi4,2060 RCP 4.5,shang4hai3shi4_2_2_1980_S0,STOREY_6,1840,0
26°C,扩容,shang4hai3shi4,2060 RCP 4.5,shang4hai3shi4_2_2_1980_S0,STOREY_7,1840,0
26°C,扩容,shang4hai3shi4,2060 RCP 4.5,shang4hai3shi4_2_2_1980_S0,STOREY_8,1840,0
26°C,扩容,shang4hai3shi4,2060 RCP 4.5,shang4hai3shi4_2_2_1980_S0,STOREY_9,1840,0
26°C,扩容,shang4hai3shi4,2060 RCP 4.5,shang4hai3shi4_2_2_1980_S0,STOREY_10,1840,1
26°C,扩容,shang4hai3shi4,2060 RCP 4.5,shang4hai3shi4_2_2_1980_S0,STOREY_11,1840,25
26°C,扩容,shang4hai3shi4,2060 RCP 4.5,shang4hai3shi4_2_2_1980_S0,STOREY_0,1840,0
26°C,扩容,shang4hai3shi4,2060 RCP 4.5,shang4hai3shi4_2_3_2005_S0,STOREY_1,1840,0
26°C,扩容,shang4hai3shi4,2060 RCP 4.5,shang4hai3shi4_2_3_2005_S0,STOREY_2,1840,0
26°C,扩容,shang4hai3shi4,2060 RCP 4.5,shang4hai3shi4_2_3_2005_S0,STOREY_3,1840,0
26°C,扩容,shang4hai3shi4,2060 RCP 4.5,shang4hai3shi4_2_3_2005_S0,STOREY_4,1840,0
26°C,扩容,shang4hai3shi4,2060 RCP 4.5,shang4hai3shi4_2_3_2005_S0,STOREY_5,1840,0
26°C,扩容,shang4hai3shi4,2060 RCP 4.5,shang4hai3shi4_2_3_2005_S0,STOREY_6,1840,0
26°C,扩容,shang4hai3shi4,2060 RCP 4.5,shang4hai3shi4_2_3_2005_S0,STOREY_7,1840,0
26°C,扩容,shang4hai3shi4,2060 RCP 4.5,shang4hai3shi4_2_3_2005_S0,STOREY_8,1840,0
26°C,扩容,shang4hai3shi4,2060 RCP 4.5,shang4hai3shi4_2_3_2005_S0,STOREY_9,1840,0
26°C,扩容,shang4hai3shi4,2060 RCP 4.5,shang4hai3shi4_2_3_2005_S0,STOREY_10,1840,0
26°C,扩容,shang4hai3shi4,2060 RCP 4.5,shang4hai3shi4_2_3_2005_S0,STOREY_11,1840,0
26°C,扩容,shang4hai3shi4,2060 RCP 4.5,shang4hai3shi4_2_3_2005_S0,STOREY_12,1840,0
26°C,扩容,shang4hai3shi4,2060 RCP 4.5,shang4hai3shi4_2_3_2005_S0,STOREY_13,1840,0
26°C,扩容,shang4hai3shi4,2060 RCP 4.5,shang4hai3shi4_2_3_2005_S0,STOREY_14,1840,0
26°C,扩容,shang4hai3shi4,2060 RCP 4.5,shang4hai3shi4_2_3_2005_S0,STOREY_15,1840,0
26°C,扩容,shang4hai3shi4,2060 RCP 4.5,shang4hai3shi4_2_3_2005_S0,STOREY_16,1840,0
26°C,扩容,shang4hai3shi4,2060 RCP 4.5,shang4hai3shi4_2_3_2005_S0,STOREY_17,1840,13
26°C,扩容,shang4hai3shi4,2060 RCP 4.5,shang4hai3shi4_2_3_2005_S0,STOREY_0,1840,0
26°C,扩容,shang4hai3shi4,2060 RCP 4.5,shang4hai3shi4_2_4_1995_S0,STOREY_1,1840,0
26°C,扩容,shang4hai3shi4,2060 RCP 4.5,shang4hai3shi4_2_4_1995_S0,STOREY_2,1840,0
26°C,扩容,shang4hai3shi4,2060 RCP 4.5,shang4hai3shi4_2_4_1995_S0,STOREY_3,1840,0
26°C,扩容,shang4hai3shi4,2060 RCP 4.5,shang4hai3shi4_2_4_1995_S0,STOREY_4,1840,0
26°C,扩容,shang4hai3shi4,2060 RCP 4.5,shang4hai3shi4_2_4_1995_S0,STOREY_5,1840,0
26°C,扩容,shang4hai3shi4,2060 RCP 4.5,shang4hai3shi4_2_4_1995_S0,STOREY_6,1840,0
26°C,扩容,shang4hai3shi4,2060 RCP 4.5,shang4hai3shi4_2_4_1995_S0,STOREY_7,1840,0
26°C,扩容,shang4hai3shi4,2060 RCP 4.5,shang4hai3shi4_2_4_1995_S0,STOREY_8,1840,0
26°C,扩容,shang4hai3shi4,2060 RCP 4.5,shang4hai3shi4_2_4_1995_S0,STOREY_9,1840,0
26°C,扩容,shang4hai3shi4,2060 RCP 4.5,shang4hai3shi4_2_4_1995_S0,STOREY_10,1840,0
26°C,扩容,shang4hai3shi4,2060 RCP 4.5,shang4hai3shi4_2_4_1995_S0,STOREY_11,1840,0
26°C,扩容,shang4hai3shi4,2060 RCP 4.5,shang4hai3shi4_2_4_1995_S0,STOREY_12,1840,0
26°C,扩容,shang4hai3shi4,2060 RCP 4.5,shang4hai3shi4_2_4_1995_S0,STOREY_13,1840,0
26°C,扩容,shang4hai3shi4,2060 RCP 4.5,shang4hai3shi4_2_4_1995_S0,STOREY_14,1840,0
26°C,扩容,shang4hai3shi4,2060 RCP 4.5,shang4hai3shi4_2_4_1995_S0,STOREY_15,1840,0
26°C,扩容,shang4hai3shi4,2060 RCP 4.5,shang4hai3shi4_2_4_1995_S0,STOREY_16,1840,0
26°C,扩容,shang4hai3shi4,2060 RCP 4.5,shang4hai3shi4_2_4_1995_S0,STOREY_17,1840,0
26°C,扩容,shang4hai3shi4,2060 RCP 4.5,shang4hai3shi4_2_4_1995_S0,STOREY_18,1840,0
26°C,扩容,shang4hai3shi4,2060 RCP 4.5,shang4hai3shi4_2_4_1995_S0,STOREY_19,1840,19
26°C,扩容,shang4hai3shi4,2060 RCP 4.5,shang4hai3shi4_2_4_1995_S0,STOREY_0,1840,0
26°C,扩容,shang4hai3shi4,2060 RCP 4.5,shang4hai3shi4_2_6_2015_S0,STOREY_1,1840,0
26°C,扩容,shang4hai3shi4,2060 RCP 4.5,shang4hai3shi4_2_6_2015_S0,STOREY_2,1840,0
26°C,扩容,shang4hai3shi4,2060 RCP 4.5,shang4hai3shi4_2_6_2015_S0,STOREY_3,1840,0
26°C,扩容,shang4hai3shi4,2060 RCP 4.5,shang4hai3shi4_2_6_2015_S0,STOREY_4,1840,0
26°C,扩容,shang4hai3shi4,2060 RCP 4.5,shang4hai3shi4_2_6_2015_S0,STOREY_5,1840,0
26°C,扩容,shang4hai3shi4,2060 RCP 4.5,shang4hai3shi4_2_6_2015_S0,STOREY_6,1840,0
26°C,扩容,shang4hai3shi4,2060 RCP 4.5,shang4hai3shi4_2_6_2015_S0,STOREY_7,1840,0
26°C,扩容,shang4hai3shi4,2060 RCP 4.5,shang4hai3shi4_2_6_2015_S0,STOREY_8,1840,0
26°C,扩容,shang4hai3shi4,2060 RCP 4.5,shang4hai3shi4_2_6_2015_S0,STOREY_9,1840,0
26°C,扩容,shang4hai3shi4,2060 RCP 4.5,shang4hai3shi4_2_6_2015_S0,STOREY_10,1840,0
26°C,扩容,shang4hai3shi4,2060 RCP 4.5,shang4hai3shi4_2_6_2015_S0,STOREY_11,1840,8
26°C,扩容,shang4hai3shi4,2060 RCP 4.5,shang4hai3shi4_2_6_2015_S0,STOREY_0,1840,0
26°C,扩容,shang4hai3shi4,2060 RCP 4.5,shang4hai3shi4_2_5_2005_S0,STOREY_1,1840,0
26°C,扩容,shang4hai3shi4,2060 RCP 4.5,shang4hai3shi4_2_5_2005_S0,STOREY_2,1840,0
26°C,扩容,shang4hai3shi4,2060 RCP 4.5,shang4hai3shi4_2_5_2005_S0,STOREY_3,1840,0
26°C,扩容,shang4hai3shi4,2060 RCP 4.5,shang4hai3shi4_2_5_2005_S0,STOREY_4,1840,0
26°C,扩容,shang4hai3shi4,2060 RCP 4.5,shang4hai3shi4_2_5_2005_S0,STOREY_5,1840,0
26°C,扩容,shang4hai3shi4,2060 RCP 4.5,shang4hai3shi4_2_5_2005_S0,STOREY_6,1840,0
26°C,扩容,shang4hai3shi4,2060 RCP 4.5,shang4hai3shi4_2_5_2005_S0,STOREY_7,1840,0
26°C,扩容,shang4hai3shi4,2060 RCP 4.5,shang4hai3shi4_2_5_2005_S0,STOREY_8,1840,0
26°C,扩容,shang4hai3shi4,2060 RCP 4.5,shang4hai3shi4_2_5_2005_S0,STOREY_9,1840,0
26°C,扩容,shang4hai3shi4,2060 RCP 4.5,shang4hai3shi4_2_5_2005_S0,STOREY_10,1840,0
26°C,扩容,shang4hai3shi4,2060 RCP 4.5,shang4hai3shi4_2_5_2005_S0,STOREY_11,1840,0
26°C,扩容,shang4hai3shi4,2060 RCP 4.5,shang4hai3shi4_2_5_2005_S0,STOREY_12,1840,0
26°C,扩容,shang4hai3shi4,2060 RCP 4.5,shang4hai3shi4_2_5_2005_S0,STOREY_13,1840,0
26°C,扩容,shang4hai3shi4,2060 RCP 4.5,shang4hai3shi4_2_5_2005_S0,STOREY_14,1840,0
26°C,扩容,shang4hai3shi4,2060 RCP 4.5,shang4hai3shi4_2_5_2005_S0,STOREY_15,1840,0
26°C,扩容,shang4hai3shi4,2060 RCP 4.5,shang4hai3shi4_2_5_2005_S0,STOREY_16,1840,0
26°C,扩容,shang4hai3shi4,2060 RCP 4.5,shang4hai3shi4_2_5_2005_S0,STOREY_17,1840,0
26°C,扩容,shang4hai3shi4,2060 RCP 4.5,shang4hai3shi4_2_5_2005_S0,STOREY_18,1840,0
26°C,扩容,shang4hai3shi4,2060 RCP 4.5,shang4hai3shi4_2_5_2005_S0,STOREY_19,1840,0
26°C,扩容,shang4hai3shi4,2060 RCP 4.5,shang4hai3shi4_2_5_2005_S0,STOREY_20,1840,0
26°C,扩容,shang4hai3shi4,2060 RCP 4.5,shang4hai3shi4_2_5_2005_S0,STOREY_21,1840,0
26°C,扩容,shang4hai3shi4,2060 RCP 4.5,shang4hai3shi4_2_5_2005_S0,STOREY_22,1840,0
26°C,扩容,shang4hai3shi4,2060 RCP 4.5,shang4hai3shi4_2_5_2005_S0,STOREY_23,1840,0
26°C,扩容,shang4hai3shi4,2060 RCP 4.5,shang4hai3shi4_2_5_2005_S0,STOREY_24,1840,7
26°C,扩容,shang4hai3shi4,2060 RCP 4.5,shang4hai3shi4_2_5_2005_S0,STOREY_0,1840,0
26°C,扩容,shang4hai3shi4,2060 RCP 4.5,shang4hai3shi4_2_7_2005_S0,STOREY_1,1840,0
26°C,扩容,shang4hai3shi4,2060 RCP 4.5,shang4hai3shi4_2_7_2005_S0,STOREY_2,1840,0
26°C,扩容,shang4hai3shi4,2060 RCP 4.5,shang4hai3shi4_2_7_2005_S0,STOREY_3,1840,0
26°C,扩容,shang4hai3shi4,2060 RCP 4.5,shang4hai3shi4_2_7_2005_S0,STOREY_4,1840,0
26°C,扩容,shang4hai3shi4,2060 RCP 4.5,shang4hai3shi4_2_7_2005_S0,STOREY_5,1840,0
26°C,扩容,shang4hai3shi4,2060 RCP 4.5,shang4hai3shi4_2_7_2005_S0,STOREY_6,1840,0
26°C,扩容,shang4hai3shi4,2060 RCP 4.5,shang4hai3shi4_2_7_2005_S0,STOREY_7,1840,0
26°C,扩容,shang4hai3shi4,2060 RCP 4.5,shang4hai3shi4_2_7_2005_S0,STOREY_8,1840,0
26°C,扩容,shang4hai3shi4,2060 RCP 4.5,shang4hai3shi4_2_7_2005_S0,STOREY_9,1840,0
26°C,扩容,shang4hai3shi4,2060 RCP 4.5,shang4hai3shi4_2_7_2005_S0,STOREY_10,1840,12
26°C,扩容,shang4hai3shi4,2060 RCP 4.5,shang4hai3shi4_2_7_2005_S0,STOREY_0,1840,0
26°C,扩容,shang4hai3shi4,2060 RCP 8.5,shang4hai3shi4_0_10_1980_S0,STOREY_1,1840,26
26°C,扩容,shang4hai3shi4,2060 RCP 8.5,shang4hai3shi4_0_10_1980_S0,STOREY_2,1840,62
26°C,扩容,shang4hai3shi4,2060 RCP 8.5,shang4hai3shi4_0_10_1980_S0,STOREY_0,1840,0
26°C,扩容,shang4hai3shi4,2060 RCP 8.5,shang4hai3shi4_0_11_1980_S0,STOREY_1,1840,19
26°C,扩容,shang4hai3shi4,2060 RCP 8.5,shang4hai3shi4_0_11_1980_S0,STOREY_2,1840,57
26°C,扩容,shang4hai3shi4,2060 RCP 8.5,shang4hai3shi4_0_11_1980_S0,STOREY_0,1840,0
26°C,扩容,shang4hai3shi4,2060 RCP 8.5,shang4hai3shi4_0_12_1995_S0,STOREY_1,1840,2
26°C,扩容,shang4hai3shi4,2060 RCP 8.5,shang4hai3shi4_0_12_1995_S0,STOREY_2,1840,50
26°C,扩容,shang4hai3shi4,2060 RCP 8.5,shang4hai3shi4_0_12_1995_S0,STOREY_0,1840,0
26°C,扩容,shang4hai3shi4,2060 RCP 8.5,shang4hai3shi4_0_13_1980_S0,STOREY_1,1840,64
26°C,扩容,shang4hai3shi4,2060 RCP 8.5,shang4hai3shi4_0_13_1980_S0,STOREY_0,1840,0
26°C,扩容,shang4hai3shi4,2060 RCP 8.5,shang4hai3shi4_0_14_2005_S0,STOREY_1,1840,6
26°C,扩容,shang4hai3shi4,2060 RCP 8.5,shang4hai3shi4_0_14_2005_S0,STOREY_2,1840,48
26°C,扩容,shang4hai3shi4,2060 RCP 8.5,shang4hai3shi4_0_14_2005_S0,STOREY_0,1840,0
26°C,扩容,shang4hai3shi4,2060 RCP 8.5,shang4hai3shi4_0_15_1995_S0,STOREY_1,1840,79
26°C,扩容,shang4hai3shi4,2060 RCP 8.5,shang4hai3shi4_0_15_1995_S0,STOREY_2,1840,102
26°C,扩容,shang4hai3shi4,2060 RCP 8.5,shang4hai3shi4_0_15_1995_S0,STOREY_0,1840,6
26°C,扩容,shang4hai3shi4,2060 RCP 8.5,shang4hai3shi4_0_1_1980_S0,STOREY_1,1840,0
26°C,扩容,shang4hai3shi4,2060 RCP 8.5,shang4hai3shi4_0_1_1980_S0,STOREY_2,1840,31
26°C,扩容,shang4hai3shi4,2060 RCP 8.5,shang4hai3shi4_0_1_1980_S0,STOREY_0,1840,0
26°C,扩容,shang4hai3shi4,2060 RCP 8.5,shang4hai3shi4_0_2_1995_S0,STOREY_0,1840,0
26°C,扩容,shang4hai3shi4,2060 RCP 4.5,shang4hai3shi4_2_9_2005_S0,STOREY_1,1840,0
26°C,扩容,shang4hai3shi4,2060 RCP 4.5,shang4hai3shi4_2_9_2005_S0,STOREY_2,1840,0
26°C,扩容,shang4hai3shi4,2060 RCP 4.5,shang4hai3shi4_2_9_2005_S0,STOREY_3,1840,0
26°C,扩容,shang4hai3shi4,2060 RCP 4.5,shang4hai3shi4_2_9_2005_S0,STOREY_4,1840,0
26°C,扩容,shang4hai3shi4,2060 RCP 4.5,shang4hai3shi4_2_9_2005_S0,STOREY_5,1840,0
26°C,扩容,shang4hai3shi4,2060 RCP 4.5,shang4hai3shi4_2_9_2005_S0,STOREY_6,1840,0
26°C,扩容,shang4hai3shi4,2060 RCP 4.5,shang4hai3shi4_2_9_2005_S0,STOREY_7,1840,0
26°C,扩容,shang4hai3shi4,2060 RCP 4.5,shang4hai3shi4_2_9_2005_S0,STOREY_8,1840,0
26°C,扩容,shang4hai3shi4,2060 RCP 4.5,shang4hai3shi4_2_9_2005_S0,STOREY_9,1840,0
26°C,扩容,shang4hai3shi4,2060 RCP 4.5,shang4hai3shi4_2_9_2005_S0,STOREY_10,1840,0
26°C,扩容,shang4hai3shi4,2060 RCP 4.5,shang4hai3shi4_2_9_2005_S0,STOREY_11,1840,0
26°C,扩容,shang4hai3shi4,2060 RCP 4.5,shang4hai3shi4_2_9_2005_S0,STOREY_12,1840,0
26°C,扩容,shang4hai3shi4,2060 RCP 4.5,shang4hai3shi4_2_9_2005_S0,STOREY_13,1840,0
26°C,扩容,shang4hai3shi4,2060 RCP 4.5,shang4hai3shi4_2_9_2005_S0,STOREY_14,1840,0
26°C,扩容,shang4hai3shi4,2060 RCP 4.5,shang4hai3shi4_2_9_2005_S0,STOREY_15,1840,0
26°C,扩容,shang4hai3shi4,2060 RCP 4.5,shang4hai3shi4_2_9_2005_S0,STOREY_16,1840,0
26°C,扩容,shang4hai3shi4,2060 RCP 4.5,shang4hai3shi4_2_9_2005_S0,STOREY_17,1840,0
26°C,扩容,shang4hai3shi4,2060 RCP 4.5,shang4hai3shi4_2_9_2005_S0,STOREY_18,1840,0
26°C,扩容,shang4hai3shi4,2060 RCP 4.5,shang4hai3shi4_2_9_2005_S0,STOREY_19,1840,0
26°C,扩容,shang4hai3shi4,2060 RCP 4.5,shang4hai3shi4_2_9_2005_S0,STOREY_20,1840,6
26°C,扩容,shang4hai3shi4,2060 RCP 4.5,shang4hai3shi4_2_9_2005_S0,STOREY_0,1840,0
26°C,扩容,shang4hai3shi4,2060 RCP 4.5,shang4hai3shi4_2_8_2005_S0,STOREY_1,1840,0
26°C,扩容,shang4hai3shi4,2060 RCP 4.5,shang4hai3shi4_2_8_2005_S0,STOREY_2,1840,0
26°C,扩容,shang4hai3shi4,2060 RCP 4.5,shang4hai3shi4_2_8_2005_S0,STOREY_3,1840,0
26°C,扩容,shang4hai3shi4,2060 RCP 4.5,shang4hai3shi4_2_8_2005_S0,STOREY_4,1840,0
26°C,扩容,shang4hai3shi4,2060 RCP 4.5,shang4hai3shi4_2_8_2005_S0,STOREY_5,1840,0
26°C,扩容,shang4hai3shi4,2060 RCP 4.5,shang4hai3shi4_2_8_2005_S0,STOREY_6,1840,0
26°C,扩容,shang4hai3shi4,2060 RCP 4.5,shang4hai3shi4_2_8_2005_S0,STOREY_7,1840,0
26°C,扩容,shang4hai3shi4,2060 RCP 4.5,shang4hai3shi4_2_8_2005_S0,STOREY_8,1840,0
26°C,扩容,shang4hai3shi4,2060 RCP 4.5,shang4hai3shi4_2_8_2005_S0,STOREY_9,1840,0
26°C,扩容,shang4hai3shi4,2060 RCP 4.5,shang4hai3shi4_2_8_2005_S0,STOREY_10,1840,0
26°C,扩容,shang4hai3shi4,2060 RCP 4.5,shang4hai3shi4_2_8_2005_S0,STOREY_11,1840,0
26°C,扩容,shang4hai3shi4,2060 RCP 4.5,shang4hai3shi4_2_8_2005_S0,STOREY_12,1840,0
26°C,扩容,shang4hai3shi4,2060 RCP 4.5,shang4hai3shi4_2_8_2005_S0,STOREY_13,1840,0
26°C,扩容,shang4hai3shi4,2060 RCP 4.5,shang4hai3shi4_2_8_2005_S0,STOREY_14,1840,0
26°C,扩容,shang4hai3shi4,2060 RCP 4.5,shang4hai3shi4_2_8_2005_S0,STOREY_15,1840,0
26°C,扩容,shang4hai3shi4,2060 RCP 4.5,shang4hai3shi4_2_8_2005_S0,STOREY_16,1840,0
26°C,扩容,shang4hai3shi4,2060 RCP 4.5,shang4hai3shi4_2_8_2005_S0,STOREY_17,1840,0
26°C,扩容,shang4hai3shi4,2060 RCP 4.5,shang4hai3shi4_2_8_2005_S0,STOREY_18,1840,0
26°C,扩容,shang4hai3shi4,2060 RCP 4.5,shang4hai3shi4_2_8_2005_S0,STOREY_19,1840,0
26°C,扩容,shang4hai3shi4,2060 RCP 4.5,shang4hai3shi4_2_8_2005_S0,STOREY_20,1840,0
26°C,扩容,shang4hai3shi4,2060 RCP 4.5,shang4hai3shi4_2_8_2005_S0,STOREY_21,1840,9
26°C,扩容,shang4hai3shi4,2060 RCP 4.5,shang4hai3shi4_2_8_2005_S0,STOREY_0,1840,0
26°C,扩容,shang4hai3shi4,2060 RCP 8.5,shang4hai3shi4_0_5_1980_S0,STOREY_1,1840,40
26°C,扩容,shang4hai3shi4,2060 RCP 8.5,shang4hai3shi4_0_5_1980_S0,STOREY_0,1840,0
26°C,扩容,shang4hai3shi4,2060 RCP 8.5,shang4hai3shi4_0_3_1980_S0,STOREY_1,1840,43
26°C,扩容,shang4hai3shi4,2060 RCP 8.5,shang4hai3shi4_0_3_1980_S0,STOREY_2,1840,74
26°C,扩容,shang4hai3shi4,2060 RCP 8.5,shang4hai3shi4_0_3_1980_S0,STOREY_0,1840,0
26°C,扩容,shang4hai3shi4,2060 RCP 8.5,shang4hai3shi4_0_4_1980_S0,STOREY_1,1840,134
26°C,扩容,shang4hai3shi4,2060 RCP 8.5,shang4hai3shi4_0_4_1980_S0,STOREY_2,1840,116
26°C,扩容,shang4hai3shi4,2060 RCP 8.5,shang4hai3shi4_0_4_1980_S0,STOREY_0,1840,2
26°C,扩容,shang4hai3shi4,2060 RCP 8.5,shang4hai3shi4_0_6_1980_S0,STOREY_1,1840,26
26°C,扩容,shang4hai3shi4,2060 RCP 8.5,shang4hai3shi4_0_6_1980_S0,STOREY_2,1840,64
26°C,扩容,shang4hai3shi4,2060 RCP 8.5,shang4hai3shi4_0_6_1980_S0,STOREY_0,1840,0
26°C,扩容,shang4hai3shi4,2060 RCP 8.5,shang4hai3shi4_0_8_1980_S0,STOREY_1,1840,108
26°C,扩容,shang4hai3shi4,2060 RCP 8.5,shang4hai3shi4_0_8_1980_S0,STOREY_2,1840,103
26°C,扩容,shang4hai3shi4,2060 RCP 8.5,shang4hai3shi4_0_8_1980_S0,STOREY_0,1840,0
26°C,扩容,shang4hai3shi4,2060 RCP 8.5,shang4hai3shi4_0_7_1995_S0,STOREY_1,1840,90
26°C,扩容,shang4hai3shi4,2060 RCP 8.5,shang4hai3shi4_0_7_1995_S0,STOREY_2,1840,109
26°C,扩容,shang4hai3shi4,2060 RCP 8.5,shang4hai3shi4_0_7_1995_S0,STOREY_0,1840,5
26°C,扩容,shang4hai3shi4,2060 RCP 8.5,shang4hai3shi4_0_9_1995_S0,STOREY_1,1840,12
26°C,扩容,shang4hai3shi4,2060 RCP 8.5,shang4hai3shi4_0_9_1995_S0,STOREY_2,1840,60
26°C,扩容,shang4hai3shi4,2060 RCP 8.5,shang4hai3shi4_0_9_1995_S0,STOREY_0,1840,0
26°C,扩容,shang4hai3shi4,2060 RCP 8.5,shang4hai3shi4_1_10_1995_S0,STOREY_1,1840,1
26°C,扩容,shang4hai3shi4,2060 RCP 8.5,shang4hai3shi4_1_10_1995_S0,STOREY_2,1840,1
26°C,扩容,shang4hai3shi4,2060 RCP 8.5,shang4hai3shi4_1_10_1995_S0,STOREY_3,1840,2
26°C,扩容,shang4hai3shi4,2060 RCP 8.5,shang4hai3shi4_1_10_1995_S0,STOREY_4,1840,4
26°C,扩容,shang4hai3shi4,2060 RCP 8.5,shang4hai3shi4_1_10_1995_S0,STOREY_5,1840,41
26°C,扩容,shang4hai3shi4,2060 RCP 8.5,shang4hai3shi4_1_10_1995_S0,STOREY_0,1840,0
26°C,扩容,shang4hai3shi4,2060 RCP 8.5,shang4hai3shi4_1_13_2005_S0,STOREY_1,1840,0
26°C,扩容,shang4hai3shi4,2060 RCP 8.5,shang4hai3shi4_1_13_2005_S0,STOREY_2,1840,0
26°C,扩容,shang4hai3shi4,2060 RCP 8.5,shang4hai3shi4_1_13_2005_S0,STOREY_3,1840,1
26°C,扩容,shang4hai3shi4,2060 RCP 8.5,shang4hai3shi4_1_13_2005_S0,STOREY_4,1840,33
26°C,扩容,shang4hai3shi4,2060 RCP 8.5,shang4hai3shi4_1_13_2005_S0,STOREY_0,1840,0
26°C,扩容,shang4hai3shi4,2060 RCP 8.5,shang4hai3shi4_1_11_1995_S0,STOREY_1,1840,3
26°C,扩容,shang4hai3shi4,2060 RCP 8.5,shang4hai3shi4_1_11_1995_S0,STOREY_2,1840,3
26°C,扩容,shang4hai3shi4,2060 RCP 8.5,shang4hai3shi4_1_11_1995_S0,STOREY_3,1840,3
26°C,扩容,shang4hai3shi4,2060 RCP 8.5,shang4hai3shi4_1_11_1995_S0,STOREY_4,1840,8
26°C,扩容,shang4hai3shi4,2060 RCP 8.5,shang4hai3shi4_1_11_1995_S0,STOREY_5,1840,51
26°C,扩容,shang4hai3shi4,2060 RCP 8.5,shang4hai3shi4_1_11_1995_S0,STOREY_0,1840,0
26°C,扩容,shang4hai3shi4,2060 RCP 8.5,shang4hai3shi4_1_12_2005_S0,STOREY_1,1840,0
26°C,扩容,shang4hai3shi4,2060 RCP 8.5,shang4hai3shi4_1_12_2005_S0,STOREY_2,1840,0
26°C,扩容,shang4hai3shi4,2060 RCP 8.5,shang4hai3shi4_1_12_2005_S0,STOREY_3,1840,0
26°C,扩容,shang4hai3shi4,2060 RCP 8.5,shang4hai3shi4_1_12_2005_S0,STOREY_4,1840,0
26°C,扩容,shang4hai3shi4,2060 RCP 8.5,shang4hai3shi4_1_12_2005_S0,STOREY_5,1840,33
26°C,扩容,shang4hai3shi4,2060 RCP 8.5,shang4hai3shi4_1_12_2005_S0,STOREY_0,1840,0
26°C,扩容,shang4hai3shi4,2060 RCP 8.5,shang4hai3shi4_1_15_2005_S0,STOREY_1,1840,0
26°C,扩容,shang4hai3shi4,2060 RCP 8.5,shang4hai3shi4_1_15_2005_S0,STOREY_2,1840,0
26°C,扩容,shang4hai3shi4,2060 RCP 8.5,shang4hai3shi4_1_15_2005_S0,STOREY_3,1840,0
26°C,扩容,shang4hai3shi4,2060 RCP 8.5,shang4hai3shi4_1_15_2005_S0,STOREY_4,1840,0
26°C,扩容,shang4hai3shi4,2060 RCP 8.5,shang4hai3shi4_1_15_2005_S0,STOREY_5,1840,33
26°C,扩容,shang4hai3shi4,2060 RCP 8.5,shang4hai3shi4_1_15_2005_S0,STOREY_0,1840,0
26°C,扩容,shang4hai3shi4,2060 RCP 8.5,shang4hai3shi4_1_1_1995_S0,STOREY_1,1840,3
26°C,扩容,shang4hai3shi4,2060 RCP 8.5,shang4hai3shi4_1_1_1995_S0,STOREY_2,1840,3
26°C,扩容,shang4hai3shi4,2060 RCP 8.5,shang4hai3shi4_1_1_1995_S0,STOREY_3,1840,4
26°C,扩容,shang4hai3shi4,2060 RCP 8.5,shang4hai3shi4_1_1_1995_S0,STOREY_4,1840,9
26°C,扩容,shang4hai3shi4,2060 RCP 8.5,shang4hai3shi4_1_1_1995_S0,STOREY_5,1840,52
26°C,扩容,shang4hai3shi4,2060 RCP 8.5,shang4hai3shi4_1_1_1995_S0,STOREY_0,1840,0
26°C,扩容,shang4hai3shi4,2060 RCP 8.5,shang4hai3shi4_1_2_1980_S0,STOREY_1,1840,14
26°C,扩容,shang4hai3shi4,2060 RCP 8.5,shang4hai3shi4_1_2_1980_S0,STOREY_2,1840,16
26°C,扩容,shang4hai3shi4,2060 RCP 8.5,shang4hai3shi4_1_2_1980_S0,STOREY_3,1840,19
26°C,扩容,shang4hai3shi4,2060 RCP 8.5,shang4hai3shi4_1_2_1980_S0,STOREY_4,1840,34
26°C,扩容,shang4hai3shi4,2060 RCP 8.5,shang4hai3shi4_1_2_1980_S0,STOREY_5,1840,54
26°C,扩容,shang4hai3shi4,2060 RCP 8.5,shang4hai3shi4_1_2_1980_S0,STOREY_0,1840,0
26°C,扩容,shang4hai3shi4,2060 RCP 8.5,shang4hai3shi4_1_14_1995_S0,STOREY_1,1840,3
26°C,扩容,shang4hai3shi4,2060 RCP 8.5,shang4hai3shi4_1_14_1995_S0,STOREY_2,1840,3
26°C,扩容,shang4hai3shi4,2060 RCP 8.5,shang4hai3shi4_1_14_1995_S0,STOREY_3,1840,3
26°C,扩容,shang4hai3shi4,2060 RCP 8.5,shang4hai3shi4_1_14_1995_S0,STOREY_4,1840,3
26°C,扩容,shang4hai3shi4,2060 RCP 8.5,shang4hai3shi4_1_14_1995_S0,STOREY_5,1840,3
26°C,扩容,shang4hai3shi4,2060 RCP 8.5,shang4hai3shi4_1_14_1995_S0,STOREY_6,1840,3
26°C,扩容,shang4hai3shi4,2060 RCP 8.5,shang4hai3shi4_1_14_1995_S0,STOREY_7,1840,3
26°C,扩容,shang4hai3shi4,2060 RCP 8.5,shang4hai3shi4_1_14_1995_S0,STOREY_8,1840,8
26°C,扩容,shang4hai3shi4,2060 RCP 8.5,shang4hai3shi4_1_14_1995_S0,STOREY_9,1840,50
26°C,扩容,shang4hai3shi4,2060 RCP 8.5,shang4hai3shi4_1_14_1995_S0,STOREY_0,1840,0
26°C,扩容,shang4hai3shi4,2060 RCP 8.5,shang4hai3shi4_1_3_1995_S0,STOREY_1,1840,0
26°C,扩容,shang4hai3shi4,2060 RCP 8.5,shang4hai3shi4_1_3_1995_S0,STOREY_2,1840,0
26°C,扩容,shang4hai3shi4,2060 RCP 8.5,shang4hai3shi4_1_3_1995_S0,STOREY_3,1840,0
26°C,扩容,shang4hai3shi4,2060 RCP 8.5,shang4hai3shi4_1_3_1995_S0,STOREY_4,1840,1
26°C,扩容,shang4hai3shi4,2060 RCP 8.5,shang4hai3shi4_1_3_1995_S0,STOREY_5,1840,36
26°C,扩容,shang4hai3shi4,2060 RCP 8.5,shang4hai3shi4_1_3_1995_S0,STOREY_0,1840,0
26°C,扩容,shang4hai3shi4,2060 RCP 8.5,shang4hai3shi4_1_4_2005_S0,STOREY_1,1840,0
26°C,扩容,shang4hai3shi4,2060 RCP 8.5,shang4hai3shi4_1_4_2005_S0,STOREY_2,1840,0
26°C,扩容,shang4hai3shi4,2060 RCP 8.5,shang4hai3shi4_1_4_2005_S0,STOREY_3,1840,0
26°C,扩容,shang4hai3shi4,2060 RCP 8.5,shang4hai3shi4_1_4_2005_S0,STOREY_4,1840,1
26°C,扩容,shang4hai3shi4,2060 RCP 8.5,shang4hai3shi4_1_4_2005_S0,STOREY_5,1840,31
26°C,扩容,shang4hai3shi4,2060 RCP 8.5,shang4hai3shi4_1_4_2005_S0,STOREY_0,1840,0
26°C,扩容,shang4hai3shi4,2060 RCP 8.5,shang4hai3shi4_1_5_2005_S0,STOREY_1,1840,2
26°C,扩容,shang4hai3shi4,2060 RCP 8.5,shang4hai3shi4_1_5_2005_S0,STOREY_2,1840,2
26°C,扩容,shang4hai3shi4,2060 RCP 8.5,shang4hai3shi4_1_5_2005_S0,STOREY_3,1840,2
26°C,扩容,shang4hai3shi4,2060 RCP 8.5,shang4hai3shi4_1_5_2005_S0,STOREY_4,1840,3
26°C,扩容,shang4hai3shi4,2060 RCP 8.5,shang4hai3shi4_1_5_2005_S0,STOREY_5,1840,45
26°C,扩容,shang4hai3shi4,2060 RCP 8.5,shang4hai3shi4_1_5_2005_S0,STOREY_0,1840,0
26°C,扩容,shang4hai3shi4,2060 RCP 8.5,shang4hai3shi4_1_6_2005_S0,STOREY_1,1840,1
26°C,扩容,shang4hai3shi4,2060 RCP 8.5,shang4hai3shi4_1_6_2005_S0,STOREY_2,1840,1
26°C,扩容,shang4hai3shi4,2060 RCP 8.5,shang4hai3shi4_1_6_2005_S0,STOREY_3,1840,1
26°C,扩容,shang4hai3shi4,2060 RCP 8.5,shang4hai3shi4_1_6_2005_S0,STOREY_4,1840,3
26°C,扩容,shang4hai3shi4,2060 RCP 8.5,shang4hai3shi4_1_6_2005_S0,STOREY_5,1840,32
26°C,扩容,shang4hai3shi4,2060 RCP 8.5,shang4hai3shi4_1_6_2005_S0,STOREY_0,1840,0
26°C,扩容,shang4hai3shi4,2060 RCP 8.5,shang4hai3shi4_1_7_1995_S0,STOREY_1,1840,11
26°C,扩容,shang4hai3shi4,2060 RCP 8.5,shang4hai3shi4_1_7_1995_S0,STOREY_2,1840,12
26°C,扩容,shang4hai3shi4,2060 RCP 8.5,shang4hai3shi4_1_7_1995_S0,STOREY_3,1840,20
26°C,扩容,shang4hai3shi4,2060 RCP 8.5,shang4hai3shi4_1_7_1995_S0,STOREY_4,1840,63
26°C,扩容,shang4hai3shi4,2060 RCP 8.5,shang4hai3shi4_1_7_1995_S0,STOREY_0,1840,0
26°C,扩容,shang4hai3shi4,2060 RCP 8.5,shang4hai3shi4_1_8_1995_S0,STOREY_1,1840,23
26°C,扩容,shang4hai3shi4,2060 RCP 8.5,shang4hai3shi4_1_8_1995_S0,STOREY_2,1840,24
26°C,扩容,shang4hai3shi4,2060 RCP 8.5,shang4hai3shi4_1_8_1995_S0,STOREY_3,1840,26
26°C,扩容,shang4hai3shi4,2060 RCP 8.5,shang4hai3shi4_1_8_1995_S0,STOREY_4,1840,34
26°C,扩容,shang4hai3shi4,2060 RCP 8.5,shang4hai3shi4_1_8_1995_S0,STOREY_5,1840,75
26°C,扩容,shang4hai3shi4,2060 RCP 8.5,shang4hai3shi4_1_8_1995_S0,STOREY_0,1840,0
26°C,扩容,shang4hai3shi4,2060 RCP 8.5,shang4hai3shi4_1_9_1980_S0,STOREY_1,1840,1
26°C,扩容,shang4hai3shi4,2060 RCP 8.5,shang4hai3shi4_1_9_1980_S0,STOREY_2,1840,2
26°C,扩容,shang4hai3shi4,2060 RCP 8.5,shang4hai3shi4_1_9_1980_S0,STOREY_3,1840,3
26°C,扩容,shang4hai3shi4,2060 RCP 8.5,shang4hai3shi4_1_9_1980_S0,STOREY_4,1840,13
26°C,扩容,shang4hai3shi4,2060 RCP 8.5,shang4hai3shi4_1_9_1980_S0,STOREY_5,1840,44
26°C,扩容,shang4hai3shi4,2060 RCP 8.5,shang4hai3shi4_1_9_1980_S0,STOREY_0,1840,0
26°C,扩容,shang4hai3shi4,2060 RCP 8.5,shang4hai3shi4_2_11_2005_S0,STOREY_1,1840,0
26°C,扩容,shang4hai3shi4,2060 RCP 8.5,shang4hai3shi4_2_11_2005_S0,STOREY_2,1840,0
26°C,扩容,shang4hai3shi4,2060 RCP 8.5,shang4hai3shi4_2_11_2005_S0,STOREY_3,1840,0
26°C,扩容,shang4hai3shi4,2060 RCP 8.5,shang4hai3shi4_2_11_2005_S0,STOREY_4,1840,0
26°C,扩容,shang4hai3shi4,2060 RCP 8.5,shang4hai3shi4_2_11_2005_S0,STOREY_5,1840,0
26°C,扩容,shang4hai3shi4,2060 RCP 8.5,shang4hai3shi4_2_11_2005_S0,STOREY_6,1840,0
26°C,扩容,shang4hai3shi4,2060 RCP 8.5,shang4hai3shi4_2_11_2005_S0,STOREY_7,1840,0
26°C,扩容,shang4hai3shi4,2060 RCP 8.5,shang4hai3shi4_2_11_2005_S0,STOREY_8,1840,0
26°C,扩容,shang4hai3shi4,2060 RCP 8.5,shang4hai3shi4_2_11_2005_S0,STOREY_9,1840,0
26°C,扩容,shang4hai3shi4,2060 RCP 8.5,shang4hai3shi4_2_11_2005_S0,STOREY_10,1840,1
26°C,扩容,shang4hai3shi4,2060 RCP 8.5,shang4hai3shi4_2_11_2005_S0,STOREY_11,1840,30
26°C,扩容,shang4hai3shi4,2060 RCP 8.5,shang4hai3shi4_2_11_2005_S0,STOREY_0,1840,0
26°C,扩容,shang4hai3shi4,2060 RCP 8.5,shang4hai3shi4_2_10_1995_S0,STOREY_1,1840,1
26°C,扩容,shang4hai3shi4,2060 RCP 8.5,shang4hai3shi4_2_10_1995_S0,STOREY_2,1840,1
26°C,扩容,shang4hai3shi4,2060 RCP 8.5,shang4hai3shi4_2_10_1995_S0,STOREY_3,1840,1
26°C,扩容,shang4hai3shi4,2060 RCP 8.5,shang4hai3shi4_2_10_1995_S0,STOREY_4,1840,1
26°C,扩容,shang4hai3shi4,2060 RCP 8.5,shang4hai3shi4_2_10_1995_S0,STOREY_5,1840,1
26°C,扩容,shang4hai3shi4,2060 RCP 8.5,shang4hai3shi4_2_10_1995_S0,STOREY_6,1840,1
26°C,扩容,shang4hai3shi4,2060 RCP 8.5,shang4hai3shi4_2_10_1995_S0,STOREY_7,1840,1
26°C,扩容,shang4hai3shi4,2060 RCP 8.5,shang4hai3shi4_2_10_1995_S0,STOREY_8,1840,1
26°C,扩容,shang4hai3shi4,2060 RCP 8.5,shang4hai3shi4_2_10_1995_S0,STOREY_9,1840,1
26°C,扩容,shang4hai3shi4,2060 RCP 8.5,shang4hai3shi4_2_10_1995_S0,STOREY_10,1840,1
26°C,扩容,shang4hai3shi4,2060 RCP 8.5,shang4hai3shi4_2_10_1995_S0,STOREY_11,1840,1
26°C,扩容,shang4hai3shi4,2060 RCP 8.5,shang4hai3shi4_2_10_1995_S0,STOREY_12,1840,1
26°C,扩容,shang4hai3shi4,2060 RCP 8.5,shang4hai3shi4_2_10_1995_S0,STOREY_13,1840,1
26°C,扩容,shang4hai3shi4,2060 RCP 8.5,shang4hai3shi4_2_10_1995_S0,STOREY_14,1840,2
26°C,扩容,shang4hai3shi4,2060 RCP 8.5,shang4hai3shi4_2_10_1995_S0,STOREY_15,1840,34
26°C,扩容,shang4hai3shi4,2060 RCP 8.5,shang4hai3shi4_2_10_1995_S0,STOREY_0,1840,0
26°C,扩容,shang4hai3shi4,2060 RCP 8.5,shang4hai3shi4_2_12_2005_S0,STOREY_1,1840,0
26°C,扩容,shang4hai3shi4,2060 RCP 8.5,shang4hai3shi4_2_12_2005_S0,STOREY_2,1840,0
26°C,扩容,shang4hai3shi4,2060 RCP 8.5,shang4hai3shi4_2_12_2005_S0,STOREY_3,1840,0
26°C,扩容,shang4hai3shi4,2060 RCP 8.5,shang4hai3shi4_2_12_2005_S0,STOREY_4,1840,0
26°C,扩容,shang4hai3shi4,2060 RCP 8.5,shang4hai3shi4_2_12_2005_S0,STOREY_5,1840,0
26°C,扩容,shang4hai3shi4,2060 RCP 8.5,shang4hai3shi4_2_12_2005_S0,STOREY_6,1840,0
26°C,扩容,shang4hai3shi4,2060 RCP 8.5,shang4hai3shi4_2_12_2005_S0,STOREY_7,1840,0
26°C,扩容,shang4hai3shi4,2060 RCP 8.5,shang4hai3shi4_2_12_2005_S0,STOREY_8,1840,0
26°C,扩容,shang4hai3shi4,2060 RCP 8.5,shang4hai3shi4_2_12_2005_S0,STOREY_9,1840,0
26°C,扩容,shang4hai3shi4,2060 RCP 8.5,shang4hai3shi4_2_12_2005_S0,STOREY_10,1840,0
26°C,扩容,shang4hai3shi4,2060 RCP 8.5,shang4hai3shi4_2_12_2005_S0,STOREY_11,1840,0
26°C,扩容,shang4hai3shi4,2060 RCP 8.5,shang4hai3shi4_2_12_2005_S0,STOREY_12,1840,0
26°C,扩容,shang4hai3shi4,2060 RCP 8.5,shang4hai3shi4_2_12_2005_S0,STOREY_13,1840,21
26°C,扩容,shang4hai3shi4,2060 RCP 8.5,shang4hai3shi4_2_12_2005_S0,STOREY_0,1840,0
26°C,扩容,shang4hai3shi4,2060 RCP 8.5,shang4hai3shi4_2_15_2005_S0,STOREY_1,1840,0
26°C,扩容,shang4hai3shi4,2060 RCP 8.5,shang4hai3shi4_2_15_2005_S0,STOREY_2,1840,0
26°C,扩容,shang4hai3shi4,2060 RCP 8.5,shang4hai3shi4_2_15_2005_S0,STOREY_3,1840,0
26°C,扩容,shang4hai3shi4,2060 RCP 8.5,shang4hai3shi4_2_15_2005_S0,STOREY_4,1840,0
26°C,扩容,shang4hai3shi4,2060 RCP 8.5,shang4hai3shi4_2_15_2005_S0,STOREY_5,1840,0
26°C,扩容,shang4hai3shi4,2060 RCP 8.5,shang4hai3shi4_2_15_2005_S0,STOREY_6,1840,0
26°C,扩容,shang4hai3shi4,2060 RCP 8.5,shang4hai3shi4_2_15_2005_S0,STOREY_7,1840,0
26°C,扩容,shang4hai3shi4,2060 RCP 8.5,shang4hai3shi4_2_15_2005_S0,STOREY_8,1840,0
26°C,扩容,shang4hai3shi4,2060 RCP 8.5,shang4hai3shi4_2_15_2005_S0,STOREY_9,1840,0
26°C,扩容,shang4hai3shi4,2060 RCP 8.5,shang4hai3shi4_2_15_2005_S0,STOREY_10,1840,0
26°C,扩容,shang4hai3shi4,2060 RCP 8.5,shang4hai3shi4_2_15_2005_S0,STOREY_11,1840,2
26°C,扩容,shang4hai3shi4,2060 RCP 8.5,shang4hai3shi4_2_15_2005_S0,STOREY_12,1840,39
26°C,扩容,shang4hai3shi4,2060 RCP 8.5,shang4hai3shi4_2_15_2005_S0,STOREY_0,1840,0
26°C,扩容,shang4hai3shi4,2060 RCP 8.5,shang4hai3shi4_2_13_2005_S0,STOREY_1,1840,1
26°C,扩容,shang4hai3shi4,2060 RCP 8.5,shang4hai3shi4_2_13_2005_S0,STOREY_2,1840,1
26°C,扩容,shang4hai3shi4,2060 RCP 8.5,shang4hai3shi4_2_13_2005_S0,STOREY_3,1840,1
26°C,扩容,shang4hai3shi4,2060 RCP 8.5,shang4hai3shi4_2_13_2005_S0,STOREY_4,1840,1
26°C,扩容,shang4hai3shi4,2060 RCP 8.5,shang4hai3shi4_2_13_2005_S0,STOREY_5,1840,1
26°C,扩容,shang4hai3shi4,2060 RCP 8.5,shang4hai3shi4_2_13_2005_S0,STOREY_6,1840,1
26°C,扩容,shang4hai3shi4,2060 RCP 8.5,shang4hai3shi4_2_13_2005_S0,STOREY_7,1840,1
26°C,扩容,shang4hai3shi4,2060 RCP 8.5,shang4hai3shi4_2_13_2005_S0,STOREY_8,1840,1
26°C,扩容,shang4hai3shi4,2060 RCP 8.5,shang4hai3shi4_2_13_2005_S0,STOREY_9,1840,1
26°C,扩容,shang4hai3shi4,2060 RCP 8.5,shang4hai3shi4_2_13_2005_S0,STOREY_10,1840,1
26°C,扩容,shang4hai3shi4,2060 RCP 8.5,shang4hai3shi4_2_13_2005_S0,STOREY_11,1840,0
26°C,扩容,shang4hai3shi4,2060 RCP 8.5,shang4hai3shi4_2_13_2005_S0,STOREY_12,1840,0
26°C,扩容,shang4hai3shi4,2060 RCP 8.5,shang4hai3shi4_2_13_2005_S0,STOREY_13,1840,0
26°C,扩容,shang4hai3shi4,2060 RCP 8.5,shang4hai3shi4_2_13_2005_S0,STOREY_14,1840,0
26°C,扩容,shang4hai3shi4,2060 RCP 8.5,shang4hai3shi4_2_13_2005_S0,STOREY_15,1840,0
26°C,扩容,shang4hai3shi4,2060 RCP 8.5,shang4hai3shi4_2_13_2005_S0,STOREY_16,1840,0
26°C,扩容,shang4hai3shi4,2060 RCP 8.5,shang4hai3shi4_2_13_2005_S0,STOREY_17,1840,0
26°C,扩容,shang4hai3shi4,2060 RCP 8.5,shang4hai3shi4_2_13_2005_S0,STOREY_18,1840,0
26°C,扩容,shang4hai3shi4,2060 RCP 8.5,shang4hai3shi4_2_13_2005_S0,STOREY_19,1840,0
26°C,扩容,shang4hai3shi4,2060 RCP 8.5,shang4hai3shi4_2_13_2005_S0,STOREY_20,1840,0
26°C,扩容,shang4hai3shi4,2060 RCP 8.5,shang4hai3shi4_2_13_2005_S0,STOREY_21,1840,0
26°C,扩容,shang4hai3shi4,2060 RCP 8.5,shang4hai3shi4_2_13_2005_S0,STOREY_22,1840,0
26°C,扩容,shang4hai3shi4,2060 RCP 8.5,shang4hai3shi4_2_13_2005_S0,STOREY_23,1840,0
26°C,扩容,shang4hai3shi4,2060 RCP 8.5,shang4hai3shi4_2_13_2005_S0,STOREY_24,1840,0
26°C,扩容,shang4hai3shi4,2060 RCP 8.5,shang4hai3shi4_2_13_2005_S0,STOREY_25,1840,0
26°C,扩容,shang4hai3shi4,2060 RCP 8.5,shang4hai3shi4_2_13_2005_S0,STOREY_26,1840,1
26°C,扩容,shang4hai3shi4,2060 RCP 8.5,shang4hai3shi4_2_13_2005_S0,STOREY_27,1840,29
26°C,扩容,shang4hai3shi4,2060 RCP 8.5,shang4hai3shi4_2_13_2005_S0,STOREY_0,1840,0
26°C,扩容,shang4hai3shi4,2060 RCP 8.5,shang4hai3shi4_2_14_2015_S0,STOREY_1,1840,0
26°C,扩容,shang4hai3shi4,2060 RCP 8.5,shang4hai3shi4_2_14_2015_S0,STOREY_2,1840,0
26°C,扩容,shang4hai3shi4,2060 RCP 8.5,shang4hai3shi4_2_14_2015_S0,STOREY_3,1840,0
26°C,扩容,shang4hai3shi4,2060 RCP 8.5,shang4hai3shi4_2_14_2015_S0,STOREY_4,1840,0
26°C,扩容,shang4hai3shi4,2060 RCP 8.5,shang4hai3shi4_2_14_2015_S0,STOREY_5,1840,0
26°C,扩容,shang4hai3shi4,2060 RCP 8.5,shang4hai3shi4_2_14_2015_S0,STOREY_6,1840,0
26°C,扩容,shang4hai3shi4,2060 RCP 8.5,shang4hai3shi4_2_14_2015_S0,STOREY_7,1840,0
26°C,扩容,shang4hai3shi4,2060 RCP 8.5,shang4hai3shi4_2_14_2015_S0,STOREY_8,1840,0
26°C,扩容,shang4hai3shi4,2060 RCP 8.5,shang4hai3shi4_2_14_2015_S0,STOREY_9,1840,0
26°C,扩容,shang4hai3shi4,2060 RCP 8.5,shang4hai3shi4_2_14_2015_S0,STOREY_10,1840,0
26°C,扩容,shang4hai3shi4,2060 RCP 8.5,shang4hai3shi4_2_14_2015_S0,STOREY_11,1840,0
26°C,扩容,shang4hai3shi4,2060 RCP 8.5,shang4hai3shi4_2_14_2015_S0,STOREY_12,1840,0
26°C,扩容,shang4hai3shi4,2060 RCP 8.5,shang4hai3shi4_2_14_2015_S0,STOREY_13,1840,0
26°C,扩容,shang4hai3shi4,2060 RCP 8.5,shang4hai3shi4_2_14_2015_S0,STOREY_14,1840,0
26°C,扩容,shang4hai3shi4,2060 RCP 8.5,shang4hai3shi4_2_14_2015_S0,STOREY_15,1840,0
26°C,扩容,shang4hai3shi4,2060 RCP 8.5,shang4hai3shi4_2_14_2015_S0,STOREY_16,1840,0
26°C,扩容,shang4hai3shi4,2060 RCP 8.5,shang4hai3shi4_2_14_2015_S0,STOREY_17,1840,11
26°C,扩容,shang4hai3shi4,2060 RCP 8.5,shang4hai3shi4_2_14_2015_S0,STOREY_0,1840,0
26°C,扩容,shang4hai3shi4,2060 RCP 8.5,shang4hai3shi4_2_1_2005_S0,STOREY_1,1840,0
26°C,扩容,shang4hai3shi4,2060 RCP 8.5,shang4hai3shi4_2_1_2005_S0,STOREY_2,1840,0
26°C,扩容,shang4hai3shi4,2060 RCP 8.5,shang4hai3shi4_2_1_2005_S0,STOREY_3,1840,0
26°C,扩容,shang4hai3shi4,2060 RCP 8.5,shang4hai3shi4_2_1_2005_S0,STOREY_4,1840,0
26°C,扩容,shang4hai3shi4,2060 RCP 8.5,shang4hai3shi4_2_1_2005_S0,STOREY_5,1840,0
26°C,扩容,shang4hai3shi4,2060 RCP 8.5,shang4hai3shi4_2_1_2005_S0,STOREY_6,1840,0
26°C,扩容,shang4hai3shi4,2060 RCP 8.5,shang4hai3shi4_2_1_2005_S0,STOREY_7,1840,0
26°C,扩容,shang4hai3shi4,2060 RCP 8.5,shang4hai3shi4_2_1_2005_S0,STOREY_8,1840,0
26°C,扩容,shang4hai3shi4,2060 RCP 8.5,shang4hai3shi4_2_1_2005_S0,STOREY_9,1840,0
26°C,扩容,shang4hai3shi4,2060 RCP 8.5,shang4hai3shi4_2_1_2005_S0,STOREY_10,1840,0
26°C,扩容,shang4hai3shi4,2060 RCP 8.5,shang4hai3shi4_2_1_2005_S0,STOREY_11,1840,0
26°C,扩容,shang4hai3shi4,2060 RCP 8.5,shang4hai3shi4_2_1_2005_S0,STOREY_12,1840,0
26°C,扩容,shang4hai3shi4,2060 RCP 8.5,shang4hai3shi4_2_1_2005_S0,STOREY_13,1840,0
26°C,扩容,shang4hai3shi4,2060 RCP 8.5,shang4hai3shi4_2_1_2005_S0,STOREY_14,1840,0
26°C,扩容,shang4hai3shi4,2060 RCP 8.5,shang4hai3shi4_2_1_2005_S0,STOREY_15,1840,24
26°C,扩容,shang4hai3shi4,2060 RCP 8.5,shang4hai3shi4_2_1_2005_S0,STOREY_0,1840,0
26°C,扩容,shang4hai3shi4,2060 RCP 8.5,shang4hai3shi4_2_2_1980_S0,STOREY_1,1840,1
26°C,扩容,shang4hai3shi4,2060 RCP 8.5,shang4hai3shi4_2_2_1980_S0,STOREY_2,1840,2
26°C,扩容,shang4hai3shi4,2060 RCP 8.5,shang4hai3shi4_2_2_1980_S0,STOREY_3,1840,2
26°C,扩容,shang4hai3shi4,2060 RCP 8.5,shang4hai3shi4_2_2_1980_S0,STOREY_4,1840,2
26°C,扩容,shang4hai3shi4,2060 RCP 8.5,shang4hai3shi4_2_2_1980_S0,STOREY_5,1840,2
26°C,扩容,shang4hai3shi4,2060 RCP 8.5,shang4hai3shi4_2_2_1980_S0,STOREY_6,1840,2
26°C,扩容,shang4hai3shi4,2060 RCP 8.5,shang4hai3shi4_2_2_1980_S0,STOREY_7,1840,2
26°C,扩容,shang4hai3shi4,2060 RCP 8.5,shang4hai3shi4_2_2_1980_S0,STOREY_8,1840,2
26°C,扩容,shang4hai3shi4,2060 RCP 8.5,shang4hai3shi4_2_2_1980_S0,STOREY_9,1840,3
26°C,扩容,shang4hai3shi4,2060 RCP 8.5,shang4hai3shi4_2_2_1980_S0,STOREY_10,1840,12
26°C,扩容,shang4hai3shi4,2060 RCP 8.5,shang4hai3shi4_2_2_1980_S0,STOREY_11,1840,47
26°C,扩容,shang4hai3shi4,2060 RCP 8.5,shang4hai3shi4_2_2_1980_S0,STOREY_0,1840,0
26°C,扩容,shang4hai3shi4,2060 RCP 8.5,shang4hai3shi4_2_3_2005_S0,STOREY_1,1840,0
26°C,扩容,shang4hai3shi4,2060 RCP 8.5,shang4hai3shi4_2_3_2005_S0,STOREY_2,1840,0
26°C,扩容,shang4hai3shi4,2060 RCP 8.5,shang4hai3shi4_2_3_2005_S0,STOREY_3,1840,0
26°C,扩容,shang4hai3shi4,2060 RCP 8.5,shang4hai3shi4_2_3_2005_S0,STOREY_4,1840,0
26°C,扩容,shang4hai3shi4,2060 RCP 8.5,shang4hai3shi4_2_3_2005_S0,STOREY_5,1840,0
26°C,扩容,shang4hai3shi4,2060 RCP 8.5,shang4hai3shi4_2_3_2005_S0,STOREY_6,1840,0
26°C,扩容,shang4hai3shi4,2060 RCP 8.5,shang4hai3shi4_2_3_2005_S0,STOREY_7,1840,0
26°C,扩容,shang4hai3shi4,2060 RCP 8.5,shang4hai3shi4_2_3_2005_S0,STOREY_8,1840,0
26°C,扩容,shang4hai3shi4,2060 RCP 8.5,shang4hai3shi4_2_3_2005_S0,STOREY_9,1840,0
26°C,扩容,shang4hai3shi4,2060 RCP 8.5,shang4hai3shi4_2_3_2005_S0,STOREY_10,1840,0
26°C,扩容,shang4hai3shi4,2060 RCP 8.5,shang4hai3shi4_2_3_2005_S0,STOREY_11,1840,0
26°C,扩容,shang4hai3shi4,2060 RCP 8.5,shang4hai3shi4_2_3_2005_S0,STOREY_12,1840,0
26°C,扩容,shang4hai3shi4,2060 RCP 8.5,shang4hai3shi4_2_3_2005_S0,STOREY_13,1840,0
26°C,扩容,shang4hai3shi4,2060 RCP 8.5,shang4hai3shi4_2_3_2005_S0,STOREY_14,1840,0
26°C,扩容,shang4hai3shi4,2060 RCP 8.5,shang4hai3shi4_2_3_2005_S0,STOREY_15,1840,0
26°C,扩容,shang4hai3shi4,2060 RCP 8.5,shang4hai3shi4_2_3_2005_S0,STOREY_16,1840,0
26°C,扩容,shang4hai3shi4,2060 RCP 8.5,shang4hai3shi4_2_3_2005_S0,STOREY_17,1840,32
26°C,扩容,shang4hai3shi4,2060 RCP 8.5,shang4hai3shi4_2_3_2005_S0,STOREY_0,1840,0
26°C,扩容,shang4hai3shi4,2060 RCP 8.5,shang4hai3shi4_2_6_2015_S0,STOREY_1,1840,0
26°C,扩容,shang4hai3shi4,2060 RCP 8.5,shang4hai3shi4_2_6_2015_S0,STOREY_2,1840,0
26°C,扩容,shang4hai3shi4,2060 RCP 8.5,shang4hai3shi4_2_6_2015_S0,STOREY_3,1840,0
26°C,扩容,shang4hai3shi4,2060 RCP 8.5,shang4hai3shi4_2_6_2015_S0,STOREY_4,1840,0
26°C,扩容,shang4hai3shi4,2060 RCP 8.5,shang4hai3shi4_2_6_2015_S0,STOREY_5,1840,0
26°C,扩容,shang4hai3shi4,2060 RCP 8.5,shang4hai3shi4_2_6_2015_S0,STOREY_6,1840,0
26°C,扩容,shang4hai3shi4,2060 RCP 8.5,shang4hai3shi4_2_6_2015_S0,STOREY_7,1840,0
26°C,扩容,shang4hai3shi4,2060 RCP 8.5,shang4hai3shi4_2_6_2015_S0,STOREY_8,1840,0
26°C,扩容,shang4hai3shi4,2060 RCP 8.5,shang4hai3shi4_2_6_2015_S0,STOREY_9,1840,0
26°C,扩容,shang4hai3shi4,2060 RCP 8.5,shang4hai3shi4_2_6_2015_S0,STOREY_10,1840,0
26°C,扩容,shang4hai3shi4,2060 RCP 8.5,shang4hai3shi4_2_6_2015_S0,STOREY_11,1840,17
26°C,扩容,shang4hai3shi4,2060 RCP 8.5,shang4hai3shi4_2_6_2015_S0,STOREY_0,1840,0
26°C,扩容,shang4hai3shi4,2060 RCP 8.5,shang4hai3shi4_2_4_1995_S0,STOREY_1,1840,1
26°C,扩容,shang4hai3shi4,2060 RCP 8.5,shang4hai3shi4_2_4_1995_S0,STOREY_2,1840,1
26°C,扩容,shang4hai3shi4,2060 RCP 8.5,shang4hai3shi4_2_4_1995_S0,STOREY_3,1840,1
26°C,扩容,shang4hai3shi4,2060 RCP 8.5,shang4hai3shi4_2_4_1995_S0,STOREY_4,1840,1
26°C,扩容,shang4hai3shi4,2060 RCP 8.5,shang4hai3shi4_2_4_1995_S0,STOREY_5,1840,1
26°C,扩容,shang4hai3shi4,2060 RCP 8.5,shang4hai3shi4_2_4_1995_S0,STOREY_6,1840,1
26°C,扩容,shang4hai3shi4,2060 RCP 8.5,shang4hai3shi4_2_4_1995_S0,STOREY_7,1840,1
26°C,扩容,shang4hai3shi4,2060 RCP 8.5,shang4hai3shi4_2_4_1995_S0,STOREY_8,1840,1
26°C,扩容,shang4hai3shi4,2060 RCP 8.5,shang4hai3shi4_2_4_1995_S0,STOREY_9,1840,1
26°C,扩容,shang4hai3shi4,2060 RCP 8.5,shang4hai3shi4_2_4_1995_S0,STOREY_10,1840,1
26°C,扩容,shang4hai3shi4,2060 RCP 8.5,shang4hai3shi4_2_4_1995_S0,STOREY_11,1840,1
26°C,扩容,shang4hai3shi4,2060 RCP 8.5,shang4hai3shi4_2_4_1995_S0,STOREY_12,1840,1
26°C,扩容,shang4hai3shi4,2060 RCP 8.5,shang4hai3shi4_2_4_1995_S0,STOREY_13,1840,1
26°C,扩容,shang4hai3shi4,2060 RCP 8.5,shang4hai3shi4_2_4_1995_S0,STOREY_14,1840,1
26°C,扩容,shang4hai3shi4,2060 RCP 8.5,shang4hai3shi4_2_4_1995_S0,STOREY_15,1840,1
26°C,扩容,shang4hai3shi4,2060 RCP 8.5,shang4hai3shi4_2_4_1995_S0,STOREY_16,1840,1
26°C,扩容,shang4hai3shi4,2060 RCP 8.5,shang4hai3shi4_2_4_1995_S0,STOREY_17,1840,1
26°C,扩容,shang4hai3shi4,2060 RCP 8.5,shang4hai3shi4_2_4_1995_S0,STOREY_18,1840,2
26°C,扩容,shang4hai3shi4,2060 RCP 8.5,shang4hai3shi4_2_4_1995_S0,STOREY_19,1840,41
26°C,扩容,shang4hai3shi4,2060 RCP 8.5,shang4hai3shi4_2_4_1995_S0,STOREY_0,1840,0
26°C,扩容,shang4hai3shi4,2060 RCP 8.5,shang4hai3shi4_2_5_2005_S0,STOREY_1,1840,0
26°C,扩容,shang4hai3shi4,2060 RCP 8.5,shang4hai3shi4_2_5_2005_S0,STOREY_2,1840,0
26°C,扩容,shang4hai3shi4,2060 RCP 8.5,shang4hai3shi4_2_5_2005_S0,STOREY_3,1840,0
26°C,扩容,shang4hai3shi4,2060 RCP 8.5,shang4hai3shi4_2_5_2005_S0,STOREY_4,1840,0
26°C,扩容,shang4hai3shi4,2060 RCP 8.5,shang4hai3shi4_2_5_2005_S0,STOREY_5,1840,0
26°C,扩容,shang4hai3shi4,2060 RCP 8.5,shang4hai3shi4_2_5_2005_S0,STOREY_6,1840,0
26°C,扩容,shang4hai3shi4,2060 RCP 8.5,shang4hai3shi4_2_5_2005_S0,STOREY_7,1840,0
26°C,扩容,shang4hai3shi4,2060 RCP 8.5,shang4hai3shi4_2_5_2005_S0,STOREY_8,1840,0
26°C,扩容,shang4hai3shi4,2060 RCP 8.5,shang4hai3shi4_2_5_2005_S0,STOREY_9,1840,0
26°C,扩容,shang4hai3shi4,2060 RCP 8.5,shang4hai3shi4_2_5_2005_S0,STOREY_10,1840,0
26°C,扩容,shang4hai3shi4,2060 RCP 8.5,shang4hai3shi4_2_5_2005_S0,STOREY_11,1840,0
26°C,扩容,shang4hai3shi4,2060 RCP 8.5,shang4hai3shi4_2_5_2005_S0,STOREY_12,1840,0
26°C,扩容,shang4hai3shi4,2060 RCP 8.5,shang4hai3shi4_2_5_2005_S0,STOREY_13,1840,0
26°C,扩容,shang4hai3shi4,2060 RCP 8.5,shang4hai3shi4_2_5_2005_S0,STOREY_14,1840,0
26°C,扩容,shang4hai3shi4,2060 RCP 8.5,shang4hai3shi4_2_5_2005_S0,STOREY_15,1840,0
26°C,扩容,shang4hai3shi4,2060 RCP 8.5,shang4hai3shi4_2_5_2005_S0,STOREY_16,1840,0
26°C,扩容,shang4hai3shi4,2060 RCP 8.5,shang4hai3shi4_2_5_2005_S0,STOREY_17,1840,0
26°C,扩容,shang4hai3shi4,2060 RCP 8.5,shang4hai3shi4_2_5_2005_S0,STOREY_18,1840,0
26°C,扩容,shang4hai3shi4,2060 RCP 8.5,shang4hai3shi4_2_5_2005_S0,STOREY_19,1840,0
26°C,扩容,shang4hai3shi4,2060 RCP 8.5,shang4hai3shi4_2_5_2005_S0,STOREY_20,1840,0
26°C,扩容,shang4hai3shi4,2060 RCP 8.5,shang4hai3shi4_2_5_2005_S0,STOREY_21,1840,0
26°C,扩容,shang4hai3shi4,2060 RCP 8.5,shang4hai3shi4_2_5_2005_S0,STOREY_22,1840,0
26°C,扩容,shang4hai3shi4,2060 RCP 8.5,shang4hai3shi4_2_5_2005_S0,STOREY_23,1840,0
26°C,扩容,shang4hai3shi4,2060 RCP 8.5,shang4hai3shi4_2_5_2005_S0,STOREY_24,1840,18
26°C,扩容,shang4hai3shi4,2060 RCP 8.5,shang4hai3shi4_2_5_2005_S0,STOREY_0,1840,0
26°C,扩容,shang4hai3shi4,2060 RCP 8.5,shang4hai3shi4_2_7_2005_S0,STOREY_1,1840,0
26°C,扩容,shang4hai3shi4,2060 RCP 8.5,shang4hai3shi4_2_7_2005_S0,STOREY_2,1840,0
26°C,扩容,shang4hai3shi4,2060 RCP 8.5,shang4hai3shi4_2_7_2005_S0,STOREY_3,1840,0
26°C,扩容,shang4hai3shi4,2060 RCP 8.5,shang4hai3shi4_2_7_2005_S0,STOREY_4,1840,0
26°C,扩容,shang4hai3shi4,2060 RCP 8.5,shang4hai3shi4_2_7_2005_S0,STOREY_5,1840,0
26°C,扩容,shang4hai3shi4,2060 RCP 8.5,shang4hai3shi4_2_7_2005_S0,STOREY_6,1840,0
26°C,扩容,shang4hai3shi4,2060 RCP 8.5,shang4hai3shi4_2_7_2005_S0,STOREY_7,1840,0
26°C,扩容,shang4hai3shi4,2060 RCP 8.5,shang4hai3shi4_2_7_2005_S0,STOREY_8,1840,0
26°C,扩容,shang4hai3shi4,2060 RCP 8.5,shang4hai3shi4_2_7_2005_S0,STOREY_9,1840,1
26°C,扩容,shang4hai3shi4,2060 RCP 8.5,shang4hai3shi4_2_7_2005_S0,STOREY_10,1840,31
26°C,扩容,shang4hai3shi4,2060 RCP 8.5,shang4hai3shi4_2_7_2005_S0,STOREY_0,1840,0
26°C,扩容,xia4men2shi4,2040 RCP 2.6,xia4men2shi4_0_1_1980_S0,STOREY_1,1670,1
26°C,扩容,xia4men2shi4,2040 RCP 2.6,xia4men2shi4_0_1_1980_S0,STOREY_2,1670,38
26°C,扩容,xia4men2shi4,2040 RCP 2.6,xia4men2shi4_0_1_1980_S0,STOREY_0,1670,0
26°C,扩容,xia4men2shi4,2040 RCP 2.6,xia4men2shi4_0_3_1980_S0,STOREY_0,1670,0
26°C,扩容,xia4men2shi4,2040 RCP 2.6,xia4men2shi4_0_2_1995_S0,STOREY_1,1670,0
26°C,扩容,xia4men2shi4,2040 RCP 2.6,xia4men2shi4_0_2_1995_S0,STOREY_2,1670,34
26°C,扩容,xia4men2shi4,2040 RCP 2.6,xia4men2shi4_0_2_1995_S0,STOREY_0,1670,0
26°C,扩容,xia4men2shi4,2040 RCP 2.6,xia4men2shi4_0_4_1980_S0,STOREY_1,1670,17
26°C,扩容,xia4men2shi4,2040 RCP 2.6,xia4men2shi4_0_4_1980_S0,STOREY_0,1670,0
26°C,扩容,xia4men2shi4,2040 RCP 2.6,xia4men2shi4_0_6_1980_S0,STOREY_0,1670,0
26°C,扩容,xia4men2shi4,2040 RCP 2.6,xia4men2shi4_0_5_1980_S0,STOREY_1,1670,13
26°C,扩容,xia4men2shi4,2040 RCP 2.6,xia4men2shi4_0_5_1980_S0,STOREY_2,1670,65
26°C,扩容,xia4men2shi4,2040 RCP 2.6,xia4men2shi4_0_5_1980_S0,STOREY_0,1670,0
26°C,扩容,shang4hai3shi4,2060 RCP 8.5,shang4hai3shi4_2_9_2005_S0,STOREY_1,1840,0
26°C,扩容,shang4hai3shi4,2060 RCP 8.5,shang4hai3shi4_2_9_2005_S0,STOREY_2,1840,0
26°C,扩容,shang4hai3shi4,2060 RCP 8.5,shang4hai3shi4_2_9_2005_S0,STOREY_3,1840,0
26°C,扩容,shang4hai3shi4,2060 RCP 8.5,shang4hai3shi4_2_9_2005_S0,STOREY_4,1840,0
26°C,扩容,shang4hai3shi4,2060 RCP 8.5,shang4hai3shi4_2_9_2005_S0,STOREY_5,1840,0
26°C,扩容,shang4hai3shi4,2060 RCP 8.5,shang4hai3shi4_2_9_2005_S0,STOREY_6,1840,0
26°C,扩容,shang4hai3shi4,2060 RCP 8.5,shang4hai3shi4_2_9_2005_S0,STOREY_7,1840,0
26°C,扩容,shang4hai3shi4,2060 RCP 8.5,shang4hai3shi4_2_9_2005_S0,STOREY_8,1840,0
26°C,扩容,shang4hai3shi4,2060 RCP 8.5,shang4hai3shi4_2_9_2005_S0,STOREY_9,1840,0
26°C,扩容,shang4hai3shi4,2060 RCP 8.5,shang4hai3shi4_2_9_2005_S0,STOREY_10,1840,0
26°C,扩容,shang4hai3shi4,2060 RCP 8.5,shang4hai3shi4_2_9_2005_S0,STOREY_11,1840,0
26°C,扩容,shang4hai3shi4,2060 RCP 8.5,shang4hai3shi4_2_9_2005_S0,STOREY_12,1840,0
26°C,扩容,shang4hai3shi4,2060 RCP 8.5,shang4hai3shi4_2_9_2005_S0,STOREY_13,1840,0
26°C,扩容,shang4hai3shi4,2060 RCP 8.5,shang4hai3shi4_2_9_2005_S0,STOREY_14,1840,0
26°C,扩容,shang4hai3shi4,2060 RCP 8.5,shang4hai3shi4_2_9_2005_S0,STOREY_15,1840,0
26°C,扩容,shang4hai3shi4,2060 RCP 8.5,shang4hai3shi4_2_9_2005_S0,STOREY_16,1840,0
26°C,扩容,shang4hai3shi4,2060 RCP 8.5,shang4hai3shi4_2_9_2005_S0,STOREY_17,1840,0
26°C,扩容,shang4hai3shi4,2060 RCP 8.5,shang4hai3shi4_2_9_2005_S0,STOREY_18,1840,0
26°C,扩容,shang4hai3shi4,2060 RCP 8.5,shang4hai3shi4_2_9_2005_S0,STOREY_19,1840,0
26°C,扩容,shang4hai3shi4,2060 RCP 8.5,shang4hai3shi4_2_9_2005_S0,STOREY_20,1840,17
26°C,扩容,shang4hai3shi4,2060 RCP 8.5,shang4hai3shi4_2_9_2005_S0,STOREY_0,1840,0
26°C,扩容,shang4hai3shi4,2060 RCP 8.5,shang4hai3shi4_2_8_2005_S0,STOREY_1,1840,0
26°C,扩容,shang4hai3shi4,2060 RCP 8.5,shang4hai3shi4_2_8_2005_S0,STOREY_2,1840,0
26°C,扩容,shang4hai3shi4,2060 RCP 8.5,shang4hai3shi4_2_8_2005_S0,STOREY_3,1840,0
26°C,扩容,shang4hai3shi4,2060 RCP 8.5,shang4hai3shi4_2_8_2005_S0,STOREY_4,1840,0
26°C,扩容,shang4hai3shi4,2060 RCP 8.5,shang4hai3shi4_2_8_2005_S0,STOREY_5,1840,0
26°C,扩容,shang4hai3shi4,2060 RCP 8.5,shang4hai3shi4_2_8_2005_S0,STOREY_6,1840,0
26°C,扩容,shang4hai3shi4,2060 RCP 8.5,shang4hai3shi4_2_8_2005_S0,STOREY_7,1840,0
26°C,扩容,shang4hai3shi4,2060 RCP 8.5,shang4hai3shi4_2_8_2005_S0,STOREY_8,1840,0
26°C,扩容,shang4hai3shi4,2060 RCP 8.5,shang4hai3shi4_2_8_2005_S0,STOREY_9,1840,0
26°C,扩容,shang4hai3shi4,2060 RCP 8.5,shang4hai3shi4_2_8_2005_S0,STOREY_10,1840,0
26°C,扩容,shang4hai3shi4,2060 RCP 8.5,shang4hai3shi4_2_8_2005_S0,STOREY_11,1840,0
26°C,扩容,shang4hai3shi4,2060 RCP 8.5,shang4hai3shi4_2_8_2005_S0,STOREY_12,1840,0
26°C,扩容,shang4hai3shi4,2060 RCP 8.5,shang4hai3shi4_2_8_2005_S0,STOREY_13,1840,0
26°C,扩容,shang4hai3shi4,2060 RCP 8.5,shang4hai3shi4_2_8_2005_S0,STOREY_14,1840,0
26°C,扩容,shang4hai3shi4,2060 RCP 8.5,shang4hai3shi4_2_8_2005_S0,STOREY_15,1840,0
26°C,扩容,shang4hai3shi4,2060 RCP 8.5,shang4hai3shi4_2_8_2005_S0,STOREY_16,1840,0
26°C,扩容,shang4hai3shi4,2060 RCP 8.5,shang4hai3shi4_2_8_2005_S0,STOREY_17,1840,0
26°C,扩容,shang4hai3shi4,2060 RCP 8.5,shang4hai3shi4_2_8_2005_S0,STOREY_18,1840,0
26°C,扩容,shang4hai3shi4,2060 RCP 8.5,shang4hai3shi4_2_8_2005_S0,STOREY_19,1840,0
26°C,扩容,shang4hai3shi4,2060 RCP 8.5,shang4hai3shi4_2_8_2005_S0,STOREY_20,1840,1
26°C,扩容,shang4hai3shi4,2060 RCP 8.5,shang4hai3shi4_2_8_2005_S0,STOREY_21,1840,23
26°C,扩容,shang4hai3shi4,2060 RCP 8.5,shang4hai3shi4_2_8_2005_S0,STOREY_0,1840,0
26°C,扩容,xia4men2shi4,2040 RCP 2.6,xia4men2shi4_1_1_2005_S0,STOREY_1,1670,0
26°C,扩容,xia4men2shi4,2040 RCP 2.6,xia4men2shi4_1_1_2005_S0,STOREY_2,1670,1
26°C,扩容,xia4men2shi4,2040 RCP 2.6,xia4men2shi4_1_1_2005_S0,STOREY_3,1670,1
26°C,扩容,xia4men2shi4,2040 RCP 2.6,xia4men2shi4_1_1_2005_S0,STOREY_4,1670,1
26°C,扩容,xia4men2shi4,2040 RCP 2.6,xia4men2shi4_1_1_2005_S0,STOREY_5,1670,40
26°C,扩容,xia4men2shi4,2040 RCP 2.6,xia4men2shi4_1_1_2005_S0,STOREY_0,1670,0
26°C,扩容,xia4men2shi4,2040 RCP 2.6,xia4men2shi4_1_2_1995_S0,STOREY_1,1670,0
26°C,扩容,xia4men2shi4,2040 RCP 2.6,xia4men2shi4_1_2_1995_S0,STOREY_2,1670,1
26°C,扩容,xia4men2shi4,2040 RCP 2.6,xia4men2shi4_1_2_1995_S0,STOREY_3,1670,1
26°C,扩容,xia4men2shi4,2040 RCP 2.6,xia4men2shi4_1_2_1995_S0,STOREY_4,1670,1
26°C,扩容,xia4men2shi4,2040 RCP 2.6,xia4men2shi4_1_2_1995_S0,STOREY_5,1670,37
26°C,扩容,xia4men2shi4,2040 RCP 2.6,xia4men2shi4_1_2_1995_S0,STOREY_0,1670,0
26°C,扩容,xia4men2shi4,2040 RCP 2.6,xia4men2shi4_1_3_1995_S0,STOREY_1,1670,1
26°C,扩容,xia4men2shi4,2040 RCP 2.6,xia4men2shi4_1_3_1995_S0,STOREY_2,1670,1
26°C,扩容,xia4men2shi4,2040 RCP 2.6,xia4men2shi4_1_3_1995_S0,STOREY_3,1670,66
26°C,扩容,xia4men2shi4,2040 RCP 2.6,xia4men2shi4_1_3_1995_S0,STOREY_0,1670,0
26°C,扩容,xia4men2shi4,2040 RCP 2.6,xia4men2shi4_1_6_1995_S0,STOREY_1,1670,1
26°C,扩容,xia4men2shi4,2040 RCP 2.6,xia4men2shi4_1_6_1995_S0,STOREY_2,1670,1
26°C,扩容,xia4men2shi4,2040 RCP 2.6,xia4men2shi4_1_6_1995_S0,STOREY_3,1670,2
26°C,扩容,xia4men2shi4,2040 RCP 2.6,xia4men2shi4_1_6_1995_S0,STOREY_4,1670,2
26°C,扩容,xia4men2shi4,2040 RCP 2.6,xia4men2shi4_1_6_1995_S0,STOREY_5,1670,63
26°C,扩容,xia4men2shi4,2040 RCP 2.6,xia4men2shi4_1_6_1995_S0,STOREY_0,1670,0
26°C,扩容,xia4men2shi4,2040 RCP 2.6,xia4men2shi4_1_4_1995_S0,STOREY_1,1670,0
26°C,扩容,xia4men2shi4,2040 RCP 2.6,xia4men2shi4_1_4_1995_S0,STOREY_2,1670,0
26°C,扩容,xia4men2shi4,2040 RCP 2.6,xia4men2shi4_1_4_1995_S0,STOREY_3,1670,0
26°C,扩容,xia4men2shi4,2040 RCP 2.6,xia4men2shi4_1_4_1995_S0,STOREY_4,1670,0
26°C,扩容,xia4men2shi4,2040 RCP 2.6,xia4men2shi4_1_4_1995_S0,STOREY_5,1670,0
26°C,扩容,xia4men2shi4,2040 RCP 2.6,xia4men2shi4_1_4_1995_S0,STOREY_6,1670,33
26°C,扩容,xia4men2shi4,2040 RCP 2.6,xia4men2shi4_1_4_1995_S0,STOREY_0,1670,0
26°C,扩容,xia4men2shi4,2040 RCP 2.6,xia4men2shi4_1_5_1995_S0,STOREY_1,1670,1
26°C,扩容,xia4men2shi4,2040 RCP 2.6,xia4men2shi4_1_5_1995_S0,STOREY_2,1670,1
26°C,扩容,xia4men2shi4,2040 RCP 2.6,xia4men2shi4_1_5_1995_S0,STOREY_3,1670,1
26°C,扩容,xia4men2shi4,2040 RCP 2.6,xia4men2shi4_1_5_1995_S0,STOREY_4,1670,1
26°C,扩容,xia4men2shi4,2040 RCP 2.6,xia4men2shi4_1_5_1995_S0,STOREY_5,1670,1
26°C,扩容,xia4men2shi4,2040 RCP 2.6,xia4men2shi4_1_5_1995_S0,STOREY_6,1670,1
26°C,扩容,xia4men2shi4,2040 RCP 2.6,xia4men2shi4_1_5_1995_S0,STOREY_7,1670,1
26°C,扩容,xia4men2shi4,2040 RCP 2.6,xia4men2shi4_1_5_1995_S0,STOREY_8,1670,1
26°C,扩容,xia4men2shi4,2040 RCP 2.6,xia4men2shi4_1_5_1995_S0,STOREY_9,1670,40
26°C,扩容,xia4men2shi4,2040 RCP 2.6,xia4men2shi4_1_5_1995_S0,STOREY_0,1670,0
26°C,扩容,xia4men2shi4,2040 RCP 2.6,xia4men2shi4_2_3_2005_S0,STOREY_1,1670,0
26°C,扩容,xia4men2shi4,2040 RCP 2.6,xia4men2shi4_2_3_2005_S0,STOREY_2,1670,0
26°C,扩容,xia4men2shi4,2040 RCP 2.6,xia4men2shi4_2_3_2005_S0,STOREY_3,1670,0
26°C,扩容,xia4men2shi4,2040 RCP 2.6,xia4men2shi4_2_3_2005_S0,STOREY_4,1670,0
26°C,扩容,xia4men2shi4,2040 RCP 2.6,xia4men2shi4_2_3_2005_S0,STOREY_5,1670,0
26°C,扩容,xia4men2shi4,2040 RCP 2.6,xia4men2shi4_2_3_2005_S0,STOREY_6,1670,0
26°C,扩容,xia4men2shi4,2040 RCP 2.6,xia4men2shi4_2_3_2005_S0,STOREY_7,1670,0
26°C,扩容,xia4men2shi4,2040 RCP 2.6,xia4men2shi4_2_3_2005_S0,STOREY_8,1670,0
26°C,扩容,xia4men2shi4,2040 RCP 2.6,xia4men2shi4_2_3_2005_S0,STOREY_9,1670,0
26°C,扩容,xia4men2shi4,2040 RCP 2.6,xia4men2shi4_2_3_2005_S0,STOREY_10,1670,0
26°C,扩容,xia4men2shi4,2040 RCP 2.6,xia4men2shi4_2_3_2005_S0,STOREY_11,1670,1
26°C,扩容,xia4men2shi4,2040 RCP 2.6,xia4men2shi4_2_3_2005_S0,STOREY_12,1670,19
26°C,扩容,xia4men2shi4,2040 RCP 2.6,xia4men2shi4_2_3_2005_S0,STOREY_0,1670,0
26°C,扩容,xia4men2shi4,2040 RCP 2.6,xia4men2shi4_2_1_2005_S0,STOREY_1,1670,0
26°C,扩容,xia4men2shi4,2040 RCP 2.6,xia4men2shi4_2_1_2005_S0,STOREY_2,1670,0
26°C,扩容,xia4men2shi4,2040 RCP 2.6,xia4men2shi4_2_1_2005_S0,STOREY_3,1670,0
26°C,扩容,xia4men2shi4,2040 RCP 2.6,xia4men2shi4_2_1_2005_S0,STOREY_4,1670,0
26°C,扩容,xia4men2shi4,2040 RCP 2.6,xia4men2shi4_2_1_2005_S0,STOREY_5,1670,0
26°C,扩容,xia4men2shi4,2040 RCP 2.6,xia4men2shi4_2_1_2005_S0,STOREY_6,1670,0
26°C,扩容,xia4men2shi4,2040 RCP 2.6,xia4men2shi4_2_1_2005_S0,STOREY_7,1670,0
26°C,扩容,xia4men2shi4,2040 RCP 2.6,xia4men2shi4_2_1_2005_S0,STOREY_8,1670,0
26°C,扩容,xia4men2shi4,2040 RCP 2.6,xia4men2shi4_2_1_2005_S0,STOREY_9,1670,0
26°C,扩容,xia4men2shi4,2040 RCP 2.6,xia4men2shi4_2_1_2005_S0,STOREY_10,1670,0
26°C,扩容,xia4men2shi4,2040 RCP 2.6,xia4men2shi4_2_1_2005_S0,STOREY_11,1670,0
26°C,扩容,xia4men2shi4,2040 RCP 2.6,xia4men2shi4_2_1_2005_S0,STOREY_12,1670,0
26°C,扩容,xia4men2shi4,2040 RCP 2.6,xia4men2shi4_2_1_2005_S0,STOREY_13,1670,0
26°C,扩容,xia4men2shi4,2040 RCP 2.6,xia4men2shi4_2_1_2005_S0,STOREY_14,1670,0
26°C,扩容,xia4men2shi4,2040 RCP 2.6,xia4men2shi4_2_1_2005_S0,STOREY_15,1670,0
26°C,扩容,xia4men2shi4,2040 RCP 2.6,xia4men2shi4_2_1_2005_S0,STOREY_16,1670,0
26°C,扩容,xia4men2shi4,2040 RCP 2.6,xia4men2shi4_2_1_2005_S0,STOREY_17,1670,17
26°C,扩容,xia4men2shi4,2040 RCP 2.6,xia4men2shi4_2_1_2005_S0,STOREY_0,1670,0
26°C,扩容,xia4men2shi4,2040 RCP 2.6,xia4men2shi4_2_4_2005_S0,STOREY_1,1670,0
26°C,扩容,xia4men2shi4,2040 RCP 2.6,xia4men2shi4_2_4_2005_S0,STOREY_2,1670,1
26°C,扩容,xia4men2shi4,2040 RCP 2.6,xia4men2shi4_2_4_2005_S0,STOREY_3,1670,1
26°C,扩容,xia4men2shi4,2040 RCP 2.6,xia4men2shi4_2_4_2005_S0,STOREY_4,1670,1
26°C,扩容,xia4men2shi4,2040 RCP 2.6,xia4men2shi4_2_4_2005_S0,STOREY_5,1670,1
26°C,扩容,xia4men2shi4,2040 RCP 2.6,xia4men2shi4_2_4_2005_S0,STOREY_6,1670,1
26°C,扩容,xia4men2shi4,2040 RCP 2.6,xia4men2shi4_2_4_2005_S0,STOREY_7,1670,1
26°C,扩容,xia4men2shi4,2040 RCP 2.6,xia4men2shi4_2_4_2005_S0,STOREY_8,1670,1
26°C,扩容,xia4men2shi4,2040 RCP 2.6,xia4men2shi4_2_4_2005_S0,STOREY_9,1670,1
26°C,扩容,xia4men2shi4,2040 RCP 2.6,xia4men2shi4_2_4_2005_S0,STOREY_10,1670,1
26°C,扩容,xia4men2shi4,2040 RCP 2.6,xia4men2shi4_2_4_2005_S0,STOREY_11,1670,29
26°C,扩容,xia4men2shi4,2040 RCP 2.6,xia4men2shi4_2_4_2005_S0,STOREY_0,1670,0
26°C,扩容,xia4men2shi4,2040 RCP 4.5,xia4men2shi4_0_1_1980_S0,STOREY_1,1670,0
26°C,扩容,xia4men2shi4,2040 RCP 4.5,xia4men2shi4_0_1_1980_S0,STOREY_2,1670,30
26°C,扩容,xia4men2shi4,2040 RCP 4.5,xia4men2shi4_0_1_1980_S0,STOREY_0,1670,0
26°C,扩容,xia4men2shi4,2040 RCP 4.5,xia4men2shi4_0_2_1995_S0,STOREY_1,1670,0
26°C,扩容,xia4men2shi4,2040 RCP 4.5,xia4men2shi4_0_2_1995_S0,STOREY_2,1670,30
26°C,扩容,xia4men2shi4,2040 RCP 4.5,xia4men2shi4_0_2_1995_S0,STOREY_0,1670,0
26°C,扩容,xia4men2shi4,2040 RCP 4.5,xia4men2shi4_0_3_1980_S0,STOREY_0,1670,0
26°C,扩容,xia4men2shi4,2040 RCP 4.5,xia4men2shi4_0_4_1980_S0,STOREY_1,1670,12
26°C,扩容,xia4men2shi4,2040 RCP 4.5,xia4men2shi4_0_4_1980_S0,STOREY_0,1670,0
26°C,扩容,xia4men2shi4,2040 RCP 2.6,xia4men2shi4_2_2_2005_S0,STOREY_1,1670,1
26°C,扩容,xia4men2shi4,2040 RCP 2.6,xia4men2shi4_2_2_2005_S0,STOREY_2,1670,1
26°C,扩容,xia4men2shi4,2040 RCP 2.6,xia4men2shi4_2_2_2005_S0,STOREY_3,1670,1
26°C,扩容,xia4men2shi4,2040 RCP 2.6,xia4men2shi4_2_2_2005_S0,STOREY_4,1670,1
26°C,扩容,xia4men2shi4,2040 RCP 2.6,xia4men2shi4_2_2_2005_S0,STOREY_5,1670,1
26°C,扩容,xia4men2shi4,2040 RCP 2.6,xia4men2shi4_2_2_2005_S0,STOREY_6,1670,1
26°C,扩容,xia4men2shi4,2040 RCP 2.6,xia4men2shi4_2_2_2005_S0,STOREY_7,1670,1
26°C,扩容,xia4men2shi4,2040 RCP 2.6,xia4men2shi4_2_2_2005_S0,STOREY_8,1670,1
26°C,扩容,xia4men2shi4,2040 RCP 2.6,xia4men2shi4_2_2_2005_S0,STOREY_9,1670,1
26°C,扩容,xia4men2shi4,2040 RCP 2.6,xia4men2shi4_2_2_2005_S0,STOREY_10,1670,1
26°C,扩容,xia4men2shi4,2040 RCP 2.6,xia4men2shi4_2_2_2005_S0,STOREY_11,1670,1
26°C,扩容,xia4men2shi4,2040 RCP 2.6,xia4men2shi4_2_2_2005_S0,STOREY_12,1670,1
26°C,扩容,xia4men2shi4,2040 RCP 2.6,xia4men2shi4_2_2_2005_S0,STOREY_13,1670,1
26°C,扩容,xia4men2shi4,2040 RCP 2.6,xia4men2shi4_2_2_2005_S0,STOREY_14,1670,1
26°C,扩容,xia4men2shi4,2040 RCP 2.6,xia4men2shi4_2_2_2005_S0,STOREY_15,1670,1
26°C,扩容,xia4men2shi4,2040 RCP 2.6,xia4men2shi4_2_2_2005_S0,STOREY_16,1670,1
26°C,扩容,xia4men2shi4,2040 RCP 2.6,xia4men2shi4_2_2_2005_S0,STOREY_17,1670,1
26°C,扩容,xia4men2shi4,2040 RCP 2.6,xia4men2shi4_2_2_2005_S0,STOREY_18,1670,1
26°C,扩容,xia4men2shi4,2040 RCP 2.6,xia4men2shi4_2_2_2005_S0,STOREY_19,1670,1
26°C,扩容,xia4men2shi4,2040 RCP 2.6,xia4men2shi4_2_2_2005_S0,STOREY_20,1670,1
26°C,扩容,xia4men2shi4,2040 RCP 2.6,xia4men2shi4_2_2_2005_S0,STOREY_21,1670,1
26°C,扩容,xia4men2shi4,2040 RCP 2.6,xia4men2shi4_2_2_2005_S0,STOREY_22,1670,1
26°C,扩容,xia4men2shi4,2040 RCP 2.6,xia4men2shi4_2_2_2005_S0,STOREY_23,1670,1
26°C,扩容,xia4men2shi4,2040 RCP 2.6,xia4men2shi4_2_2_2005_S0,STOREY_24,1670,1
26°C,扩容,xia4men2shi4,2040 RCP 2.6,xia4men2shi4_2_2_2005_S0,STOREY_25,1670,1
26°C,扩容,xia4men2shi4,2040 RCP 2.6,xia4men2shi4_2_2_2005_S0,STOREY_26,1670,1
26°C,扩容,xia4men2shi4,2040 RCP 2.6,xia4men2shi4_2_2_2005_S0,STOREY_27,1670,20
26°C,扩容,xia4men2shi4,2040 RCP 2.6,xia4men2shi4_2_2_2005_S0,STOREY_0,1670,0
26°C,扩容,xia4men2shi4,2040 RCP 2.6,xia4men2shi4_2_5_2005_S0,STOREY_1,1670,0
26°C,扩容,xia4men2shi4,2040 RCP 2.6,xia4men2shi4_2_5_2005_S0,STOREY_2,1670,0
26°C,扩容,xia4men2shi4,2040 RCP 2.6,xia4men2shi4_2_5_2005_S0,STOREY_3,1670,0
26°C,扩容,xia4men2shi4,2040 RCP 2.6,xia4men2shi4_2_5_2005_S0,STOREY_4,1670,0
26°C,扩容,xia4men2shi4,2040 RCP 2.6,xia4men2shi4_2_5_2005_S0,STOREY_5,1670,0
26°C,扩容,xia4men2shi4,2040 RCP 2.6,xia4men2shi4_2_5_2005_S0,STOREY_6,1670,0
26°C,扩容,xia4men2shi4,2040 RCP 2.6,xia4men2shi4_2_5_2005_S0,STOREY_7,1670,0
26°C,扩容,xia4men2shi4,2040 RCP 2.6,xia4men2shi4_2_5_2005_S0,STOREY_8,1670,0
26°C,扩容,xia4men2shi4,2040 RCP 2.6,xia4men2shi4_2_5_2005_S0,STOREY_9,1670,0
26°C,扩容,xia4men2shi4,2040 RCP 2.6,xia4men2shi4_2_5_2005_S0,STOREY_10,1670,0
26°C,扩容,xia4men2shi4,2040 RCP 2.6,xia4men2shi4_2_5_2005_S0,STOREY_11,1670,0
26°C,扩容,xia4men2shi4,2040 RCP 2.6,xia4men2shi4_2_5_2005_S0,STOREY_12,1670,0
26°C,扩容,xia4men2shi4,2040 RCP 2.6,xia4men2shi4_2_5_2005_S0,STOREY_13,1670,0
26°C,扩容,xia4men2shi4,2040 RCP 2.6,xia4men2shi4_2_5_2005_S0,STOREY_14,1670,0
26°C,扩容,xia4men2shi4,2040 RCP 2.6,xia4men2shi4_2_5_2005_S0,STOREY_15,1670,18
26°C,扩容,xia4men2shi4,2040 RCP 2.6,xia4men2shi4_2_5_2005_S0,STOREY_0,1670,0
26°C,扩容,xia4men2shi4,2040 RCP 4.5,xia4men2shi4_0_6_1980_S0,STOREY_0,1670,0
26°C,扩容,xia4men2shi4,2040 RCP 4.5,xia4men2shi4_0_5_1980_S0,STOREY_1,1670,15
26°C,扩容,xia4men2shi4,2040 RCP 4.5,xia4men2shi4_0_5_1980_S0,STOREY_2,1670,59
26°C,扩容,xia4men2shi4,2040 RCP 4.5,xia4men2shi4_0_5_1980_S0,STOREY_0,1670,0
26°C,扩容,xia4men2shi4,2040 RCP 4.5,xia4men2shi4_1_3_1995_S0,STOREY_1,1670,0
26°C,扩容,xia4men2shi4,2040 RCP 4.5,xia4men2shi4_1_3_1995_S0,STOREY_2,1670,1
26°C,扩容,xia4men2shi4,2040 RCP 4.5,xia4men2shi4_1_3_1995_S0,STOREY_3,1670,63
26°C,扩容,xia4men2shi4,2040 RCP 4.5,xia4men2shi4_1_3_1995_S0,STOREY_0,1670,0
26°C,扩容,xia4men2shi4,2040 RCP 4.5,xia4men2shi4_1_1_2005_S0,STOREY_1,1670,0
26°C,扩容,xia4men2shi4,2040 RCP 4.5,xia4men2shi4_1_1_2005_S0,STOREY_2,1670,0
26°C,扩容,xia4men2shi4,2040 RCP 4.5,xia4men2shi4_1_1_2005_S0,STOREY_3,1670,0
26°C,扩容,xia4men2shi4,2040 RCP 4.5,xia4men2shi4_1_1_2005_S0,STOREY_4,1670,0
26°C,扩容,xia4men2shi4,2040 RCP 4.5,xia4men2shi4_1_1_2005_S0,STOREY_5,1670,37
26°C,扩容,xia4men2shi4,2040 RCP 4.5,xia4men2shi4_1_1_2005_S0,STOREY_0,1670,0
26°C,扩容,xia4men2shi4,2040 RCP 4.5,xia4men2shi4_1_2_1995_S0,STOREY_1,1670,0
26°C,扩容,xia4men2shi4,2040 RCP 4.5,xia4men2shi4_1_2_1995_S0,STOREY_2,1670,0
26°C,扩容,xia4men2shi4,2040 RCP 4.5,xia4men2shi4_1_2_1995_S0,STOREY_3,1670,0
26°C,扩容,xia4men2shi4,2040 RCP 4.5,xia4men2shi4_1_2_1995_S0,STOREY_4,1670,0
26°C,扩容,xia4men2shi4,2040 RCP 4.5,xia4men2shi4_1_2_1995_S0,STOREY_5,1670,31
26°C,扩容,xia4men2shi4,2040 RCP 4.5,xia4men2shi4_1_2_1995_S0,STOREY_0,1670,0
26°C,扩容,xia4men2shi4,2040 RCP 4.5,xia4men2shi4_1_4_1995_S0,STOREY_1,1670,0
26°C,扩容,xia4men2shi4,2040 RCP 4.5,xia4men2shi4_1_4_1995_S0,STOREY_2,1670,0
26°C,扩容,xia4men2shi4,2040 RCP 4.5,xia4men2shi4_1_4_1995_S0,STOREY_3,1670,0
26°C,扩容,xia4men2shi4,2040 RCP 4.5,xia4men2shi4_1_4_1995_S0,STOREY_4,1670,0
26°C,扩容,xia4men2shi4,2040 RCP 4.5,xia4men2shi4_1_4_1995_S0,STOREY_5,1670,0
26°C,扩容,xia4men2shi4,2040 RCP 4.5,xia4men2shi4_1_4_1995_S0,STOREY_6,1670,24
26°C,扩容,xia4men2shi4,2040 RCP 4.5,xia4men2shi4_1_4_1995_S0,STOREY_0,1670,0
26°C,扩容,xia4men2shi4,2040 RCP 4.5,xia4men2shi4_1_6_1995_S0,STOREY_1,1670,1
26°C,扩容,xia4men2shi4,2040 RCP 4.5,xia4men2shi4_1_6_1995_S0,STOREY_2,1670,1
26°C,扩容,xia4men2shi4,2040 RCP 4.5,xia4men2shi4_1_6_1995_S0,STOREY_3,1670,1
26°C,扩容,xia4men2shi4,2040 RCP 4.5,xia4men2shi4_1_6_1995_S0,STOREY_4,1670,3
26°C,扩容,xia4men2shi4,2040 RCP 4.5,xia4men2shi4_1_6_1995_S0,STOREY_5,1670,59
26°C,扩容,xia4men2shi4,2040 RCP 4.5,xia4men2shi4_1_6_1995_S0,STOREY_0,1670,0
26°C,扩容,xia4men2shi4,2040 RCP 2.6,xia4men2shi4_2_6_2005_S0,STOREY_1,1670,0
26°C,扩容,xia4men2shi4,2040 RCP 2.6,xia4men2shi4_2_6_2005_S0,STOREY_2,1670,0
26°C,扩容,xia4men2shi4,2040 RCP 2.6,xia4men2shi4_2_6_2005_S0,STOREY_3,1670,0
26°C,扩容,xia4men2shi4,2040 RCP 2.6,xia4men2shi4_2_6_2005_S0,STOREY_4,1670,0
26°C,扩容,xia4men2shi4,2040 RCP 2.6,xia4men2shi4_2_6_2005_S0,STOREY_5,1670,0
26°C,扩容,xia4men2shi4,2040 RCP 2.6,xia4men2shi4_2_6_2005_S0,STOREY_6,1670,0
26°C,扩容,xia4men2shi4,2040 RCP 2.6,xia4men2shi4_2_6_2005_S0,STOREY_7,1670,0
26°C,扩容,xia4men2shi4,2040 RCP 2.6,xia4men2shi4_2_6_2005_S0,STOREY_8,1670,0
26°C,扩容,xia4men2shi4,2040 RCP 2.6,xia4men2shi4_2_6_2005_S0,STOREY_9,1670,0
26°C,扩容,xia4men2shi4,2040 RCP 2.6,xia4men2shi4_2_6_2005_S0,STOREY_10,1670,0
26°C,扩容,xia4men2shi4,2040 RCP 2.6,xia4men2shi4_2_6_2005_S0,STOREY_11,1670,0
26°C,扩容,xia4men2shi4,2040 RCP 2.6,xia4men2shi4_2_6_2005_S0,STOREY_12,1670,0
26°C,扩容,xia4men2shi4,2040 RCP 2.6,xia4men2shi4_2_6_2005_S0,STOREY_13,1670,0
26°C,扩容,xia4men2shi4,2040 RCP 2.6,xia4men2shi4_2_6_2005_S0,STOREY_14,1670,0
26°C,扩容,xia4men2shi4,2040 RCP 2.6,xia4men2shi4_2_6_2005_S0,STOREY_15,1670,0
26°C,扩容,xia4men2shi4,2040 RCP 2.6,xia4men2shi4_2_6_2005_S0,STOREY_16,1670,0
26°C,扩容,xia4men2shi4,2040 RCP 2.6,xia4men2shi4_2_6_2005_S0,STOREY_17,1670,0
26°C,扩容,xia4men2shi4,2040 RCP 2.6,xia4men2shi4_2_6_2005_S0,STOREY_18,1670,0
26°C,扩容,xia4men2shi4,2040 RCP 2.6,xia4men2shi4_2_6_2005_S0,STOREY_19,1670,0
26°C,扩容,xia4men2shi4,2040 RCP 2.6,xia4men2shi4_2_6_2005_S0,STOREY_20,1670,0
26°C,扩容,xia4men2shi4,2040 RCP 2.6,xia4men2shi4_2_6_2005_S0,STOREY_21,1670,0
26°C,扩容,xia4men2shi4,2040 RCP 2.6,xia4men2shi4_2_6_2005_S0,STOREY_22,1670,0
26°C,扩容,xia4men2shi4,2040 RCP 2.6,xia4men2shi4_2_6_2005_S0,STOREY_23,1670,0
26°C,扩容,xia4men2shi4,2040 RCP 2.6,xia4men2shi4_2_6_2005_S0,STOREY_24,1670,0
26°C,扩容,xia4men2shi4,2040 RCP 2.6,xia4men2shi4_2_6_2005_S0,STOREY_25,1670,0
26°C,扩容,xia4men2shi4,2040 RCP 2.6,xia4men2shi4_2_6_2005_S0,STOREY_26,1670,0
26°C,扩容,xia4men2shi4,2040 RCP 2.6,xia4men2shi4_2_6_2005_S0,STOREY_27,1670,0
26°C,扩容,xia4men2shi4,2040 RCP 2.6,xia4men2shi4_2_6_2005_S0,STOREY_28,1670,16
26°C,扩容,xia4men2shi4,2040 RCP 2.6,xia4men2shi4_2_6_2005_S0,STOREY_0,1670,0
26°C,扩容,xia4men2shi4,2040 RCP 4.5,xia4men2shi4_1_5_1995_S0,STOREY_1,1670,0
26°C,扩容,xia4men2shi4,2040 RCP 4.5,xia4men2shi4_1_5_1995_S0,STOREY_2,1670,0
26°C,扩容,xia4men2shi4,2040 RCP 4.5,xia4men2shi4_1_5_1995_S0,STOREY_3,1670,0
26°C,扩容,xia4men2shi4,2040 RCP 4.5,xia4men2shi4_1_5_1995_S0,STOREY_4,1670,0
26°C,扩容,xia4men2shi4,2040 RCP 4.5,xia4men2shi4_1_5_1995_S0,STOREY_5,1670,0
26°C,扩容,xia4men2shi4,2040 RCP 4.5,xia4men2shi4_1_5_1995_S0,STOREY_6,1670,0
26°C,扩容,xia4men2shi4,2040 RCP 4.5,xia4men2shi4_1_5_1995_S0,STOREY_7,1670,0
26°C,扩容,xia4men2shi4,2040 RCP 4.5,xia4men2shi4_1_5_1995_S0,STOREY_8,1670,0
26°C,扩容,xia4men2shi4,2040 RCP 4.5,xia4men2shi4_1_5_1995_S0,STOREY_9,1670,37
26°C,扩容,xia4men2shi4,2040 RCP 4.5,xia4men2shi4_1_5_1995_S0,STOREY_0,1670,0
26°C,扩容,xia4men2shi4,2040 RCP 4.5,xia4men2shi4_2_3_2005_S0,STOREY_1,1670,0
26°C,扩容,xia4men2shi4,2040 RCP 4.5,xia4men2shi4_2_3_2005_S0,STOREY_2,1670,0
26°C,扩容,xia4men2shi4,2040 RCP 4.5,xia4men2shi4_2_3_2005_S0,STOREY_3,1670,0
26°C,扩容,xia4men2shi4,2040 RCP 4.5,xia4men2shi4_2_3_2005_S0,STOREY_4,1670,0
26°C,扩容,xia4men2shi4,2040 RCP 4.5,xia4men2shi4_2_3_2005_S0,STOREY_5,1670,0
26°C,扩容,xia4men2shi4,2040 RCP 4.5,xia4men2shi4_2_3_2005_S0,STOREY_6,1670,0
26°C,扩容,xia4men2shi4,2040 RCP 4.5,xia4men2shi4_2_3_2005_S0,STOREY_7,1670,0
26°C,扩容,xia4men2shi4,2040 RCP 4.5,xia4men2shi4_2_3_2005_S0,STOREY_8,1670,0
26°C,扩容,xia4men2shi4,2040 RCP 4.5,xia4men2shi4_2_3_2005_S0,STOREY_9,1670,0
26°C,扩容,xia4men2shi4,2040 RCP 4.5,xia4men2shi4_2_3_2005_S0,STOREY_10,1670,0
26°C,扩容,xia4men2shi4,2040 RCP 4.5,xia4men2shi4_2_3_2005_S0,STOREY_11,1670,0
26°C,扩容,xia4men2shi4,2040 RCP 4.5,xia4men2shi4_2_3_2005_S0,STOREY_12,1670,18
26°C,扩容,xia4men2shi4,2040 RCP 4.5,xia4men2shi4_2_3_2005_S0,STOREY_0,1670,0
26°C,扩容,xia4men2shi4,2040 RCP 4.5,xia4men2shi4_2_4_2005_S0,STOREY_1,1670,0
26°C,扩容,xia4men2shi4,2040 RCP 4.5,xia4men2shi4_2_4_2005_S0,STOREY_2,1670,0
26°C,扩容,xia4men2shi4,2040 RCP 4.5,xia4men2shi4_2_4_2005_S0,STOREY_3,1670,0
26°C,扩容,xia4men2shi4,2040 RCP 4.5,xia4men2shi4_2_4_2005_S0,STOREY_4,1670,0
26°C,扩容,xia4men2shi4,2040 RCP 4.5,xia4men2shi4_2_4_2005_S0,STOREY_5,1670,0
26°C,扩容,xia4men2shi4,2040 RCP 4.5,xia4men2shi4_2_4_2005_S0,STOREY_6,1670,0
26°C,扩容,xia4men2shi4,2040 RCP 4.5,xia4men2shi4_2_4_2005_S0,STOREY_7,1670,0
26°C,扩容,xia4men2shi4,2040 RCP 4.5,xia4men2shi4_2_4_2005_S0,STOREY_8,1670,0
26°C,扩容,xia4men2shi4,2040 RCP 4.5,xia4men2shi4_2_4_2005_S0,STOREY_9,1670,0
26°C,扩容,xia4men2shi4,2040 RCP 4.5,xia4men2shi4_2_4_2005_S0,STOREY_10,1670,0
26°C,扩容,xia4men2shi4,2040 RCP 4.5,xia4men2shi4_2_4_2005_S0,STOREY_11,1670,23
26°C,扩容,xia4men2shi4,2040 RCP 4.5,xia4men2shi4_2_4_2005_S0,STOREY_0,1670,0
26°C,扩容,xia4men2shi4,2040 RCP 4.5,xia4men2shi4_2_1_2005_S0,STOREY_1,1670,0
26°C,扩容,xia4men2shi4,2040 RCP 4.5,xia4men2shi4_2_1_2005_S0,STOREY_2,1670,0
26°C,扩容,xia4men2shi4,2040 RCP 4.5,xia4men2shi4_2_1_2005_S0,STOREY_3,1670,0
26°C,扩容,xia4men2shi4,2040 RCP 4.5,xia4men2shi4_2_1_2005_S0,STOREY_4,1670,0
26°C,扩容,xia4men2shi4,2040 RCP 4.5,xia4men2shi4_2_1_2005_S0,STOREY_5,1670,0
26°C,扩容,xia4men2shi4,2040 RCP 4.5,xia4men2shi4_2_1_2005_S0,STOREY_6,1670,0
26°C,扩容,xia4men2shi4,2040 RCP 4.5,xia4men2shi4_2_1_2005_S0,STOREY_7,1670,0
26°C,扩容,xia4men2shi4,2040 RCP 4.5,xia4men2shi4_2_1_2005_S0,STOREY_8,1670,0
26°C,扩容,xia4men2shi4,2040 RCP 4.5,xia4men2shi4_2_1_2005_S0,STOREY_9,1670,0
26°C,扩容,xia4men2shi4,2040 RCP 4.5,xia4men2shi4_2_1_2005_S0,STOREY_10,1670,0
26°C,扩容,xia4men2shi4,2040 RCP 4.5,xia4men2shi4_2_1_2005_S0,STOREY_11,1670,0
26°C,扩容,xia4men2shi4,2040 RCP 4.5,xia4men2shi4_2_1_2005_S0,STOREY_12,1670,0
26°C,扩容,xia4men2shi4,2040 RCP 4.5,xia4men2shi4_2_1_2005_S0,STOREY_13,1670,0
26°C,扩容,xia4men2shi4,2040 RCP 4.5,xia4men2shi4_2_1_2005_S0,STOREY_14,1670,0
26°C,扩容,xia4men2shi4,2040 RCP 4.5,xia4men2shi4_2_1_2005_S0,STOREY_15,1670,0
26°C,扩容,xia4men2shi4,2040 RCP 4.5,xia4men2shi4_2_1_2005_S0,STOREY_16,1670,0
26°C,扩容,xia4men2shi4,2040 RCP 4.5,xia4men2shi4_2_1_2005_S0,STOREY_17,1670,18
26°C,扩容,xia4men2shi4,2040 RCP 4.5,xia4men2shi4_2_1_2005_S0,STOREY_0,1670,0
26°C,扩容,xia4men2shi4,2040 RCP 8.5,xia4men2shi4_0_1_1980_S0,STOREY_1,1670,0
26°C,扩容,xia4men2shi4,2040 RCP 8.5,xia4men2shi4_0_1_1980_S0,STOREY_2,1670,43
26°C,扩容,xia4men2shi4,2040 RCP 8.5,xia4men2shi4_0_1_1980_S0,STOREY_0,1670,0
26°C,扩容,xia4men2shi4,2040 RCP 8.5,xia4men2shi4_0_2_1995_S0,STOREY_1,1670,0
26°C,扩容,xia4men2shi4,2040 RCP 8.5,xia4men2shi4_0_2_1995_S0,STOREY_2,1670,43
26°C,扩容,xia4men2shi4,2040 RCP 8.5,xia4men2shi4_0_2_1995_S0,STOREY_0,1670,0
26°C,扩容,xia4men2shi4,2040 RCP 8.5,xia4men2shi4_0_3_1980_S0,STOREY_0,1670,0
26°C,扩容,xia4men2shi4,2040 RCP 4.5,xia4men2shi4_2_2_2005_S0,STOREY_1,1670,0
26°C,扩容,xia4men2shi4,2040 RCP 4.5,xia4men2shi4_2_2_2005_S0,STOREY_2,1670,0
26°C,扩容,xia4men2shi4,2040 RCP 4.5,xia4men2shi4_2_2_2005_S0,STOREY_3,1670,0
26°C,扩容,xia4men2shi4,2040 RCP 4.5,xia4men2shi4_2_2_2005_S0,STOREY_4,1670,0
26°C,扩容,xia4men2shi4,2040 RCP 4.5,xia4men2shi4_2_2_2005_S0,STOREY_5,1670,0
26°C,扩容,xia4men2shi4,2040 RCP 4.5,xia4men2shi4_2_2_2005_S0,STOREY_6,1670,0
26°C,扩容,xia4men2shi4,2040 RCP 4.5,xia4men2shi4_2_2_2005_S0,STOREY_7,1670,0
26°C,扩容,xia4men2shi4,2040 RCP 4.5,xia4men2shi4_2_2_2005_S0,STOREY_8,1670,0
26°C,扩容,xia4men2shi4,2040 RCP 4.5,xia4men2shi4_2_2_2005_S0,STOREY_9,1670,0
26°C,扩容,xia4men2shi4,2040 RCP 4.5,xia4men2shi4_2_2_2005_S0,STOREY_10,1670,0
26°C,扩容,xia4men2shi4,2040 RCP 4.5,xia4men2shi4_2_2_2005_S0,STOREY_11,1670,0
26°C,扩容,xia4men2shi4,2040 RCP 4.5,xia4men2shi4_2_2_2005_S0,STOREY_12,1670,0
26°C,扩容,xia4men2shi4,2040 RCP 4.5,xia4men2shi4_2_2_2005_S0,STOREY_13,1670,0
26°C,扩容,xia4men2shi4,2040 RCP 4.5,xia4men2shi4_2_2_2005_S0,STOREY_14,1670,0
26°C,扩容,xia4men2shi4,2040 RCP 4.5,xia4men2shi4_2_2_2005_S0,STOREY_15,1670,0
26°C,扩容,xia4men2shi4,2040 RCP 4.5,xia4men2shi4_2_2_2005_S0,STOREY_16,1670,0
26°C,扩容,xia4men2shi4,2040 RCP 4.5,xia4men2shi4_2_2_2005_S0,STOREY_17,1670,0
26°C,扩容,xia4men2shi4,2040 RCP 4.5,xia4men2shi4_2_2_2005_S0,STOREY_18,1670,0
26°C,扩容,xia4men2shi4,2040 RCP 4.5,xia4men2shi4_2_2_2005_S0,STOREY_19,1670,0
26°C,扩容,xia4men2shi4,2040 RCP 4.5,xia4men2shi4_2_2_2005_S0,STOREY_20,1670,0
26°C,扩容,xia4men2shi4,2040 RCP 4.5,xia4men2shi4_2_2_2005_S0,STOREY_21,1670,0
26°C,扩容,xia4men2shi4,2040 RCP 4.5,xia4men2shi4_2_2_2005_S0,STOREY_22,1670,0
26°C,扩容,xia4men2shi4,2040 RCP 4.5,xia4men2shi4_2_2_2005_S0,STOREY_23,1670,0
26°C,扩容,xia4men2shi4,2040 RCP 4.5,xia4men2shi4_2_2_2005_S0,STOREY_24,1670,0
26°C,扩容,xia4men2shi4,2040 RCP 4.5,xia4men2shi4_2_2_2005_S0,STOREY_25,1670,0
26°C,扩容,xia4men2shi4,2040 RCP 4.5,xia4men2shi4_2_2_2005_S0,STOREY_26,1670,0
26°C,扩容,xia4men2shi4,2040 RCP 4.5,xia4men2shi4_2_2_2005_S0,STOREY_27,1670,21
26°C,扩容,xia4men2shi4,2040 RCP 4.5,xia4men2shi4_2_2_2005_S0,STOREY_0,1670,0
26°C,扩容,xia4men2shi4,2040 RCP 8.5,xia4men2shi4_0_4_1980_S0,STOREY_1,1670,20
26°C,扩容,xia4men2shi4,2040 RCP 8.5,xia4men2shi4_0_4_1980_S0,STOREY_0,1670,0
26°C,扩容,xia4men2shi4,2040 RCP 4.5,xia4men2shi4_2_5_2005_S0,STOREY_1,1670,0
26°C,扩容,xia4men2shi4,2040 RCP 4.5,xia4men2shi4_2_5_2005_S0,STOREY_2,1670,0
26°C,扩容,xia4men2shi4,2040 RCP 4.5,xia4men2shi4_2_5_2005_S0,STOREY_3,1670,0
26°C,扩容,xia4men2shi4,2040 RCP 4.5,xia4men2shi4_2_5_2005_S0,STOREY_4,1670,0
26°C,扩容,xia4men2shi4,2040 RCP 4.5,xia4men2shi4_2_5_2005_S0,STOREY_5,1670,0
26°C,扩容,xia4men2shi4,2040 RCP 4.5,xia4men2shi4_2_5_2005_S0,STOREY_6,1670,0
26°C,扩容,xia4men2shi4,2040 RCP 4.5,xia4men2shi4_2_5_2005_S0,STOREY_7,1670,0
26°C,扩容,xia4men2shi4,2040 RCP 4.5,xia4men2shi4_2_5_2005_S0,STOREY_8,1670,0
26°C,扩容,xia4men2shi4,2040 RCP 4.5,xia4men2shi4_2_5_2005_S0,STOREY_9,1670,0
26°C,扩容,xia4men2shi4,2040 RCP 4.5,xia4men2shi4_2_5_2005_S0,STOREY_10,1670,0
26°C,扩容,xia4men2shi4,2040 RCP 4.5,xia4men2shi4_2_5_2005_S0,STOREY_11,1670,0
26°C,扩容,xia4men2shi4,2040 RCP 4.5,xia4men2shi4_2_5_2005_S0,STOREY_12,1670,0
26°C,扩容,xia4men2shi4,2040 RCP 4.5,xia4men2shi4_2_5_2005_S0,STOREY_13,1670,0
26°C,扩容,xia4men2shi4,2040 RCP 4.5,xia4men2shi4_2_5_2005_S0,STOREY_14,1670,0
26°C,扩容,xia4men2shi4,2040 RCP 4.5,xia4men2shi4_2_5_2005_S0,STOREY_15,1670,15
26°C,扩容,xia4men2shi4,2040 RCP 4.5,xia4men2shi4_2_5_2005_S0,STOREY_0,1670,0
26°C,扩容,xia4men2shi4,2040 RCP 8.5,xia4men2shi4_0_6_1980_S0,STOREY_0,1670,0
26°C,扩容,xia4men2shi4,2040 RCP 8.5,xia4men2shi4_0_5_1980_S0,STOREY_1,1670,23
26°C,扩容,xia4men2shi4,2040 RCP 8.5,xia4men2shi4_0_5_1980_S0,STOREY_2,1670,75
26°C,扩容,xia4men2shi4,2040 RCP 8.5,xia4men2shi4_0_5_1980_S0,STOREY_0,1670,0
26°C,扩容,xia4men2shi4,2040 RCP 8.5,xia4men2shi4_1_3_1995_S0,STOREY_1,1670,1
26°C,扩容,xia4men2shi4,2040 RCP 8.5,xia4men2shi4_1_3_1995_S0,STOREY_2,1670,5
26°C,扩容,xia4men2shi4,2040 RCP 8.5,xia4men2shi4_1_3_1995_S0,STOREY_3,1670,84
26°C,扩容,xia4men2shi4,2040 RCP 8.5,xia4men2shi4_1_3_1995_S0,STOREY_0,1670,0
26°C,扩容,xia4men2shi4,2040 RCP 8.5,xia4men2shi4_1_1_2005_S0,STOREY_1,1670,0
26°C,扩容,xia4men2shi4,2040 RCP 8.5,xia4men2shi4_1_1_2005_S0,STOREY_2,1670,1
26°C,扩容,xia4men2shi4,2040 RCP 8.5,xia4men2shi4_1_1_2005_S0,STOREY_3,1670,1
26°C,扩容,xia4men2shi4,2040 RCP 8.5,xia4men2shi4_1_1_2005_S0,STOREY_4,1670,1
26°C,扩容,xia4men2shi4,2040 RCP 8.5,xia4men2shi4_1_1_2005_S0,STOREY_5,1670,50
26°C,扩容,xia4men2shi4,2040 RCP 8.5,xia4men2shi4_1_1_2005_S0,STOREY_0,1670,0
26°C,扩容,xia4men2shi4,2040 RCP 8.5,xia4men2shi4_1_2_1995_S0,STOREY_1,1670,0
26°C,扩容,xia4men2shi4,2040 RCP 8.5,xia4men2shi4_1_2_1995_S0,STOREY_2,1670,0
26°C,扩容,xia4men2shi4,2040 RCP 8.5,xia4men2shi4_1_2_1995_S0,STOREY_3,1670,1
26°C,扩容,xia4men2shi4,2040 RCP 8.5,xia4men2shi4_1_2_1995_S0,STOREY_4,1670,1
26°C,扩容,xia4men2shi4,2040 RCP 8.5,xia4men2shi4_1_2_1995_S0,STOREY_5,1670,38
26°C,扩容,xia4men2shi4,2040 RCP 8.5,xia4men2shi4_1_2_1995_S0,STOREY_0,1670,0
26°C,扩容,xia4men2shi4,2040 RCP 8.5,xia4men2shi4_1_4_1995_S0,STOREY_1,1670,0
26°C,扩容,xia4men2shi4,2040 RCP 8.5,xia4men2shi4_1_4_1995_S0,STOREY_2,1670,0
26°C,扩容,xia4men2shi4,2040 RCP 8.5,xia4men2shi4_1_4_1995_S0,STOREY_3,1670,0
26°C,扩容,xia4men2shi4,2040 RCP 8.5,xia4men2shi4_1_4_1995_S0,STOREY_4,1670,0
26°C,扩容,xia4men2shi4,2040 RCP 8.5,xia4men2shi4_1_4_1995_S0,STOREY_5,1670,0
26°C,扩容,xia4men2shi4,2040 RCP 8.5,xia4men2shi4_1_4_1995_S0,STOREY_6,1670,32
26°C,扩容,xia4men2shi4,2040 RCP 8.5,xia4men2shi4_1_4_1995_S0,STOREY_0,1670,0
26°C,扩容,xia4men2shi4,2040 RCP 8.5,xia4men2shi4_1_6_1995_S0,STOREY_1,1670,1
26°C,扩容,xia4men2shi4,2040 RCP 8.5,xia4men2shi4_1_6_1995_S0,STOREY_2,1670,1
26°C,扩容,xia4men2shi4,2040 RCP 8.5,xia4men2shi4_1_6_1995_S0,STOREY_3,1670,1
26°C,扩容,xia4men2shi4,2040 RCP 8.5,xia4men2shi4_1_6_1995_S0,STOREY_4,1670,3
26°C,扩容,xia4men2shi4,2040 RCP 8.5,xia4men2shi4_1_6_1995_S0,STOREY_5,1670,77
26°C,扩容,xia4men2shi4,2040 RCP 8.5,xia4men2shi4_1_6_1995_S0,STOREY_0,1670,0
26°C,扩容,xia4men2shi4,2040 RCP 4.5,xia4men2shi4_2_6_2005_S0,STOREY_1,1670,0
26°C,扩容,xia4men2shi4,2040 RCP 4.5,xia4men2shi4_2_6_2005_S0,STOREY_2,1670,0
26°C,扩容,xia4men2shi4,2040 RCP 4.5,xia4men2shi4_2_6_2005_S0,STOREY_3,1670,0
26°C,扩容,xia4men2shi4,2040 RCP 4.5,xia4men2shi4_2_6_2005_S0,STOREY_4,1670,0
26°C,扩容,xia4men2shi4,2040 RCP 4.5,xia4men2shi4_2_6_2005_S0,STOREY_5,1670,0
26°C,扩容,xia4men2shi4,2040 RCP 4.5,xia4men2shi4_2_6_2005_S0,STOREY_6,1670,0
26°C,扩容,xia4men2shi4,2040 RCP 4.5,xia4men2shi4_2_6_2005_S0,STOREY_7,1670,0
26°C,扩容,xia4men2shi4,2040 RCP 4.5,xia4men2shi4_2_6_2005_S0,STOREY_8,1670,0
26°C,扩容,xia4men2shi4,2040 RCP 4.5,xia4men2shi4_2_6_2005_S0,STOREY_9,1670,0
26°C,扩容,xia4men2shi4,2040 RCP 4.5,xia4men2shi4_2_6_2005_S0,STOREY_10,1670,0
26°C,扩容,xia4men2shi4,2040 RCP 4.5,xia4men2shi4_2_6_2005_S0,STOREY_11,1670,0
26°C,扩容,xia4men2shi4,2040 RCP 4.5,xia4men2shi4_2_6_2005_S0,STOREY_12,1670,0
26°C,扩容,xia4men2shi4,2040 RCP 4.5,xia4men2shi4_2_6_2005_S0,STOREY_13,1670,0
26°C,扩容,xia4men2shi4,2040 RCP 4.5,xia4men2shi4_2_6_2005_S0,STOREY_14,1670,0
26°C,扩容,xia4men2shi4,2040 RCP 4.5,xia4men2shi4_2_6_2005_S0,STOREY_15,1670,0
26°C,扩容,xia4men2shi4,2040 RCP 4.5,xia4men2shi4_2_6_2005_S0,STOREY_16,1670,0
26°C,扩容,xia4men2shi4,2040 RCP 4.5,xia4men2shi4_2_6_2005_S0,STOREY_17,1670,0
26°C,扩容,xia4men2shi4,2040 RCP 4.5,xia4men2shi4_2_6_2005_S0,STOREY_18,1670,0
26°C,扩容,xia4men2shi4,2040 RCP 4.5,xia4men2shi4_2_6_2005_S0,STOREY_19,1670,0
26°C,扩容,xia4men2shi4,2040 RCP 4.5,xia4men2shi4_2_6_2005_S0,STOREY_20,1670,0
26°C,扩容,xia4men2shi4,2040 RCP 4.5,xia4men2shi4_2_6_2005_S0,STOREY_21,1670,0
26°C,扩容,xia4men2shi4,2040 RCP 4.5,xia4men2shi4_2_6_2005_S0,STOREY_22,1670,0
26°C,扩容,xia4men2shi4,2040 RCP 4.5,xia4men2shi4_2_6_2005_S0,STOREY_23,1670,0
26°C,扩容,xia4men2shi4,2040 RCP 4.5,xia4men2shi4_2_6_2005_S0,STOREY_24,1670,0
26°C,扩容,xia4men2shi4,2040 RCP 4.5,xia4men2shi4_2_6_2005_S0,STOREY_25,1670,0
26°C,扩容,xia4men2shi4,2040 RCP 4.5,xia4men2shi4_2_6_2005_S0,STOREY_26,1670,0
26°C,扩容,xia4men2shi4,2040 RCP 4.5,xia4men2shi4_2_6_2005_S0,STOREY_27,1670,0
26°C,扩容,xia4men2shi4,2040 RCP 4.5,xia4men2shi4_2_6_2005_S0,STOREY_28,1670,13
26°C,扩容,xia4men2shi4,2040 RCP 4.5,xia4men2shi4_2_6_2005_S0,STOREY_0,1670,0
26°C,扩容,xia4men2shi4,2040 RCP 8.5,xia4men2shi4_1_5_1995_S0,STOREY_1,1670,0
26°C,扩容,xia4men2shi4,2040 RCP 8.5,xia4men2shi4_1_5_1995_S0,STOREY_2,1670,1
26°C,扩容,xia4men2shi4,2040 RCP 8.5,xia4men2shi4_1_5_1995_S0,STOREY_3,1670,1
26°C,扩容,xia4men2shi4,2040 RCP 8.5,xia4men2shi4_1_5_1995_S0,STOREY_4,1670,1
26°C,扩容,xia4men2shi4,2040 RCP 8.5,xia4men2shi4_1_5_1995_S0,STOREY_5,1670,1
26°C,扩容,xia4men2shi4,2040 RCP 8.5,xia4men2shi4_1_5_1995_S0,STOREY_6,1670,1
26°C,扩容,xia4men2shi4,2040 RCP 8.5,xia4men2shi4_1_5_1995_S0,STOREY_7,1670,1
26°C,扩容,xia4men2shi4,2040 RCP 8.5,xia4men2shi4_1_5_1995_S0,STOREY_8,1670,1
26°C,扩容,xia4men2shi4,2040 RCP 8.5,xia4men2shi4_1_5_1995_S0,STOREY_9,1670,59
26°C,扩容,xia4men2shi4,2040 RCP 8.5,xia4men2shi4_1_5_1995_S0,STOREY_0,1670,0
26°C,扩容,xia4men2shi4,2040 RCP 8.5,xia4men2shi4_2_3_2005_S0,STOREY_1,1670,0
26°C,扩容,xia4men2shi4,2040 RCP 8.5,xia4men2shi4_2_3_2005_S0,STOREY_2,1670,0
26°C,扩容,xia4men2shi4,2040 RCP 8.5,xia4men2shi4_2_3_2005_S0,STOREY_3,1670,0
26°C,扩容,xia4men2shi4,2040 RCP 8.5,xia4men2shi4_2_3_2005_S0,STOREY_4,1670,0
26°C,扩容,xia4men2shi4,2040 RCP 8.5,xia4men2shi4_2_3_2005_S0,STOREY_5,1670,0
26°C,扩容,xia4men2shi4,2040 RCP 8.5,xia4men2shi4_2_3_2005_S0,STOREY_6,1670,0
26°C,扩容,xia4men2shi4,2040 RCP 8.5,xia4men2shi4_2_3_2005_S0,STOREY_7,1670,0
26°C,扩容,xia4men2shi4,2040 RCP 8.5,xia4men2shi4_2_3_2005_S0,STOREY_8,1670,0
26°C,扩容,xia4men2shi4,2040 RCP 8.5,xia4men2shi4_2_3_2005_S0,STOREY_9,1670,0
26°C,扩容,xia4men2shi4,2040 RCP 8.5,xia4men2shi4_2_3_2005_S0,STOREY_10,1670,0
26°C,扩容,xia4men2shi4,2040 RCP 8.5,xia4men2shi4_2_3_2005_S0,STOREY_11,1670,0
26°C,扩容,xia4men2shi4,2040 RCP 8.5,xia4men2shi4_2_3_2005_S0,STOREY_12,1670,22
26°C,扩容,xia4men2shi4,2040 RCP 8.5,xia4men2shi4_2_3_2005_S0,STOREY_0,1670,0
26°C,扩容,xia4men2shi4,2040 RCP 8.5,xia4men2shi4_2_4_2005_S0,STOREY_1,1670,0
26°C,扩容,xia4men2shi4,2040 RCP 8.5,xia4men2shi4_2_4_2005_S0,STOREY_2,1670,0
26°C,扩容,xia4men2shi4,2040 RCP 8.5,xia4men2shi4_2_4_2005_S0,STOREY_3,1670,0
26°C,扩容,xia4men2shi4,2040 RCP 8.5,xia4men2shi4_2_4_2005_S0,STOREY_4,1670,0
26°C,扩容,xia4men2shi4,2040 RCP 8.5,xia4men2shi4_2_4_2005_S0,STOREY_5,1670,0
26°C,扩容,xia4men2shi4,2040 RCP 8.5,xia4men2shi4_2_4_2005_S0,STOREY_6,1670,0
26°C,扩容,xia4men2shi4,2040 RCP 8.5,xia4men2shi4_2_4_2005_S0,STOREY_7,1670,0
26°C,扩容,xia4men2shi4,2040 RCP 8.5,xia4men2shi4_2_4_2005_S0,STOREY_8,1670,0
26°C,扩容,xia4men2shi4,2040 RCP 8.5,xia4men2shi4_2_4_2005_S0,STOREY_9,1670,0
26°C,扩容,xia4men2shi4,2040 RCP 8.5,xia4men2shi4_2_4_2005_S0,STOREY_10,1670,1
26°C,扩容,xia4men2shi4,2040 RCP 8.5,xia4men2shi4_2_4_2005_S0,STOREY_11,1670,32
26°C,扩容,xia4men2shi4,2040 RCP 8.5,xia4men2shi4_2_4_2005_S0,STOREY_0,1670,0
26°C,扩容,xia4men2shi4,2040 RCP 8.5,xia4men2shi4_2_1_2005_S0,STOREY_1,1670,0
26°C,扩容,xia4men2shi4,2040 RCP 8.5,xia4men2shi4_2_1_2005_S0,STOREY_2,1670,0
26°C,扩容,xia4men2shi4,2040 RCP 8.5,xia4men2shi4_2_1_2005_S0,STOREY_3,1670,0
26°C,扩容,xia4men2shi4,2040 RCP 8.5,xia4men2shi4_2_1_2005_S0,STOREY_4,1670,0
26°C,扩容,xia4men2shi4,2040 RCP 8.5,xia4men2shi4_2_1_2005_S0,STOREY_5,1670,0
26°C,扩容,xia4men2shi4,2040 RCP 8.5,xia4men2shi4_2_1_2005_S0,STOREY_6,1670,0
26°C,扩容,xia4men2shi4,2040 RCP 8.5,xia4men2shi4_2_1_2005_S0,STOREY_7,1670,0
26°C,扩容,xia4men2shi4,2040 RCP 8.5,xia4men2shi4_2_1_2005_S0,STOREY_8,1670,0
26°C,扩容,xia4men2shi4,2040 RCP 8.5,xia4men2shi4_2_1_2005_S0,STOREY_9,1670,0
26°C,扩容,xia4men2shi4,2040 RCP 8.5,xia4men2shi4_2_1_2005_S0,STOREY_10,1670,0
26°C,扩容,xia4men2shi4,2040 RCP 8.5,xia4men2shi4_2_1_2005_S0,STOREY_11,1670,0
26°C,扩容,xia4men2shi4,2040 RCP 8.5,xia4men2shi4_2_1_2005_S0,STOREY_12,1670,0
26°C,扩容,xia4men2shi4,2040 RCP 8.5,xia4men2shi4_2_1_2005_S0,STOREY_13,1670,0
26°C,扩容,xia4men2shi4,2040 RCP 8.5,xia4men2shi4_2_1_2005_S0,STOREY_14,1670,0
26°C,扩容,xia4men2shi4,2040 RCP 8.5,xia4men2shi4_2_1_2005_S0,STOREY_15,1670,0
26°C,扩容,xia4men2shi4,2040 RCP 8.5,xia4men2shi4_2_1_2005_S0,STOREY_16,1670,0
26°C,扩容,xia4men2shi4,2040 RCP 8.5,xia4men2shi4_2_1_2005_S0,STOREY_17,1670,22
26°C,扩容,xia4men2shi4,2040 RCP 8.5,xia4men2shi4_2_1_2005_S0,STOREY_0,1670,0
26°C,扩容,xia4men2shi4,2060 RCP 2.6,xia4men2shi4_0_1_1980_S0,STOREY_1,1670,0
26°C,扩容,xia4men2shi4,2060 RCP 2.6,xia4men2shi4_0_1_1980_S0,STOREY_2,1670,47
26°C,扩容,xia4men2shi4,2060 RCP 2.6,xia4men2shi4_0_1_1980_S0,STOREY_0,1670,0
26°C,扩容,xia4men2shi4,2060 RCP 2.6,xia4men2shi4_0_2_1995_S0,STOREY_1,1670,0
26°C,扩容,xia4men2shi4,2060 RCP 2.6,xia4men2shi4_0_2_1995_S0,STOREY_2,1670,46
26°C,扩容,xia4men2shi4,2060 RCP 2.6,xia4men2shi4_0_2_1995_S0,STOREY_0,1670,0
26°C,扩容,xia4men2shi4,2060 RCP 2.6,xia4men2shi4_0_3_1980_S0,STOREY_0,1670,0
26°C,扩容,xia4men2shi4,2040 RCP 8.5,xia4men2shi4_2_2_2005_S0,STOREY_1,1670,0
26°C,扩容,xia4men2shi4,2040 RCP 8.5,xia4men2shi4_2_2_2005_S0,STOREY_2,1670,1
26°C,扩容,xia4men2shi4,2040 RCP 8.5,xia4men2shi4_2_2_2005_S0,STOREY_3,1670,1
26°C,扩容,xia4men2shi4,2040 RCP 8.5,xia4men2shi4_2_2_2005_S0,STOREY_4,1670,1
26°C,扩容,xia4men2shi4,2040 RCP 8.5,xia4men2shi4_2_2_2005_S0,STOREY_5,1670,1
26°C,扩容,xia4men2shi4,2040 RCP 8.5,xia4men2shi4_2_2_2005_S0,STOREY_6,1670,1
26°C,扩容,xia4men2shi4,2040 RCP 8.5,xia4men2shi4_2_2_2005_S0,STOREY_7,1670,1
26°C,扩容,xia4men2shi4,2040 RCP 8.5,xia4men2shi4_2_2_2005_S0,STOREY_8,1670,0
26°C,扩容,xia4men2shi4,2040 RCP 8.5,xia4men2shi4_2_2_2005_S0,STOREY_9,1670,0
26°C,扩容,xia4men2shi4,2040 RCP 8.5,xia4men2shi4_2_2_2005_S0,STOREY_10,1670,0
26°C,扩容,xia4men2shi4,2040 RCP 8.5,xia4men2shi4_2_2_2005_S0,STOREY_11,1670,0
26°C,扩容,xia4men2shi4,2040 RCP 8.5,xia4men2shi4_2_2_2005_S0,STOREY_12,1670,0
26°C,扩容,xia4men2shi4,2040 RCP 8.5,xia4men2shi4_2_2_2005_S0,STOREY_13,1670,0
26°C,扩容,xia4men2shi4,2040 RCP 8.5,xia4men2shi4_2_2_2005_S0,STOREY_14,1670,0
26°C,扩容,xia4men2shi4,2040 RCP 8.5,xia4men2shi4_2_2_2005_S0,STOREY_15,1670,0
26°C,扩容,xia4men2shi4,2040 RCP 8.5,xia4men2shi4_2_2_2005_S0,STOREY_16,1670,0
26°C,扩容,xia4men2shi4,2040 RCP 8.5,xia4men2shi4_2_2_2005_S0,STOREY_17,1670,0
26°C,扩容,xia4men2shi4,2040 RCP 8.5,xia4men2shi4_2_2_2005_S0,STOREY_18,1670,0
26°C,扩容,xia4men2shi4,2040 RCP 8.5,xia4men2shi4_2_2_2005_S0,STOREY_19,1670,0
26°C,扩容,xia4men2shi4,2040 RCP 8.5,xia4men2shi4_2_2_2005_S0,STOREY_20,1670,0
26°C,扩容,xia4men2shi4,2040 RCP 8.5,xia4men2shi4_2_2_2005_S0,STOREY_21,1670,0
26°C,扩容,xia4men2shi4,2040 RCP 8.5,xia4men2shi4_2_2_2005_S0,STOREY_22,1670,0
26°C,扩容,xia4men2shi4,2040 RCP 8.5,xia4men2shi4_2_2_2005_S0,STOREY_23,1670,0
26°C,扩容,xia4men2shi4,2040 RCP 8.5,xia4men2shi4_2_2_2005_S0,STOREY_24,1670,0
26°C,扩容,xia4men2shi4,2040 RCP 8.5,xia4men2shi4_2_2_2005_S0,STOREY_25,1670,0
26°C,扩容,xia4men2shi4,2040 RCP 8.5,xia4men2shi4_2_2_2005_S0,STOREY_26,1670,0
26°C,扩容,xia4men2shi4,2040 RCP 8.5,xia4men2shi4_2_2_2005_S0,STOREY_27,1670,29
26°C,扩容,xia4men2shi4,2040 RCP 8.5,xia4men2shi4_2_2_2005_S0,STOREY_0,1670,0
26°C,扩容,xia4men2shi4,2060 RCP 2.6,xia4men2shi4_0_4_1980_S0,STOREY_1,1670,23
26°C,扩容,xia4men2shi4,2060 RCP 2.6,xia4men2shi4_0_4_1980_S0,STOREY_0,1670,0
26°C,扩容,xia4men2shi4,2040 RCP 8.5,xia4men2shi4_2_5_2005_S0,STOREY_1,1670,0
26°C,扩容,xia4men2shi4,2040 RCP 8.5,xia4men2shi4_2_5_2005_S0,STOREY_2,1670,0
26°C,扩容,xia4men2shi4,2040 RCP 8.5,xia4men2shi4_2_5_2005_S0,STOREY_3,1670,0
26°C,扩容,xia4men2shi4,2040 RCP 8.5,xia4men2shi4_2_5_2005_S0,STOREY_4,1670,0
26°C,扩容,xia4men2shi4,2040 RCP 8.5,xia4men2shi4_2_5_2005_S0,STOREY_5,1670,0
26°C,扩容,xia4men2shi4,2040 RCP 8.5,xia4men2shi4_2_5_2005_S0,STOREY_6,1670,0
26°C,扩容,xia4men2shi4,2040 RCP 8.5,xia4men2shi4_2_5_2005_S0,STOREY_7,1670,0
26°C,扩容,xia4men2shi4,2040 RCP 8.5,xia4men2shi4_2_5_2005_S0,STOREY_8,1670,0
26°C,扩容,xia4men2shi4,2040 RCP 8.5,xia4men2shi4_2_5_2005_S0,STOREY_9,1670,0
26°C,扩容,xia4men2shi4,2040 RCP 8.5,xia4men2shi4_2_5_2005_S0,STOREY_10,1670,0
26°C,扩容,xia4men2shi4,2040 RCP 8.5,xia4men2shi4_2_5_2005_S0,STOREY_11,1670,0
26°C,扩容,xia4men2shi4,2040 RCP 8.5,xia4men2shi4_2_5_2005_S0,STOREY_12,1670,0
26°C,扩容,xia4men2shi4,2040 RCP 8.5,xia4men2shi4_2_5_2005_S0,STOREY_13,1670,0
26°C,扩容,xia4men2shi4,2040 RCP 8.5,xia4men2shi4_2_5_2005_S0,STOREY_14,1670,0
26°C,扩容,xia4men2shi4,2040 RCP 8.5,xia4men2shi4_2_5_2005_S0,STOREY_15,1670,21
26°C,扩容,xia4men2shi4,2040 RCP 8.5,xia4men2shi4_2_5_2005_S0,STOREY_0,1670,0
26°C,扩容,xia4men2shi4,2060 RCP 2.6,xia4men2shi4_0_5_1980_S0,STOREY_1,1670,23
26°C,扩容,xia4men2shi4,2060 RCP 2.6,xia4men2shi4_0_5_1980_S0,STOREY_2,1670,81
26°C,扩容,xia4men2shi4,2060 RCP 2.6,xia4men2shi4_0_5_1980_S0,STOREY_0,1670,0
26°C,扩容,xia4men2shi4,2060 RCP 2.6,xia4men2shi4_0_6_1980_S0,STOREY_0,1670,0
26°C,扩容,xia4men2shi4,2060 RCP 2.6,xia4men2shi4_1_3_1995_S0,STOREY_1,1670,0
26°C,扩容,xia4men2shi4,2060 RCP 2.6,xia4men2shi4_1_3_1995_S0,STOREY_2,1670,5
26°C,扩容,xia4men2shi4,2060 RCP 2.6,xia4men2shi4_1_3_1995_S0,STOREY_3,1670,83
26°C,扩容,xia4men2shi4,2060 RCP 2.6,xia4men2shi4_1_3_1995_S0,STOREY_0,1670,0
26°C,扩容,xia4men2shi4,2060 RCP 2.6,xia4men2shi4_1_1_2005_S0,STOREY_1,1670,0
26°C,扩容,xia4men2shi4,2060 RCP 2.6,xia4men2shi4_1_1_2005_S0,STOREY_2,1670,0
26°C,扩容,xia4men2shi4,2060 RCP 2.6,xia4men2shi4_1_1_2005_S0,STOREY_3,1670,0
26°C,扩容,xia4men2shi4,2060 RCP 2.6,xia4men2shi4_1_1_2005_S0,STOREY_4,1670,0
26°C,扩容,xia4men2shi4,2060 RCP 2.6,xia4men2shi4_1_1_2005_S0,STOREY_5,1670,51
26°C,扩容,xia4men2shi4,2060 RCP 2.6,xia4men2shi4_1_1_2005_S0,STOREY_0,1670,0
26°C,扩容,xia4men2shi4,2060 RCP 2.6,xia4men2shi4_1_2_1995_S0,STOREY_1,1670,0
26°C,扩容,xia4men2shi4,2060 RCP 2.6,xia4men2shi4_1_2_1995_S0,STOREY_2,1670,0
26°C,扩容,xia4men2shi4,2060 RCP 2.6,xia4men2shi4_1_2_1995_S0,STOREY_3,1670,0
26°C,扩容,xia4men2shi4,2060 RCP 2.6,xia4men2shi4_1_2_1995_S0,STOREY_4,1670,0
26°C,扩容,xia4men2shi4,2060 RCP 2.6,xia4men2shi4_1_2_1995_S0,STOREY_5,1670,49
26°C,扩容,xia4men2shi4,2060 RCP 2.6,xia4men2shi4_1_2_1995_S0,STOREY_0,1670,0
26°C,扩容,xia4men2shi4,2060 RCP 2.6,xia4men2shi4_1_4_1995_S0,STOREY_1,1670,0
26°C,扩容,xia4men2shi4,2060 RCP 2.6,xia4men2shi4_1_4_1995_S0,STOREY_2,1670,0
26°C,扩容,xia4men2shi4,2060 RCP 2.6,xia4men2shi4_1_4_1995_S0,STOREY_3,1670,0
26°C,扩容,xia4men2shi4,2060 RCP 2.6,xia4men2shi4_1_4_1995_S0,STOREY_4,1670,0
26°C,扩容,xia4men2shi4,2060 RCP 2.6,xia4men2shi4_1_4_1995_S0,STOREY_5,1670,0
26°C,扩容,xia4men2shi4,2060 RCP 2.6,xia4men2shi4_1_4_1995_S0,STOREY_6,1670,43
26°C,扩容,xia4men2shi4,2060 RCP 2.6,xia4men2shi4_1_4_1995_S0,STOREY_0,1670,0
26°C,扩容,xia4men2shi4,2060 RCP 2.6,xia4men2shi4_1_6_1995_S0,STOREY_1,1670,0
26°C,扩容,xia4men2shi4,2060 RCP 2.6,xia4men2shi4_1_6_1995_S0,STOREY_2,1670,0
26°C,扩容,xia4men2shi4,2060 RCP 2.6,xia4men2shi4_1_6_1995_S0,STOREY_3,1670,1
26°C,扩容,xia4men2shi4,2060 RCP 2.6,xia4men2shi4_1_6_1995_S0,STOREY_4,1670,4
26°C,扩容,xia4men2shi4,2060 RCP 2.6,xia4men2shi4_1_6_1995_S0,STOREY_5,1670,78
26°C,扩容,xia4men2shi4,2060 RCP 2.6,xia4men2shi4_1_6_1995_S0,STOREY_0,1670,0
26°C,扩容,xia4men2shi4,2040 RCP 8.5,xia4men2shi4_2_6_2005_S0,STOREY_1,1670,0
26°C,扩容,xia4men2shi4,2040 RCP 8.5,xia4men2shi4_2_6_2005_S0,STOREY_2,1670,0
26°C,扩容,xia4men2shi4,2040 RCP 8.5,xia4men2shi4_2_6_2005_S0,STOREY_3,1670,0
26°C,扩容,xia4men2shi4,2040 RCP 8.5,xia4men2shi4_2_6_2005_S0,STOREY_4,1670,0
26°C,扩容,xia4men2shi4,2040 RCP 8.5,xia4men2shi4_2_6_2005_S0,STOREY_5,1670,0
26°C,扩容,xia4men2shi4,2040 RCP 8.5,xia4men2shi4_2_6_2005_S0,STOREY_6,1670,0
26°C,扩容,xia4men2shi4,2040 RCP 8.5,xia4men2shi4_2_6_2005_S0,STOREY_7,1670,0
26°C,扩容,xia4men2shi4,2040 RCP 8.5,xia4men2shi4_2_6_2005_S0,STOREY_8,1670,0
26°C,扩容,xia4men2shi4,2040 RCP 8.5,xia4men2shi4_2_6_2005_S0,STOREY_9,1670,0
26°C,扩容,xia4men2shi4,2040 RCP 8.5,xia4men2shi4_2_6_2005_S0,STOREY_10,1670,0
26°C,扩容,xia4men2shi4,2040 RCP 8.5,xia4men2shi4_2_6_2005_S0,STOREY_11,1670,0
26°C,扩容,xia4men2shi4,2040 RCP 8.5,xia4men2shi4_2_6_2005_S0,STOREY_12,1670,0
26°C,扩容,xia4men2shi4,2040 RCP 8.5,xia4men2shi4_2_6_2005_S0,STOREY_13,1670,0
26°C,扩容,xia4men2shi4,2040 RCP 8.5,xia4men2shi4_2_6_2005_S0,STOREY_14,1670,0
26°C,扩容,xia4men2shi4,2040 RCP 8.5,xia4men2shi4_2_6_2005_S0,STOREY_15,1670,0
26°C,扩容,xia4men2shi4,2040 RCP 8.5,xia4men2shi4_2_6_2005_S0,STOREY_16,1670,0
26°C,扩容,xia4men2shi4,2040 RCP 8.5,xia4men2shi4_2_6_2005_S0,STOREY_17,1670,0
26°C,扩容,xia4men2shi4,2040 RCP 8.5,xia4men2shi4_2_6_2005_S0,STOREY_18,1670,0
26°C,扩容,xia4men2shi4,2040 RCP 8.5,xia4men2shi4_2_6_2005_S0,STOREY_19,1670,0
26°C,扩容,xia4men2shi4,2040 RCP 8.5,xia4men2shi4_2_6_2005_S0,STOREY_20,1670,0
26°C,扩容,xia4men2shi4,2040 RCP 8.5,xia4men2shi4_2_6_2005_S0,STOREY_21,1670,0
26°C,扩容,xia4men2shi4,2040 RCP 8.5,xia4men2shi4_2_6_2005_S0,STOREY_22,1670,0
26°C,扩容,xia4men2shi4,2040 RCP 8.5,xia4men2shi4_2_6_2005_S0,STOREY_23,1670,0
26°C,扩容,xia4men2shi4,2040 RCP 8.5,xia4men2shi4_2_6_2005_S0,STOREY_24,1670,0
26°C,扩容,xia4men2shi4,2040 RCP 8.5,xia4men2shi4_2_6_2005_S0,STOREY_25,1670,0
26°C,扩容,xia4men2shi4,2040 RCP 8.5,xia4men2shi4_2_6_2005_S0,STOREY_26,1670,0
26°C,扩容,xia4men2shi4,2040 RCP 8.5,xia4men2shi4_2_6_2005_S0,STOREY_27,1670,0
26°C,扩容,xia4men2shi4,2040 RCP 8.5,xia4men2shi4_2_6_2005_S0,STOREY_28,1670,29
26°C,扩容,xia4men2shi4,2040 RCP 8.5,xia4men2shi4_2_6_2005_S0,STOREY_0,1670,0
26°C,扩容,xia4men2shi4,2060 RCP 2.6,xia4men2shi4_1_5_1995_S0,STOREY_1,1670,0
26°C,扩容,xia4men2shi4,2060 RCP 2.6,xia4men2shi4_1_5_1995_S0,STOREY_2,1670,0
26°C,扩容,xia4men2shi4,2060 RCP 2.6,xia4men2shi4_1_5_1995_S0,STOREY_3,1670,0
26°C,扩容,xia4men2shi4,2060 RCP 2.6,xia4men2shi4_1_5_1995_S0,STOREY_4,1670,0
26°C,扩容,xia4men2shi4,2060 RCP 2.6,xia4men2shi4_1_5_1995_S0,STOREY_5,1670,0
26°C,扩容,xia4men2shi4,2060 RCP 2.6,xia4men2shi4_1_5_1995_S0,STOREY_6,1670,0
26°C,扩容,xia4men2shi4,2060 RCP 2.6,xia4men2shi4_1_5_1995_S0,STOREY_7,1670,0
26°C,扩容,xia4men2shi4,2060 RCP 2.6,xia4men2shi4_1_5_1995_S0,STOREY_8,1670,0
26°C,扩容,xia4men2shi4,2060 RCP 2.6,xia4men2shi4_1_5_1995_S0,STOREY_9,1670,51
26°C,扩容,xia4men2shi4,2060 RCP 2.6,xia4men2shi4_1_5_1995_S0,STOREY_0,1670,0
26°C,扩容,xia4men2shi4,2060 RCP 2.6,xia4men2shi4_2_4_2005_S0,STOREY_1,1670,0
26°C,扩容,xia4men2shi4,2060 RCP 2.6,xia4men2shi4_2_4_2005_S0,STOREY_2,1670,0
26°C,扩容,xia4men2shi4,2060 RCP 2.6,xia4men2shi4_2_4_2005_S0,STOREY_3,1670,0
26°C,扩容,xia4men2shi4,2060 RCP 2.6,xia4men2shi4_2_4_2005_S0,STOREY_4,1670,0
26°C,扩容,xia4men2shi4,2060 RCP 2.6,xia4men2shi4_2_4_2005_S0,STOREY_5,1670,0
26°C,扩容,xia4men2shi4,2060 RCP 2.6,xia4men2shi4_2_4_2005_S0,STOREY_6,1670,0
26°C,扩容,xia4men2shi4,2060 RCP 2.6,xia4men2shi4_2_4_2005_S0,STOREY_7,1670,0
26°C,扩容,xia4men2shi4,2060 RCP 2.6,xia4men2shi4_2_4_2005_S0,STOREY_8,1670,0
26°C,扩容,xia4men2shi4,2060 RCP 2.6,xia4men2shi4_2_4_2005_S0,STOREY_9,1670,0
26°C,扩容,xia4men2shi4,2060 RCP 2.6,xia4men2shi4_2_4_2005_S0,STOREY_10,1670,0
26°C,扩容,xia4men2shi4,2060 RCP 2.6,xia4men2shi4_2_4_2005_S0,STOREY_11,1670,36
26°C,扩容,xia4men2shi4,2060 RCP 2.6,xia4men2shi4_2_4_2005_S0,STOREY_0,1670,0
26°C,扩容,xia4men2shi4,2060 RCP 2.6,xia4men2shi4_2_3_2005_S0,STOREY_1,1670,0
26°C,扩容,xia4men2shi4,2060 RCP 2.6,xia4men2shi4_2_3_2005_S0,STOREY_2,1670,0
26°C,扩容,xia4men2shi4,2060 RCP 2.6,xia4men2shi4_2_3_2005_S0,STOREY_3,1670,0
26°C,扩容,xia4men2shi4,2060 RCP 2.6,xia4men2shi4_2_3_2005_S0,STOREY_4,1670,0
26°C,扩容,xia4men2shi4,2060 RCP 2.6,xia4men2shi4_2_3_2005_S0,STOREY_5,1670,0
26°C,扩容,xia4men2shi4,2060 RCP 2.6,xia4men2shi4_2_3_2005_S0,STOREY_6,1670,0
26°C,扩容,xia4men2shi4,2060 RCP 2.6,xia4men2shi4_2_3_2005_S0,STOREY_7,1670,0
26°C,扩容,xia4men2shi4,2060 RCP 2.6,xia4men2shi4_2_3_2005_S0,STOREY_8,1670,0
26°C,扩容,xia4men2shi4,2060 RCP 2.6,xia4men2shi4_2_3_2005_S0,STOREY_9,1670,0
26°C,扩容,xia4men2shi4,2060 RCP 2.6,xia4men2shi4_2_3_2005_S0,STOREY_10,1670,0
26°C,扩容,xia4men2shi4,2060 RCP 2.6,xia4men2shi4_2_3_2005_S0,STOREY_11,1670,0
26°C,扩容,xia4men2shi4,2060 RCP 2.6,xia4men2shi4_2_3_2005_S0,STOREY_12,1670,26
26°C,扩容,xia4men2shi4,2060 RCP 2.6,xia4men2shi4_2_3_2005_S0,STOREY_0,1670,0
26°C,扩容,xia4men2shi4,2060 RCP 2.6,xia4men2shi4_2_1_2005_S0,STOREY_1,1670,0
26°C,扩容,xia4men2shi4,2060 RCP 2.6,xia4men2shi4_2_1_2005_S0,STOREY_2,1670,0
26°C,扩容,xia4men2shi4,2060 RCP 2.6,xia4men2shi4_2_1_2005_S0,STOREY_3,1670,0
26°C,扩容,xia4men2shi4,2060 RCP 2.6,xia4men2shi4_2_1_2005_S0,STOREY_4,1670,0
26°C,扩容,xia4men2shi4,2060 RCP 2.6,xia4men2shi4_2_1_2005_S0,STOREY_5,1670,0
26°C,扩容,xia4men2shi4,2060 RCP 2.6,xia4men2shi4_2_1_2005_S0,STOREY_6,1670,0
26°C,扩容,xia4men2shi4,2060 RCP 2.6,xia4men2shi4_2_1_2005_S0,STOREY_7,1670,0
26°C,扩容,xia4men2shi4,2060 RCP 2.6,xia4men2shi4_2_1_2005_S0,STOREY_8,1670,0
26°C,扩容,xia4men2shi4,2060 RCP 2.6,xia4men2shi4_2_1_2005_S0,STOREY_9,1670,0
26°C,扩容,xia4men2shi4,2060 RCP 2.6,xia4men2shi4_2_1_2005_S0,STOREY_10,1670,0
26°C,扩容,xia4men2shi4,2060 RCP 2.6,xia4men2shi4_2_1_2005_S0,STOREY_11,1670,0
26°C,扩容,xia4men2shi4,2060 RCP 2.6,xia4men2shi4_2_1_2005_S0,STOREY_12,1670,0
26°C,扩容,xia4men2shi4,2060 RCP 2.6,xia4men2shi4_2_1_2005_S0,STOREY_13,1670,0
26°C,扩容,xia4men2shi4,2060 RCP 2.6,xia4men2shi4_2_1_2005_S0,STOREY_14,1670,0
26°C,扩容,xia4men2shi4,2060 RCP 2.6,xia4men2shi4_2_1_2005_S0,STOREY_15,1670,0
26°C,扩容,xia4men2shi4,2060 RCP 2.6,xia4men2shi4_2_1_2005_S0,STOREY_16,1670,0
26°C,扩容,xia4men2shi4,2060 RCP 2.6,xia4men2shi4_2_1_2005_S0,STOREY_17,1670,26
26°C,扩容,xia4men2shi4,2060 RCP 2.6,xia4men2shi4_2_1_2005_S0,STOREY_0,1670,0
26°C,扩容,xia4men2shi4,2060 RCP 4.5,xia4men2shi4_0_1_1980_S0,STOREY_1,1670,0
26°C,扩容,xia4men2shi4,2060 RCP 4.5,xia4men2shi4_0_1_1980_S0,STOREY_2,1670,55
26°C,扩容,xia4men2shi4,2060 RCP 4.5,xia4men2shi4_0_1_1980_S0,STOREY_0,1670,0
26°C,扩容,xia4men2shi4,2060 RCP 4.5,xia4men2shi4_0_2_1995_S0,STOREY_1,1670,0
26°C,扩容,xia4men2shi4,2060 RCP 4.5,xia4men2shi4_0_2_1995_S0,STOREY_2,1670,62
26°C,扩容,xia4men2shi4,2060 RCP 4.5,xia4men2shi4_0_2_1995_S0,STOREY_0,1670,0
26°C,扩容,xia4men2shi4,2060 RCP 4.5,xia4men2shi4_0_3_1980_S0,STOREY_0,1670,0
26°C,扩容,xia4men2shi4,2060 RCP 4.5,xia4men2shi4_0_4_1980_S0,STOREY_1,1670,32
26°C,扩容,xia4men2shi4,2060 RCP 4.5,xia4men2shi4_0_4_1980_S0,STOREY_0,1670,0
26°C,扩容,xia4men2shi4,2060 RCP 2.6,xia4men2shi4_2_2_2005_S0,STOREY_1,1670,0
26°C,扩容,xia4men2shi4,2060 RCP 2.6,xia4men2shi4_2_2_2005_S0,STOREY_2,1670,0
26°C,扩容,xia4men2shi4,2060 RCP 2.6,xia4men2shi4_2_2_2005_S0,STOREY_3,1670,0
26°C,扩容,xia4men2shi4,2060 RCP 2.6,xia4men2shi4_2_2_2005_S0,STOREY_4,1670,0
26°C,扩容,xia4men2shi4,2060 RCP 2.6,xia4men2shi4_2_2_2005_S0,STOREY_5,1670,0
26°C,扩容,xia4men2shi4,2060 RCP 2.6,xia4men2shi4_2_2_2005_S0,STOREY_6,1670,0
26°C,扩容,xia4men2shi4,2060 RCP 2.6,xia4men2shi4_2_2_2005_S0,STOREY_7,1670,0
26°C,扩容,xia4men2shi4,2060 RCP 2.6,xia4men2shi4_2_2_2005_S0,STOREY_8,1670,0
26°C,扩容,xia4men2shi4,2060 RCP 2.6,xia4men2shi4_2_2_2005_S0,STOREY_9,1670,0
26°C,扩容,xia4men2shi4,2060 RCP 2.6,xia4men2shi4_2_2_2005_S0,STOREY_10,1670,0
26°C,扩容,xia4men2shi4,2060 RCP 2.6,xia4men2shi4_2_2_2005_S0,STOREY_11,1670,0
26°C,扩容,xia4men2shi4,2060 RCP 2.6,xia4men2shi4_2_2_2005_S0,STOREY_12,1670,0
26°C,扩容,xia4men2shi4,2060 RCP 2.6,xia4men2shi4_2_2_2005_S0,STOREY_13,1670,0
26°C,扩容,xia4men2shi4,2060 RCP 2.6,xia4men2shi4_2_2_2005_S0,STOREY_14,1670,0
26°C,扩容,xia4men2shi4,2060 RCP 2.6,xia4men2shi4_2_2_2005_S0,STOREY_15,1670,0
26°C,扩容,xia4men2shi4,2060 RCP 2.6,xia4men2shi4_2_2_2005_S0,STOREY_16,1670,0
26°C,扩容,xia4men2shi4,2060 RCP 2.6,xia4men2shi4_2_2_2005_S0,STOREY_17,1670,0
26°C,扩容,xia4men2shi4,2060 RCP 2.6,xia4men2shi4_2_2_2005_S0,STOREY_18,1670,0
26°C,扩容,xia4men2shi4,2060 RCP 2.6,xia4men2shi4_2_2_2005_S0,STOREY_19,1670,0
26°C,扩容,xia4men2shi4,2060 RCP 2.6,xia4men2shi4_2_2_2005_S0,STOREY_20,1670,0
26°C,扩容,xia4men2shi4,2060 RCP 2.6,xia4men2shi4_2_2_2005_S0,STOREY_21,1670,0
26°C,扩容,xia4men2shi4,2060 RCP 2.6,xia4men2shi4_2_2_2005_S0,STOREY_22,1670,0
26°C,扩容,xia4men2shi4,2060 RCP 2.6,xia4men2shi4_2_2_2005_S0,STOREY_23,1670,0
26°C,扩容,xia4men2shi4,2060 RCP 2.6,xia4men2shi4_2_2_2005_S0,STOREY_24,1670,0
26°C,扩容,xia4men2shi4,2060 RCP 2.6,xia4men2shi4_2_2_2005_S0,STOREY_25,1670,0
26°C,扩容,xia4men2shi4,2060 RCP 2.6,xia4men2shi4_2_2_2005_S0,STOREY_26,1670,0
26°C,扩容,xia4men2shi4,2060 RCP 2.6,xia4men2shi4_2_2_2005_S0,STOREY_27,1670,29
26°C,扩容,xia4men2shi4,2060 RCP 2.6,xia4men2shi4_2_2_2005_S0,STOREY_0,1670,0
26°C,扩容,xia4men2shi4,2060 RCP 4.5,xia4men2shi4_0_6_1980_S0,STOREY_0,1670,0
26°C,扩容,xia4men2shi4,2060 RCP 2.6,xia4men2shi4_2_5_2005_S0,STOREY_1,1670,0
26°C,扩容,xia4men2shi4,2060 RCP 2.6,xia4men2shi4_2_5_2005_S0,STOREY_2,1670,0
26°C,扩容,xia4men2shi4,2060 RCP 2.6,xia4men2shi4_2_5_2005_S0,STOREY_3,1670,0
26°C,扩容,xia4men2shi4,2060 RCP 2.6,xia4men2shi4_2_5_2005_S0,STOREY_4,1670,0
26°C,扩容,xia4men2shi4,2060 RCP 2.6,xia4men2shi4_2_5_2005_S0,STOREY_5,1670,0
26°C,扩容,xia4men2shi4,2060 RCP 2.6,xia4men2shi4_2_5_2005_S0,STOREY_6,1670,0
26°C,扩容,xia4men2shi4,2060 RCP 2.6,xia4men2shi4_2_5_2005_S0,STOREY_7,1670,0
26°C,扩容,xia4men2shi4,2060 RCP 2.6,xia4men2shi4_2_5_2005_S0,STOREY_8,1670,0
26°C,扩容,xia4men2shi4,2060 RCP 2.6,xia4men2shi4_2_5_2005_S0,STOREY_9,1670,0
26°C,扩容,xia4men2shi4,2060 RCP 2.6,xia4men2shi4_2_5_2005_S0,STOREY_10,1670,0
26°C,扩容,xia4men2shi4,2060 RCP 2.6,xia4men2shi4_2_5_2005_S0,STOREY_11,1670,0
26°C,扩容,xia4men2shi4,2060 RCP 2.6,xia4men2shi4_2_5_2005_S0,STOREY_12,1670,0
26°C,扩容,xia4men2shi4,2060 RCP 2.6,xia4men2shi4_2_5_2005_S0,STOREY_13,1670,0
26°C,扩容,xia4men2shi4,2060 RCP 2.6,xia4men2shi4_2_5_2005_S0,STOREY_14,1670,0
26°C,扩容,xia4men2shi4,2060 RCP 2.6,xia4men2shi4_2_5_2005_S0,STOREY_15,1670,24
26°C,扩容,xia4men2shi4,2060 RCP 2.6,xia4men2shi4_2_5_2005_S0,STOREY_0,1670,0
26°C,扩容,xia4men2shi4,2060 RCP 4.5,xia4men2shi4_0_5_1980_S0,STOREY_1,1670,27
26°C,扩容,xia4men2shi4,2060 RCP 4.5,xia4men2shi4_0_5_1980_S0,STOREY_2,1670,104
26°C,扩容,xia4men2shi4,2060 RCP 4.5,xia4men2shi4_0_5_1980_S0,STOREY_0,1670,0
26°C,扩容,xia4men2shi4,2060 RCP 4.5,xia4men2shi4_1_3_1995_S0,STOREY_1,1670,2
26°C,扩容,xia4men2shi4,2060 RCP 4.5,xia4men2shi4_1_3_1995_S0,STOREY_2,1670,5
26°C,扩容,xia4men2shi4,2060 RCP 4.5,xia4men2shi4_1_3_1995_S0,STOREY_3,1670,114
26°C,扩容,xia4men2shi4,2060 RCP 4.5,xia4men2shi4_1_3_1995_S0,STOREY_0,1670,0
26°C,扩容,xia4men2shi4,2060 RCP 4.5,xia4men2shi4_1_1_2005_S0,STOREY_1,1670,0
26°C,扩容,xia4men2shi4,2060 RCP 4.5,xia4men2shi4_1_1_2005_S0,STOREY_2,1670,0
26°C,扩容,xia4men2shi4,2060 RCP 4.5,xia4men2shi4_1_1_2005_S0,STOREY_3,1670,0
26°C,扩容,xia4men2shi4,2060 RCP 4.5,xia4men2shi4_1_1_2005_S0,STOREY_4,1670,0
26°C,扩容,xia4men2shi4,2060 RCP 4.5,xia4men2shi4_1_1_2005_S0,STOREY_5,1670,70
26°C,扩容,xia4men2shi4,2060 RCP 4.5,xia4men2shi4_1_1_2005_S0,STOREY_0,1670,0
26°C,扩容,xia4men2shi4,2060 RCP 4.5,xia4men2shi4_1_2_1995_S0,STOREY_1,1670,0
26°C,扩容,xia4men2shi4,2060 RCP 4.5,xia4men2shi4_1_2_1995_S0,STOREY_2,1670,0
26°C,扩容,xia4men2shi4,2060 RCP 4.5,xia4men2shi4_1_2_1995_S0,STOREY_3,1670,0
26°C,扩容,xia4men2shi4,2060 RCP 4.5,xia4men2shi4_1_2_1995_S0,STOREY_4,1670,0
26°C,扩容,xia4men2shi4,2060 RCP 4.5,xia4men2shi4_1_2_1995_S0,STOREY_5,1670,59
26°C,扩容,xia4men2shi4,2060 RCP 4.5,xia4men2shi4_1_2_1995_S0,STOREY_0,1670,0
26°C,扩容,xia4men2shi4,2060 RCP 4.5,xia4men2shi4_1_4_1995_S0,STOREY_1,1670,0
26°C,扩容,xia4men2shi4,2060 RCP 4.5,xia4men2shi4_1_4_1995_S0,STOREY_2,1670,0
26°C,扩容,xia4men2shi4,2060 RCP 4.5,xia4men2shi4_1_4_1995_S0,STOREY_3,1670,0
26°C,扩容,xia4men2shi4,2060 RCP 4.5,xia4men2shi4_1_4_1995_S0,STOREY_4,1670,0
26°C,扩容,xia4men2shi4,2060 RCP 4.5,xia4men2shi4_1_4_1995_S0,STOREY_5,1670,0
26°C,扩容,xia4men2shi4,2060 RCP 4.5,xia4men2shi4_1_4_1995_S0,STOREY_6,1670,51
26°C,扩容,xia4men2shi4,2060 RCP 4.5,xia4men2shi4_1_4_1995_S0,STOREY_0,1670,0
26°C,扩容,xia4men2shi4,2060 RCP 4.5,xia4men2shi4_1_6_1995_S0,STOREY_1,1670,1
26°C,扩容,xia4men2shi4,2060 RCP 4.5,xia4men2shi4_1_6_1995_S0,STOREY_2,1670,1
26°C,扩容,xia4men2shi4,2060 RCP 4.5,xia4men2shi4_1_6_1995_S0,STOREY_3,1670,3
26°C,扩容,xia4men2shi4,2060 RCP 4.5,xia4men2shi4_1_6_1995_S0,STOREY_4,1670,6
26°C,扩容,xia4men2shi4,2060 RCP 4.5,xia4men2shi4_1_6_1995_S0,STOREY_5,1670,107
26°C,扩容,xia4men2shi4,2060 RCP 4.5,xia4men2shi4_1_6_1995_S0,STOREY_0,1670,0
26°C,扩容,xia4men2shi4,2060 RCP 2.6,xia4men2shi4_2_6_2005_S0,STOREY_1,1670,0
26°C,扩容,xia4men2shi4,2060 RCP 2.6,xia4men2shi4_2_6_2005_S0,STOREY_2,1670,0
26°C,扩容,xia4men2shi4,2060 RCP 2.6,xia4men2shi4_2_6_2005_S0,STOREY_3,1670,0
26°C,扩容,xia4men2shi4,2060 RCP 2.6,xia4men2shi4_2_6_2005_S0,STOREY_4,1670,0
26°C,扩容,xia4men2shi4,2060 RCP 2.6,xia4men2shi4_2_6_2005_S0,STOREY_5,1670,0
26°C,扩容,xia4men2shi4,2060 RCP 2.6,xia4men2shi4_2_6_2005_S0,STOREY_6,1670,0
26°C,扩容,xia4men2shi4,2060 RCP 2.6,xia4men2shi4_2_6_2005_S0,STOREY_7,1670,0
26°C,扩容,xia4men2shi4,2060 RCP 2.6,xia4men2shi4_2_6_2005_S0,STOREY_8,1670,0
26°C,扩容,xia4men2shi4,2060 RCP 2.6,xia4men2shi4_2_6_2005_S0,STOREY_9,1670,0
26°C,扩容,xia4men2shi4,2060 RCP 2.6,xia4men2shi4_2_6_2005_S0,STOREY_10,1670,0
26°C,扩容,xia4men2shi4,2060 RCP 2.6,xia4men2shi4_2_6_2005_S0,STOREY_11,1670,0
26°C,扩容,xia4men2shi4,2060 RCP 2.6,xia4men2shi4_2_6_2005_S0,STOREY_12,1670,0
26°C,扩容,xia4men2shi4,2060 RCP 2.6,xia4men2shi4_2_6_2005_S0,STOREY_13,1670,0
26°C,扩容,xia4men2shi4,2060 RCP 2.6,xia4men2shi4_2_6_2005_S0,STOREY_14,1670,0
26°C,扩容,xia4men2shi4,2060 RCP 2.6,xia4men2shi4_2_6_2005_S0,STOREY_15,1670,0
26°C,扩容,xia4men2shi4,2060 RCP 2.6,xia4men2shi4_2_6_2005_S0,STOREY_16,1670,0
26°C,扩容,xia4men2shi4,2060 RCP 2.6,xia4men2shi4_2_6_2005_S0,STOREY_17,1670,0
26°C,扩容,xia4men2shi4,2060 RCP 2.6,xia4men2shi4_2_6_2005_S0,STOREY_18,1670,0
26°C,扩容,xia4men2shi4,2060 RCP 2.6,xia4men2shi4_2_6_2005_S0,STOREY_19,1670,0
26°C,扩容,xia4men2shi4,2060 RCP 2.6,xia4men2shi4_2_6_2005_S0,STOREY_20,1670,0
26°C,扩容,xia4men2shi4,2060 RCP 2.6,xia4men2shi4_2_6_2005_S0,STOREY_21,1670,0
26°C,扩容,xia4men2shi4,2060 RCP 2.6,xia4men2shi4_2_6_2005_S0,STOREY_22,1670,0
26°C,扩容,xia4men2shi4,2060 RCP 2.6,xia4men2shi4_2_6_2005_S0,STOREY_23,1670,0
26°C,扩容,xia4men2shi4,2060 RCP 2.6,xia4men2shi4_2_6_2005_S0,STOREY_24,1670,0
26°C,扩容,xia4men2shi4,2060 RCP 2.6,xia4men2shi4_2_6_2005_S0,STOREY_25,1670,0
26°C,扩容,xia4men2shi4,2060 RCP 2.6,xia4men2shi4_2_6_2005_S0,STOREY_26,1670,0
26°C,扩容,xia4men2shi4,2060 RCP 2.6,xia4men2shi4_2_6_2005_S0,STOREY_27,1670,0
26°C,扩容,xia4men2shi4,2060 RCP 2.6,xia4men2shi4_2_6_2005_S0,STOREY_28,1670,20
26°C,扩容,xia4men2shi4,2060 RCP 2.6,xia4men2shi4_2_6_2005_S0,STOREY_0,1670,0
26°C,扩容,xia4men2shi4,2060 RCP 4.5,xia4men2shi4_1_5_1995_S0,STOREY_1,1670,0
26°C,扩容,xia4men2shi4,2060 RCP 4.5,xia4men2shi4_1_5_1995_S0,STOREY_2,1670,0
26°C,扩容,xia4men2shi4,2060 RCP 4.5,xia4men2shi4_1_5_1995_S0,STOREY_3,1670,0
26°C,扩容,xia4men2shi4,2060 RCP 4.5,xia4men2shi4_1_5_1995_S0,STOREY_4,1670,0
26°C,扩容,xia4men2shi4,2060 RCP 4.5,xia4men2shi4_1_5_1995_S0,STOREY_5,1670,0
26°C,扩容,xia4men2shi4,2060 RCP 4.5,xia4men2shi4_1_5_1995_S0,STOREY_6,1670,0
26°C,扩容,xia4men2shi4,2060 RCP 4.5,xia4men2shi4_1_5_1995_S0,STOREY_7,1670,0
26°C,扩容,xia4men2shi4,2060 RCP 4.5,xia4men2shi4_1_5_1995_S0,STOREY_8,1670,0
26°C,扩容,xia4men2shi4,2060 RCP 4.5,xia4men2shi4_1_5_1995_S0,STOREY_9,1670,65
26°C,扩容,xia4men2shi4,2060 RCP 4.5,xia4men2shi4_1_5_1995_S0,STOREY_0,1670,0
26°C,扩容,xia4men2shi4,2060 RCP 4.5,xia4men2shi4_2_3_2005_S0,STOREY_1,1670,0
26°C,扩容,xia4men2shi4,2060 RCP 4.5,xia4men2shi4_2_3_2005_S0,STOREY_2,1670,0
26°C,扩容,xia4men2shi4,2060 RCP 4.5,xia4men2shi4_2_3_2005_S0,STOREY_3,1670,0
26°C,扩容,xia4men2shi4,2060 RCP 4.5,xia4men2shi4_2_3_2005_S0,STOREY_4,1670,0
26°C,扩容,xia4men2shi4,2060 RCP 4.5,xia4men2shi4_2_3_2005_S0,STOREY_5,1670,0
26°C,扩容,xia4men2shi4,2060 RCP 4.5,xia4men2shi4_2_3_2005_S0,STOREY_6,1670,0
26°C,扩容,xia4men2shi4,2060 RCP 4.5,xia4men2shi4_2_3_2005_S0,STOREY_7,1670,0
26°C,扩容,xia4men2shi4,2060 RCP 4.5,xia4men2shi4_2_3_2005_S0,STOREY_8,1670,0
26°C,扩容,xia4men2shi4,2060 RCP 4.5,xia4men2shi4_2_3_2005_S0,STOREY_9,1670,0
26°C,扩容,xia4men2shi4,2060 RCP 4.5,xia4men2shi4_2_3_2005_S0,STOREY_10,1670,0
26°C,扩容,xia4men2shi4,2060 RCP 4.5,xia4men2shi4_2_3_2005_S0,STOREY_11,1670,0
26°C,扩容,xia4men2shi4,2060 RCP 4.5,xia4men2shi4_2_3_2005_S0,STOREY_12,1670,34
26°C,扩容,xia4men2shi4,2060 RCP 4.5,xia4men2shi4_2_3_2005_S0,STOREY_0,1670,0
26°C,扩容,xia4men2shi4,2060 RCP 4.5,xia4men2shi4_2_4_2005_S0,STOREY_1,1670,0
26°C,扩容,xia4men2shi4,2060 RCP 4.5,xia4men2shi4_2_4_2005_S0,STOREY_2,1670,0
26°C,扩容,xia4men2shi4,2060 RCP 4.5,xia4men2shi4_2_4_2005_S0,STOREY_3,1670,0
26°C,扩容,xia4men2shi4,2060 RCP 4.5,xia4men2shi4_2_4_2005_S0,STOREY_4,1670,0
26°C,扩容,xia4men2shi4,2060 RCP 4.5,xia4men2shi4_2_4_2005_S0,STOREY_5,1670,0
26°C,扩容,xia4men2shi4,2060 RCP 4.5,xia4men2shi4_2_4_2005_S0,STOREY_6,1670,0
26°C,扩容,xia4men2shi4,2060 RCP 4.5,xia4men2shi4_2_4_2005_S0,STOREY_7,1670,0
26°C,扩容,xia4men2shi4,2060 RCP 4.5,xia4men2shi4_2_4_2005_S0,STOREY_8,1670,0
26°C,扩容,xia4men2shi4,2060 RCP 4.5,xia4men2shi4_2_4_2005_S0,STOREY_9,1670,0
26°C,扩容,xia4men2shi4,2060 RCP 4.5,xia4men2shi4_2_4_2005_S0,STOREY_10,1670,0
26°C,扩容,xia4men2shi4,2060 RCP 4.5,xia4men2shi4_2_4_2005_S0,STOREY_11,1670,47
26°C,扩容,xia4men2shi4,2060 RCP 4.5,xia4men2shi4_2_4_2005_S0,STOREY_0,1670,0
26°C,扩容,xia4men2shi4,2060 RCP 4.5,xia4men2shi4_2_1_2005_S0,STOREY_1,1670,0
26°C,扩容,xia4men2shi4,2060 RCP 4.5,xia4men2shi4_2_1_2005_S0,STOREY_2,1670,0
26°C,扩容,xia4men2shi4,2060 RCP 4.5,xia4men2shi4_2_1_2005_S0,STOREY_3,1670,0
26°C,扩容,xia4men2shi4,2060 RCP 4.5,xia4men2shi4_2_1_2005_S0,STOREY_4,1670,0
26°C,扩容,xia4men2shi4,2060 RCP 4.5,xia4men2shi4_2_1_2005_S0,STOREY_5,1670,0
26°C,扩容,xia4men2shi4,2060 RCP 4.5,xia4men2shi4_2_1_2005_S0,STOREY_6,1670,0
26°C,扩容,xia4men2shi4,2060 RCP 4.5,xia4men2shi4_2_1_2005_S0,STOREY_7,1670,0
26°C,扩容,xia4men2shi4,2060 RCP 4.5,xia4men2shi4_2_1_2005_S0,STOREY_8,1670,0
26°C,扩容,xia4men2shi4,2060 RCP 4.5,xia4men2shi4_2_1_2005_S0,STOREY_9,1670,0
26°C,扩容,xia4men2shi4,2060 RCP 4.5,xia4men2shi4_2_1_2005_S0,STOREY_10,1670,0
26°C,扩容,xia4men2shi4,2060 RCP 4.5,xia4men2shi4_2_1_2005_S0,STOREY_11,1670,0
26°C,扩容,xia4men2shi4,2060 RCP 4.5,xia4men2shi4_2_1_2005_S0,STOREY_12,1670,0
26°C,扩容,xia4men2shi4,2060 RCP 4.5,xia4men2shi4_2_1_2005_S0,STOREY_13,1670,0
26°C,扩容,xia4men2shi4,2060 RCP 4.5,xia4men2shi4_2_1_2005_S0,STOREY_14,1670,0
26°C,扩容,xia4men2shi4,2060 RCP 4.5,xia4men2shi4_2_1_2005_S0,STOREY_15,1670,0
26°C,扩容,xia4men2shi4,2060 RCP 4.5,xia4men2shi4_2_1_2005_S0,STOREY_16,1670,0
26°C,扩容,xia4men2shi4,2060 RCP 4.5,xia4men2shi4_2_1_2005_S0,STOREY_17,1670,32
26°C,扩容,xia4men2shi4,2060 RCP 4.5,xia4men2shi4_2_1_2005_S0,STOREY_0,1670,0
26°C,扩容,xia4men2shi4,2060 RCP 8.5,xia4men2shi4_0_1_1980_S0,STOREY_1,1670,1
26°C,扩容,xia4men2shi4,2060 RCP 8.5,xia4men2shi4_0_1_1980_S0,STOREY_2,1670,61
26°C,扩容,xia4men2shi4,2060 RCP 8.5,xia4men2shi4_0_1_1980_S0,STOREY_0,1670,0
26°C,扩容,xia4men2shi4,2060 RCP 8.5,xia4men2shi4_0_2_1995_S0,STOREY_1,1670,1
26°C,扩容,xia4men2shi4,2060 RCP 8.5,xia4men2shi4_0_2_1995_S0,STOREY_2,1670,59
26°C,扩容,xia4men2shi4,2060 RCP 8.5,xia4men2shi4_0_2_1995_S0,STOREY_0,1670,0
26°C,扩容,xia4men2shi4,2060 RCP 8.5,xia4men2shi4_0_3_1980_S0,STOREY_0,1670,0
26°C,扩容,xia4men2shi4,2060 RCP 8.5,xia4men2shi4_0_4_1980_S0,STOREY_1,1670,34
26°C,扩容,xia4men2shi4,2060 RCP 8.5,xia4men2shi4_0_4_1980_S0,STOREY_0,1670,0
26°C,扩容,xia4men2shi4,2060 RCP 4.5,xia4men2shi4_2_2_2005_S0,STOREY_1,1670,0
26°C,扩容,xia4men2shi4,2060 RCP 4.5,xia4men2shi4_2_2_2005_S0,STOREY_2,1670,0
26°C,扩容,xia4men2shi4,2060 RCP 4.5,xia4men2shi4_2_2_2005_S0,STOREY_3,1670,0
26°C,扩容,xia4men2shi4,2060 RCP 4.5,xia4men2shi4_2_2_2005_S0,STOREY_4,1670,0
26°C,扩容,xia4men2shi4,2060 RCP 4.5,xia4men2shi4_2_2_2005_S0,STOREY_5,1670,0
26°C,扩容,xia4men2shi4,2060 RCP 4.5,xia4men2shi4_2_2_2005_S0,STOREY_6,1670,0
26°C,扩容,xia4men2shi4,2060 RCP 4.5,xia4men2shi4_2_2_2005_S0,STOREY_7,1670,0
26°C,扩容,xia4men2shi4,2060 RCP 4.5,xia4men2shi4_2_2_2005_S0,STOREY_8,1670,0
26°C,扩容,xia4men2shi4,2060 RCP 4.5,xia4men2shi4_2_2_2005_S0,STOREY_9,1670,0
26°C,扩容,xia4men2shi4,2060 RCP 4.5,xia4men2shi4_2_2_2005_S0,STOREY_10,1670,0
26°C,扩容,xia4men2shi4,2060 RCP 4.5,xia4men2shi4_2_2_2005_S0,STOREY_11,1670,0
26°C,扩容,xia4men2shi4,2060 RCP 4.5,xia4men2shi4_2_2_2005_S0,STOREY_12,1670,0
26°C,扩容,xia4men2shi4,2060 RCP 4.5,xia4men2shi4_2_2_2005_S0,STOREY_13,1670,0
26°C,扩容,xia4men2shi4,2060 RCP 4.5,xia4men2shi4_2_2_2005_S0,STOREY_14,1670,0
26°C,扩容,xia4men2shi4,2060 RCP 4.5,xia4men2shi4_2_2_2005_S0,STOREY_15,1670,0
26°C,扩容,xia4men2shi4,2060 RCP 4.5,xia4men2shi4_2_2_2005_S0,STOREY_16,1670,0
26°C,扩容,xia4men2shi4,2060 RCP 4.5,xia4men2shi4_2_2_2005_S0,STOREY_17,1670,0
26°C,扩容,xia4men2shi4,2060 RCP 4.5,xia4men2shi4_2_2_2005_S0,STOREY_18,1670,0
26°C,扩容,xia4men2shi4,2060 RCP 4.5,xia4men2shi4_2_2_2005_S0,STOREY_19,1670,0
26°C,扩容,xia4men2shi4,2060 RCP 4.5,xia4men2shi4_2_2_2005_S0,STOREY_20,1670,0
26°C,扩容,xia4men2shi4,2060 RCP 4.5,xia4men2shi4_2_2_2005_S0,STOREY_21,1670,0
26°C,扩容,xia4men2shi4,2060 RCP 4.5,xia4men2shi4_2_2_2005_S0,STOREY_22,1670,0
26°C,扩容,xia4men2shi4,2060 RCP 4.5,xia4men2shi4_2_2_2005_S0,STOREY_23,1670,0
26°C,扩容,xia4men2shi4,2060 RCP 4.5,xia4men2shi4_2_2_2005_S0,STOREY_24,1670,0
26°C,扩容,xia4men2shi4,2060 RCP 4.5,xia4men2shi4_2_2_2005_S0,STOREY_25,1670,0
26°C,扩容,xia4men2shi4,2060 RCP 4.5,xia4men2shi4_2_2_2005_S0,STOREY_26,1670,0
26°C,扩容,xia4men2shi4,2060 RCP 4.5,xia4men2shi4_2_2_2005_S0,STOREY_27,1670,37
26°C,扩容,xia4men2shi4,2060 RCP 4.5,xia4men2shi4_2_2_2005_S0,STOREY_0,1670,0
26°C,扩容,xia4men2shi4,2060 RCP 4.5,xia4men2shi4_2_5_2005_S0,STOREY_1,1670,0
26°C,扩容,xia4men2shi4,2060 RCP 4.5,xia4men2shi4_2_5_2005_S0,STOREY_2,1670,0
26°C,扩容,xia4men2shi4,2060 RCP 4.5,xia4men2shi4_2_5_2005_S0,STOREY_3,1670,0
26°C,扩容,xia4men2shi4,2060 RCP 4.5,xia4men2shi4_2_5_2005_S0,STOREY_4,1670,0
26°C,扩容,xia4men2shi4,2060 RCP 4.5,xia4men2shi4_2_5_2005_S0,STOREY_5,1670,0
26°C,扩容,xia4men2shi4,2060 RCP 4.5,xia4men2shi4_2_5_2005_S0,STOREY_6,1670,0
26°C,扩容,xia4men2shi4,2060 RCP 4.5,xia4men2shi4_2_5_2005_S0,STOREY_7,1670,0
26°C,扩容,xia4men2shi4,2060 RCP 4.5,xia4men2shi4_2_5_2005_S0,STOREY_8,1670,0
26°C,扩容,xia4men2shi4,2060 RCP 4.5,xia4men2shi4_2_5_2005_S0,STOREY_9,1670,0
26°C,扩容,xia4men2shi4,2060 RCP 4.5,xia4men2shi4_2_5_2005_S0,STOREY_10,1670,0
26°C,扩容,xia4men2shi4,2060 RCP 4.5,xia4men2shi4_2_5_2005_S0,STOREY_11,1670,0
26°C,扩容,xia4men2shi4,2060 RCP 4.5,xia4men2shi4_2_5_2005_S0,STOREY_12,1670,0
26°C,扩容,xia4men2shi4,2060 RCP 4.5,xia4men2shi4_2_5_2005_S0,STOREY_13,1670,0
26°C,扩容,xia4men2shi4,2060 RCP 4.5,xia4men2shi4_2_5_2005_S0,STOREY_14,1670,0
26°C,扩容,xia4men2shi4,2060 RCP 4.5,xia4men2shi4_2_5_2005_S0,STOREY_15,1670,31
26°C,扩容,xia4men2shi4,2060 RCP 4.5,xia4men2shi4_2_5_2005_S0,STOREY_0,1670,0
26°C,扩容,xia4men2shi4,2060 RCP 8.5,xia4men2shi4_0_6_1980_S0,STOREY_0,1670,0
26°C,扩容,xia4men2shi4,2060 RCP 8.5,xia4men2shi4_0_5_1980_S0,STOREY_1,1670,45
26°C,扩容,xia4men2shi4,2060 RCP 8.5,xia4men2shi4_0_5_1980_S0,STOREY_2,1670,108
26°C,扩容,xia4men2shi4,2060 RCP 8.5,xia4men2shi4_0_5_1980_S0,STOREY_0,1670,0
26°C,扩容,xia4men2shi4,2060 RCP 8.5,xia4men2shi4_1_3_1995_S0,STOREY_1,1670,4
26°C,扩容,xia4men2shi4,2060 RCP 8.5,xia4men2shi4_1_3_1995_S0,STOREY_2,1670,10
26°C,扩容,xia4men2shi4,2060 RCP 8.5,xia4men2shi4_1_3_1995_S0,STOREY_3,1670,107
26°C,扩容,xia4men2shi4,2060 RCP 8.5,xia4men2shi4_1_3_1995_S0,STOREY_0,1670,0
26°C,扩容,xia4men2shi4,2060 RCP 8.5,xia4men2shi4_1_2_1995_S0,STOREY_1,1670,1
26°C,扩容,xia4men2shi4,2060 RCP 8.5,xia4men2shi4_1_2_1995_S0,STOREY_2,1670,1
26°C,扩容,xia4men2shi4,2060 RCP 8.5,xia4men2shi4_1_2_1995_S0,STOREY_3,1670,1
26°C,扩容,xia4men2shi4,2060 RCP 8.5,xia4men2shi4_1_2_1995_S0,STOREY_4,1670,1
26°C,扩容,xia4men2shi4,2060 RCP 8.5,xia4men2shi4_1_2_1995_S0,STOREY_5,1670,64
26°C,扩容,xia4men2shi4,2060 RCP 8.5,xia4men2shi4_1_2_1995_S0,STOREY_0,1670,0
26°C,扩容,xia4men2shi4,2060 RCP 8.5,xia4men2shi4_1_1_2005_S0,STOREY_1,1670,1
26°C,扩容,xia4men2shi4,2060 RCP 8.5,xia4men2shi4_1_1_2005_S0,STOREY_2,1670,1
26°C,扩容,xia4men2shi4,2060 RCP 8.5,xia4men2shi4_1_1_2005_S0,STOREY_3,1670,1
26°C,扩容,xia4men2shi4,2060 RCP 8.5,xia4men2shi4_1_1_2005_S0,STOREY_4,1670,1
26°C,扩容,xia4men2shi4,2060 RCP 8.5,xia4men2shi4_1_1_2005_S0,STOREY_5,1670,67
26°C,扩容,xia4men2shi4,2060 RCP 8.5,xia4men2shi4_1_1_2005_S0,STOREY_0,1670,0
26°C,扩容,xia4men2shi4,2060 RCP 8.5,xia4men2shi4_1_6_1995_S0,STOREY_1,1670,4
26°C,扩容,xia4men2shi4,2060 RCP 8.5,xia4men2shi4_1_6_1995_S0,STOREY_2,1670,5
26°C,扩容,xia4men2shi4,2060 RCP 8.5,xia4men2shi4_1_6_1995_S0,STOREY_3,1670,5
26°C,扩容,xia4men2shi4,2060 RCP 8.5,xia4men2shi4_1_6_1995_S0,STOREY_4,1670,10
26°C,扩容,xia4men2shi4,2060 RCP 8.5,xia4men2shi4_1_6_1995_S0,STOREY_5,1670,109
26°C,扩容,xia4men2shi4,2060 RCP 8.5,xia4men2shi4_1_6_1995_S0,STOREY_0,1670,0
26°C,扩容,xia4men2shi4,2060 RCP 8.5,xia4men2shi4_1_4_1995_S0,STOREY_1,1670,1
26°C,扩容,xia4men2shi4,2060 RCP 8.5,xia4men2shi4_1_4_1995_S0,STOREY_2,1670,1
26°C,扩容,xia4men2shi4,2060 RCP 8.5,xia4men2shi4_1_4_1995_S0,STOREY_3,1670,1
26°C,扩容,xia4men2shi4,2060 RCP 8.5,xia4men2shi4_1_4_1995_S0,STOREY_4,1670,1
26°C,扩容,xia4men2shi4,2060 RCP 8.5,xia4men2shi4_1_4_1995_S0,STOREY_5,1670,4
26°C,扩容,xia4men2shi4,2060 RCP 8.5,xia4men2shi4_1_4_1995_S0,STOREY_6,1670,62
26°C,扩容,xia4men2shi4,2060 RCP 8.5,xia4men2shi4_1_4_1995_S0,STOREY_0,1670,0
26°C,扩容,xia4men2shi4,2060 RCP 4.5,xia4men2shi4_2_6_2005_S0,STOREY_1,1670,0
26°C,扩容,xia4men2shi4,2060 RCP 4.5,xia4men2shi4_2_6_2005_S0,STOREY_2,1670,0
26°C,扩容,xia4men2shi4,2060 RCP 4.5,xia4men2shi4_2_6_2005_S0,STOREY_3,1670,0
26°C,扩容,xia4men2shi4,2060 RCP 4.5,xia4men2shi4_2_6_2005_S0,STOREY_4,1670,0
26°C,扩容,xia4men2shi4,2060 RCP 4.5,xia4men2shi4_2_6_2005_S0,STOREY_5,1670,0
26°C,扩容,xia4men2shi4,2060 RCP 4.5,xia4men2shi4_2_6_2005_S0,STOREY_6,1670,0
26°C,扩容,xia4men2shi4,2060 RCP 4.5,xia4men2shi4_2_6_2005_S0,STOREY_7,1670,0
26°C,扩容,xia4men2shi4,2060 RCP 4.5,xia4men2shi4_2_6_2005_S0,STOREY_8,1670,0
26°C,扩容,xia4men2shi4,2060 RCP 4.5,xia4men2shi4_2_6_2005_S0,STOREY_9,1670,0
26°C,扩容,xia4men2shi4,2060 RCP 4.5,xia4men2shi4_2_6_2005_S0,STOREY_10,1670,0
26°C,扩容,xia4men2shi4,2060 RCP 4.5,xia4men2shi4_2_6_2005_S0,STOREY_11,1670,0
26°C,扩容,xia4men2shi4,2060 RCP 4.5,xia4men2shi4_2_6_2005_S0,STOREY_12,1670,0
26°C,扩容,xia4men2shi4,2060 RCP 4.5,xia4men2shi4_2_6_2005_S0,STOREY_13,1670,0
26°C,扩容,xia4men2shi4,2060 RCP 4.5,xia4men2shi4_2_6_2005_S0,STOREY_14,1670,0
26°C,扩容,xia4men2shi4,2060 RCP 4.5,xia4men2shi4_2_6_2005_S0,STOREY_15,1670,0
26°C,扩容,xia4men2shi4,2060 RCP 4.5,xia4men2shi4_2_6_2005_S0,STOREY_16,1670,0
26°C,扩容,xia4men2shi4,2060 RCP 4.5,xia4men2shi4_2_6_2005_S0,STOREY_17,1670,0
26°C,扩容,xia4men2shi4,2060 RCP 4.5,xia4men2shi4_2_6_2005_S0,STOREY_18,1670,0
26°C,扩容,xia4men2shi4,2060 RCP 4.5,xia4men2shi4_2_6_2005_S0,STOREY_19,1670,0
26°C,扩容,xia4men2shi4,2060 RCP 4.5,xia4men2shi4_2_6_2005_S0,STOREY_20,1670,0
26°C,扩容,xia4men2shi4,2060 RCP 4.5,xia4men2shi4_2_6_2005_S0,STOREY_21,1670,0
26°C,扩容,xia4men2shi4,2060 RCP 4.5,xia4men2shi4_2_6_2005_S0,STOREY_22,1670,0
26°C,扩容,xia4men2shi4,2060 RCP 4.5,xia4men2shi4_2_6_2005_S0,STOREY_23,1670,0
26°C,扩容,xia4men2shi4,2060 RCP 4.5,xia4men2shi4_2_6_2005_S0,STOREY_24,1670,0
26°C,扩容,xia4men2shi4,2060 RCP 4.5,xia4men2shi4_2_6_2005_S0,STOREY_25,1670,0
26°C,扩容,xia4men2shi4,2060 RCP 4.5,xia4men2shi4_2_6_2005_S0,STOREY_26,1670,0
26°C,扩容,xia4men2shi4,2060 RCP 4.5,xia4men2shi4_2_6_2005_S0,STOREY_27,1670,0
26°C,扩容,xia4men2shi4,2060 RCP 4.5,xia4men2shi4_2_6_2005_S0,STOREY_28,1670,30
26°C,扩容,xia4men2shi4,2060 RCP 4.5,xia4men2shi4_2_6_2005_S0,STOREY_0,1670,0
26°C,扩容,xia4men2shi4,2060 RCP 8.5,xia4men2shi4_1_5_1995_S0,STOREY_1,1670,1
26°C,扩容,xia4men2shi4,2060 RCP 8.5,xia4men2shi4_1_5_1995_S0,STOREY_2,1670,1
26°C,扩容,xia4men2shi4,2060 RCP 8.5,xia4men2shi4_1_5_1995_S0,STOREY_3,1670,1
26°C,扩容,xia4men2shi4,2060 RCP 8.5,xia4men2shi4_1_5_1995_S0,STOREY_4,1670,1
26°C,扩容,xia4men2shi4,2060 RCP 8.5,xia4men2shi4_1_5_1995_S0,STOREY_5,1670,1
26°C,扩容,xia4men2shi4,2060 RCP 8.5,xia4men2shi4_1_5_1995_S0,STOREY_6,1670,1
26°C,扩容,xia4men2shi4,2060 RCP 8.5,xia4men2shi4_1_5_1995_S0,STOREY_7,1670,1
26°C,扩容,xia4men2shi4,2060 RCP 8.5,xia4men2shi4_1_5_1995_S0,STOREY_8,1670,1
26°C,扩容,xia4men2shi4,2060 RCP 8.5,xia4men2shi4_1_5_1995_S0,STOREY_9,1670,70
26°C,扩容,xia4men2shi4,2060 RCP 8.5,xia4men2shi4_1_5_1995_S0,STOREY_0,1670,0
26°C,扩容,xia4men2shi4,2060 RCP 8.5,xia4men2shi4_2_3_2005_S0,STOREY_1,1670,0
26°C,扩容,xia4men2shi4,2060 RCP 8.5,xia4men2shi4_2_3_2005_S0,STOREY_2,1670,1
26°C,扩容,xia4men2shi4,2060 RCP 8.5,xia4men2shi4_2_3_2005_S0,STOREY_3,1670,1
26°C,扩容,xia4men2shi4,2060 RCP 8.5,xia4men2shi4_2_3_2005_S0,STOREY_4,1670,1
26°C,扩容,xia4men2shi4,2060 RCP 8.5,xia4men2shi4_2_3_2005_S0,STOREY_5,1670,1
26°C,扩容,xia4men2shi4,2060 RCP 8.5,xia4men2shi4_2_3_2005_S0,STOREY_6,1670,1
26°C,扩容,xia4men2shi4,2060 RCP 8.5,xia4men2shi4_2_3_2005_S0,STOREY_7,1670,1
26°C,扩容,xia4men2shi4,2060 RCP 8.5,xia4men2shi4_2_3_2005_S0,STOREY_8,1670,1
26°C,扩容,xia4men2shi4,2060 RCP 8.5,xia4men2shi4_2_3_2005_S0,STOREY_9,1670,1
26°C,扩容,xia4men2shi4,2060 RCP 8.5,xia4men2shi4_2_3_2005_S0,STOREY_10,1670,1
26°C,扩容,xia4men2shi4,2060 RCP 8.5,xia4men2shi4_2_3_2005_S0,STOREY_11,1670,1
26°C,扩容,xia4men2shi4,2060 RCP 8.5,xia4men2shi4_2_3_2005_S0,STOREY_12,1670,35
26°C,扩容,xia4men2shi4,2060 RCP 8.5,xia4men2shi4_2_3_2005_S0,STOREY_0,1670,0
26°C,扩容,xia4men2shi4,2060 RCP 8.5,xia4men2shi4_2_4_2005_S0,STOREY_1,1670,1
26°C,扩容,xia4men2shi4,2060 RCP 8.5,xia4men2shi4_2_4_2005_S0,STOREY_2,1670,1
26°C,扩容,xia4men2shi4,2060 RCP 8.5,xia4men2shi4_2_4_2005_S0,STOREY_3,1670,1
26°C,扩容,xia4men2shi4,2060 RCP 8.5,xia4men2shi4_2_4_2005_S0,STOREY_4,1670,1
26°C,扩容,xia4men2shi4,2060 RCP 8.5,xia4men2shi4_2_4_2005_S0,STOREY_5,1670,1
26°C,扩容,xia4men2shi4,2060 RCP 8.5,xia4men2shi4_2_4_2005_S0,STOREY_6,1670,1
26°C,扩容,xia4men2shi4,2060 RCP 8.5,xia4men2shi4_2_4_2005_S0,STOREY_7,1670,1
26°C,扩容,xia4men2shi4,2060 RCP 8.5,xia4men2shi4_2_4_2005_S0,STOREY_8,1670,1
26°C,扩容,xia4men2shi4,2060 RCP 8.5,xia4men2shi4_2_4_2005_S0,STOREY_9,1670,1
26°C,扩容,xia4men2shi4,2060 RCP 8.5,xia4men2shi4_2_4_2005_S0,STOREY_10,1670,1
26°C,扩容,xia4men2shi4,2060 RCP 8.5,xia4men2shi4_2_4_2005_S0,STOREY_11,1670,52
26°C,扩容,xia4men2shi4,2060 RCP 8.5,xia4men2shi4_2_4_2005_S0,STOREY_0,1670,0
26°C,扩容,xia4men2shi4,2060 RCP 8.5,xia4men2shi4_2_1_2005_S0,STOREY_1,1670,0
26°C,扩容,xia4men2shi4,2060 RCP 8.5,xia4men2shi4_2_1_2005_S0,STOREY_2,1670,1
26°C,扩容,xia4men2shi4,2060 RCP 8.5,xia4men2shi4_2_1_2005_S0,STOREY_3,1670,1
26°C,扩容,xia4men2shi4,2060 RCP 8.5,xia4men2shi4_2_1_2005_S0,STOREY_4,1670,1
26°C,扩容,xia4men2shi4,2060 RCP 8.5,xia4men2shi4_2_1_2005_S0,STOREY_5,1670,1
26°C,扩容,xia4men2shi4,2060 RCP 8.5,xia4men2shi4_2_1_2005_S0,STOREY_6,1670,1
26°C,扩容,xia4men2shi4,2060 RCP 8.5,xia4men2shi4_2_1_2005_S0,STOREY_7,1670,1
26°C,扩容,xia4men2shi4,2060 RCP 8.5,xia4men2shi4_2_1_2005_S0,STOREY_8,1670,1
26°C,扩容,xia4men2shi4,2060 RCP 8.5,xia4men2shi4_2_1_2005_S0,STOREY_9,1670,1
26°C,扩容,xia4men2shi4,2060 RCP 8.5,xia4men2shi4_2_1_2005_S0,STOREY_10,1670,1
26°C,扩容,xia4men2shi4,2060 RCP 8.5,xia4men2shi4_2_1_2005_S0,STOREY_11,1670,1
26°C,扩容,xia4men2shi4,2060 RCP 8.5,xia4men2shi4_2_1_2005_S0,STOREY_12,1670,1
26°C,扩容,xia4men2shi4,2060 RCP 8.5,xia4men2shi4_2_1_2005_S0,STOREY_13,1670,1
26°C,扩容,xia4men2shi4,2060 RCP 8.5,xia4men2shi4_2_1_2005_S0,STOREY_14,1670,1
26°C,扩容,xia4men2shi4,2060 RCP 8.5,xia4men2shi4_2_1_2005_S0,STOREY_15,1670,1
26°C,扩容,xia4men2shi4,2060 RCP 8.5,xia4men2shi4_2_1_2005_S0,STOREY_16,1670,1
26°C,扩容,xia4men2shi4,2060 RCP 8.5,xia4men2shi4_2_1_2005_S0,STOREY_17,1670,31
26°C,扩容,xia4men2shi4,2060 RCP 8.5,xia4men2shi4_2_1_2005_S0,STOREY_0,1670,0
26°C,定容,guang3zhou1shi4,2040 RCP 2.6,guang3zhou1shi4_0_10_1980_S0,STOREY_1,1670,11
26°C,定容,guang3zhou1shi4,2040 RCP 2.6,guang3zhou1shi4_0_10_1980_S0,STOREY_2,1670,80
26°C,定容,guang3zhou1shi4,2040 RCP 2.6,guang3zhou1shi4_0_10_1980_S0,STOREY_0,1670,0
26°C,定容,guang3zhou1shi4,2040 RCP 2.6,guang3zhou1shi4_0_11_1995_S0,STOREY_1,1670,4
26°C,定容,guang3zhou1shi4,2040 RCP 2.6,guang3zhou1shi4_0_11_1995_S0,STOREY_2,1670,71
26°C,定容,guang3zhou1shi4,2040 RCP 2.6,guang3zhou1shi4_0_11_1995_S0,STOREY_0,1670,0
26°C,扩容,xia4men2shi4,2060 RCP 8.5,xia4men2shi4_2_2_2005_S0,STOREY_1,1670,1
26°C,扩容,xia4men2shi4,2060 RCP 8.5,xia4men2shi4_2_2_2005_S0,STOREY_2,1670,1
26°C,扩容,xia4men2shi4,2060 RCP 8.5,xia4men2shi4_2_2_2005_S0,STOREY_3,1670,1
26°C,扩容,xia4men2shi4,2060 RCP 8.5,xia4men2shi4_2_2_2005_S0,STOREY_4,1670,1
26°C,扩容,xia4men2shi4,2060 RCP 8.5,xia4men2shi4_2_2_2005_S0,STOREY_5,1670,1
26°C,扩容,xia4men2shi4,2060 RCP 8.5,xia4men2shi4_2_2_2005_S0,STOREY_6,1670,1
26°C,扩容,xia4men2shi4,2060 RCP 8.5,xia4men2shi4_2_2_2005_S0,STOREY_7,1670,1
26°C,扩容,xia4men2shi4,2060 RCP 8.5,xia4men2shi4_2_2_2005_S0,STOREY_8,1670,1
26°C,扩容,xia4men2shi4,2060 RCP 8.5,xia4men2shi4_2_2_2005_S0,STOREY_9,1670,1
26°C,扩容,xia4men2shi4,2060 RCP 8.5,xia4men2shi4_2_2_2005_S0,STOREY_10,1670,1
26°C,扩容,xia4men2shi4,2060 RCP 8.5,xia4men2shi4_2_2_2005_S0,STOREY_11,1670,1
26°C,扩容,xia4men2shi4,2060 RCP 8.5,xia4men2shi4_2_2_2005_S0,STOREY_12,1670,1
26°C,扩容,xia4men2shi4,2060 RCP 8.5,xia4men2shi4_2_2_2005_S0,STOREY_13,1670,1
26°C,扩容,xia4men2shi4,2060 RCP 8.5,xia4men2shi4_2_2_2005_S0,STOREY_14,1670,1
26°C,扩容,xia4men2shi4,2060 RCP 8.5,xia4men2shi4_2_2_2005_S0,STOREY_15,1670,1
26°C,扩容,xia4men2shi4,2060 RCP 8.5,xia4men2shi4_2_2_2005_S0,STOREY_16,1670,1
26°C,扩容,xia4men2shi4,2060 RCP 8.5,xia4men2shi4_2_2_2005_S0,STOREY_17,1670,1
26°C,扩容,xia4men2shi4,2060 RCP 8.5,xia4men2shi4_2_2_2005_S0,STOREY_18,1670,1
26°C,扩容,xia4men2shi4,2060 RCP 8.5,xia4men2shi4_2_2_2005_S0,STOREY_19,1670,1
26°C,扩容,xia4men2shi4,2060 RCP 8.5,xia4men2shi4_2_2_2005_S0,STOREY_20,1670,1
26°C,扩容,xia4men2shi4,2060 RCP 8.5,xia4men2shi4_2_2_2005_S0,STOREY_21,1670,1
26°C,扩容,xia4men2shi4,2060 RCP 8.5,xia4men2shi4_2_2_2005_S0,STOREY_22,1670,1
26°C,扩容,xia4men2shi4,2060 RCP 8.5,xia4men2shi4_2_2_2005_S0,STOREY_23,1670,1
26°C,扩容,xia4men2shi4,2060 RCP 8.5,xia4men2shi4_2_2_2005_S0,STOREY_24,1670,1
26°C,扩容,xia4men2shi4,2060 RCP 8.5,xia4men2shi4_2_2_2005_S0,STOREY_25,1670,1
26°C,扩容,xia4men2shi4,2060 RCP 8.5,xia4men2shi4_2_2_2005_S0,STOREY_26,1670,1
26°C,扩容,xia4men2shi4,2060 RCP 8.5,xia4men2shi4_2_2_2005_S0,STOREY_27,1670,45
26°C,扩容,xia4men2shi4,2060 RCP 8.5,xia4men2shi4_2_2_2005_S0,STOREY_0,1670,0
26°C,定容,guang3zhou1shi4,2040 RCP 2.6,guang3zhou1shi4_0_12_1980_S0,STOREY_1,1670,1
26°C,定容,guang3zhou1shi4,2040 RCP 2.6,guang3zhou1shi4_0_12_1980_S0,STOREY_2,1670,4
26°C,定容,guang3zhou1shi4,2040 RCP 2.6,guang3zhou1shi4_0_12_1980_S0,STOREY_3,1670,7
26°C,定容,guang3zhou1shi4,2040 RCP 2.6,guang3zhou1shi4_0_12_1980_S0,STOREY_4,1670,26
26°C,定容,guang3zhou1shi4,2040 RCP 2.6,guang3zhou1shi4_0_12_1980_S0,STOREY_0,1670,0
26°C,扩容,xia4men2shi4,2060 RCP 8.5,xia4men2shi4_2_5_2005_S0,STOREY_1,1670,0
26°C,扩容,xia4men2shi4,2060 RCP 8.5,xia4men2shi4_2_5_2005_S0,STOREY_2,1670,0
26°C,扩容,xia4men2shi4,2060 RCP 8.5,xia4men2shi4_2_5_2005_S0,STOREY_3,1670,0
26°C,扩容,xia4men2shi4,2060 RCP 8.5,xia4men2shi4_2_5_2005_S0,STOREY_4,1670,0
26°C,扩容,xia4men2shi4,2060 RCP 8.5,xia4men2shi4_2_5_2005_S0,STOREY_5,1670,0
26°C,扩容,xia4men2shi4,2060 RCP 8.5,xia4men2shi4_2_5_2005_S0,STOREY_6,1670,0
26°C,扩容,xia4men2shi4,2060 RCP 8.5,xia4men2shi4_2_5_2005_S0,STOREY_7,1670,0
26°C,扩容,xia4men2shi4,2060 RCP 8.5,xia4men2shi4_2_5_2005_S0,STOREY_8,1670,0
26°C,扩容,xia4men2shi4,2060 RCP 8.5,xia4men2shi4_2_5_2005_S0,STOREY_9,1670,0
26°C,扩容,xia4men2shi4,2060 RCP 8.5,xia4men2shi4_2_5_2005_S0,STOREY_10,1670,0
26°C,扩容,xia4men2shi4,2060 RCP 8.5,xia4men2shi4_2_5_2005_S0,STOREY_11,1670,0
26°C,扩容,xia4men2shi4,2060 RCP 8.5,xia4men2shi4_2_5_2005_S0,STOREY_12,1670,0
26°C,扩容,xia4men2shi4,2060 RCP 8.5,xia4men2shi4_2_5_2005_S0,STOREY_13,1670,1
26°C,扩容,xia4men2shi4,2060 RCP 8.5,xia4men2shi4_2_5_2005_S0,STOREY_14,1670,1
26°C,扩容,xia4men2shi4,2060 RCP 8.5,xia4men2shi4_2_5_2005_S0,STOREY_15,1670,31
26°C,扩容,xia4men2shi4,2060 RCP 8.5,xia4men2shi4_2_5_2005_S0,STOREY_0,1670,0
26°C,定容,guang3zhou1shi4,2040 RCP 2.6,guang3zhou1shi4_0_1_1995_S0,STOREY_1,1670,31
26°C,定容,guang3zhou1shi4,2040 RCP 2.6,guang3zhou1shi4_0_1_1995_S0,STOREY_2,1670,101
26°C,定容,guang3zhou1shi4,2040 RCP 2.6,guang3zhou1shi4_0_1_1995_S0,STOREY_0,1670,1
26°C,定容,guang3zhou1shi4,2040 RCP 2.6,guang3zhou1shi4_0_2_1980_S0,STOREY_1,1670,3
26°C,定容,guang3zhou1shi4,2040 RCP 2.6,guang3zhou1shi4_0_2_1980_S0,STOREY_2,1670,55
26°C,定容,guang3zhou1shi4,2040 RCP 2.6,guang3zhou1shi4_0_2_1980_S0,STOREY_0,1670,0
26°C,定容,guang3zhou1shi4,2040 RCP 2.6,guang3zhou1shi4_0_3_1980_S0,STOREY_1,1670,28
26°C,定容,guang3zhou1shi4,2040 RCP 2.6,guang3zhou1shi4_0_3_1980_S0,STOREY_0,1670,0
26°C,定容,guang3zhou1shi4,2040 RCP 2.6,guang3zhou1shi4_0_4_1980_S0,STOREY_1,1670,73
26°C,定容,guang3zhou1shi4,2040 RCP 2.6,guang3zhou1shi4_0_4_1980_S0,STOREY_2,1670,111
26°C,定容,guang3zhou1shi4,2040 RCP 2.6,guang3zhou1shi4_0_4_1980_S0,STOREY_0,1670,0
26°C,定容,guang3zhou1shi4,2040 RCP 2.6,guang3zhou1shi4_0_6_1995_S0,STOREY_0,1670,0
26°C,定容,guang3zhou1shi4,2040 RCP 2.6,guang3zhou1shi4_0_5_1980_S0,STOREY_1,1670,1
26°C,定容,guang3zhou1shi4,2040 RCP 2.6,guang3zhou1shi4_0_5_1980_S0,STOREY_2,1670,22
26°C,定容,guang3zhou1shi4,2040 RCP 2.6,guang3zhou1shi4_0_5_1980_S0,STOREY_0,1670,0
26°C,定容,guang3zhou1shi4,2040 RCP 2.6,guang3zhou1shi4_0_8_1980_S0,STOREY_0,1670,0
26°C,定容,guang3zhou1shi4,2040 RCP 2.6,guang3zhou1shi4_0_9_1980_S0,STOREY_0,1670,0
26°C,定容,guang3zhou1shi4,2040 RCP 2.6,guang3zhou1shi4_0_7_1980_S0,STOREY_0,1670,0
26°C,定容,guang3zhou1shi4,2040 RCP 2.6,guang3zhou1shi4_1_10_1995_S0,STOREY_1,1670,3
26°C,定容,guang3zhou1shi4,2040 RCP 2.6,guang3zhou1shi4_1_10_1995_S0,STOREY_2,1670,4
26°C,定容,guang3zhou1shi4,2040 RCP 2.6,guang3zhou1shi4_1_10_1995_S0,STOREY_3,1670,5
26°C,定容,guang3zhou1shi4,2040 RCP 2.6,guang3zhou1shi4_1_10_1995_S0,STOREY_4,1670,60
26°C,定容,guang3zhou1shi4,2040 RCP 2.6,guang3zhou1shi4_1_10_1995_S0,STOREY_0,1670,0
26°C,定容,guang3zhou1shi4,2040 RCP 2.6,guang3zhou1shi4_1_12_2005_S0,STOREY_1,1670,1
26°C,定容,guang3zhou1shi4,2040 RCP 2.6,guang3zhou1shi4_1_12_2005_S0,STOREY_2,1670,3
26°C,定容,guang3zhou1shi4,2040 RCP 2.6,guang3zhou1shi4_1_12_2005_S0,STOREY_3,1670,35
26°C,定容,guang3zhou1shi4,2040 RCP 2.6,guang3zhou1shi4_1_12_2005_S0,STOREY_0,1670,0
26°C,扩容,xia4men2shi4,2060 RCP 8.5,xia4men2shi4_2_6_2005_S0,STOREY_1,1670,0
26°C,扩容,xia4men2shi4,2060 RCP 8.5,xia4men2shi4_2_6_2005_S0,STOREY_2,1670,1
26°C,扩容,xia4men2shi4,2060 RCP 8.5,xia4men2shi4_2_6_2005_S0,STOREY_3,1670,1
26°C,扩容,xia4men2shi4,2060 RCP 8.5,xia4men2shi4_2_6_2005_S0,STOREY_4,1670,1
26°C,扩容,xia4men2shi4,2060 RCP 8.5,xia4men2shi4_2_6_2005_S0,STOREY_5,1670,1
26°C,扩容,xia4men2shi4,2060 RCP 8.5,xia4men2shi4_2_6_2005_S0,STOREY_6,1670,1
26°C,扩容,xia4men2shi4,2060 RCP 8.5,xia4men2shi4_2_6_2005_S0,STOREY_7,1670,1
26°C,扩容,xia4men2shi4,2060 RCP 8.5,xia4men2shi4_2_6_2005_S0,STOREY_8,1670,1
26°C,扩容,xia4men2shi4,2060 RCP 8.5,xia4men2shi4_2_6_2005_S0,STOREY_9,1670,1
26°C,扩容,xia4men2shi4,2060 RCP 8.5,xia4men2shi4_2_6_2005_S0,STOREY_10,1670,1
26°C,扩容,xia4men2shi4,2060 RCP 8.5,xia4men2shi4_2_6_2005_S0,STOREY_11,1670,1
26°C,扩容,xia4men2shi4,2060 RCP 8.5,xia4men2shi4_2_6_2005_S0,STOREY_12,1670,1
26°C,扩容,xia4men2shi4,2060 RCP 8.5,xia4men2shi4_2_6_2005_S0,STOREY_13,1670,1
26°C,扩容,xia4men2shi4,2060 RCP 8.5,xia4men2shi4_2_6_2005_S0,STOREY_14,1670,1
26°C,扩容,xia4men2shi4,2060 RCP 8.5,xia4men2shi4_2_6_2005_S0,STOREY_15,1670,1
26°C,扩容,xia4men2shi4,2060 RCP 8.5,xia4men2shi4_2_6_2005_S0,STOREY_16,1670,1
26°C,扩容,xia4men2shi4,2060 RCP 8.5,xia4men2shi4_2_6_2005_S0,STOREY_17,1670,1
26°C,扩容,xia4men2shi4,2060 RCP 8.5,xia4men2shi4_2_6_2005_S0,STOREY_18,1670,1
26°C,扩容,xia4men2shi4,2060 RCP 8.5,xia4men2shi4_2_6_2005_S0,STOREY_19,1670,1
26°C,扩容,xia4men2shi4,2060 RCP 8.5,xia4men2shi4_2_6_2005_S0,STOREY_20,1670,1
26°C,扩容,xia4men2shi4,2060 RCP 8.5,xia4men2shi4_2_6_2005_S0,STOREY_21,1670,1
26°C,扩容,xia4men2shi4,2060 RCP 8.5,xia4men2shi4_2_6_2005_S0,STOREY_22,1670,1
26°C,扩容,xia4men2shi4,2060 RCP 8.5,xia4men2shi4_2_6_2005_S0,STOREY_23,1670,1
26°C,扩容,xia4men2shi4,2060 RCP 8.5,xia4men2shi4_2_6_2005_S0,STOREY_24,1670,1
26°C,扩容,xia4men2shi4,2060 RCP 8.5,xia4men2shi4_2_6_2005_S0,STOREY_25,1670,1
26°C,扩容,xia4men2shi4,2060 RCP 8.5,xia4men2shi4_2_6_2005_S0,STOREY_26,1670,1
26°C,扩容,xia4men2shi4,2060 RCP 8.5,xia4men2shi4_2_6_2005_S0,STOREY_27,1670,1
26°C,扩容,xia4men2shi4,2060 RCP 8.5,xia4men2shi4_2_6_2005_S0,STOREY_28,1670,29
26°C,扩容,xia4men2shi4,2060 RCP 8.5,xia4men2shi4_2_6_2005_S0,STOREY_0,1670,0
26°C,定容,guang3zhou1shi4,2040 RCP 2.6,guang3zhou1shi4_1_1_2005_S0,STOREY_1,1670,2
26°C,定容,guang3zhou1shi4,2040 RCP 2.6,guang3zhou1shi4_1_1_2005_S0,STOREY_2,1670,3
26°C,定容,guang3zhou1shi4,2040 RCP 2.6,guang3zhou1shi4_1_1_2005_S0,STOREY_3,1670,4
26°C,定容,guang3zhou1shi4,2040 RCP 2.6,guang3zhou1shi4_1_1_2005_S0,STOREY_4,1670,37
26°C,定容,guang3zhou1shi4,2040 RCP 2.6,guang3zhou1shi4_1_1_2005_S0,STOREY_0,1670,0
26°C,定容,guang3zhou1shi4,2040 RCP 2.6,guang3zhou1shi4_1_11_1995_S0,STOREY_1,1670,2
26°C,定容,guang3zhou1shi4,2040 RCP 2.6,guang3zhou1shi4_1_11_1995_S0,STOREY_2,1670,4
26°C,定容,guang3zhou1shi4,2040 RCP 2.6,guang3zhou1shi4_1_11_1995_S0,STOREY_3,1670,4
26°C,定容,guang3zhou1shi4,2040 RCP 2.6,guang3zhou1shi4_1_11_1995_S0,STOREY_4,1670,4
26°C,定容,guang3zhou1shi4,2040 RCP 2.6,guang3zhou1shi4_1_11_1995_S0,STOREY_5,1670,4
26°C,定容,guang3zhou1shi4,2040 RCP 2.6,guang3zhou1shi4_1_11_1995_S0,STOREY_6,1670,5
26°C,定容,guang3zhou1shi4,2040 RCP 2.6,guang3zhou1shi4_1_11_1995_S0,STOREY_7,1670,54
26°C,定容,guang3zhou1shi4,2040 RCP 2.6,guang3zhou1shi4_1_11_1995_S0,STOREY_0,1670,0
26°C,定容,guang3zhou1shi4,2040 RCP 2.6,guang3zhou1shi4_1_3_2005_S0,STOREY_1,1670,3
26°C,定容,guang3zhou1shi4,2040 RCP 2.6,guang3zhou1shi4_1_3_2005_S0,STOREY_2,1670,5
26°C,定容,guang3zhou1shi4,2040 RCP 2.6,guang3zhou1shi4_1_3_2005_S0,STOREY_3,1670,6
26°C,定容,guang3zhou1shi4,2040 RCP 2.6,guang3zhou1shi4_1_3_2005_S0,STOREY_4,1670,7
26°C,定容,guang3zhou1shi4,2040 RCP 2.6,guang3zhou1shi4_1_3_2005_S0,STOREY_5,1670,76
26°C,定容,guang3zhou1shi4,2040 RCP 2.6,guang3zhou1shi4_1_3_2005_S0,STOREY_0,1670,0
26°C,定容,guang3zhou1shi4,2040 RCP 2.6,guang3zhou1shi4_1_2_2005_S0,STOREY_1,1670,3
26°C,定容,guang3zhou1shi4,2040 RCP 2.6,guang3zhou1shi4_1_2_2005_S0,STOREY_2,1670,5
26°C,定容,guang3zhou1shi4,2040 RCP 2.6,guang3zhou1shi4_1_2_2005_S0,STOREY_3,1670,5
26°C,定容,guang3zhou1shi4,2040 RCP 2.6,guang3zhou1shi4_1_2_2005_S0,STOREY_4,1670,5
26°C,定容,guang3zhou1shi4,2040 RCP 2.6,guang3zhou1shi4_1_2_2005_S0,STOREY_5,1670,5
26°C,定容,guang3zhou1shi4,2040 RCP 2.6,guang3zhou1shi4_1_2_2005_S0,STOREY_6,1670,5
26°C,定容,guang3zhou1shi4,2040 RCP 2.6,guang3zhou1shi4_1_2_2005_S0,STOREY_7,1670,5
26°C,定容,guang3zhou1shi4,2040 RCP 2.6,guang3zhou1shi4_1_2_2005_S0,STOREY_8,1670,6
26°C,定容,guang3zhou1shi4,2040 RCP 2.6,guang3zhou1shi4_1_2_2005_S0,STOREY_9,1670,67
26°C,定容,guang3zhou1shi4,2040 RCP 2.6,guang3zhou1shi4_1_2_2005_S0,STOREY_0,1670,0
26°C,定容,guang3zhou1shi4,2040 RCP 2.6,guang3zhou1shi4_1_4_1995_S0,STOREY_1,1670,4
26°C,定容,guang3zhou1shi4,2040 RCP 2.6,guang3zhou1shi4_1_4_1995_S0,STOREY_2,1670,5
26°C,定容,guang3zhou1shi4,2040 RCP 2.6,guang3zhou1shi4_1_4_1995_S0,STOREY_3,1670,6
26°C,定容,guang3zhou1shi4,2040 RCP 2.6,guang3zhou1shi4_1_4_1995_S0,STOREY_4,1670,8
26°C,定容,guang3zhou1shi4,2040 RCP 2.6,guang3zhou1shi4_1_4_1995_S0,STOREY_5,1670,71
26°C,定容,guang3zhou1shi4,2040 RCP 2.6,guang3zhou1shi4_1_4_1995_S0,STOREY_0,1670,0
26°C,定容,guang3zhou1shi4,2040 RCP 2.6,guang3zhou1shi4_1_5_1995_S0,STOREY_1,1670,3
26°C,定容,guang3zhou1shi4,2040 RCP 2.6,guang3zhou1shi4_1_5_1995_S0,STOREY_2,1670,5
26°C,定容,guang3zhou1shi4,2040 RCP 2.6,guang3zhou1shi4_1_5_1995_S0,STOREY_3,1670,5
26°C,定容,guang3zhou1shi4,2040 RCP 2.6,guang3zhou1shi4_1_5_1995_S0,STOREY_4,1670,7
26°C,定容,guang3zhou1shi4,2040 RCP 2.6,guang3zhou1shi4_1_5_1995_S0,STOREY_5,1670,64
26°C,定容,guang3zhou1shi4,2040 RCP 2.6,guang3zhou1shi4_1_5_1995_S0,STOREY_0,1670,0
26°C,定容,guang3zhou1shi4,2040 RCP 2.6,guang3zhou1shi4_1_6_2005_S0,STOREY_1,1670,4
26°C,定容,guang3zhou1shi4,2040 RCP 2.6,guang3zhou1shi4_1_6_2005_S0,STOREY_2,1670,6
26°C,定容,guang3zhou1shi4,2040 RCP 2.6,guang3zhou1shi4_1_6_2005_S0,STOREY_3,1670,6
26°C,定容,guang3zhou1shi4,2040 RCP 2.6,guang3zhou1shi4_1_6_2005_S0,STOREY_4,1670,8
26°C,定容,guang3zhou1shi4,2040 RCP 2.6,guang3zhou1shi4_1_6_2005_S0,STOREY_5,1670,86
26°C,定容,guang3zhou1shi4,2040 RCP 2.6,guang3zhou1shi4_1_6_2005_S0,STOREY_0,1670,0
26°C,定容,guang3zhou1shi4,2040 RCP 2.6,guang3zhou1shi4_1_7_2005_S0,STOREY_1,1670,2
26°C,定容,guang3zhou1shi4,2040 RCP 2.6,guang3zhou1shi4_1_7_2005_S0,STOREY_2,1670,3
26°C,定容,guang3zhou1shi4,2040 RCP 2.6,guang3zhou1shi4_1_7_2005_S0,STOREY_3,1670,4
26°C,定容,guang3zhou1shi4,2040 RCP 2.6,guang3zhou1shi4_1_7_2005_S0,STOREY_4,1670,4
26°C,定容,guang3zhou1shi4,2040 RCP 2.6,guang3zhou1shi4_1_7_2005_S0,STOREY_5,1670,4
26°C,定容,guang3zhou1shi4,2040 RCP 2.6,guang3zhou1shi4_1_7_2005_S0,STOREY_6,1670,5
26°C,定容,guang3zhou1shi4,2040 RCP 2.6,guang3zhou1shi4_1_7_2005_S0,STOREY_7,1670,56
26°C,定容,guang3zhou1shi4,2040 RCP 2.6,guang3zhou1shi4_1_7_2005_S0,STOREY_0,1670,0
26°C,定容,guang3zhou1shi4,2040 RCP 2.6,guang3zhou1shi4_1_9_1980_S0,STOREY_1,1670,2
26°C,定容,guang3zhou1shi4,2040 RCP 2.6,guang3zhou1shi4_1_9_1980_S0,STOREY_2,1670,4
26°C,定容,guang3zhou1shi4,2040 RCP 2.6,guang3zhou1shi4_1_9_1980_S0,STOREY_3,1670,6
26°C,定容,guang3zhou1shi4,2040 RCP 2.6,guang3zhou1shi4_1_9_1980_S0,STOREY_4,1670,6
26°C,定容,guang3zhou1shi4,2040 RCP 2.6,guang3zhou1shi4_1_9_1980_S0,STOREY_5,1670,6
26°C,定容,guang3zhou1shi4,2040 RCP 2.6,guang3zhou1shi4_1_9_1980_S0,STOREY_6,1670,7
26°C,定容,guang3zhou1shi4,2040 RCP 2.6,guang3zhou1shi4_1_9_1980_S0,STOREY_7,1670,58
26°C,定容,guang3zhou1shi4,2040 RCP 2.6,guang3zhou1shi4_1_9_1980_S0,STOREY_0,1670,0
26°C,定容,guang3zhou1shi4,2040 RCP 2.6,guang3zhou1shi4_1_8_1995_S0,STOREY_1,1670,2
26°C,定容,guang3zhou1shi4,2040 RCP 2.6,guang3zhou1shi4_1_8_1995_S0,STOREY_2,1670,4
26°C,定容,guang3zhou1shi4,2040 RCP 2.6,guang3zhou1shi4_1_8_1995_S0,STOREY_3,1670,4
26°C,定容,guang3zhou1shi4,2040 RCP 2.6,guang3zhou1shi4_1_8_1995_S0,STOREY_4,1670,4
26°C,定容,guang3zhou1shi4,2040 RCP 2.6,guang3zhou1shi4_1_8_1995_S0,STOREY_5,1670,4
26°C,定容,guang3zhou1shi4,2040 RCP 2.6,guang3zhou1shi4_1_8_1995_S0,STOREY_6,1670,4
26°C,定容,guang3zhou1shi4,2040 RCP 2.6,guang3zhou1shi4_1_8_1995_S0,STOREY_7,1670,4
26°C,定容,guang3zhou1shi4,2040 RCP 2.6,guang3zhou1shi4_1_8_1995_S0,STOREY_8,1670,5
26°C,定容,guang3zhou1shi4,2040 RCP 2.6,guang3zhou1shi4_1_8_1995_S0,STOREY_9,1670,59
26°C,定容,guang3zhou1shi4,2040 RCP 2.6,guang3zhou1shi4_1_8_1995_S0,STOREY_0,1670,0
26°C,定容,guang3zhou1shi4,2040 RCP 2.6,guang3zhou1shi4_2_10_2005_S0,STOREY_1,1670,1
26°C,定容,guang3zhou1shi4,2040 RCP 2.6,guang3zhou1shi4_2_10_2005_S0,STOREY_2,1670,3
26°C,定容,guang3zhou1shi4,2040 RCP 2.6,guang3zhou1shi4_2_10_2005_S0,STOREY_3,1670,3
26°C,定容,guang3zhou1shi4,2040 RCP 2.6,guang3zhou1shi4_2_10_2005_S0,STOREY_4,1670,3
26°C,定容,guang3zhou1shi4,2040 RCP 2.6,guang3zhou1shi4_2_10_2005_S0,STOREY_5,1670,3
26°C,定容,guang3zhou1shi4,2040 RCP 2.6,guang3zhou1shi4_2_10_2005_S0,STOREY_6,1670,3
26°C,定容,guang3zhou1shi4,2040 RCP 2.6,guang3zhou1shi4_2_10_2005_S0,STOREY_7,1670,3
26°C,定容,guang3zhou1shi4,2040 RCP 2.6,guang3zhou1shi4_2_10_2005_S0,STOREY_8,1670,3
26°C,定容,guang3zhou1shi4,2040 RCP 2.6,guang3zhou1shi4_2_10_2005_S0,STOREY_9,1670,3
26°C,定容,guang3zhou1shi4,2040 RCP 2.6,guang3zhou1shi4_2_10_2005_S0,STOREY_10,1670,4
26°C,定容,guang3zhou1shi4,2040 RCP 2.6,guang3zhou1shi4_2_10_2005_S0,STOREY_11,1670,50
26°C,定容,guang3zhou1shi4,2040 RCP 2.6,guang3zhou1shi4_2_10_2005_S0,STOREY_0,1670,0
26°C,定容,guang3zhou1shi4,2040 RCP 2.6,guang3zhou1shi4_2_11_2005_S0,STOREY_1,1670,1
26°C,定容,guang3zhou1shi4,2040 RCP 2.6,guang3zhou1shi4_2_11_2005_S0,STOREY_2,1670,2
26°C,定容,guang3zhou1shi4,2040 RCP 2.6,guang3zhou1shi4_2_11_2005_S0,STOREY_3,1670,2
26°C,定容,guang3zhou1shi4,2040 RCP 2.6,guang3zhou1shi4_2_11_2005_S0,STOREY_4,1670,3
26°C,定容,guang3zhou1shi4,2040 RCP 2.6,guang3zhou1shi4_2_11_2005_S0,STOREY_5,1670,2
26°C,定容,guang3zhou1shi4,2040 RCP 2.6,guang3zhou1shi4_2_11_2005_S0,STOREY_6,1670,2
26°C,定容,guang3zhou1shi4,2040 RCP 2.6,guang3zhou1shi4_2_11_2005_S0,STOREY_7,1670,2
26°C,定容,guang3zhou1shi4,2040 RCP 2.6,guang3zhou1shi4_2_11_2005_S0,STOREY_8,1670,2
26°C,定容,guang3zhou1shi4,2040 RCP 2.6,guang3zhou1shi4_2_11_2005_S0,STOREY_9,1670,2
26°C,定容,guang3zhou1shi4,2040 RCP 2.6,guang3zhou1shi4_2_11_2005_S0,STOREY_10,1670,2
26°C,定容,guang3zhou1shi4,2040 RCP 2.6,guang3zhou1shi4_2_11_2005_S0,STOREY_11,1670,2
26°C,定容,guang3zhou1shi4,2040 RCP 2.6,guang3zhou1shi4_2_11_2005_S0,STOREY_12,1670,3
26°C,定容,guang3zhou1shi4,2040 RCP 2.6,guang3zhou1shi4_2_11_2005_S0,STOREY_13,1670,3
26°C,定容,guang3zhou1shi4,2040 RCP 2.6,guang3zhou1shi4_2_11_2005_S0,STOREY_14,1670,4
26°C,定容,guang3zhou1shi4,2040 RCP 2.6,guang3zhou1shi4_2_11_2005_S0,STOREY_15,1670,48
26°C,定容,guang3zhou1shi4,2040 RCP 2.6,guang3zhou1shi4_2_11_2005_S0,STOREY_0,1670,0
26°C,定容,guang3zhou1shi4,2040 RCP 2.6,guang3zhou1shi4_2_12_2015_S0,STOREY_1,1670,1
26°C,定容,guang3zhou1shi4,2040 RCP 2.6,guang3zhou1shi4_2_12_2015_S0,STOREY_2,1670,1
26°C,定容,guang3zhou1shi4,2040 RCP 2.6,guang3zhou1shi4_2_12_2015_S0,STOREY_3,1670,2
26°C,定容,guang3zhou1shi4,2040 RCP 2.6,guang3zhou1shi4_2_12_2015_S0,STOREY_4,1670,2
26°C,定容,guang3zhou1shi4,2040 RCP 2.6,guang3zhou1shi4_2_12_2015_S0,STOREY_5,1670,2
26°C,定容,guang3zhou1shi4,2040 RCP 2.6,guang3zhou1shi4_2_12_2015_S0,STOREY_6,1670,2
26°C,定容,guang3zhou1shi4,2040 RCP 2.6,guang3zhou1shi4_2_12_2015_S0,STOREY_7,1670,2
26°C,定容,guang3zhou1shi4,2040 RCP 2.6,guang3zhou1shi4_2_12_2015_S0,STOREY_8,1670,2
26°C,定容,guang3zhou1shi4,2040 RCP 2.6,guang3zhou1shi4_2_12_2015_S0,STOREY_9,1670,2
26°C,定容,guang3zhou1shi4,2040 RCP 2.6,guang3zhou1shi4_2_12_2015_S0,STOREY_10,1670,1
26°C,定容,guang3zhou1shi4,2040 RCP 2.6,guang3zhou1shi4_2_12_2015_S0,STOREY_11,1670,1
26°C,定容,guang3zhou1shi4,2040 RCP 2.6,guang3zhou1shi4_2_12_2015_S0,STOREY_12,1670,1
26°C,定容,guang3zhou1shi4,2040 RCP 2.6,guang3zhou1shi4_2_12_2015_S0,STOREY_13,1670,1
26°C,定容,guang3zhou1shi4,2040 RCP 2.6,guang3zhou1shi4_2_12_2015_S0,STOREY_14,1670,1
26°C,定容,guang3zhou1shi4,2040 RCP 2.6,guang3zhou1shi4_2_12_2015_S0,STOREY_15,1670,1
26°C,定容,guang3zhou1shi4,2040 RCP 2.6,guang3zhou1shi4_2_12_2015_S0,STOREY_16,1670,1
26°C,定容,guang3zhou1shi4,2040 RCP 2.6,guang3zhou1shi4_2_12_2015_S0,STOREY_17,1670,1
26°C,定容,guang3zhou1shi4,2040 RCP 2.6,guang3zhou1shi4_2_12_2015_S0,STOREY_18,1670,2
26°C,定容,guang3zhou1shi4,2040 RCP 2.6,guang3zhou1shi4_2_12_2015_S0,STOREY_19,1670,2
26°C,定容,guang3zhou1shi4,2040 RCP 2.6,guang3zhou1shi4_2_12_2015_S0,STOREY_20,1670,3
26°C,定容,guang3zhou1shi4,2040 RCP 2.6,guang3zhou1shi4_2_12_2015_S0,STOREY_21,1670,30
26°C,定容,guang3zhou1shi4,2040 RCP 2.6,guang3zhou1shi4_2_12_2015_S0,STOREY_0,1670,0
26°C,定容,guang3zhou1shi4,2040 RCP 2.6,guang3zhou1shi4_2_2_1995_S0,STOREY_1,1670,4
26°C,定容,guang3zhou1shi4,2040 RCP 2.6,guang3zhou1shi4_2_2_1995_S0,STOREY_2,1670,6
26°C,定容,guang3zhou1shi4,2040 RCP 2.6,guang3zhou1shi4_2_2_1995_S0,STOREY_3,1670,7
26°C,定容,guang3zhou1shi4,2040 RCP 2.6,guang3zhou1shi4_2_2_1995_S0,STOREY_4,1670,6
26°C,定容,guang3zhou1shi4,2040 RCP 2.6,guang3zhou1shi4_2_2_1995_S0,STOREY_5,1670,6
26°C,定容,guang3zhou1shi4,2040 RCP 2.6,guang3zhou1shi4_2_2_1995_S0,STOREY_6,1670,6
26°C,定容,guang3zhou1shi4,2040 RCP 2.6,guang3zhou1shi4_2_2_1995_S0,STOREY_7,1670,6
26°C,定容,guang3zhou1shi4,2040 RCP 2.6,guang3zhou1shi4_2_2_1995_S0,STOREY_8,1670,6
26°C,定容,guang3zhou1shi4,2040 RCP 2.6,guang3zhou1shi4_2_2_1995_S0,STOREY_9,1670,6
26°C,定容,guang3zhou1shi4,2040 RCP 2.6,guang3zhou1shi4_2_2_1995_S0,STOREY_10,1670,6
26°C,定容,guang3zhou1shi4,2040 RCP 2.6,guang3zhou1shi4_2_2_1995_S0,STOREY_11,1670,6
26°C,定容,guang3zhou1shi4,2040 RCP 2.6,guang3zhou1shi4_2_2_1995_S0,STOREY_12,1670,6
26°C,定容,guang3zhou1shi4,2040 RCP 2.6,guang3zhou1shi4_2_2_1995_S0,STOREY_13,1670,6
26°C,定容,guang3zhou1shi4,2040 RCP 2.6,guang3zhou1shi4_2_2_1995_S0,STOREY_14,1670,6
26°C,定容,guang3zhou1shi4,2040 RCP 2.6,guang3zhou1shi4_2_2_1995_S0,STOREY_15,1670,5
26°C,定容,guang3zhou1shi4,2040 RCP 2.6,guang3zhou1shi4_2_2_1995_S0,STOREY_16,1670,5
26°C,定容,guang3zhou1shi4,2040 RCP 2.6,guang3zhou1shi4_2_2_1995_S0,STOREY_17,1670,6
26°C,定容,guang3zhou1shi4,2040 RCP 2.6,guang3zhou1shi4_2_2_1995_S0,STOREY_18,1670,7
26°C,定容,guang3zhou1shi4,2040 RCP 2.6,guang3zhou1shi4_2_2_1995_S0,STOREY_19,1670,75
26°C,定容,guang3zhou1shi4,2040 RCP 2.6,guang3zhou1shi4_2_2_1995_S0,STOREY_0,1670,0
26°C,定容,guang3zhou1shi4,2040 RCP 2.6,guang3zhou1shi4_2_1_2015_S0,STOREY_1,1670,1
26°C,定容,guang3zhou1shi4,2040 RCP 2.6,guang3zhou1shi4_2_1_2015_S0,STOREY_2,1670,1
26°C,定容,guang3zhou1shi4,2040 RCP 2.6,guang3zhou1shi4_2_1_2015_S0,STOREY_3,1670,2
26°C,定容,guang3zhou1shi4,2040 RCP 2.6,guang3zhou1shi4_2_1_2015_S0,STOREY_4,1670,2
26°C,定容,guang3zhou1shi4,2040 RCP 2.6,guang3zhou1shi4_2_1_2015_S0,STOREY_5,1670,2
26°C,定容,guang3zhou1shi4,2040 RCP 2.6,guang3zhou1shi4_2_1_2015_S0,STOREY_6,1670,2
26°C,定容,guang3zhou1shi4,2040 RCP 2.6,guang3zhou1shi4_2_1_2015_S0,STOREY_7,1670,2
26°C,定容,guang3zhou1shi4,2040 RCP 2.6,guang3zhou1shi4_2_1_2015_S0,STOREY_8,1670,1
26°C,定容,guang3zhou1shi4,2040 RCP 2.6,guang3zhou1shi4_2_1_2015_S0,STOREY_9,1670,1
26°C,定容,guang3zhou1shi4,2040 RCP 2.6,guang3zhou1shi4_2_1_2015_S0,STOREY_10,1670,1
26°C,定容,guang3zhou1shi4,2040 RCP 2.6,guang3zhou1shi4_2_1_2015_S0,STOREY_11,1670,1
26°C,定容,guang3zhou1shi4,2040 RCP 2.6,guang3zhou1shi4_2_1_2015_S0,STOREY_12,1670,1
26°C,定容,guang3zhou1shi4,2040 RCP 2.6,guang3zhou1shi4_2_1_2015_S0,STOREY_13,1670,1
26°C,定容,guang3zhou1shi4,2040 RCP 2.6,guang3zhou1shi4_2_1_2015_S0,STOREY_14,1670,1
26°C,定容,guang3zhou1shi4,2040 RCP 2.6,guang3zhou1shi4_2_1_2015_S0,STOREY_15,1670,1
26°C,定容,guang3zhou1shi4,2040 RCP 2.6,guang3zhou1shi4_2_1_2015_S0,STOREY_16,1670,1
26°C,定容,guang3zhou1shi4,2040 RCP 2.6,guang3zhou1shi4_2_1_2015_S0,STOREY_17,1670,1
26°C,定容,guang3zhou1shi4,2040 RCP 2.6,guang3zhou1shi4_2_1_2015_S0,STOREY_18,1670,1
26°C,定容,guang3zhou1shi4,2040 RCP 2.6,guang3zhou1shi4_2_1_2015_S0,STOREY_19,1670,1
26°C,定容,guang3zhou1shi4,2040 RCP 2.6,guang3zhou1shi4_2_1_2015_S0,STOREY_20,1670,1
26°C,定容,guang3zhou1shi4,2040 RCP 2.6,guang3zhou1shi4_2_1_2015_S0,STOREY_21,1670,1
26°C,定容,guang3zhou1shi4,2040 RCP 2.6,guang3zhou1shi4_2_1_2015_S0,STOREY_22,1670,1
26°C,定容,guang3zhou1shi4,2040 RCP 2.6,guang3zhou1shi4_2_1_2015_S0,STOREY_23,1670,1
26°C,定容,guang3zhou1shi4,2040 RCP 2.6,guang3zhou1shi4_2_1_2015_S0,STOREY_24,1670,1
26°C,定容,guang3zhou1shi4,2040 RCP 2.6,guang3zhou1shi4_2_1_2015_S0,STOREY_25,1670,1
26°C,定容,guang3zhou1shi4,2040 RCP 2.6,guang3zhou1shi4_2_1_2015_S0,STOREY_26,1670,2
26°C,定容,guang3zhou1shi4,2040 RCP 2.6,guang3zhou1shi4_2_1_2015_S0,STOREY_27,1670,23
26°C,定容,guang3zhou1shi4,2040 RCP 2.6,guang3zhou1shi4_2_1_2015_S0,STOREY_0,1670,0
26°C,定容,guang3zhou1shi4,2040 RCP 2.6,guang3zhou1shi4_2_3_2005_S0,STOREY_1,1670,1
26°C,定容,guang3zhou1shi4,2040 RCP 2.6,guang3zhou1shi4_2_3_2005_S0,STOREY_2,1670,2
26°C,定容,guang3zhou1shi4,2040 RCP 2.6,guang3zhou1shi4_2_3_2005_S0,STOREY_3,1670,2
26°C,定容,guang3zhou1shi4,2040 RCP 2.6,guang3zhou1shi4_2_3_2005_S0,STOREY_4,1670,2
26°C,定容,guang3zhou1shi4,2040 RCP 2.6,guang3zhou1shi4_2_3_2005_S0,STOREY_5,1670,3
26°C,定容,guang3zhou1shi4,2040 RCP 2.6,guang3zhou1shi4_2_3_2005_S0,STOREY_6,1670,3
26°C,定容,guang3zhou1shi4,2040 RCP 2.6,guang3zhou1shi4_2_3_2005_S0,STOREY_7,1670,3
26°C,定容,guang3zhou1shi4,2040 RCP 2.6,guang3zhou1shi4_2_3_2005_S0,STOREY_8,1670,3
26°C,定容,guang3zhou1shi4,2040 RCP 2.6,guang3zhou1shi4_2_3_2005_S0,STOREY_9,1670,3
26°C,定容,guang3zhou1shi4,2040 RCP 2.6,guang3zhou1shi4_2_3_2005_S0,STOREY_10,1670,3
26°C,定容,guang3zhou1shi4,2040 RCP 2.6,guang3zhou1shi4_2_3_2005_S0,STOREY_11,1670,3
26°C,定容,guang3zhou1shi4,2040 RCP 2.6,guang3zhou1shi4_2_3_2005_S0,STOREY_12,1670,3
26°C,定容,guang3zhou1shi4,2040 RCP 2.6,guang3zhou1shi4_2_3_2005_S0,STOREY_13,1670,4
26°C,定容,guang3zhou1shi4,2040 RCP 2.6,guang3zhou1shi4_2_3_2005_S0,STOREY_14,1670,37
26°C,定容,guang3zhou1shi4,2040 RCP 2.6,guang3zhou1shi4_2_3_2005_S0,STOREY_0,1670,0
26°C,定容,guang3zhou1shi4,2040 RCP 2.6,guang3zhou1shi4_2_4_2005_S0,STOREY_1,1670,3
26°C,定容,guang3zhou1shi4,2040 RCP 2.6,guang3zhou1shi4_2_4_2005_S0,STOREY_2,1670,5
26°C,定容,guang3zhou1shi4,2040 RCP 2.6,guang3zhou1shi4_2_4_2005_S0,STOREY_3,1670,5
26°C,定容,guang3zhou1shi4,2040 RCP 2.6,guang3zhou1shi4_2_4_2005_S0,STOREY_4,1670,5
26°C,定容,guang3zhou1shi4,2040 RCP 2.6,guang3zhou1shi4_2_4_2005_S0,STOREY_5,1670,5
26°C,定容,guang3zhou1shi4,2040 RCP 2.6,guang3zhou1shi4_2_4_2005_S0,STOREY_6,1670,5
26°C,定容,guang3zhou1shi4,2040 RCP 2.6,guang3zhou1shi4_2_4_2005_S0,STOREY_7,1670,5
26°C,定容,guang3zhou1shi4,2040 RCP 2.6,guang3zhou1shi4_2_4_2005_S0,STOREY_8,1670,5
26°C,定容,guang3zhou1shi4,2040 RCP 2.6,guang3zhou1shi4_2_4_2005_S0,STOREY_9,1670,5
26°C,定容,guang3zhou1shi4,2040 RCP 2.6,guang3zhou1shi4_2_4_2005_S0,STOREY_10,1670,6
26°C,定容,guang3zhou1shi4,2040 RCP 2.6,guang3zhou1shi4_2_4_2005_S0,STOREY_11,1670,56
26°C,定容,guang3zhou1shi4,2040 RCP 2.6,guang3zhou1shi4_2_4_2005_S0,STOREY_0,1670,0
26°C,定容,guang3zhou1shi4,2040 RCP 2.6,guang3zhou1shi4_2_5_2015_S0,STOREY_1,1670,1
26°C,定容,guang3zhou1shi4,2040 RCP 2.6,guang3zhou1shi4_2_5_2015_S0,STOREY_2,1670,2
26°C,定容,guang3zhou1shi4,2040 RCP 2.6,guang3zhou1shi4_2_5_2015_S0,STOREY_3,1670,2
26°C,定容,guang3zhou1shi4,2040 RCP 2.6,guang3zhou1shi4_2_5_2015_S0,STOREY_4,1670,2
26°C,定容,guang3zhou1shi4,2040 RCP 2.6,guang3zhou1shi4_2_5_2015_S0,STOREY_5,1670,2
26°C,定容,guang3zhou1shi4,2040 RCP 2.6,guang3zhou1shi4_2_5_2015_S0,STOREY_6,1670,2
26°C,定容,guang3zhou1shi4,2040 RCP 2.6,guang3zhou1shi4_2_5_2015_S0,STOREY_7,1670,2
26°C,定容,guang3zhou1shi4,2040 RCP 2.6,guang3zhou1shi4_2_5_2015_S0,STOREY_8,1670,2
26°C,定容,guang3zhou1shi4,2040 RCP 2.6,guang3zhou1shi4_2_5_2015_S0,STOREY_9,1670,2
26°C,定容,guang3zhou1shi4,2040 RCP 2.6,guang3zhou1shi4_2_5_2015_S0,STOREY_10,1670,2
26°C,定容,guang3zhou1shi4,2040 RCP 2.6,guang3zhou1shi4_2_5_2015_S0,STOREY_11,1670,2
26°C,定容,guang3zhou1shi4,2040 RCP 2.6,guang3zhou1shi4_2_5_2015_S0,STOREY_12,1670,2
26°C,定容,guang3zhou1shi4,2040 RCP 2.6,guang3zhou1shi4_2_5_2015_S0,STOREY_13,1670,3
26°C,定容,guang3zhou1shi4,2040 RCP 2.6,guang3zhou1shi4_2_5_2015_S0,STOREY_14,1670,33
26°C,定容,guang3zhou1shi4,2040 RCP 2.6,guang3zhou1shi4_2_5_2015_S0,STOREY_0,1670,0
26°C,定容,guang3zhou1shi4,2040 RCP 2.6,guang3zhou1shi4_2_6_2005_S0,STOREY_1,1670,1
26°C,定容,guang3zhou1shi4,2040 RCP 2.6,guang3zhou1shi4_2_6_2005_S0,STOREY_2,1670,3
26°C,定容,guang3zhou1shi4,2040 RCP 2.6,guang3zhou1shi4_2_6_2005_S0,STOREY_3,1670,3
26°C,定容,guang3zhou1shi4,2040 RCP 2.6,guang3zhou1shi4_2_6_2005_S0,STOREY_4,1670,3
26°C,定容,guang3zhou1shi4,2040 RCP 2.6,guang3zhou1shi4_2_6_2005_S0,STOREY_5,1670,3
26°C,定容,guang3zhou1shi4,2040 RCP 2.6,guang3zhou1shi4_2_6_2005_S0,STOREY_6,1670,3
26°C,定容,guang3zhou1shi4,2040 RCP 2.6,guang3zhou1shi4_2_6_2005_S0,STOREY_7,1670,3
26°C,定容,guang3zhou1shi4,2040 RCP 2.6,guang3zhou1shi4_2_6_2005_S0,STOREY_8,1670,3
26°C,定容,guang3zhou1shi4,2040 RCP 2.6,guang3zhou1shi4_2_6_2005_S0,STOREY_9,1670,3
26°C,定容,guang3zhou1shi4,2040 RCP 2.6,guang3zhou1shi4_2_6_2005_S0,STOREY_10,1670,3
26°C,定容,guang3zhou1shi4,2040 RCP 2.6,guang3zhou1shi4_2_6_2005_S0,STOREY_11,1670,3
26°C,定容,guang3zhou1shi4,2040 RCP 2.6,guang3zhou1shi4_2_6_2005_S0,STOREY_12,1670,4
26°C,定容,guang3zhou1shi4,2040 RCP 2.6,guang3zhou1shi4_2_6_2005_S0,STOREY_13,1670,5
26°C,定容,guang3zhou1shi4,2040 RCP 2.6,guang3zhou1shi4_2_6_2005_S0,STOREY_14,1670,38
26°C,定容,guang3zhou1shi4,2040 RCP 2.6,guang3zhou1shi4_2_6_2005_S0,STOREY_0,1670,0
26°C,定容,guang3zhou1shi4,2040 RCP 4.5,guang3zhou1shi4_0_10_1980_S0,STOREY_1,1670,5
26°C,定容,guang3zhou1shi4,2040 RCP 4.5,guang3zhou1shi4_0_10_1980_S0,STOREY_2,1670,60
26°C,定容,guang3zhou1shi4,2040 RCP 4.5,guang3zhou1shi4_0_10_1980_S0,STOREY_0,1670,0
26°C,定容,guang3zhou1shi4,2040 RCP 2.6,guang3zhou1shi4_2_7_2015_S0,STOREY_1,1670,1
26°C,定容,guang3zhou1shi4,2040 RCP 2.6,guang3zhou1shi4_2_7_2015_S0,STOREY_2,1670,2
26°C,定容,guang3zhou1shi4,2040 RCP 2.6,guang3zhou1shi4_2_7_2015_S0,STOREY_3,1670,2
26°C,定容,guang3zhou1shi4,2040 RCP 2.6,guang3zhou1shi4_2_7_2015_S0,STOREY_4,1670,2
26°C,定容,guang3zhou1shi4,2040 RCP 2.6,guang3zhou1shi4_2_7_2015_S0,STOREY_5,1670,2
26°C,定容,guang3zhou1shi4,2040 RCP 2.6,guang3zhou1shi4_2_7_2015_S0,STOREY_6,1670,2
26°C,定容,guang3zhou1shi4,2040 RCP 2.6,guang3zhou1shi4_2_7_2015_S0,STOREY_7,1670,2
26°C,定容,guang3zhou1shi4,2040 RCP 2.6,guang3zhou1shi4_2_7_2015_S0,STOREY_8,1670,2
26°C,定容,guang3zhou1shi4,2040 RCP 2.6,guang3zhou1shi4_2_7_2015_S0,STOREY_9,1670,2
26°C,定容,guang3zhou1shi4,2040 RCP 2.6,guang3zhou1shi4_2_7_2015_S0,STOREY_10,1670,2
26°C,定容,guang3zhou1shi4,2040 RCP 2.6,guang3zhou1shi4_2_7_2015_S0,STOREY_11,1670,2
26°C,定容,guang3zhou1shi4,2040 RCP 2.6,guang3zhou1shi4_2_7_2015_S0,STOREY_12,1670,2
26°C,定容,guang3zhou1shi4,2040 RCP 2.6,guang3zhou1shi4_2_7_2015_S0,STOREY_13,1670,2
26°C,定容,guang3zhou1shi4,2040 RCP 2.6,guang3zhou1shi4_2_7_2015_S0,STOREY_14,1670,2
26°C,定容,guang3zhou1shi4,2040 RCP 2.6,guang3zhou1shi4_2_7_2015_S0,STOREY_15,1670,2
26°C,定容,guang3zhou1shi4,2040 RCP 2.6,guang3zhou1shi4_2_7_2015_S0,STOREY_16,1670,2
26°C,定容,guang3zhou1shi4,2040 RCP 2.6,guang3zhou1shi4_2_7_2015_S0,STOREY_17,1670,3
26°C,定容,guang3zhou1shi4,2040 RCP 2.6,guang3zhou1shi4_2_7_2015_S0,STOREY_18,1670,3
26°C,定容,guang3zhou1shi4,2040 RCP 2.6,guang3zhou1shi4_2_7_2015_S0,STOREY_19,1670,25
26°C,定容,guang3zhou1shi4,2040 RCP 2.6,guang3zhou1shi4_2_7_2015_S0,STOREY_0,1670,0
26°C,定容,guang3zhou1shi4,2040 RCP 4.5,guang3zhou1shi4_0_11_1995_S0,STOREY_1,1670,0
26°C,定容,guang3zhou1shi4,2040 RCP 4.5,guang3zhou1shi4_0_11_1995_S0,STOREY_2,1670,53
26°C,定容,guang3zhou1shi4,2040 RCP 4.5,guang3zhou1shi4_0_11_1995_S0,STOREY_0,1670,0
26°C,定容,guang3zhou1shi4,2040 RCP 4.5,guang3zhou1shi4_0_12_1980_S0,STOREY_1,1670,0
26°C,定容,guang3zhou1shi4,2040 RCP 4.5,guang3zhou1shi4_0_12_1980_S0,STOREY_2,1670,0
26°C,定容,guang3zhou1shi4,2040 RCP 4.5,guang3zhou1shi4_0_12_1980_S0,STOREY_3,1670,0
26°C,定容,guang3zhou1shi4,2040 RCP 4.5,guang3zhou1shi4_0_12_1980_S0,STOREY_4,1670,15
26°C,定容,guang3zhou1shi4,2040 RCP 4.5,guang3zhou1shi4_0_12_1980_S0,STOREY_0,1670,0
26°C,定容,guang3zhou1shi4,2040 RCP 4.5,guang3zhou1shi4_0_1_1995_S0,STOREY_1,1670,16
26°C,定容,guang3zhou1shi4,2040 RCP 4.5,guang3zhou1shi4_0_1_1995_S0,STOREY_2,1670,77
26°C,定容,guang3zhou1shi4,2040 RCP 4.5,guang3zhou1shi4_0_1_1995_S0,STOREY_0,1670,0
26°C,定容,guang3zhou1shi4,2040 RCP 4.5,guang3zhou1shi4_0_2_1980_S0,STOREY_1,1670,0
26°C,定容,guang3zhou1shi4,2040 RCP 4.5,guang3zhou1shi4_0_2_1980_S0,STOREY_2,1670,40
26°C,定容,guang3zhou1shi4,2040 RCP 4.5,guang3zhou1shi4_0_2_1980_S0,STOREY_0,1670,0
26°C,定容,guang3zhou1shi4,2040 RCP 4.5,guang3zhou1shi4_0_3_1980_S0,STOREY_1,1670,21
26°C,定容,guang3zhou1shi4,2040 RCP 4.5,guang3zhou1shi4_0_3_1980_S0,STOREY_0,1670,0
26°C,定容,guang3zhou1shi4,2040 RCP 2.6,guang3zhou1shi4_2_8_2005_S0,STOREY_1,1670,1
26°C,定容,guang3zhou1shi4,2040 RCP 2.6,guang3zhou1shi4_2_8_2005_S0,STOREY_2,1670,2
26°C,定容,guang3zhou1shi4,2040 RCP 2.6,guang3zhou1shi4_2_8_2005_S0,STOREY_3,1670,2
26°C,定容,guang3zhou1shi4,2040 RCP 2.6,guang3zhou1shi4_2_8_2005_S0,STOREY_4,1670,2
26°C,定容,guang3zhou1shi4,2040 RCP 2.6,guang3zhou1shi4_2_8_2005_S0,STOREY_5,1670,2
26°C,定容,guang3zhou1shi4,2040 RCP 2.6,guang3zhou1shi4_2_8_2005_S0,STOREY_6,1670,2
26°C,定容,guang3zhou1shi4,2040 RCP 2.6,guang3zhou1shi4_2_8_2005_S0,STOREY_7,1670,2
26°C,定容,guang3zhou1shi4,2040 RCP 2.6,guang3zhou1shi4_2_8_2005_S0,STOREY_8,1670,2
26°C,定容,guang3zhou1shi4,2040 RCP 2.6,guang3zhou1shi4_2_8_2005_S0,STOREY_9,1670,2
26°C,定容,guang3zhou1shi4,2040 RCP 2.6,guang3zhou1shi4_2_8_2005_S0,STOREY_10,1670,2
26°C,定容,guang3zhou1shi4,2040 RCP 2.6,guang3zhou1shi4_2_8_2005_S0,STOREY_11,1670,2
26°C,定容,guang3zhou1shi4,2040 RCP 2.6,guang3zhou1shi4_2_8_2005_S0,STOREY_12,1670,2
26°C,定容,guang3zhou1shi4,2040 RCP 2.6,guang3zhou1shi4_2_8_2005_S0,STOREY_13,1670,2
26°C,定容,guang3zhou1shi4,2040 RCP 2.6,guang3zhou1shi4_2_8_2005_S0,STOREY_14,1670,2
26°C,定容,guang3zhou1shi4,2040 RCP 2.6,guang3zhou1shi4_2_8_2005_S0,STOREY_15,1670,2
26°C,定容,guang3zhou1shi4,2040 RCP 2.6,guang3zhou1shi4_2_8_2005_S0,STOREY_16,1670,2
26°C,定容,guang3zhou1shi4,2040 RCP 2.6,guang3zhou1shi4_2_8_2005_S0,STOREY_17,1670,2
26°C,定容,guang3zhou1shi4,2040 RCP 2.6,guang3zhou1shi4_2_8_2005_S0,STOREY_18,1670,2
26°C,定容,guang3zhou1shi4,2040 RCP 2.6,guang3zhou1shi4_2_8_2005_S0,STOREY_19,1670,2
26°C,定容,guang3zhou1shi4,2040 RCP 2.6,guang3zhou1shi4_2_8_2005_S0,STOREY_20,1670,2
26°C,定容,guang3zhou1shi4,2040 RCP 2.6,guang3zhou1shi4_2_8_2005_S0,STOREY_21,1670,2
26°C,定容,guang3zhou1shi4,2040 RCP 2.6,guang3zhou1shi4_2_8_2005_S0,STOREY_22,1670,2
26°C,定容,guang3zhou1shi4,2040 RCP 2.6,guang3zhou1shi4_2_8_2005_S0,STOREY_23,1670,2
26°C,定容,guang3zhou1shi4,2040 RCP 2.6,guang3zhou1shi4_2_8_2005_S0,STOREY_24,1670,2
26°C,定容,guang3zhou1shi4,2040 RCP 2.6,guang3zhou1shi4_2_8_2005_S0,STOREY_25,1670,2
26°C,定容,guang3zhou1shi4,2040 RCP 2.6,guang3zhou1shi4_2_8_2005_S0,STOREY_26,1670,3
26°C,定容,guang3zhou1shi4,2040 RCP 2.6,guang3zhou1shi4_2_8_2005_S0,STOREY_27,1670,30
26°C,定容,guang3zhou1shi4,2040 RCP 2.6,guang3zhou1shi4_2_8_2005_S0,STOREY_0,1670,0
26°C,定容,guang3zhou1shi4,2040 RCP 4.5,guang3zhou1shi4_0_4_1980_S0,STOREY_1,1670,42
26°C,定容,guang3zhou1shi4,2040 RCP 4.5,guang3zhou1shi4_0_4_1980_S0,STOREY_2,1670,84
26°C,定容,guang3zhou1shi4,2040 RCP 4.5,guang3zhou1shi4_0_4_1980_S0,STOREY_0,1670,0
26°C,定容,guang3zhou1shi4,2040 RCP 4.5,guang3zhou1shi4_0_5_1980_S0,STOREY_1,1670,0
26°C,定容,guang3zhou1shi4,2040 RCP 4.5,guang3zhou1shi4_0_5_1980_S0,STOREY_2,1670,14
26°C,定容,guang3zhou1shi4,2040 RCP 4.5,guang3zhou1shi4_0_5_1980_S0,STOREY_0,1670,0
26°C,定容,guang3zhou1shi4,2040 RCP 4.5,guang3zhou1shi4_0_6_1995_S0,STOREY_0,1670,0
26°C,定容,guang3zhou1shi4,2040 RCP 4.5,guang3zhou1shi4_0_7_1980_S0,STOREY_0,1670,0
26°C,定容,guang3zhou1shi4,2040 RCP 4.5,guang3zhou1shi4_0_8_1980_S0,STOREY_0,1670,0
26°C,定容,guang3zhou1shi4,2040 RCP 2.6,guang3zhou1shi4_2_9_2005_S0,STOREY_1,1670,2
26°C,定容,guang3zhou1shi4,2040 RCP 2.6,guang3zhou1shi4_2_9_2005_S0,STOREY_2,1670,4
26°C,定容,guang3zhou1shi4,2040 RCP 2.6,guang3zhou1shi4_2_9_2005_S0,STOREY_3,1670,4
26°C,定容,guang3zhou1shi4,2040 RCP 2.6,guang3zhou1shi4_2_9_2005_S0,STOREY_4,1670,4
26°C,定容,guang3zhou1shi4,2040 RCP 2.6,guang3zhou1shi4_2_9_2005_S0,STOREY_5,1670,4
26°C,定容,guang3zhou1shi4,2040 RCP 2.6,guang3zhou1shi4_2_9_2005_S0,STOREY_6,1670,4
26°C,定容,guang3zhou1shi4,2040 RCP 2.6,guang3zhou1shi4_2_9_2005_S0,STOREY_7,1670,4
26°C,定容,guang3zhou1shi4,2040 RCP 2.6,guang3zhou1shi4_2_9_2005_S0,STOREY_8,1670,4
26°C,定容,guang3zhou1shi4,2040 RCP 2.6,guang3zhou1shi4_2_9_2005_S0,STOREY_9,1670,4
26°C,定容,guang3zhou1shi4,2040 RCP 2.6,guang3zhou1shi4_2_9_2005_S0,STOREY_10,1670,4
26°C,定容,guang3zhou1shi4,2040 RCP 2.6,guang3zhou1shi4_2_9_2005_S0,STOREY_11,1670,4
26°C,定容,guang3zhou1shi4,2040 RCP 2.6,guang3zhou1shi4_2_9_2005_S0,STOREY_12,1670,4
26°C,定容,guang3zhou1shi4,2040 RCP 2.6,guang3zhou1shi4_2_9_2005_S0,STOREY_13,1670,4
26°C,定容,guang3zhou1shi4,2040 RCP 2.6,guang3zhou1shi4_2_9_2005_S0,STOREY_14,1670,4
26°C,定容,guang3zhou1shi4,2040 RCP 2.6,guang3zhou1shi4_2_9_2005_S0,STOREY_15,1670,4
26°C,定容,guang3zhou1shi4,2040 RCP 2.6,guang3zhou1shi4_2_9_2005_S0,STOREY_16,1670,4
26°C,定容,guang3zhou1shi4,2040 RCP 2.6,guang3zhou1shi4_2_9_2005_S0,STOREY_17,1670,4
26°C,定容,guang3zhou1shi4,2040 RCP 2.6,guang3zhou1shi4_2_9_2005_S0,STOREY_18,1670,4
26°C,定容,guang3zhou1shi4,2040 RCP 2.6,guang3zhou1shi4_2_9_2005_S0,STOREY_19,1670,4
26°C,定容,guang3zhou1shi4,2040 RCP 2.6,guang3zhou1shi4_2_9_2005_S0,STOREY_20,1670,4
26°C,定容,guang3zhou1shi4,2040 RCP 2.6,guang3zhou1shi4_2_9_2005_S0,STOREY_21,1670,4
26°C,定容,guang3zhou1shi4,2040 RCP 2.6,guang3zhou1shi4_2_9_2005_S0,STOREY_22,1670,5
26°C,定容,guang3zhou1shi4,2040 RCP 2.6,guang3zhou1shi4_2_9_2005_S0,STOREY_23,1670,49
26°C,定容,guang3zhou1shi4,2040 RCP 2.6,guang3zhou1shi4_2_9_2005_S0,STOREY_0,1670,0
26°C,定容,guang3zhou1shi4,2040 RCP 4.5,guang3zhou1shi4_0_9_1980_S0,STOREY_0,1670,0
26°C,定容,guang3zhou1shi4,2040 RCP 4.5,guang3zhou1shi4_1_10_1995_S0,STOREY_1,1670,0
26°C,定容,guang3zhou1shi4,2040 RCP 4.5,guang3zhou1shi4_1_10_1995_S0,STOREY_2,1670,0
26°C,定容,guang3zhou1shi4,2040 RCP 4.5,guang3zhou1shi4_1_10_1995_S0,STOREY_3,1670,0
26°C,定容,guang3zhou1shi4,2040 RCP 4.5,guang3zhou1shi4_1_10_1995_S0,STOREY_4,1670,47
26°C,定容,guang3zhou1shi4,2040 RCP 4.5,guang3zhou1shi4_1_10_1995_S0,STOREY_0,1670,0
26°C,定容,guang3zhou1shi4,2040 RCP 4.5,guang3zhou1shi4_1_12_2005_S0,STOREY_1,1670,0
26°C,定容,guang3zhou1shi4,2040 RCP 4.5,guang3zhou1shi4_1_12_2005_S0,STOREY_2,1670,0
26°C,定容,guang3zhou1shi4,2040 RCP 4.5,guang3zhou1shi4_1_12_2005_S0,STOREY_3,1670,24
26°C,定容,guang3zhou1shi4,2040 RCP 4.5,guang3zhou1shi4_1_12_2005_S0,STOREY_0,1670,0
26°C,定容,guang3zhou1shi4,2040 RCP 4.5,guang3zhou1shi4_1_1_2005_S0,STOREY_1,1670,0
26°C,定容,guang3zhou1shi4,2040 RCP 4.5,guang3zhou1shi4_1_1_2005_S0,STOREY_2,1670,0
26°C,定容,guang3zhou1shi4,2040 RCP 4.5,guang3zhou1shi4_1_1_2005_S0,STOREY_3,1670,0
26°C,定容,guang3zhou1shi4,2040 RCP 4.5,guang3zhou1shi4_1_1_2005_S0,STOREY_4,1670,27
26°C,定容,guang3zhou1shi4,2040 RCP 4.5,guang3zhou1shi4_1_1_2005_S0,STOREY_0,1670,0
26°C,定容,guang3zhou1shi4,2040 RCP 4.5,guang3zhou1shi4_1_11_1995_S0,STOREY_1,1670,0
26°C,定容,guang3zhou1shi4,2040 RCP 4.5,guang3zhou1shi4_1_11_1995_S0,STOREY_2,1670,0
26°C,定容,guang3zhou1shi4,2040 RCP 4.5,guang3zhou1shi4_1_11_1995_S0,STOREY_3,1670,0
26°C,定容,guang3zhou1shi4,2040 RCP 4.5,guang3zhou1shi4_1_11_1995_S0,STOREY_4,1670,0
26°C,定容,guang3zhou1shi4,2040 RCP 4.5,guang3zhou1shi4_1_11_1995_S0,STOREY_5,1670,0
26°C,定容,guang3zhou1shi4,2040 RCP 4.5,guang3zhou1shi4_1_11_1995_S0,STOREY_6,1670,0
26°C,定容,guang3zhou1shi4,2040 RCP 4.5,guang3zhou1shi4_1_11_1995_S0,STOREY_7,1670,36
26°C,定容,guang3zhou1shi4,2040 RCP 4.5,guang3zhou1shi4_1_11_1995_S0,STOREY_0,1670,0
26°C,定容,guang3zhou1shi4,2040 RCP 4.5,guang3zhou1shi4_1_3_2005_S0,STOREY_1,1670,0
26°C,定容,guang3zhou1shi4,2040 RCP 4.5,guang3zhou1shi4_1_3_2005_S0,STOREY_2,1670,0
26°C,定容,guang3zhou1shi4,2040 RCP 4.5,guang3zhou1shi4_1_3_2005_S0,STOREY_3,1670,0
26°C,定容,guang3zhou1shi4,2040 RCP 4.5,guang3zhou1shi4_1_3_2005_S0,STOREY_4,1670,0
26°C,定容,guang3zhou1shi4,2040 RCP 4.5,guang3zhou1shi4_1_3_2005_S0,STOREY_5,1670,57
26°C,定容,guang3zhou1shi4,2040 RCP 4.5,guang3zhou1shi4_1_3_2005_S0,STOREY_0,1670,0
26°C,定容,guang3zhou1shi4,2040 RCP 4.5,guang3zhou1shi4_1_4_1995_S0,STOREY_1,1670,1
26°C,定容,guang3zhou1shi4,2040 RCP 4.5,guang3zhou1shi4_1_4_1995_S0,STOREY_2,1670,1
26°C,定容,guang3zhou1shi4,2040 RCP 4.5,guang3zhou1shi4_1_4_1995_S0,STOREY_3,1670,1
26°C,定容,guang3zhou1shi4,2040 RCP 4.5,guang3zhou1shi4_1_4_1995_S0,STOREY_4,1670,3
26°C,定容,guang3zhou1shi4,2040 RCP 4.5,guang3zhou1shi4_1_4_1995_S0,STOREY_5,1670,56
26°C,定容,guang3zhou1shi4,2040 RCP 4.5,guang3zhou1shi4_1_4_1995_S0,STOREY_0,1670,0
26°C,定容,guang3zhou1shi4,2040 RCP 4.5,guang3zhou1shi4_1_5_1995_S0,STOREY_1,1670,0
26°C,定容,guang3zhou1shi4,2040 RCP 4.5,guang3zhou1shi4_1_5_1995_S0,STOREY_2,1670,0
26°C,定容,guang3zhou1shi4,2040 RCP 4.5,guang3zhou1shi4_1_5_1995_S0,STOREY_3,1670,0
26°C,定容,guang3zhou1shi4,2040 RCP 4.5,guang3zhou1shi4_1_5_1995_S0,STOREY_4,1670,0
26°C,定容,guang3zhou1shi4,2040 RCP 4.5,guang3zhou1shi4_1_5_1995_S0,STOREY_5,1670,47
26°C,定容,guang3zhou1shi4,2040 RCP 4.5,guang3zhou1shi4_1_5_1995_S0,STOREY_0,1670,0
26°C,定容,guang3zhou1shi4,2040 RCP 4.5,guang3zhou1shi4_1_2_2005_S0,STOREY_1,1670,0
26°C,定容,guang3zhou1shi4,2040 RCP 4.5,guang3zhou1shi4_1_2_2005_S0,STOREY_2,1670,0
26°C,定容,guang3zhou1shi4,2040 RCP 4.5,guang3zhou1shi4_1_2_2005_S0,STOREY_3,1670,0
26°C,定容,guang3zhou1shi4,2040 RCP 4.5,guang3zhou1shi4_1_2_2005_S0,STOREY_4,1670,0
26°C,定容,guang3zhou1shi4,2040 RCP 4.5,guang3zhou1shi4_1_2_2005_S0,STOREY_5,1670,0
26°C,定容,guang3zhou1shi4,2040 RCP 4.5,guang3zhou1shi4_1_2_2005_S0,STOREY_6,1670,0
26°C,定容,guang3zhou1shi4,2040 RCP 4.5,guang3zhou1shi4_1_2_2005_S0,STOREY_7,1670,0
26°C,定容,guang3zhou1shi4,2040 RCP 4.5,guang3zhou1shi4_1_2_2005_S0,STOREY_8,1670,0
26°C,定容,guang3zhou1shi4,2040 RCP 4.5,guang3zhou1shi4_1_2_2005_S0,STOREY_9,1670,51
26°C,定容,guang3zhou1shi4,2040 RCP 4.5,guang3zhou1shi4_1_2_2005_S0,STOREY_0,1670,0
26°C,定容,guang3zhou1shi4,2040 RCP 4.5,guang3zhou1shi4_1_6_2005_S0,STOREY_1,1670,1
26°C,定容,guang3zhou1shi4,2040 RCP 4.5,guang3zhou1shi4_1_6_2005_S0,STOREY_2,1670,1
26°C,定容,guang3zhou1shi4,2040 RCP 4.5,guang3zhou1shi4_1_6_2005_S0,STOREY_3,1670,1
26°C,定容,guang3zhou1shi4,2040 RCP 4.5,guang3zhou1shi4_1_6_2005_S0,STOREY_4,1670,3
26°C,定容,guang3zhou1shi4,2040 RCP 4.5,guang3zhou1shi4_1_6_2005_S0,STOREY_5,1670,62
26°C,定容,guang3zhou1shi4,2040 RCP 4.5,guang3zhou1shi4_1_6_2005_S0,STOREY_0,1670,0
26°C,定容,guang3zhou1shi4,2040 RCP 4.5,guang3zhou1shi4_1_7_2005_S0,STOREY_1,1670,0
26°C,定容,guang3zhou1shi4,2040 RCP 4.5,guang3zhou1shi4_1_7_2005_S0,STOREY_2,1670,0
26°C,定容,guang3zhou1shi4,2040 RCP 4.5,guang3zhou1shi4_1_7_2005_S0,STOREY_3,1670,0
26°C,定容,guang3zhou1shi4,2040 RCP 4.5,guang3zhou1shi4_1_7_2005_S0,STOREY_4,1670,0
26°C,定容,guang3zhou1shi4,2040 RCP 4.5,guang3zhou1shi4_1_7_2005_S0,STOREY_5,1670,0
26°C,定容,guang3zhou1shi4,2040 RCP 4.5,guang3zhou1shi4_1_7_2005_S0,STOREY_6,1670,0
26°C,定容,guang3zhou1shi4,2040 RCP 4.5,guang3zhou1shi4_1_7_2005_S0,STOREY_7,1670,43
26°C,定容,guang3zhou1shi4,2040 RCP 4.5,guang3zhou1shi4_1_7_2005_S0,STOREY_0,1670,0
26°C,定容,guang3zhou1shi4,2040 RCP 4.5,guang3zhou1shi4_1_9_1980_S0,STOREY_1,1670,0
26°C,定容,guang3zhou1shi4,2040 RCP 4.5,guang3zhou1shi4_1_9_1980_S0,STOREY_2,1670,0
26°C,定容,guang3zhou1shi4,2040 RCP 4.5,guang3zhou1shi4_1_9_1980_S0,STOREY_3,1670,0
26°C,定容,guang3zhou1shi4,2040 RCP 4.5,guang3zhou1shi4_1_9_1980_S0,STOREY_4,1670,0
26°C,定容,guang3zhou1shi4,2040 RCP 4.5,guang3zhou1shi4_1_9_1980_S0,STOREY_5,1670,1
26°C,定容,guang3zhou1shi4,2040 RCP 4.5,guang3zhou1shi4_1_9_1980_S0,STOREY_6,1670,2
26°C,定容,guang3zhou1shi4,2040 RCP 4.5,guang3zhou1shi4_1_9_1980_S0,STOREY_7,1670,38
26°C,定容,guang3zhou1shi4,2040 RCP 4.5,guang3zhou1shi4_1_9_1980_S0,STOREY_0,1670,0
26°C,定容,guang3zhou1shi4,2040 RCP 4.5,guang3zhou1shi4_1_8_1995_S0,STOREY_1,1670,0
26°C,定容,guang3zhou1shi4,2040 RCP 4.5,guang3zhou1shi4_1_8_1995_S0,STOREY_2,1670,0
26°C,定容,guang3zhou1shi4,2040 RCP 4.5,guang3zhou1shi4_1_8_1995_S0,STOREY_3,1670,0
26°C,定容,guang3zhou1shi4,2040 RCP 4.5,guang3zhou1shi4_1_8_1995_S0,STOREY_4,1670,0
26°C,定容,guang3zhou1shi4,2040 RCP 4.5,guang3zhou1shi4_1_8_1995_S0,STOREY_5,1670,0
26°C,定容,guang3zhou1shi4,2040 RCP 4.5,guang3zhou1shi4_1_8_1995_S0,STOREY_6,1670,0
26°C,定容,guang3zhou1shi4,2040 RCP 4.5,guang3zhou1shi4_1_8_1995_S0,STOREY_7,1670,0
26°C,定容,guang3zhou1shi4,2040 RCP 4.5,guang3zhou1shi4_1_8_1995_S0,STOREY_8,1670,0
26°C,定容,guang3zhou1shi4,2040 RCP 4.5,guang3zhou1shi4_1_8_1995_S0,STOREY_9,1670,47
26°C,定容,guang3zhou1shi4,2040 RCP 4.5,guang3zhou1shi4_1_8_1995_S0,STOREY_0,1670,0
26°C,定容,guang3zhou1shi4,2040 RCP 4.5,guang3zhou1shi4_2_10_2005_S0,STOREY_1,1670,0
26°C,定容,guang3zhou1shi4,2040 RCP 4.5,guang3zhou1shi4_2_10_2005_S0,STOREY_2,1670,0
26°C,定容,guang3zhou1shi4,2040 RCP 4.5,guang3zhou1shi4_2_10_2005_S0,STOREY_3,1670,0
26°C,定容,guang3zhou1shi4,2040 RCP 4.5,guang3zhou1shi4_2_10_2005_S0,STOREY_4,1670,0
26°C,定容,guang3zhou1shi4,2040 RCP 4.5,guang3zhou1shi4_2_10_2005_S0,STOREY_5,1670,0
26°C,定容,guang3zhou1shi4,2040 RCP 4.5,guang3zhou1shi4_2_10_2005_S0,STOREY_6,1670,0
26°C,定容,guang3zhou1shi4,2040 RCP 4.5,guang3zhou1shi4_2_10_2005_S0,STOREY_7,1670,0
26°C,定容,guang3zhou1shi4,2040 RCP 4.5,guang3zhou1shi4_2_10_2005_S0,STOREY_8,1670,0
26°C,定容,guang3zhou1shi4,2040 RCP 4.5,guang3zhou1shi4_2_10_2005_S0,STOREY_9,1670,0
26°C,定容,guang3zhou1shi4,2040 RCP 4.5,guang3zhou1shi4_2_10_2005_S0,STOREY_10,1670,0
26°C,定容,guang3zhou1shi4,2040 RCP 4.5,guang3zhou1shi4_2_10_2005_S0,STOREY_11,1670,34
26°C,定容,guang3zhou1shi4,2040 RCP 4.5,guang3zhou1shi4_2_10_2005_S0,STOREY_0,1670,0
26°C,定容,guang3zhou1shi4,2040 RCP 4.5,guang3zhou1shi4_2_11_2005_S0,STOREY_1,1670,0
26°C,定容,guang3zhou1shi4,2040 RCP 4.5,guang3zhou1shi4_2_11_2005_S0,STOREY_2,1670,0
26°C,定容,guang3zhou1shi4,2040 RCP 4.5,guang3zhou1shi4_2_11_2005_S0,STOREY_3,1670,0
26°C,定容,guang3zhou1shi4,2040 RCP 4.5,guang3zhou1shi4_2_11_2005_S0,STOREY_4,1670,0
26°C,定容,guang3zhou1shi4,2040 RCP 4.5,guang3zhou1shi4_2_11_2005_S0,STOREY_5,1670,0
26°C,定容,guang3zhou1shi4,2040 RCP 4.5,guang3zhou1shi4_2_11_2005_S0,STOREY_6,1670,0
26°C,定容,guang3zhou1shi4,2040 RCP 4.5,guang3zhou1shi4_2_11_2005_S0,STOREY_7,1670,0
26°C,定容,guang3zhou1shi4,2040 RCP 4.5,guang3zhou1shi4_2_11_2005_S0,STOREY_8,1670,0
26°C,定容,guang3zhou1shi4,2040 RCP 4.5,guang3zhou1shi4_2_11_2005_S0,STOREY_9,1670,0
26°C,定容,guang3zhou1shi4,2040 RCP 4.5,guang3zhou1shi4_2_11_2005_S0,STOREY_10,1670,0
26°C,定容,guang3zhou1shi4,2040 RCP 4.5,guang3zhou1shi4_2_11_2005_S0,STOREY_11,1670,0
26°C,定容,guang3zhou1shi4,2040 RCP 4.5,guang3zhou1shi4_2_11_2005_S0,STOREY_12,1670,0
26°C,定容,guang3zhou1shi4,2040 RCP 4.5,guang3zhou1shi4_2_11_2005_S0,STOREY_13,1670,0
26°C,定容,guang3zhou1shi4,2040 RCP 4.5,guang3zhou1shi4_2_11_2005_S0,STOREY_14,1670,0
26°C,定容,guang3zhou1shi4,2040 RCP 4.5,guang3zhou1shi4_2_11_2005_S0,STOREY_15,1670,33
26°C,定容,guang3zhou1shi4,2040 RCP 4.5,guang3zhou1shi4_2_11_2005_S0,STOREY_0,1670,0
26°C,定容,guang3zhou1shi4,2040 RCP 4.5,guang3zhou1shi4_2_12_2015_S0,STOREY_1,1670,0
26°C,定容,guang3zhou1shi4,2040 RCP 4.5,guang3zhou1shi4_2_12_2015_S0,STOREY_2,1670,0
26°C,定容,guang3zhou1shi4,2040 RCP 4.5,guang3zhou1shi4_2_12_2015_S0,STOREY_3,1670,0
26°C,定容,guang3zhou1shi4,2040 RCP 4.5,guang3zhou1shi4_2_12_2015_S0,STOREY_4,1670,0
26°C,定容,guang3zhou1shi4,2040 RCP 4.5,guang3zhou1shi4_2_12_2015_S0,STOREY_5,1670,0
26°C,定容,guang3zhou1shi4,2040 RCP 4.5,guang3zhou1shi4_2_12_2015_S0,STOREY_6,1670,0
26°C,定容,guang3zhou1shi4,2040 RCP 4.5,guang3zhou1shi4_2_12_2015_S0,STOREY_7,1670,0
26°C,定容,guang3zhou1shi4,2040 RCP 4.5,guang3zhou1shi4_2_12_2015_S0,STOREY_8,1670,0
26°C,定容,guang3zhou1shi4,2040 RCP 4.5,guang3zhou1shi4_2_12_2015_S0,STOREY_9,1670,0
26°C,定容,guang3zhou1shi4,2040 RCP 4.5,guang3zhou1shi4_2_12_2015_S0,STOREY_10,1670,0
26°C,定容,guang3zhou1shi4,2040 RCP 4.5,guang3zhou1shi4_2_12_2015_S0,STOREY_11,1670,0
26°C,定容,guang3zhou1shi4,2040 RCP 4.5,guang3zhou1shi4_2_12_2015_S0,STOREY_12,1670,0
26°C,定容,guang3zhou1shi4,2040 RCP 4.5,guang3zhou1shi4_2_12_2015_S0,STOREY_13,1670,0
26°C,定容,guang3zhou1shi4,2040 RCP 4.5,guang3zhou1shi4_2_12_2015_S0,STOREY_14,1670,0
26°C,定容,guang3zhou1shi4,2040 RCP 4.5,guang3zhou1shi4_2_12_2015_S0,STOREY_15,1670,0
26°C,定容,guang3zhou1shi4,2040 RCP 4.5,guang3zhou1shi4_2_12_2015_S0,STOREY_16,1670,0
26°C,定容,guang3zhou1shi4,2040 RCP 4.5,guang3zhou1shi4_2_12_2015_S0,STOREY_17,1670,0
26°C,定容,guang3zhou1shi4,2040 RCP 4.5,guang3zhou1shi4_2_12_2015_S0,STOREY_18,1670,0
26°C,定容,guang3zhou1shi4,2040 RCP 4.5,guang3zhou1shi4_2_12_2015_S0,STOREY_19,1670,0
26°C,定容,guang3zhou1shi4,2040 RCP 4.5,guang3zhou1shi4_2_12_2015_S0,STOREY_20,1670,0
26°C,定容,guang3zhou1shi4,2040 RCP 4.5,guang3zhou1shi4_2_12_2015_S0,STOREY_21,1670,21
26°C,定容,guang3zhou1shi4,2040 RCP 4.5,guang3zhou1shi4_2_12_2015_S0,STOREY_0,1670,0
26°C,定容,guang3zhou1shi4,2040 RCP 4.5,guang3zhou1shi4_2_2_1995_S0,STOREY_1,1670,0
26°C,定容,guang3zhou1shi4,2040 RCP 4.5,guang3zhou1shi4_2_2_1995_S0,STOREY_2,1670,0
26°C,定容,guang3zhou1shi4,2040 RCP 4.5,guang3zhou1shi4_2_2_1995_S0,STOREY_3,1670,0
26°C,定容,guang3zhou1shi4,2040 RCP 4.5,guang3zhou1shi4_2_2_1995_S0,STOREY_4,1670,0
26°C,定容,guang3zhou1shi4,2040 RCP 4.5,guang3zhou1shi4_2_2_1995_S0,STOREY_5,1670,0
26°C,定容,guang3zhou1shi4,2040 RCP 4.5,guang3zhou1shi4_2_2_1995_S0,STOREY_6,1670,0
26°C,定容,guang3zhou1shi4,2040 RCP 4.5,guang3zhou1shi4_2_2_1995_S0,STOREY_7,1670,0
26°C,定容,guang3zhou1shi4,2040 RCP 4.5,guang3zhou1shi4_2_2_1995_S0,STOREY_8,1670,0
26°C,定容,guang3zhou1shi4,2040 RCP 4.5,guang3zhou1shi4_2_2_1995_S0,STOREY_9,1670,0
26°C,定容,guang3zhou1shi4,2040 RCP 4.5,guang3zhou1shi4_2_2_1995_S0,STOREY_10,1670,0
26°C,定容,guang3zhou1shi4,2040 RCP 4.5,guang3zhou1shi4_2_2_1995_S0,STOREY_11,1670,0
26°C,定容,guang3zhou1shi4,2040 RCP 4.5,guang3zhou1shi4_2_2_1995_S0,STOREY_12,1670,0
26°C,定容,guang3zhou1shi4,2040 RCP 4.5,guang3zhou1shi4_2_2_1995_S0,STOREY_13,1670,0
26°C,定容,guang3zhou1shi4,2040 RCP 4.5,guang3zhou1shi4_2_2_1995_S0,STOREY_14,1670,0
26°C,定容,guang3zhou1shi4,2040 RCP 4.5,guang3zhou1shi4_2_2_1995_S0,STOREY_15,1670,0
26°C,定容,guang3zhou1shi4,2040 RCP 4.5,guang3zhou1shi4_2_2_1995_S0,STOREY_16,1670,0
26°C,定容,guang3zhou1shi4,2040 RCP 4.5,guang3zhou1shi4_2_2_1995_S0,STOREY_17,1670,0
26°C,定容,guang3zhou1shi4,2040 RCP 4.5,guang3zhou1shi4_2_2_1995_S0,STOREY_18,1670,1
26°C,定容,guang3zhou1shi4,2040 RCP 4.5,guang3zhou1shi4_2_2_1995_S0,STOREY_19,1670,58
26°C,定容,guang3zhou1shi4,2040 RCP 4.5,guang3zhou1shi4_2_2_1995_S0,STOREY_0,1670,0
26°C,定容,guang3zhou1shi4,2040 RCP 4.5,guang3zhou1shi4_2_3_2005_S0,STOREY_1,1670,0
26°C,定容,guang3zhou1shi4,2040 RCP 4.5,guang3zhou1shi4_2_3_2005_S0,STOREY_2,1670,0
26°C,定容,guang3zhou1shi4,2040 RCP 4.5,guang3zhou1shi4_2_3_2005_S0,STOREY_3,1670,0
26°C,定容,guang3zhou1shi4,2040 RCP 4.5,guang3zhou1shi4_2_3_2005_S0,STOREY_4,1670,0
26°C,定容,guang3zhou1shi4,2040 RCP 4.5,guang3zhou1shi4_2_3_2005_S0,STOREY_5,1670,0
26°C,定容,guang3zhou1shi4,2040 RCP 4.5,guang3zhou1shi4_2_3_2005_S0,STOREY_6,1670,0
26°C,定容,guang3zhou1shi4,2040 RCP 4.5,guang3zhou1shi4_2_3_2005_S0,STOREY_7,1670,0
26°C,定容,guang3zhou1shi4,2040 RCP 4.5,guang3zhou1shi4_2_3_2005_S0,STOREY_8,1670,0
26°C,定容,guang3zhou1shi4,2040 RCP 4.5,guang3zhou1shi4_2_3_2005_S0,STOREY_9,1670,0
26°C,定容,guang3zhou1shi4,2040 RCP 4.5,guang3zhou1shi4_2_3_2005_S0,STOREY_10,1670,0
26°C,定容,guang3zhou1shi4,2040 RCP 4.5,guang3zhou1shi4_2_3_2005_S0,STOREY_11,1670,0
26°C,定容,guang3zhou1shi4,2040 RCP 4.5,guang3zhou1shi4_2_3_2005_S0,STOREY_12,1670,0
26°C,定容,guang3zhou1shi4,2040 RCP 4.5,guang3zhou1shi4_2_3_2005_S0,STOREY_13,1670,0
26°C,定容,guang3zhou1shi4,2040 RCP 4.5,guang3zhou1shi4_2_3_2005_S0,STOREY_14,1670,26
26°C,定容,guang3zhou1shi4,2040 RCP 4.5,guang3zhou1shi4_2_3_2005_S0,STOREY_0,1670,0
26°C,定容,guang3zhou1shi4,2040 RCP 4.5,guang3zhou1shi4_2_1_2015_S0,STOREY_1,1670,0
26°C,定容,guang3zhou1shi4,2040 RCP 4.5,guang3zhou1shi4_2_1_2015_S0,STOREY_2,1670,0
26°C,定容,guang3zhou1shi4,2040 RCP 4.5,guang3zhou1shi4_2_1_2015_S0,STOREY_3,1670,0
26°C,定容,guang3zhou1shi4,2040 RCP 4.5,guang3zhou1shi4_2_1_2015_S0,STOREY_4,1670,0
26°C,定容,guang3zhou1shi4,2040 RCP 4.5,guang3zhou1shi4_2_1_2015_S0,STOREY_5,1670,0
26°C,定容,guang3zhou1shi4,2040 RCP 4.5,guang3zhou1shi4_2_1_2015_S0,STOREY_6,1670,0
26°C,定容,guang3zhou1shi4,2040 RCP 4.5,guang3zhou1shi4_2_1_2015_S0,STOREY_7,1670,0
26°C,定容,guang3zhou1shi4,2040 RCP 4.5,guang3zhou1shi4_2_1_2015_S0,STOREY_8,1670,0
26°C,定容,guang3zhou1shi4,2040 RCP 4.5,guang3zhou1shi4_2_1_2015_S0,STOREY_9,1670,0
26°C,定容,guang3zhou1shi4,2040 RCP 4.5,guang3zhou1shi4_2_1_2015_S0,STOREY_10,1670,0
26°C,定容,guang3zhou1shi4,2040 RCP 4.5,guang3zhou1shi4_2_1_2015_S0,STOREY_11,1670,0
26°C,定容,guang3zhou1shi4,2040 RCP 4.5,guang3zhou1shi4_2_1_2015_S0,STOREY_12,1670,0
26°C,定容,guang3zhou1shi4,2040 RCP 4.5,guang3zhou1shi4_2_1_2015_S0,STOREY_13,1670,0
26°C,定容,guang3zhou1shi4,2040 RCP 4.5,guang3zhou1shi4_2_1_2015_S0,STOREY_14,1670,0
26°C,定容,guang3zhou1shi4,2040 RCP 4.5,guang3zhou1shi4_2_1_2015_S0,STOREY_15,1670,0
26°C,定容,guang3zhou1shi4,2040 RCP 4.5,guang3zhou1shi4_2_1_2015_S0,STOREY_16,1670,0
26°C,定容,guang3zhou1shi4,2040 RCP 4.5,guang3zhou1shi4_2_1_2015_S0,STOREY_17,1670,0
26°C,定容,guang3zhou1shi4,2040 RCP 4.5,guang3zhou1shi4_2_1_2015_S0,STOREY_18,1670,0
26°C,定容,guang3zhou1shi4,2040 RCP 4.5,guang3zhou1shi4_2_1_2015_S0,STOREY_19,1670,0
26°C,定容,guang3zhou1shi4,2040 RCP 4.5,guang3zhou1shi4_2_1_2015_S0,STOREY_20,1670,0
26°C,定容,guang3zhou1shi4,2040 RCP 4.5,guang3zhou1shi4_2_1_2015_S0,STOREY_21,1670,0
26°C,定容,guang3zhou1shi4,2040 RCP 4.5,guang3zhou1shi4_2_1_2015_S0,STOREY_22,1670,0
26°C,定容,guang3zhou1shi4,2040 RCP 4.5,guang3zhou1shi4_2_1_2015_S0,STOREY_23,1670,0
26°C,定容,guang3zhou1shi4,2040 RCP 4.5,guang3zhou1shi4_2_1_2015_S0,STOREY_24,1670,0
26°C,定容,guang3zhou1shi4,2040 RCP 4.5,guang3zhou1shi4_2_1_2015_S0,STOREY_25,1670,0
26°C,定容,guang3zhou1shi4,2040 RCP 4.5,guang3zhou1shi4_2_1_2015_S0,STOREY_26,1670,0
26°C,定容,guang3zhou1shi4,2040 RCP 4.5,guang3zhou1shi4_2_1_2015_S0,STOREY_27,1670,12
26°C,定容,guang3zhou1shi4,2040 RCP 4.5,guang3zhou1shi4_2_1_2015_S0,STOREY_0,1670,0
26°C,定容,guang3zhou1shi4,2040 RCP 4.5,guang3zhou1shi4_2_4_2005_S0,STOREY_1,1670,0
26°C,定容,guang3zhou1shi4,2040 RCP 4.5,guang3zhou1shi4_2_4_2005_S0,STOREY_2,1670,0
26°C,定容,guang3zhou1shi4,2040 RCP 4.5,guang3zhou1shi4_2_4_2005_S0,STOREY_3,1670,0
26°C,定容,guang3zhou1shi4,2040 RCP 4.5,guang3zhou1shi4_2_4_2005_S0,STOREY_4,1670,0
26°C,定容,guang3zhou1shi4,2040 RCP 4.5,guang3zhou1shi4_2_4_2005_S0,STOREY_5,1670,0
26°C,定容,guang3zhou1shi4,2040 RCP 4.5,guang3zhou1shi4_2_4_2005_S0,STOREY_6,1670,0
26°C,定容,guang3zhou1shi4,2040 RCP 4.5,guang3zhou1shi4_2_4_2005_S0,STOREY_7,1670,0
26°C,定容,guang3zhou1shi4,2040 RCP 4.5,guang3zhou1shi4_2_4_2005_S0,STOREY_8,1670,0
26°C,定容,guang3zhou1shi4,2040 RCP 4.5,guang3zhou1shi4_2_4_2005_S0,STOREY_9,1670,0
26°C,定容,guang3zhou1shi4,2040 RCP 4.5,guang3zhou1shi4_2_4_2005_S0,STOREY_10,1670,0
26°C,定容,guang3zhou1shi4,2040 RCP 4.5,guang3zhou1shi4_2_4_2005_S0,STOREY_11,1670,43
26°C,定容,guang3zhou1shi4,2040 RCP 4.5,guang3zhou1shi4_2_4_2005_S0,STOREY_0,1670,0
26°C,定容,guang3zhou1shi4,2040 RCP 4.5,guang3zhou1shi4_2_5_2015_S0,STOREY_1,1670,0
26°C,定容,guang3zhou1shi4,2040 RCP 4.5,guang3zhou1shi4_2_5_2015_S0,STOREY_2,1670,0
26°C,定容,guang3zhou1shi4,2040 RCP 4.5,guang3zhou1shi4_2_5_2015_S0,STOREY_3,1670,0
26°C,定容,guang3zhou1shi4,2040 RCP 4.5,guang3zhou1shi4_2_5_2015_S0,STOREY_4,1670,0
26°C,定容,guang3zhou1shi4,2040 RCP 4.5,guang3zhou1shi4_2_5_2015_S0,STOREY_5,1670,0
26°C,定容,guang3zhou1shi4,2040 RCP 4.5,guang3zhou1shi4_2_5_2015_S0,STOREY_6,1670,0
26°C,定容,guang3zhou1shi4,2040 RCP 4.5,guang3zhou1shi4_2_5_2015_S0,STOREY_7,1670,0
26°C,定容,guang3zhou1shi4,2040 RCP 4.5,guang3zhou1shi4_2_5_2015_S0,STOREY_8,1670,0
26°C,定容,guang3zhou1shi4,2040 RCP 4.5,guang3zhou1shi4_2_5_2015_S0,STOREY_9,1670,0
26°C,定容,guang3zhou1shi4,2040 RCP 4.5,guang3zhou1shi4_2_5_2015_S0,STOREY_10,1670,0
26°C,定容,guang3zhou1shi4,2040 RCP 4.5,guang3zhou1shi4_2_5_2015_S0,STOREY_11,1670,0
26°C,定容,guang3zhou1shi4,2040 RCP 4.5,guang3zhou1shi4_2_5_2015_S0,STOREY_12,1670,0
26°C,定容,guang3zhou1shi4,2040 RCP 4.5,guang3zhou1shi4_2_5_2015_S0,STOREY_13,1670,0
26°C,定容,guang3zhou1shi4,2040 RCP 4.5,guang3zhou1shi4_2_5_2015_S0,STOREY_14,1670,24
26°C,定容,guang3zhou1shi4,2040 RCP 4.5,guang3zhou1shi4_2_5_2015_S0,STOREY_0,1670,0
26°C,定容,guang3zhou1shi4,2040 RCP 4.5,guang3zhou1shi4_2_6_2005_S0,STOREY_1,1670,0
26°C,定容,guang3zhou1shi4,2040 RCP 4.5,guang3zhou1shi4_2_6_2005_S0,STOREY_2,1670,0
26°C,定容,guang3zhou1shi4,2040 RCP 4.5,guang3zhou1shi4_2_6_2005_S0,STOREY_3,1670,0
26°C,定容,guang3zhou1shi4,2040 RCP 4.5,guang3zhou1shi4_2_6_2005_S0,STOREY_4,1670,0
26°C,定容,guang3zhou1shi4,2040 RCP 4.5,guang3zhou1shi4_2_6_2005_S0,STOREY_5,1670,0
26°C,定容,guang3zhou1shi4,2040 RCP 4.5,guang3zhou1shi4_2_6_2005_S0,STOREY_6,1670,0
26°C,定容,guang3zhou1shi4,2040 RCP 4.5,guang3zhou1shi4_2_6_2005_S0,STOREY_7,1670,0
26°C,定容,guang3zhou1shi4,2040 RCP 4.5,guang3zhou1shi4_2_6_2005_S0,STOREY_8,1670,0
26°C,定容,guang3zhou1shi4,2040 RCP 4.5,guang3zhou1shi4_2_6_2005_S0,STOREY_9,1670,0
26°C,定容,guang3zhou1shi4,2040 RCP 4.5,guang3zhou1shi4_2_6_2005_S0,STOREY_10,1670,0
26°C,定容,guang3zhou1shi4,2040 RCP 4.5,guang3zhou1shi4_2_6_2005_S0,STOREY_11,1670,0
26°C,定容,guang3zhou1shi4,2040 RCP 4.5,guang3zhou1shi4_2_6_2005_S0,STOREY_12,1670,0
26°C,定容,guang3zhou1shi4,2040 RCP 4.5,guang3zhou1shi4_2_6_2005_S0,STOREY_13,1670,0
26°C,定容,guang3zhou1shi4,2040 RCP 4.5,guang3zhou1shi4_2_6_2005_S0,STOREY_14,1670,25
26°C,定容,guang3zhou1shi4,2040 RCP 4.5,guang3zhou1shi4_2_6_2005_S0,STOREY_0,1670,0
26°C,定容,guang3zhou1shi4,2040 RCP 8.5,guang3zhou1shi4_0_10_1980_S0,STOREY_1,1670,4
26°C,定容,guang3zhou1shi4,2040 RCP 8.5,guang3zhou1shi4_0_10_1980_S0,STOREY_2,1670,61
26°C,定容,guang3zhou1shi4,2040 RCP 8.5,guang3zhou1shi4_0_10_1980_S0,STOREY_0,1670,0
26°C,定容,guang3zhou1shi4,2040 RCP 4.5,guang3zhou1shi4_2_7_2015_S0,STOREY_1,1670,0
26°C,定容,guang3zhou1shi4,2040 RCP 4.5,guang3zhou1shi4_2_7_2015_S0,STOREY_2,1670,0
26°C,定容,guang3zhou1shi4,2040 RCP 4.5,guang3zhou1shi4_2_7_2015_S0,STOREY_3,1670,0
26°C,定容,guang3zhou1shi4,2040 RCP 4.5,guang3zhou1shi4_2_7_2015_S0,STOREY_4,1670,0
26°C,定容,guang3zhou1shi4,2040 RCP 4.5,guang3zhou1shi4_2_7_2015_S0,STOREY_5,1670,0
26°C,定容,guang3zhou1shi4,2040 RCP 4.5,guang3zhou1shi4_2_7_2015_S0,STOREY_6,1670,0
26°C,定容,guang3zhou1shi4,2040 RCP 4.5,guang3zhou1shi4_2_7_2015_S0,STOREY_7,1670,0
26°C,定容,guang3zhou1shi4,2040 RCP 4.5,guang3zhou1shi4_2_7_2015_S0,STOREY_8,1670,0
26°C,定容,guang3zhou1shi4,2040 RCP 4.5,guang3zhou1shi4_2_7_2015_S0,STOREY_9,1670,0
26°C,定容,guang3zhou1shi4,2040 RCP 4.5,guang3zhou1shi4_2_7_2015_S0,STOREY_10,1670,0
26°C,定容,guang3zhou1shi4,2040 RCP 4.5,guang3zhou1shi4_2_7_2015_S0,STOREY_11,1670,0
26°C,定容,guang3zhou1shi4,2040 RCP 4.5,guang3zhou1shi4_2_7_2015_S0,STOREY_12,1670,0
26°C,定容,guang3zhou1shi4,2040 RCP 4.5,guang3zhou1shi4_2_7_2015_S0,STOREY_13,1670,0
26°C,定容,guang3zhou1shi4,2040 RCP 4.5,guang3zhou1shi4_2_7_2015_S0,STOREY_14,1670,0
26°C,定容,guang3zhou1shi4,2040 RCP 4.5,guang3zhou1shi4_2_7_2015_S0,STOREY_15,1670,0
26°C,定容,guang3zhou1shi4,2040 RCP 4.5,guang3zhou1shi4_2_7_2015_S0,STOREY_16,1670,0
26°C,定容,guang3zhou1shi4,2040 RCP 4.5,guang3zhou1shi4_2_7_2015_S0,STOREY_17,1670,0
26°C,定容,guang3zhou1shi4,2040 RCP 4.5,guang3zhou1shi4_2_7_2015_S0,STOREY_18,1670,0
26°C,定容,guang3zhou1shi4,2040 RCP 4.5,guang3zhou1shi4_2_7_2015_S0,STOREY_19,1670,14
26°C,定容,guang3zhou1shi4,2040 RCP 4.5,guang3zhou1shi4_2_7_2015_S0,STOREY_0,1670,0
26°C,定容,guang3zhou1shi4,2040 RCP 8.5,guang3zhou1shi4_0_11_1995_S0,STOREY_1,1670,0
26°C,定容,guang3zhou1shi4,2040 RCP 8.5,guang3zhou1shi4_0_11_1995_S0,STOREY_2,1670,55
26°C,定容,guang3zhou1shi4,2040 RCP 8.5,guang3zhou1shi4_0_11_1995_S0,STOREY_0,1670,0
26°C,定容,guang3zhou1shi4,2040 RCP 8.5,guang3zhou1shi4_0_1_1995_S0,STOREY_1,1670,17
26°C,定容,guang3zhou1shi4,2040 RCP 8.5,guang3zhou1shi4_0_1_1995_S0,STOREY_2,1670,85
26°C,定容,guang3zhou1shi4,2040 RCP 8.5,guang3zhou1shi4_0_1_1995_S0,STOREY_0,1670,0
26°C,定容,guang3zhou1shi4,2040 RCP 8.5,guang3zhou1shi4_0_12_1980_S0,STOREY_1,1670,0
26°C,定容,guang3zhou1shi4,2040 RCP 8.5,guang3zhou1shi4_0_12_1980_S0,STOREY_2,1670,1
26°C,定容,guang3zhou1shi4,2040 RCP 8.5,guang3zhou1shi4_0_12_1980_S0,STOREY_3,1670,1
26°C,定容,guang3zhou1shi4,2040 RCP 8.5,guang3zhou1shi4_0_12_1980_S0,STOREY_4,1670,13
26°C,定容,guang3zhou1shi4,2040 RCP 8.5,guang3zhou1shi4_0_12_1980_S0,STOREY_0,1670,0
26°C,定容,guang3zhou1shi4,2040 RCP 8.5,guang3zhou1shi4_0_3_1980_S0,STOREY_1,1670,18
26°C,定容,guang3zhou1shi4,2040 RCP 8.5,guang3zhou1shi4_0_3_1980_S0,STOREY_0,1670,0
26°C,定容,guang3zhou1shi4,2040 RCP 8.5,guang3zhou1shi4_0_2_1980_S0,STOREY_1,1670,0
26°C,定容,guang3zhou1shi4,2040 RCP 8.5,guang3zhou1shi4_0_2_1980_S0,STOREY_2,1670,43
26°C,定容,guang3zhou1shi4,2040 RCP 8.5,guang3zhou1shi4_0_2_1980_S0,STOREY_0,1670,0
26°C,定容,guang3zhou1shi4,2040 RCP 8.5,guang3zhou1shi4_0_4_1980_S0,STOREY_1,1670,47
26°C,定容,guang3zhou1shi4,2040 RCP 8.5,guang3zhou1shi4_0_4_1980_S0,STOREY_2,1670,92
26°C,定容,guang3zhou1shi4,2040 RCP 8.5,guang3zhou1shi4_0_4_1980_S0,STOREY_0,1670,0
26°C,定容,guang3zhou1shi4,2040 RCP 8.5,guang3zhou1shi4_0_5_1980_S0,STOREY_1,1670,0
26°C,定容,guang3zhou1shi4,2040 RCP 8.5,guang3zhou1shi4_0_5_1980_S0,STOREY_2,1670,12
26°C,定容,guang3zhou1shi4,2040 RCP 8.5,guang3zhou1shi4_0_5_1980_S0,STOREY_0,1670,0
26°C,定容,guang3zhou1shi4,2040 RCP 4.5,guang3zhou1shi4_2_8_2005_S0,STOREY_1,1670,0
26°C,定容,guang3zhou1shi4,2040 RCP 4.5,guang3zhou1shi4_2_8_2005_S0,STOREY_2,1670,0
26°C,定容,guang3zhou1shi4,2040 RCP 4.5,guang3zhou1shi4_2_8_2005_S0,STOREY_3,1670,0
26°C,定容,guang3zhou1shi4,2040 RCP 4.5,guang3zhou1shi4_2_8_2005_S0,STOREY_4,1670,0
26°C,定容,guang3zhou1shi4,2040 RCP 4.5,guang3zhou1shi4_2_8_2005_S0,STOREY_5,1670,0
26°C,定容,guang3zhou1shi4,2040 RCP 4.5,guang3zhou1shi4_2_8_2005_S0,STOREY_6,1670,0
26°C,定容,guang3zhou1shi4,2040 RCP 4.5,guang3zhou1shi4_2_8_2005_S0,STOREY_7,1670,0
26°C,定容,guang3zhou1shi4,2040 RCP 4.5,guang3zhou1shi4_2_8_2005_S0,STOREY_8,1670,0
26°C,定容,guang3zhou1shi4,2040 RCP 4.5,guang3zhou1shi4_2_8_2005_S0,STOREY_9,1670,0
26°C,定容,guang3zhou1shi4,2040 RCP 4.5,guang3zhou1shi4_2_8_2005_S0,STOREY_10,1670,0
26°C,定容,guang3zhou1shi4,2040 RCP 4.5,guang3zhou1shi4_2_8_2005_S0,STOREY_11,1670,0
26°C,定容,guang3zhou1shi4,2040 RCP 4.5,guang3zhou1shi4_2_8_2005_S0,STOREY_12,1670,0
26°C,定容,guang3zhou1shi4,2040 RCP 4.5,guang3zhou1shi4_2_8_2005_S0,STOREY_13,1670,0
26°C,定容,guang3zhou1shi4,2040 RCP 4.5,guang3zhou1shi4_2_8_2005_S0,STOREY_14,1670,0
26°C,定容,guang3zhou1shi4,2040 RCP 4.5,guang3zhou1shi4_2_8_2005_S0,STOREY_15,1670,0
26°C,定容,guang3zhou1shi4,2040 RCP 4.5,guang3zhou1shi4_2_8_2005_S0,STOREY_16,1670,0
26°C,定容,guang3zhou1shi4,2040 RCP 4.5,guang3zhou1shi4_2_8_2005_S0,STOREY_17,1670,0
26°C,定容,guang3zhou1shi4,2040 RCP 4.5,guang3zhou1shi4_2_8_2005_S0,STOREY_18,1670,0
26°C,定容,guang3zhou1shi4,2040 RCP 4.5,guang3zhou1shi4_2_8_2005_S0,STOREY_19,1670,0
26°C,定容,guang3zhou1shi4,2040 RCP 4.5,guang3zhou1shi4_2_8_2005_S0,STOREY_20,1670,0
26°C,定容,guang3zhou1shi4,2040 RCP 4.5,guang3zhou1shi4_2_8_2005_S0,STOREY_21,1670,0
26°C,定容,guang3zhou1shi4,2040 RCP 4.5,guang3zhou1shi4_2_8_2005_S0,STOREY_22,1670,0
26°C,定容,guang3zhou1shi4,2040 RCP 4.5,guang3zhou1shi4_2_8_2005_S0,STOREY_23,1670,0
26°C,定容,guang3zhou1shi4,2040 RCP 4.5,guang3zhou1shi4_2_8_2005_S0,STOREY_24,1670,0
26°C,定容,guang3zhou1shi4,2040 RCP 4.5,guang3zhou1shi4_2_8_2005_S0,STOREY_25,1670,0
26°C,定容,guang3zhou1shi4,2040 RCP 4.5,guang3zhou1shi4_2_8_2005_S0,STOREY_26,1670,0
26°C,定容,guang3zhou1shi4,2040 RCP 4.5,guang3zhou1shi4_2_8_2005_S0,STOREY_27,1670,20
26°C,定容,guang3zhou1shi4,2040 RCP 4.5,guang3zhou1shi4_2_8_2005_S0,STOREY_0,1670,0
26°C,定容,guang3zhou1shi4,2040 RCP 8.5,guang3zhou1shi4_0_6_1995_S0,STOREY_0,1670,0
26°C,定容,guang3zhou1shi4,2040 RCP 8.5,guang3zhou1shi4_0_7_1980_S0,STOREY_0,1670,0
26°C,定容,guang3zhou1shi4,2040 RCP 8.5,guang3zhou1shi4_0_8_1980_S0,STOREY_0,1670,0
26°C,定容,guang3zhou1shi4,2040 RCP 8.5,guang3zhou1shi4_0_9_1980_S0,STOREY_0,1670,0
26°C,定容,guang3zhou1shi4,2040 RCP 4.5,guang3zhou1shi4_2_9_2005_S0,STOREY_1,1670,0
26°C,定容,guang3zhou1shi4,2040 RCP 4.5,guang3zhou1shi4_2_9_2005_S0,STOREY_2,1670,0
26°C,定容,guang3zhou1shi4,2040 RCP 4.5,guang3zhou1shi4_2_9_2005_S0,STOREY_3,1670,0
26°C,定容,guang3zhou1shi4,2040 RCP 4.5,guang3zhou1shi4_2_9_2005_S0,STOREY_4,1670,0
26°C,定容,guang3zhou1shi4,2040 RCP 4.5,guang3zhou1shi4_2_9_2005_S0,STOREY_5,1670,0
26°C,定容,guang3zhou1shi4,2040 RCP 4.5,guang3zhou1shi4_2_9_2005_S0,STOREY_6,1670,0
26°C,定容,guang3zhou1shi4,2040 RCP 4.5,guang3zhou1shi4_2_9_2005_S0,STOREY_7,1670,0
26°C,定容,guang3zhou1shi4,2040 RCP 4.5,guang3zhou1shi4_2_9_2005_S0,STOREY_8,1670,0
26°C,定容,guang3zhou1shi4,2040 RCP 4.5,guang3zhou1shi4_2_9_2005_S0,STOREY_9,1670,0
26°C,定容,guang3zhou1shi4,2040 RCP 4.5,guang3zhou1shi4_2_9_2005_S0,STOREY_10,1670,0
26°C,定容,guang3zhou1shi4,2040 RCP 4.5,guang3zhou1shi4_2_9_2005_S0,STOREY_11,1670,0
26°C,定容,guang3zhou1shi4,2040 RCP 4.5,guang3zhou1shi4_2_9_2005_S0,STOREY_12,1670,0
26°C,定容,guang3zhou1shi4,2040 RCP 4.5,guang3zhou1shi4_2_9_2005_S0,STOREY_13,1670,0
26°C,定容,guang3zhou1shi4,2040 RCP 4.5,guang3zhou1shi4_2_9_2005_S0,STOREY_14,1670,0
26°C,定容,guang3zhou1shi4,2040 RCP 4.5,guang3zhou1shi4_2_9_2005_S0,STOREY_15,1670,0
26°C,定容,guang3zhou1shi4,2040 RCP 4.5,guang3zhou1shi4_2_9_2005_S0,STOREY_16,1670,0
26°C,定容,guang3zhou1shi4,2040 RCP 4.5,guang3zhou1shi4_2_9_2005_S0,STOREY_17,1670,0
26°C,定容,guang3zhou1shi4,2040 RCP 4.5,guang3zhou1shi4_2_9_2005_S0,STOREY_18,1670,0
26°C,定容,guang3zhou1shi4,2040 RCP 4.5,guang3zhou1shi4_2_9_2005_S0,STOREY_19,1670,0
26°C,定容,guang3zhou1shi4,2040 RCP 4.5,guang3zhou1shi4_2_9_2005_S0,STOREY_20,1670,0
26°C,定容,guang3zhou1shi4,2040 RCP 4.5,guang3zhou1shi4_2_9_2005_S0,STOREY_21,1670,0
26°C,定容,guang3zhou1shi4,2040 RCP 4.5,guang3zhou1shi4_2_9_2005_S0,STOREY_22,1670,0
26°C,定容,guang3zhou1shi4,2040 RCP 4.5,guang3zhou1shi4_2_9_2005_S0,STOREY_23,1670,34
26°C,定容,guang3zhou1shi4,2040 RCP 4.5,guang3zhou1shi4_2_9_2005_S0,STOREY_0,1670,0
26°C,定容,guang3zhou1shi4,2040 RCP 8.5,guang3zhou1shi4_1_12_2005_S0,STOREY_1,1670,0
26°C,定容,guang3zhou1shi4,2040 RCP 8.5,guang3zhou1shi4_1_12_2005_S0,STOREY_2,1670,0
26°C,定容,guang3zhou1shi4,2040 RCP 8.5,guang3zhou1shi4_1_12_2005_S0,STOREY_3,1670,26
26°C,定容,guang3zhou1shi4,2040 RCP 8.5,guang3zhou1shi4_1_12_2005_S0,STOREY_0,1670,0
26°C,定容,guang3zhou1shi4,2040 RCP 8.5,guang3zhou1shi4_1_10_1995_S0,STOREY_1,1670,0
26°C,定容,guang3zhou1shi4,2040 RCP 8.5,guang3zhou1shi4_1_10_1995_S0,STOREY_2,1670,1
26°C,定容,guang3zhou1shi4,2040 RCP 8.5,guang3zhou1shi4_1_10_1995_S0,STOREY_3,1670,1
26°C,定容,guang3zhou1shi4,2040 RCP 8.5,guang3zhou1shi4_1_10_1995_S0,STOREY_4,1670,48
26°C,定容,guang3zhou1shi4,2040 RCP 8.5,guang3zhou1shi4_1_10_1995_S0,STOREY_0,1670,0
26°C,定容,guang3zhou1shi4,2040 RCP 8.5,guang3zhou1shi4_1_1_2005_S0,STOREY_1,1670,0
26°C,定容,guang3zhou1shi4,2040 RCP 8.5,guang3zhou1shi4_1_1_2005_S0,STOREY_2,1670,1
26°C,定容,guang3zhou1shi4,2040 RCP 8.5,guang3zhou1shi4_1_1_2005_S0,STOREY_3,1670,1
26°C,定容,guang3zhou1shi4,2040 RCP 8.5,guang3zhou1shi4_1_1_2005_S0,STOREY_4,1670,26
26°C,定容,guang3zhou1shi4,2040 RCP 8.5,guang3zhou1shi4_1_1_2005_S0,STOREY_0,1670,0
26°C,定容,guang3zhou1shi4,2040 RCP 8.5,guang3zhou1shi4_1_11_1995_S0,STOREY_1,1670,0
26°C,定容,guang3zhou1shi4,2040 RCP 8.5,guang3zhou1shi4_1_11_1995_S0,STOREY_2,1670,1
26°C,定容,guang3zhou1shi4,2040 RCP 8.5,guang3zhou1shi4_1_11_1995_S0,STOREY_3,1670,1
26°C,定容,guang3zhou1shi4,2040 RCP 8.5,guang3zhou1shi4_1_11_1995_S0,STOREY_4,1670,1
26°C,定容,guang3zhou1shi4,2040 RCP 8.5,guang3zhou1shi4_1_11_1995_S0,STOREY_5,1670,1
26°C,定容,guang3zhou1shi4,2040 RCP 8.5,guang3zhou1shi4_1_11_1995_S0,STOREY_6,1670,1
26°C,定容,guang3zhou1shi4,2040 RCP 8.5,guang3zhou1shi4_1_11_1995_S0,STOREY_7,1670,39
26°C,定容,guang3zhou1shi4,2040 RCP 8.5,guang3zhou1shi4_1_11_1995_S0,STOREY_0,1670,0
26°C,定容,guang3zhou1shi4,2040 RCP 8.5,guang3zhou1shi4_1_4_1995_S0,STOREY_1,1670,0
26°C,定容,guang3zhou1shi4,2040 RCP 8.5,guang3zhou1shi4_1_4_1995_S0,STOREY_2,1670,1
26°C,定容,guang3zhou1shi4,2040 RCP 8.5,guang3zhou1shi4_1_4_1995_S0,STOREY_3,1670,1
26°C,定容,guang3zhou1shi4,2040 RCP 8.5,guang3zhou1shi4_1_4_1995_S0,STOREY_4,1670,2
26°C,定容,guang3zhou1shi4,2040 RCP 8.5,guang3zhou1shi4_1_4_1995_S0,STOREY_5,1670,58
26°C,定容,guang3zhou1shi4,2040 RCP 8.5,guang3zhou1shi4_1_4_1995_S0,STOREY_0,1670,0
26°C,定容,guang3zhou1shi4,2040 RCP 8.5,guang3zhou1shi4_1_3_2005_S0,STOREY_1,1670,0
26°C,定容,guang3zhou1shi4,2040 RCP 8.5,guang3zhou1shi4_1_3_2005_S0,STOREY_2,1670,1
26°C,定容,guang3zhou1shi4,2040 RCP 8.5,guang3zhou1shi4_1_3_2005_S0,STOREY_3,1670,1
26°C,定容,guang3zhou1shi4,2040 RCP 8.5,guang3zhou1shi4_1_3_2005_S0,STOREY_4,1670,1
26°C,定容,guang3zhou1shi4,2040 RCP 8.5,guang3zhou1shi4_1_3_2005_S0,STOREY_5,1670,57
26°C,定容,guang3zhou1shi4,2040 RCP 8.5,guang3zhou1shi4_1_3_2005_S0,STOREY_0,1670,0
26°C,定容,guang3zhou1shi4,2040 RCP 8.5,guang3zhou1shi4_1_5_1995_S0,STOREY_1,1670,0
26°C,定容,guang3zhou1shi4,2040 RCP 8.5,guang3zhou1shi4_1_5_1995_S0,STOREY_2,1670,1
26°C,定容,guang3zhou1shi4,2040 RCP 8.5,guang3zhou1shi4_1_5_1995_S0,STOREY_3,1670,1
26°C,定容,guang3zhou1shi4,2040 RCP 8.5,guang3zhou1shi4_1_5_1995_S0,STOREY_4,1670,1
26°C,定容,guang3zhou1shi4,2040 RCP 8.5,guang3zhou1shi4_1_5_1995_S0,STOREY_5,1670,53
26°C,定容,guang3zhou1shi4,2040 RCP 8.5,guang3zhou1shi4_1_5_1995_S0,STOREY_0,1670,0
26°C,定容,guang3zhou1shi4,2040 RCP 8.5,guang3zhou1shi4_1_2_2005_S0,STOREY_1,1670,0
26°C,定容,guang3zhou1shi4,2040 RCP 8.5,guang3zhou1shi4_1_2_2005_S0,STOREY_2,1670,1
26°C,定容,guang3zhou1shi4,2040 RCP 8.5,guang3zhou1shi4_1_2_2005_S0,STOREY_3,1670,1
26°C,定容,guang3zhou1shi4,2040 RCP 8.5,guang3zhou1shi4_1_2_2005_S0,STOREY_4,1670,1
26°C,定容,guang3zhou1shi4,2040 RCP 8.5,guang3zhou1shi4_1_2_2005_S0,STOREY_5,1670,1
26°C,定容,guang3zhou1shi4,2040 RCP 8.5,guang3zhou1shi4_1_2_2005_S0,STOREY_6,1670,1
26°C,定容,guang3zhou1shi4,2040 RCP 8.5,guang3zhou1shi4_1_2_2005_S0,STOREY_7,1670,1
26°C,定容,guang3zhou1shi4,2040 RCP 8.5,guang3zhou1shi4_1_2_2005_S0,STOREY_8,1670,0
26°C,定容,guang3zhou1shi4,2040 RCP 8.5,guang3zhou1shi4_1_2_2005_S0,STOREY_9,1670,55
26°C,定容,guang3zhou1shi4,2040 RCP 8.5,guang3zhou1shi4_1_2_2005_S0,STOREY_0,1670,0
26°C,定容,guang3zhou1shi4,2040 RCP 8.5,guang3zhou1shi4_1_6_2005_S0,STOREY_1,1670,0
26°C,定容,guang3zhou1shi4,2040 RCP 8.5,guang3zhou1shi4_1_6_2005_S0,STOREY_2,1670,0
26°C,定容,guang3zhou1shi4,2040 RCP 8.5,guang3zhou1shi4_1_6_2005_S0,STOREY_3,1670,0
26°C,定容,guang3zhou1shi4,2040 RCP 8.5,guang3zhou1shi4_1_6_2005_S0,STOREY_4,1670,2
26°C,定容,guang3zhou1shi4,2040 RCP 8.5,guang3zhou1shi4_1_6_2005_S0,STOREY_5,1670,60
26°C,定容,guang3zhou1shi4,2040 RCP 8.5,guang3zhou1shi4_1_6_2005_S0,STOREY_0,1670,0
26°C,定容,guang3zhou1shi4,2040 RCP 8.5,guang3zhou1shi4_1_7_2005_S0,STOREY_1,1670,0
26°C,定容,guang3zhou1shi4,2040 RCP 8.5,guang3zhou1shi4_1_7_2005_S0,STOREY_2,1670,1
26°C,定容,guang3zhou1shi4,2040 RCP 8.5,guang3zhou1shi4_1_7_2005_S0,STOREY_3,1670,1
26°C,定容,guang3zhou1shi4,2040 RCP 8.5,guang3zhou1shi4_1_7_2005_S0,STOREY_4,1670,1
26°C,定容,guang3zhou1shi4,2040 RCP 8.5,guang3zhou1shi4_1_7_2005_S0,STOREY_5,1670,1
26°C,定容,guang3zhou1shi4,2040 RCP 8.5,guang3zhou1shi4_1_7_2005_S0,STOREY_6,1670,1
26°C,定容,guang3zhou1shi4,2040 RCP 8.5,guang3zhou1shi4_1_7_2005_S0,STOREY_7,1670,44
26°C,定容,guang3zhou1shi4,2040 RCP 8.5,guang3zhou1shi4_1_7_2005_S0,STOREY_0,1670,0
26°C,定容,guang3zhou1shi4,2040 RCP 8.5,guang3zhou1shi4_1_9_1980_S0,STOREY_1,1670,0
26°C,定容,guang3zhou1shi4,2040 RCP 8.5,guang3zhou1shi4_1_9_1980_S0,STOREY_2,1670,1
26°C,定容,guang3zhou1shi4,2040 RCP 8.5,guang3zhou1shi4_1_9_1980_S0,STOREY_3,1670,1
26°C,定容,guang3zhou1shi4,2040 RCP 8.5,guang3zhou1shi4_1_9_1980_S0,STOREY_4,1670,1
26°C,定容,guang3zhou1shi4,2040 RCP 8.5,guang3zhou1shi4_1_9_1980_S0,STOREY_5,1670,1
26°C,定容,guang3zhou1shi4,2040 RCP 8.5,guang3zhou1shi4_1_9_1980_S0,STOREY_6,1670,2
26°C,定容,guang3zhou1shi4,2040 RCP 8.5,guang3zhou1shi4_1_9_1980_S0,STOREY_7,1670,47
26°C,定容,guang3zhou1shi4,2040 RCP 8.5,guang3zhou1shi4_1_9_1980_S0,STOREY_0,1670,0
26°C,定容,guang3zhou1shi4,2040 RCP 8.5,guang3zhou1shi4_1_8_1995_S0,STOREY_1,1670,0
26°C,定容,guang3zhou1shi4,2040 RCP 8.5,guang3zhou1shi4_1_8_1995_S0,STOREY_2,1670,1
26°C,定容,guang3zhou1shi4,2040 RCP 8.5,guang3zhou1shi4_1_8_1995_S0,STOREY_3,1670,1
26°C,定容,guang3zhou1shi4,2040 RCP 8.5,guang3zhou1shi4_1_8_1995_S0,STOREY_4,1670,1
26°C,定容,guang3zhou1shi4,2040 RCP 8.5,guang3zhou1shi4_1_8_1995_S0,STOREY_5,1670,1
26°C,定容,guang3zhou1shi4,2040 RCP 8.5,guang3zhou1shi4_1_8_1995_S0,STOREY_6,1670,1
26°C,定容,guang3zhou1shi4,2040 RCP 8.5,guang3zhou1shi4_1_8_1995_S0,STOREY_7,1670,1
26°C,定容,guang3zhou1shi4,2040 RCP 8.5,guang3zhou1shi4_1_8_1995_S0,STOREY_8,1670,1
26°C,定容,guang3zhou1shi4,2040 RCP 8.5,guang3zhou1shi4_1_8_1995_S0,STOREY_9,1670,49
26°C,定容,guang3zhou1shi4,2040 RCP 8.5,guang3zhou1shi4_1_8_1995_S0,STOREY_0,1670,0
26°C,定容,guang3zhou1shi4,2040 RCP 8.5,guang3zhou1shi4_2_10_2005_S0,STOREY_1,1670,0
26°C,定容,guang3zhou1shi4,2040 RCP 8.5,guang3zhou1shi4_2_10_2005_S0,STOREY_2,1670,1
26°C,定容,guang3zhou1shi4,2040 RCP 8.5,guang3zhou1shi4_2_10_2005_S0,STOREY_3,1670,1
26°C,定容,guang3zhou1shi4,2040 RCP 8.5,guang3zhou1shi4_2_10_2005_S0,STOREY_4,1670,1
26°C,定容,guang3zhou1shi4,2040 RCP 8.5,guang3zhou1shi4_2_10_2005_S0,STOREY_5,1670,1
26°C,定容,guang3zhou1shi4,2040 RCP 8.5,guang3zhou1shi4_2_10_2005_S0,STOREY_6,1670,1
26°C,定容,guang3zhou1shi4,2040 RCP 8.5,guang3zhou1shi4_2_10_2005_S0,STOREY_7,1670,1
26°C,定容,guang3zhou1shi4,2040 RCP 8.5,guang3zhou1shi4_2_10_2005_S0,STOREY_8,1670,1
26°C,定容,guang3zhou1shi4,2040 RCP 8.5,guang3zhou1shi4_2_10_2005_S0,STOREY_9,1670,1
26°C,定容,guang3zhou1shi4,2040 RCP 8.5,guang3zhou1shi4_2_10_2005_S0,STOREY_10,1670,1
26°C,定容,guang3zhou1shi4,2040 RCP 8.5,guang3zhou1shi4_2_10_2005_S0,STOREY_11,1670,35
26°C,定容,guang3zhou1shi4,2040 RCP 8.5,guang3zhou1shi4_2_10_2005_S0,STOREY_0,1670,0
26°C,定容,guang3zhou1shi4,2040 RCP 8.5,guang3zhou1shi4_2_11_2005_S0,STOREY_1,1670,0
26°C,定容,guang3zhou1shi4,2040 RCP 8.5,guang3zhou1shi4_2_11_2005_S0,STOREY_2,1670,0
26°C,定容,guang3zhou1shi4,2040 RCP 8.5,guang3zhou1shi4_2_11_2005_S0,STOREY_3,1670,1
26°C,定容,guang3zhou1shi4,2040 RCP 8.5,guang3zhou1shi4_2_11_2005_S0,STOREY_4,1670,1
26°C,定容,guang3zhou1shi4,2040 RCP 8.5,guang3zhou1shi4_2_11_2005_S0,STOREY_5,1670,1
26°C,定容,guang3zhou1shi4,2040 RCP 8.5,guang3zhou1shi4_2_11_2005_S0,STOREY_6,1670,1
26°C,定容,guang3zhou1shi4,2040 RCP 8.5,guang3zhou1shi4_2_11_2005_S0,STOREY_7,1670,1
26°C,定容,guang3zhou1shi4,2040 RCP 8.5,guang3zhou1shi4_2_11_2005_S0,STOREY_8,1670,1
26°C,定容,guang3zhou1shi4,2040 RCP 8.5,guang3zhou1shi4_2_11_2005_S0,STOREY_9,1670,1
26°C,定容,guang3zhou1shi4,2040 RCP 8.5,guang3zhou1shi4_2_11_2005_S0,STOREY_10,1670,1
26°C,定容,guang3zhou1shi4,2040 RCP 8.5,guang3zhou1shi4_2_11_2005_S0,STOREY_11,1670,1
26°C,定容,guang3zhou1shi4,2040 RCP 8.5,guang3zhou1shi4_2_11_2005_S0,STOREY_12,1670,1
26°C,定容,guang3zhou1shi4,2040 RCP 8.5,guang3zhou1shi4_2_11_2005_S0,STOREY_13,1670,1
26°C,定容,guang3zhou1shi4,2040 RCP 8.5,guang3zhou1shi4_2_11_2005_S0,STOREY_14,1670,0
26°C,定容,guang3zhou1shi4,2040 RCP 8.5,guang3zhou1shi4_2_11_2005_S0,STOREY_15,1670,31
26°C,定容,guang3zhou1shi4,2040 RCP 8.5,guang3zhou1shi4_2_11_2005_S0,STOREY_0,1670,0
26°C,定容,guang3zhou1shi4,2040 RCP 8.5,guang3zhou1shi4_2_12_2015_S0,STOREY_1,1670,0
26°C,定容,guang3zhou1shi4,2040 RCP 8.5,guang3zhou1shi4_2_12_2015_S0,STOREY_2,1670,0
26°C,定容,guang3zhou1shi4,2040 RCP 8.5,guang3zhou1shi4_2_12_2015_S0,STOREY_3,1670,0
26°C,定容,guang3zhou1shi4,2040 RCP 8.5,guang3zhou1shi4_2_12_2015_S0,STOREY_4,1670,0
26°C,定容,guang3zhou1shi4,2040 RCP 8.5,guang3zhou1shi4_2_12_2015_S0,STOREY_5,1670,0
26°C,定容,guang3zhou1shi4,2040 RCP 8.5,guang3zhou1shi4_2_12_2015_S0,STOREY_6,1670,0
26°C,定容,guang3zhou1shi4,2040 RCP 8.5,guang3zhou1shi4_2_12_2015_S0,STOREY_7,1670,0
26°C,定容,guang3zhou1shi4,2040 RCP 8.5,guang3zhou1shi4_2_12_2015_S0,STOREY_8,1670,0
26°C,定容,guang3zhou1shi4,2040 RCP 8.5,guang3zhou1shi4_2_12_2015_S0,STOREY_9,1670,0
26°C,定容,guang3zhou1shi4,2040 RCP 8.5,guang3zhou1shi4_2_12_2015_S0,STOREY_10,1670,0
26°C,定容,guang3zhou1shi4,2040 RCP 8.5,guang3zhou1shi4_2_12_2015_S0,STOREY_11,1670,0
26°C,定容,guang3zhou1shi4,2040 RCP 8.5,guang3zhou1shi4_2_12_2015_S0,STOREY_12,1670,0
26°C,定容,guang3zhou1shi4,2040 RCP 8.5,guang3zhou1shi4_2_12_2015_S0,STOREY_13,1670,0
26°C,定容,guang3zhou1shi4,2040 RCP 8.5,guang3zhou1shi4_2_12_2015_S0,STOREY_14,1670,0
26°C,定容,guang3zhou1shi4,2040 RCP 8.5,guang3zhou1shi4_2_12_2015_S0,STOREY_15,1670,0
26°C,定容,guang3zhou1shi4,2040 RCP 8.5,guang3zhou1shi4_2_12_2015_S0,STOREY_16,1670,0
26°C,定容,guang3zhou1shi4,2040 RCP 8.5,guang3zhou1shi4_2_12_2015_S0,STOREY_17,1670,0
26°C,定容,guang3zhou1shi4,2040 RCP 8.5,guang3zhou1shi4_2_12_2015_S0,STOREY_18,1670,0
26°C,定容,guang3zhou1shi4,2040 RCP 8.5,guang3zhou1shi4_2_12_2015_S0,STOREY_19,1670,0
26°C,定容,guang3zhou1shi4,2040 RCP 8.5,guang3zhou1shi4_2_12_2015_S0,STOREY_20,1670,0
26°C,定容,guang3zhou1shi4,2040 RCP 8.5,guang3zhou1shi4_2_12_2015_S0,STOREY_21,1670,19
26°C,定容,guang3zhou1shi4,2040 RCP 8.5,guang3zhou1shi4_2_12_2015_S0,STOREY_0,1670,0
26°C,定容,guang3zhou1shi4,2040 RCP 8.5,guang3zhou1shi4_2_2_1995_S0,STOREY_1,1670,0
26°C,定容,guang3zhou1shi4,2040 RCP 8.5,guang3zhou1shi4_2_2_1995_S0,STOREY_2,1670,1
26°C,定容,guang3zhou1shi4,2040 RCP 8.5,guang3zhou1shi4_2_2_1995_S0,STOREY_3,1670,1
26°C,定容,guang3zhou1shi4,2040 RCP 8.5,guang3zhou1shi4_2_2_1995_S0,STOREY_4,1670,1
26°C,定容,guang3zhou1shi4,2040 RCP 8.5,guang3zhou1shi4_2_2_1995_S0,STOREY_5,1670,1
26°C,定容,guang3zhou1shi4,2040 RCP 8.5,guang3zhou1shi4_2_2_1995_S0,STOREY_6,1670,1
26°C,定容,guang3zhou1shi4,2040 RCP 8.5,guang3zhou1shi4_2_2_1995_S0,STOREY_7,1670,1
26°C,定容,guang3zhou1shi4,2040 RCP 8.5,guang3zhou1shi4_2_2_1995_S0,STOREY_8,1670,1
26°C,定容,guang3zhou1shi4,2040 RCP 8.5,guang3zhou1shi4_2_2_1995_S0,STOREY_9,1670,1
26°C,定容,guang3zhou1shi4,2040 RCP 8.5,guang3zhou1shi4_2_2_1995_S0,STOREY_10,1670,1
26°C,定容,guang3zhou1shi4,2040 RCP 8.5,guang3zhou1shi4_2_2_1995_S0,STOREY_11,1670,1
26°C,定容,guang3zhou1shi4,2040 RCP 8.5,guang3zhou1shi4_2_2_1995_S0,STOREY_12,1670,1
26°C,定容,guang3zhou1shi4,2040 RCP 8.5,guang3zhou1shi4_2_2_1995_S0,STOREY_13,1670,1
26°C,定容,guang3zhou1shi4,2040 RCP 8.5,guang3zhou1shi4_2_2_1995_S0,STOREY_14,1670,1
26°C,定容,guang3zhou1shi4,2040 RCP 8.5,guang3zhou1shi4_2_2_1995_S0,STOREY_15,1670,1
26°C,定容,guang3zhou1shi4,2040 RCP 8.5,guang3zhou1shi4_2_2_1995_S0,STOREY_16,1670,1
26°C,定容,guang3zhou1shi4,2040 RCP 8.5,guang3zhou1shi4_2_2_1995_S0,STOREY_17,1670,1
26°C,定容,guang3zhou1shi4,2040 RCP 8.5,guang3zhou1shi4_2_2_1995_S0,STOREY_18,1670,1
26°C,定容,guang3zhou1shi4,2040 RCP 8.5,guang3zhou1shi4_2_2_1995_S0,STOREY_19,1670,58
26°C,定容,guang3zhou1shi4,2040 RCP 8.5,guang3zhou1shi4_2_2_1995_S0,STOREY_0,1670,0
26°C,定容,guang3zhou1shi4,2040 RCP 8.5,guang3zhou1shi4_2_1_2015_S0,STOREY_1,1670,0
26°C,定容,guang3zhou1shi4,2040 RCP 8.5,guang3zhou1shi4_2_1_2015_S0,STOREY_2,1670,0
26°C,定容,guang3zhou1shi4,2040 RCP 8.5,guang3zhou1shi4_2_1_2015_S0,STOREY_3,1670,0
26°C,定容,guang3zhou1shi4,2040 RCP 8.5,guang3zhou1shi4_2_1_2015_S0,STOREY_4,1670,0
26°C,定容,guang3zhou1shi4,2040 RCP 8.5,guang3zhou1shi4_2_1_2015_S0,STOREY_5,1670,0
26°C,定容,guang3zhou1shi4,2040 RCP 8.5,guang3zhou1shi4_2_1_2015_S0,STOREY_6,1670,0
26°C,定容,guang3zhou1shi4,2040 RCP 8.5,guang3zhou1shi4_2_1_2015_S0,STOREY_7,1670,0
26°C,定容,guang3zhou1shi4,2040 RCP 8.5,guang3zhou1shi4_2_1_2015_S0,STOREY_8,1670,0
26°C,定容,guang3zhou1shi4,2040 RCP 8.5,guang3zhou1shi4_2_1_2015_S0,STOREY_9,1670,0
26°C,定容,guang3zhou1shi4,2040 RCP 8.5,guang3zhou1shi4_2_1_2015_S0,STOREY_10,1670,0
26°C,定容,guang3zhou1shi4,2040 RCP 8.5,guang3zhou1shi4_2_1_2015_S0,STOREY_11,1670,0
26°C,定容,guang3zhou1shi4,2040 RCP 8.5,guang3zhou1shi4_2_1_2015_S0,STOREY_12,1670,0
26°C,定容,guang3zhou1shi4,2040 RCP 8.5,guang3zhou1shi4_2_1_2015_S0,STOREY_13,1670,0
26°C,定容,guang3zhou1shi4,2040 RCP 8.5,guang3zhou1shi4_2_1_2015_S0,STOREY_14,1670,0
26°C,定容,guang3zhou1shi4,2040 RCP 8.5,guang3zhou1shi4_2_1_2015_S0,STOREY_15,1670,0
26°C,定容,guang3zhou1shi4,2040 RCP 8.5,guang3zhou1shi4_2_1_2015_S0,STOREY_16,1670,0
26°C,定容,guang3zhou1shi4,2040 RCP 8.5,guang3zhou1shi4_2_1_2015_S0,STOREY_17,1670,0
26°C,定容,guang3zhou1shi4,2040 RCP 8.5,guang3zhou1shi4_2_1_2015_S0,STOREY_18,1670,0
26°C,定容,guang3zhou1shi4,2040 RCP 8.5,guang3zhou1shi4_2_1_2015_S0,STOREY_19,1670,0
26°C,定容,guang3zhou1shi4,2040 RCP 8.5,guang3zhou1shi4_2_1_2015_S0,STOREY_20,1670,0
26°C,定容,guang3zhou1shi4,2040 RCP 8.5,guang3zhou1shi4_2_1_2015_S0,STOREY_21,1670,0
26°C,定容,guang3zhou1shi4,2040 RCP 8.5,guang3zhou1shi4_2_1_2015_S0,STOREY_22,1670,0
26°C,定容,guang3zhou1shi4,2040 RCP 8.5,guang3zhou1shi4_2_1_2015_S0,STOREY_23,1670,0
26°C,定容,guang3zhou1shi4,2040 RCP 8.5,guang3zhou1shi4_2_1_2015_S0,STOREY_24,1670,0
26°C,定容,guang3zhou1shi4,2040 RCP 8.5,guang3zhou1shi4_2_1_2015_S0,STOREY_25,1670,0
26°C,定容,guang3zhou1shi4,2040 RCP 8.5,guang3zhou1shi4_2_1_2015_S0,STOREY_26,1670,0
26°C,定容,guang3zhou1shi4,2040 RCP 8.5,guang3zhou1shi4_2_1_2015_S0,STOREY_27,1670,13
26°C,定容,guang3zhou1shi4,2040 RCP 8.5,guang3zhou1shi4_2_1_2015_S0,STOREY_0,1670,0
26°C,定容,guang3zhou1shi4,2040 RCP 8.5,guang3zhou1shi4_2_3_2005_S0,STOREY_1,1670,0
26°C,定容,guang3zhou1shi4,2040 RCP 8.5,guang3zhou1shi4_2_3_2005_S0,STOREY_2,1670,1
26°C,定容,guang3zhou1shi4,2040 RCP 8.5,guang3zhou1shi4_2_3_2005_S0,STOREY_3,1670,1
26°C,定容,guang3zhou1shi4,2040 RCP 8.5,guang3zhou1shi4_2_3_2005_S0,STOREY_4,1670,1
26°C,定容,guang3zhou1shi4,2040 RCP 8.5,guang3zhou1shi4_2_3_2005_S0,STOREY_5,1670,1
26°C,定容,guang3zhou1shi4,2040 RCP 8.5,guang3zhou1shi4_2_3_2005_S0,STOREY_6,1670,1
26°C,定容,guang3zhou1shi4,2040 RCP 8.5,guang3zhou1shi4_2_3_2005_S0,STOREY_7,1670,1
26°C,定容,guang3zhou1shi4,2040 RCP 8.5,guang3zhou1shi4_2_3_2005_S0,STOREY_8,1670,1
26°C,定容,guang3zhou1shi4,2040 RCP 8.5,guang3zhou1shi4_2_3_2005_S0,STOREY_9,1670,1
26°C,定容,guang3zhou1shi4,2040 RCP 8.5,guang3zhou1shi4_2_3_2005_S0,STOREY_10,1670,1
26°C,定容,guang3zhou1shi4,2040 RCP 8.5,guang3zhou1shi4_2_3_2005_S0,STOREY_11,1670,1
26°C,定容,guang3zhou1shi4,2040 RCP 8.5,guang3zhou1shi4_2_3_2005_S0,STOREY_12,1670,1
26°C,定容,guang3zhou1shi4,2040 RCP 8.5,guang3zhou1shi4_2_3_2005_S0,STOREY_13,1670,1
26°C,定容,guang3zhou1shi4,2040 RCP 8.5,guang3zhou1shi4_2_3_2005_S0,STOREY_14,1670,25
26°C,定容,guang3zhou1shi4,2040 RCP 8.5,guang3zhou1shi4_2_3_2005_S0,STOREY_0,1670,0
26°C,定容,guang3zhou1shi4,2040 RCP 8.5,guang3zhou1shi4_2_4_2005_S0,STOREY_1,1670,0
26°C,定容,guang3zhou1shi4,2040 RCP 8.5,guang3zhou1shi4_2_4_2005_S0,STOREY_2,1670,1
26°C,定容,guang3zhou1shi4,2040 RCP 8.5,guang3zhou1shi4_2_4_2005_S0,STOREY_3,1670,1
26°C,定容,guang3zhou1shi4,2040 RCP 8.5,guang3zhou1shi4_2_4_2005_S0,STOREY_4,1670,1
26°C,定容,guang3zhou1shi4,2040 RCP 8.5,guang3zhou1shi4_2_4_2005_S0,STOREY_5,1670,1
26°C,定容,guang3zhou1shi4,2040 RCP 8.5,guang3zhou1shi4_2_4_2005_S0,STOREY_6,1670,1
26°C,定容,guang3zhou1shi4,2040 RCP 8.5,guang3zhou1shi4_2_4_2005_S0,STOREY_7,1670,1
26°C,定容,guang3zhou1shi4,2040 RCP 8.5,guang3zhou1shi4_2_4_2005_S0,STOREY_8,1670,1
26°C,定容,guang3zhou1shi4,2040 RCP 8.5,guang3zhou1shi4_2_4_2005_S0,STOREY_9,1670,1
26°C,定容,guang3zhou1shi4,2040 RCP 8.5,guang3zhou1shi4_2_4_2005_S0,STOREY_10,1670,1
26°C,定容,guang3zhou1shi4,2040 RCP 8.5,guang3zhou1shi4_2_4_2005_S0,STOREY_11,1670,44
26°C,定容,guang3zhou1shi4,2040 RCP 8.5,guang3zhou1shi4_2_4_2005_S0,STOREY_0,1670,0
26°C,定容,guang3zhou1shi4,2040 RCP 8.5,guang3zhou1shi4_2_5_2015_S0,STOREY_1,1670,0
26°C,定容,guang3zhou1shi4,2040 RCP 8.5,guang3zhou1shi4_2_5_2015_S0,STOREY_2,1670,0
26°C,定容,guang3zhou1shi4,2040 RCP 8.5,guang3zhou1shi4_2_5_2015_S0,STOREY_3,1670,0
26°C,定容,guang3zhou1shi4,2040 RCP 8.5,guang3zhou1shi4_2_5_2015_S0,STOREY_4,1670,0
26°C,定容,guang3zhou1shi4,2040 RCP 8.5,guang3zhou1shi4_2_5_2015_S0,STOREY_5,1670,0
26°C,定容,guang3zhou1shi4,2040 RCP 8.5,guang3zhou1shi4_2_5_2015_S0,STOREY_6,1670,0
26°C,定容,guang3zhou1shi4,2040 RCP 8.5,guang3zhou1shi4_2_5_2015_S0,STOREY_7,1670,0
26°C,定容,guang3zhou1shi4,2040 RCP 8.5,guang3zhou1shi4_2_5_2015_S0,STOREY_8,1670,0
26°C,定容,guang3zhou1shi4,2040 RCP 8.5,guang3zhou1shi4_2_5_2015_S0,STOREY_9,1670,0
26°C,定容,guang3zhou1shi4,2040 RCP 8.5,guang3zhou1shi4_2_5_2015_S0,STOREY_10,1670,0
26°C,定容,guang3zhou1shi4,2040 RCP 8.5,guang3zhou1shi4_2_5_2015_S0,STOREY_11,1670,0
26°C,定容,guang3zhou1shi4,2040 RCP 8.5,guang3zhou1shi4_2_5_2015_S0,STOREY_12,1670,0
26°C,定容,guang3zhou1shi4,2040 RCP 8.5,guang3zhou1shi4_2_5_2015_S0,STOREY_13,1670,0
26°C,定容,guang3zhou1shi4,2040 RCP 8.5,guang3zhou1shi4_2_5_2015_S0,STOREY_14,1670,23
26°C,定容,guang3zhou1shi4,2040 RCP 8.5,guang3zhou1shi4_2_5_2015_S0,STOREY_0,1670,0
26°C,定容,guang3zhou1shi4,2040 RCP 8.5,guang3zhou1shi4_2_6_2005_S0,STOREY_1,1670,0
26°C,定容,guang3zhou1shi4,2040 RCP 8.5,guang3zhou1shi4_2_6_2005_S0,STOREY_2,1670,1
26°C,定容,guang3zhou1shi4,2040 RCP 8.5,guang3zhou1shi4_2_6_2005_S0,STOREY_3,1670,1
26°C,定容,guang3zhou1shi4,2040 RCP 8.5,guang3zhou1shi4_2_6_2005_S0,STOREY_4,1670,1
26°C,定容,guang3zhou1shi4,2040 RCP 8.5,guang3zhou1shi4_2_6_2005_S0,STOREY_5,1670,1
26°C,定容,guang3zhou1shi4,2040 RCP 8.5,guang3zhou1shi4_2_6_2005_S0,STOREY_6,1670,1
26°C,定容,guang3zhou1shi4,2040 RCP 8.5,guang3zhou1shi4_2_6_2005_S0,STOREY_7,1670,1
26°C,定容,guang3zhou1shi4,2040 RCP 8.5,guang3zhou1shi4_2_6_2005_S0,STOREY_8,1670,1
26°C,定容,guang3zhou1shi4,2040 RCP 8.5,guang3zhou1shi4_2_6_2005_S0,STOREY_9,1670,1
26°C,定容,guang3zhou1shi4,2040 RCP 8.5,guang3zhou1shi4_2_6_2005_S0,STOREY_10,1670,1
26°C,定容,guang3zhou1shi4,2040 RCP 8.5,guang3zhou1shi4_2_6_2005_S0,STOREY_11,1670,1
26°C,定容,guang3zhou1shi4,2040 RCP 8.5,guang3zhou1shi4_2_6_2005_S0,STOREY_12,1670,1
26°C,定容,guang3zhou1shi4,2040 RCP 8.5,guang3zhou1shi4_2_6_2005_S0,STOREY_13,1670,1
26°C,定容,guang3zhou1shi4,2040 RCP 8.5,guang3zhou1shi4_2_6_2005_S0,STOREY_14,1670,25
26°C,定容,guang3zhou1shi4,2040 RCP 8.5,guang3zhou1shi4_2_6_2005_S0,STOREY_0,1670,0
26°C,定容,guang3zhou1shi4,2060 RCP 2.6,guang3zhou1shi4_0_10_1980_S0,STOREY_1,1670,8
26°C,定容,guang3zhou1shi4,2060 RCP 2.6,guang3zhou1shi4_0_10_1980_S0,STOREY_2,1670,77
26°C,定容,guang3zhou1shi4,2060 RCP 2.6,guang3zhou1shi4_0_10_1980_S0,STOREY_0,1670,0
26°C,定容,guang3zhou1shi4,2040 RCP 8.5,guang3zhou1shi4_2_7_2015_S0,STOREY_1,1670,0
26°C,定容,guang3zhou1shi4,2040 RCP 8.5,guang3zhou1shi4_2_7_2015_S0,STOREY_2,1670,1
26°C,定容,guang3zhou1shi4,2040 RCP 8.5,guang3zhou1shi4_2_7_2015_S0,STOREY_3,1670,1
26°C,定容,guang3zhou1shi4,2040 RCP 8.5,guang3zhou1shi4_2_7_2015_S0,STOREY_4,1670,1
26°C,定容,guang3zhou1shi4,2040 RCP 8.5,guang3zhou1shi4_2_7_2015_S0,STOREY_5,1670,1
26°C,定容,guang3zhou1shi4,2040 RCP 8.5,guang3zhou1shi4_2_7_2015_S0,STOREY_6,1670,1
26°C,定容,guang3zhou1shi4,2040 RCP 8.5,guang3zhou1shi4_2_7_2015_S0,STOREY_7,1670,1
26°C,定容,guang3zhou1shi4,2040 RCP 8.5,guang3zhou1shi4_2_7_2015_S0,STOREY_8,1670,1
26°C,定容,guang3zhou1shi4,2040 RCP 8.5,guang3zhou1shi4_2_7_2015_S0,STOREY_9,1670,1
26°C,定容,guang3zhou1shi4,2040 RCP 8.5,guang3zhou1shi4_2_7_2015_S0,STOREY_10,1670,1
26°C,定容,guang3zhou1shi4,2040 RCP 8.5,guang3zhou1shi4_2_7_2015_S0,STOREY_11,1670,1
26°C,定容,guang3zhou1shi4,2040 RCP 8.5,guang3zhou1shi4_2_7_2015_S0,STOREY_12,1670,1
26°C,定容,guang3zhou1shi4,2040 RCP 8.5,guang3zhou1shi4_2_7_2015_S0,STOREY_13,1670,1
26°C,定容,guang3zhou1shi4,2040 RCP 8.5,guang3zhou1shi4_2_7_2015_S0,STOREY_14,1670,1
26°C,定容,guang3zhou1shi4,2040 RCP 8.5,guang3zhou1shi4_2_7_2015_S0,STOREY_15,1670,1
26°C,定容,guang3zhou1shi4,2040 RCP 8.5,guang3zhou1shi4_2_7_2015_S0,STOREY_16,1670,1
26°C,定容,guang3zhou1shi4,2040 RCP 8.5,guang3zhou1shi4_2_7_2015_S0,STOREY_17,1670,1
26°C,定容,guang3zhou1shi4,2040 RCP 8.5,guang3zhou1shi4_2_7_2015_S0,STOREY_18,1670,0
26°C,定容,guang3zhou1shi4,2040 RCP 8.5,guang3zhou1shi4_2_7_2015_S0,STOREY_19,1670,13
26°C,定容,guang3zhou1shi4,2040 RCP 8.5,guang3zhou1shi4_2_7_2015_S0,STOREY_0,1670,0
26°C,定容,guang3zhou1shi4,2060 RCP 2.6,guang3zhou1shi4_0_11_1995_S0,STOREY_1,1670,0
26°C,定容,guang3zhou1shi4,2060 RCP 2.6,guang3zhou1shi4_0_11_1995_S0,STOREY_2,1670,72
26°C,定容,guang3zhou1shi4,2060 RCP 2.6,guang3zhou1shi4_0_11_1995_S0,STOREY_0,1670,0
26°C,定容,guang3zhou1shi4,2060 RCP 2.6,guang3zhou1shi4_0_12_1980_S0,STOREY_1,1670,0
26°C,定容,guang3zhou1shi4,2060 RCP 2.6,guang3zhou1shi4_0_12_1980_S0,STOREY_2,1670,1
26°C,定容,guang3zhou1shi4,2060 RCP 2.6,guang3zhou1shi4_0_12_1980_S0,STOREY_3,1670,1
26°C,定容,guang3zhou1shi4,2060 RCP 2.6,guang3zhou1shi4_0_12_1980_S0,STOREY_4,1670,24
26°C,定容,guang3zhou1shi4,2060 RCP 2.6,guang3zhou1shi4_0_12_1980_S0,STOREY_0,1670,0
26°C,定容,guang3zhou1shi4,2060 RCP 2.6,guang3zhou1shi4_0_1_1995_S0,STOREY_1,1670,23
26°C,定容,guang3zhou1shi4,2060 RCP 2.6,guang3zhou1shi4_0_1_1995_S0,STOREY_2,1670,109
26°C,定容,guang3zhou1shi4,2060 RCP 2.6,guang3zhou1shi4_0_1_1995_S0,STOREY_0,1670,0
26°C,定容,guang3zhou1shi4,2060 RCP 2.6,guang3zhou1shi4_0_3_1980_S0,STOREY_1,1670,27
26°C,定容,guang3zhou1shi4,2060 RCP 2.6,guang3zhou1shi4_0_3_1980_S0,STOREY_0,1670,0
26°C,定容,guang3zhou1shi4,2060 RCP 2.6,guang3zhou1shi4_0_2_1980_S0,STOREY_1,1670,0
26°C,定容,guang3zhou1shi4,2060 RCP 2.6,guang3zhou1shi4_0_2_1980_S0,STOREY_2,1670,59
26°C,定容,guang3zhou1shi4,2060 RCP 2.6,guang3zhou1shi4_0_2_1980_S0,STOREY_0,1670,0
26°C,定容,guang3zhou1shi4,2060 RCP 2.6,guang3zhou1shi4_0_4_1980_S0,STOREY_1,1670,70
26°C,定容,guang3zhou1shi4,2060 RCP 2.6,guang3zhou1shi4_0_4_1980_S0,STOREY_2,1670,114
26°C,定容,guang3zhou1shi4,2060 RCP 2.6,guang3zhou1shi4_0_4_1980_S0,STOREY_0,1670,0
26°C,定容,guang3zhou1shi4,2060 RCP 2.6,guang3zhou1shi4_0_5_1980_S0,STOREY_1,1670,0
26°C,定容,guang3zhou1shi4,2060 RCP 2.6,guang3zhou1shi4_0_5_1980_S0,STOREY_2,1670,22
26°C,定容,guang3zhou1shi4,2060 RCP 2.6,guang3zhou1shi4_0_5_1980_S0,STOREY_0,1670,0
26°C,定容,guang3zhou1shi4,2040 RCP 8.5,guang3zhou1shi4_2_8_2005_S0,STOREY_1,1670,0
26°C,定容,guang3zhou1shi4,2040 RCP 8.5,guang3zhou1shi4_2_8_2005_S0,STOREY_2,1670,1
26°C,定容,guang3zhou1shi4,2040 RCP 8.5,guang3zhou1shi4_2_8_2005_S0,STOREY_3,1670,1
26°C,定容,guang3zhou1shi4,2040 RCP 8.5,guang3zhou1shi4_2_8_2005_S0,STOREY_4,1670,1
26°C,定容,guang3zhou1shi4,2040 RCP 8.5,guang3zhou1shi4_2_8_2005_S0,STOREY_5,1670,1
26°C,定容,guang3zhou1shi4,2040 RCP 8.5,guang3zhou1shi4_2_8_2005_S0,STOREY_6,1670,1
26°C,定容,guang3zhou1shi4,2040 RCP 8.5,guang3zhou1shi4_2_8_2005_S0,STOREY_7,1670,1
26°C,定容,guang3zhou1shi4,2040 RCP 8.5,guang3zhou1shi4_2_8_2005_S0,STOREY_8,1670,1
26°C,定容,guang3zhou1shi4,2040 RCP 8.5,guang3zhou1shi4_2_8_2005_S0,STOREY_9,1670,1
26°C,定容,guang3zhou1shi4,2040 RCP 8.5,guang3zhou1shi4_2_8_2005_S0,STOREY_10,1670,1
26°C,定容,guang3zhou1shi4,2040 RCP 8.5,guang3zhou1shi4_2_8_2005_S0,STOREY_11,1670,1
26°C,定容,guang3zhou1shi4,2040 RCP 8.5,guang3zhou1shi4_2_8_2005_S0,STOREY_12,1670,1
26°C,定容,guang3zhou1shi4,2040 RCP 8.5,guang3zhou1shi4_2_8_2005_S0,STOREY_13,1670,1
26°C,定容,guang3zhou1shi4,2040 RCP 8.5,guang3zhou1shi4_2_8_2005_S0,STOREY_14,1670,1
26°C,定容,guang3zhou1shi4,2040 RCP 8.5,guang3zhou1shi4_2_8_2005_S0,STOREY_15,1670,1
26°C,定容,guang3zhou1shi4,2040 RCP 8.5,guang3zhou1shi4_2_8_2005_S0,STOREY_16,1670,1
26°C,定容,guang3zhou1shi4,2040 RCP 8.5,guang3zhou1shi4_2_8_2005_S0,STOREY_17,1670,1
26°C,定容,guang3zhou1shi4,2040 RCP 8.5,guang3zhou1shi4_2_8_2005_S0,STOREY_18,1670,1
26°C,定容,guang3zhou1shi4,2040 RCP 8.5,guang3zhou1shi4_2_8_2005_S0,STOREY_19,1670,1
26°C,定容,guang3zhou1shi4,2040 RCP 8.5,guang3zhou1shi4_2_8_2005_S0,STOREY_20,1670,1
26°C,定容,guang3zhou1shi4,2040 RCP 8.5,guang3zhou1shi4_2_8_2005_S0,STOREY_21,1670,1
26°C,定容,guang3zhou1shi4,2040 RCP 8.5,guang3zhou1shi4_2_8_2005_S0,STOREY_22,1670,1
26°C,定容,guang3zhou1shi4,2040 RCP 8.5,guang3zhou1shi4_2_8_2005_S0,STOREY_23,1670,1
26°C,定容,guang3zhou1shi4,2040 RCP 8.5,guang3zhou1shi4_2_8_2005_S0,STOREY_24,1670,1
26°C,定容,guang3zhou1shi4,2040 RCP 8.5,guang3zhou1shi4_2_8_2005_S0,STOREY_25,1670,1
26°C,定容,guang3zhou1shi4,2040 RCP 8.5,guang3zhou1shi4_2_8_2005_S0,STOREY_26,1670,1
26°C,定容,guang3zhou1shi4,2040 RCP 8.5,guang3zhou1shi4_2_8_2005_S0,STOREY_27,1670,17
26°C,定容,guang3zhou1shi4,2040 RCP 8.5,guang3zhou1shi4_2_8_2005_S0,STOREY_0,1670,0
26°C,定容,guang3zhou1shi4,2060 RCP 2.6,guang3zhou1shi4_0_6_1995_S0,STOREY_0,1670,0
26°C,定容,guang3zhou1shi4,2060 RCP 2.6,guang3zhou1shi4_0_7_1980_S0,STOREY_0,1670,0
26°C,定容,guang3zhou1shi4,2060 RCP 2.6,guang3zhou1shi4_0_8_1980_S0,STOREY_0,1670,0
26°C,定容,guang3zhou1shi4,2060 RCP 2.6,guang3zhou1shi4_0_9_1980_S0,STOREY_0,1670,0
26°C,定容,guang3zhou1shi4,2040 RCP 8.5,guang3zhou1shi4_2_9_2005_S0,STOREY_1,1670,0
26°C,定容,guang3zhou1shi4,2040 RCP 8.5,guang3zhou1shi4_2_9_2005_S0,STOREY_2,1670,1
26°C,定容,guang3zhou1shi4,2040 RCP 8.5,guang3zhou1shi4_2_9_2005_S0,STOREY_3,1670,1
26°C,定容,guang3zhou1shi4,2040 RCP 8.5,guang3zhou1shi4_2_9_2005_S0,STOREY_4,1670,1
26°C,定容,guang3zhou1shi4,2040 RCP 8.5,guang3zhou1shi4_2_9_2005_S0,STOREY_5,1670,1
26°C,定容,guang3zhou1shi4,2040 RCP 8.5,guang3zhou1shi4_2_9_2005_S0,STOREY_6,1670,1
26°C,定容,guang3zhou1shi4,2040 RCP 8.5,guang3zhou1shi4_2_9_2005_S0,STOREY_7,1670,1
26°C,定容,guang3zhou1shi4,2040 RCP 8.5,guang3zhou1shi4_2_9_2005_S0,STOREY_8,1670,1
26°C,定容,guang3zhou1shi4,2040 RCP 8.5,guang3zhou1shi4_2_9_2005_S0,STOREY_9,1670,1
26°C,定容,guang3zhou1shi4,2040 RCP 8.5,guang3zhou1shi4_2_9_2005_S0,STOREY_10,1670,1
26°C,定容,guang3zhou1shi4,2040 RCP 8.5,guang3zhou1shi4_2_9_2005_S0,STOREY_11,1670,1
26°C,定容,guang3zhou1shi4,2040 RCP 8.5,guang3zhou1shi4_2_9_2005_S0,STOREY_12,1670,1
26°C,定容,guang3zhou1shi4,2040 RCP 8.5,guang3zhou1shi4_2_9_2005_S0,STOREY_13,1670,1
26°C,定容,guang3zhou1shi4,2040 RCP 8.5,guang3zhou1shi4_2_9_2005_S0,STOREY_14,1670,1
26°C,定容,guang3zhou1shi4,2040 RCP 8.5,guang3zhou1shi4_2_9_2005_S0,STOREY_15,1670,1
26°C,定容,guang3zhou1shi4,2040 RCP 8.5,guang3zhou1shi4_2_9_2005_S0,STOREY_16,1670,1
26°C,定容,guang3zhou1shi4,2040 RCP 8.5,guang3zhou1shi4_2_9_2005_S0,STOREY_17,1670,1
26°C,定容,guang3zhou1shi4,2040 RCP 8.5,guang3zhou1shi4_2_9_2005_S0,STOREY_18,1670,1
26°C,定容,guang3zhou1shi4,2040 RCP 8.5,guang3zhou1shi4_2_9_2005_S0,STOREY_19,1670,1
26°C,定容,guang3zhou1shi4,2040 RCP 8.5,guang3zhou1shi4_2_9_2005_S0,STOREY_20,1670,1
26°C,定容,guang3zhou1shi4,2040 RCP 8.5,guang3zhou1shi4_2_9_2005_S0,STOREY_21,1670,1
26°C,定容,guang3zhou1shi4,2040 RCP 8.5,guang3zhou1shi4_2_9_2005_S0,STOREY_22,1670,1
26°C,定容,guang3zhou1shi4,2040 RCP 8.5,guang3zhou1shi4_2_9_2005_S0,STOREY_23,1670,33
26°C,定容,guang3zhou1shi4,2040 RCP 8.5,guang3zhou1shi4_2_9_2005_S0,STOREY_0,1670,0
26°C,定容,guang3zhou1shi4,2060 RCP 2.6,guang3zhou1shi4_1_10_1995_S0,STOREY_1,1670,0
26°C,定容,guang3zhou1shi4,2060 RCP 2.6,guang3zhou1shi4_1_10_1995_S0,STOREY_2,1670,0
26°C,定容,guang3zhou1shi4,2060 RCP 2.6,guang3zhou1shi4_1_10_1995_S0,STOREY_3,1670,0
26°C,定容,guang3zhou1shi4,2060 RCP 2.6,guang3zhou1shi4_1_10_1995_S0,STOREY_4,1670,63
26°C,定容,guang3zhou1shi4,2060 RCP 2.6,guang3zhou1shi4_1_10_1995_S0,STOREY_0,1670,0
26°C,定容,guang3zhou1shi4,2060 RCP 2.6,guang3zhou1shi4_1_12_2005_S0,STOREY_1,1670,0
26°C,定容,guang3zhou1shi4,2060 RCP 2.6,guang3zhou1shi4_1_12_2005_S0,STOREY_2,1670,0
26°C,定容,guang3zhou1shi4,2060 RCP 2.6,guang3zhou1shi4_1_12_2005_S0,STOREY_3,1670,38
26°C,定容,guang3zhou1shi4,2060 RCP 2.6,guang3zhou1shi4_1_12_2005_S0,STOREY_0,1670,0
26°C,定容,guang3zhou1shi4,2060 RCP 2.6,guang3zhou1shi4_1_11_1995_S0,STOREY_1,1670,0
26°C,定容,guang3zhou1shi4,2060 RCP 2.6,guang3zhou1shi4_1_11_1995_S0,STOREY_2,1670,0
26°C,定容,guang3zhou1shi4,2060 RCP 2.6,guang3zhou1shi4_1_11_1995_S0,STOREY_3,1670,0
26°C,定容,guang3zhou1shi4,2060 RCP 2.6,guang3zhou1shi4_1_11_1995_S0,STOREY_4,1670,0
26°C,定容,guang3zhou1shi4,2060 RCP 2.6,guang3zhou1shi4_1_11_1995_S0,STOREY_5,1670,0
26°C,定容,guang3zhou1shi4,2060 RCP 2.6,guang3zhou1shi4_1_11_1995_S0,STOREY_6,1670,2
26°C,定容,guang3zhou1shi4,2060 RCP 2.6,guang3zhou1shi4_1_11_1995_S0,STOREY_7,1670,55
26°C,定容,guang3zhou1shi4,2060 RCP 2.6,guang3zhou1shi4_1_11_1995_S0,STOREY_0,1670,0
26°C,定容,guang3zhou1shi4,2060 RCP 2.6,guang3zhou1shi4_1_1_2005_S0,STOREY_1,1670,0
26°C,定容,guang3zhou1shi4,2060 RCP 2.6,guang3zhou1shi4_1_1_2005_S0,STOREY_2,1670,0
26°C,定容,guang3zhou1shi4,2060 RCP 2.6,guang3zhou1shi4_1_1_2005_S0,STOREY_3,1670,0
26°C,定容,guang3zhou1shi4,2060 RCP 2.6,guang3zhou1shi4_1_1_2005_S0,STOREY_4,1670,39
26°C,定容,guang3zhou1shi4,2060 RCP 2.6,guang3zhou1shi4_1_1_2005_S0,STOREY_0,1670,0
26°C,定容,guang3zhou1shi4,2060 RCP 2.6,guang3zhou1shi4_1_3_2005_S0,STOREY_1,1670,0
26°C,定容,guang3zhou1shi4,2060 RCP 2.6,guang3zhou1shi4_1_3_2005_S0,STOREY_2,1670,0
26°C,定容,guang3zhou1shi4,2060 RCP 2.6,guang3zhou1shi4_1_3_2005_S0,STOREY_3,1670,0
26°C,定容,guang3zhou1shi4,2060 RCP 2.6,guang3zhou1shi4_1_3_2005_S0,STOREY_4,1670,0
26°C,定容,guang3zhou1shi4,2060 RCP 2.6,guang3zhou1shi4_1_3_2005_S0,STOREY_5,1670,74
26°C,定容,guang3zhou1shi4,2060 RCP 2.6,guang3zhou1shi4_1_3_2005_S0,STOREY_0,1670,0
26°C,定容,guang3zhou1shi4,2060 RCP 2.6,guang3zhou1shi4_1_4_1995_S0,STOREY_1,1670,3
26°C,定容,guang3zhou1shi4,2060 RCP 2.6,guang3zhou1shi4_1_4_1995_S0,STOREY_2,1670,3
26°C,定容,guang3zhou1shi4,2060 RCP 2.6,guang3zhou1shi4_1_4_1995_S0,STOREY_3,1670,3
26°C,定容,guang3zhou1shi4,2060 RCP 2.6,guang3zhou1shi4_1_4_1995_S0,STOREY_4,1670,4
26°C,定容,guang3zhou1shi4,2060 RCP 2.6,guang3zhou1shi4_1_4_1995_S0,STOREY_5,1670,75
26°C,定容,guang3zhou1shi4,2060 RCP 2.6,guang3zhou1shi4_1_4_1995_S0,STOREY_0,1670,0
26°C,定容,guang3zhou1shi4,2060 RCP 2.6,guang3zhou1shi4_1_2_2005_S0,STOREY_1,1670,0
26°C,定容,guang3zhou1shi4,2060 RCP 2.6,guang3zhou1shi4_1_2_2005_S0,STOREY_2,1670,0
26°C,定容,guang3zhou1shi4,2060 RCP 2.6,guang3zhou1shi4_1_2_2005_S0,STOREY_3,1670,0
26°C,定容,guang3zhou1shi4,2060 RCP 2.6,guang3zhou1shi4_1_2_2005_S0,STOREY_4,1670,0
26°C,定容,guang3zhou1shi4,2060 RCP 2.6,guang3zhou1shi4_1_2_2005_S0,STOREY_5,1670,0
26°C,定容,guang3zhou1shi4,2060 RCP 2.6,guang3zhou1shi4_1_2_2005_S0,STOREY_6,1670,0
26°C,定容,guang3zhou1shi4,2060 RCP 2.6,guang3zhou1shi4_1_2_2005_S0,STOREY_7,1670,0
26°C,定容,guang3zhou1shi4,2060 RCP 2.6,guang3zhou1shi4_1_2_2005_S0,STOREY_8,1670,0
26°C,定容,guang3zhou1shi4,2060 RCP 2.6,guang3zhou1shi4_1_2_2005_S0,STOREY_9,1670,71
26°C,定容,guang3zhou1shi4,2060 RCP 2.6,guang3zhou1shi4_1_2_2005_S0,STOREY_0,1670,0
26°C,定容,guang3zhou1shi4,2060 RCP 2.6,guang3zhou1shi4_1_5_1995_S0,STOREY_1,1670,0
26°C,定容,guang3zhou1shi4,2060 RCP 2.6,guang3zhou1shi4_1_5_1995_S0,STOREY_2,1670,0
26°C,定容,guang3zhou1shi4,2060 RCP 2.6,guang3zhou1shi4_1_5_1995_S0,STOREY_3,1670,0
26°C,定容,guang3zhou1shi4,2060 RCP 2.6,guang3zhou1shi4_1_5_1995_S0,STOREY_4,1670,0
26°C,定容,guang3zhou1shi4,2060 RCP 2.6,guang3zhou1shi4_1_5_1995_S0,STOREY_5,1670,67
26°C,定容,guang3zhou1shi4,2060 RCP 2.6,guang3zhou1shi4_1_5_1995_S0,STOREY_0,1670,0
26°C,定容,guang3zhou1shi4,2060 RCP 2.6,guang3zhou1shi4_1_6_2005_S0,STOREY_1,1670,1
26°C,定容,guang3zhou1shi4,2060 RCP 2.6,guang3zhou1shi4_1_6_2005_S0,STOREY_2,1670,2
26°C,定容,guang3zhou1shi4,2060 RCP 2.6,guang3zhou1shi4_1_6_2005_S0,STOREY_3,1670,3
26°C,定容,guang3zhou1shi4,2060 RCP 2.6,guang3zhou1shi4_1_6_2005_S0,STOREY_4,1670,5
26°C,定容,guang3zhou1shi4,2060 RCP 2.6,guang3zhou1shi4_1_6_2005_S0,STOREY_5,1670,80
26°C,定容,guang3zhou1shi4,2060 RCP 2.6,guang3zhou1shi4_1_6_2005_S0,STOREY_0,1670,0
26°C,定容,guang3zhou1shi4,2060 RCP 2.6,guang3zhou1shi4_1_7_2005_S0,STOREY_1,1670,0
26°C,定容,guang3zhou1shi4,2060 RCP 2.6,guang3zhou1shi4_1_7_2005_S0,STOREY_2,1670,0
26°C,定容,guang3zhou1shi4,2060 RCP 2.6,guang3zhou1shi4_1_7_2005_S0,STOREY_3,1670,0
26°C,定容,guang3zhou1shi4,2060 RCP 2.6,guang3zhou1shi4_1_7_2005_S0,STOREY_4,1670,0
26°C,定容,guang3zhou1shi4,2060 RCP 2.6,guang3zhou1shi4_1_7_2005_S0,STOREY_5,1670,0
26°C,定容,guang3zhou1shi4,2060 RCP 2.6,guang3zhou1shi4_1_7_2005_S0,STOREY_6,1670,0
26°C,定容,guang3zhou1shi4,2060 RCP 2.6,guang3zhou1shi4_1_7_2005_S0,STOREY_7,1670,56
26°C,定容,guang3zhou1shi4,2060 RCP 2.6,guang3zhou1shi4_1_7_2005_S0,STOREY_0,1670,0
26°C,定容,guang3zhou1shi4,2060 RCP 2.6,guang3zhou1shi4_1_8_1995_S0,STOREY_1,1670,0
26°C,定容,guang3zhou1shi4,2060 RCP 2.6,guang3zhou1shi4_1_8_1995_S0,STOREY_2,1670,0
26°C,定容,guang3zhou1shi4,2060 RCP 2.6,guang3zhou1shi4_1_8_1995_S0,STOREY_3,1670,0
26°C,定容,guang3zhou1shi4,2060 RCP 2.6,guang3zhou1shi4_1_8_1995_S0,STOREY_4,1670,0
26°C,定容,guang3zhou1shi4,2060 RCP 2.6,guang3zhou1shi4_1_8_1995_S0,STOREY_5,1670,0
26°C,定容,guang3zhou1shi4,2060 RCP 2.6,guang3zhou1shi4_1_8_1995_S0,STOREY_6,1670,0
26°C,定容,guang3zhou1shi4,2060 RCP 2.6,guang3zhou1shi4_1_8_1995_S0,STOREY_7,1670,0
26°C,定容,guang3zhou1shi4,2060 RCP 2.6,guang3zhou1shi4_1_8_1995_S0,STOREY_8,1670,0
26°C,定容,guang3zhou1shi4,2060 RCP 2.6,guang3zhou1shi4_1_8_1995_S0,STOREY_9,1670,65
26°C,定容,guang3zhou1shi4,2060 RCP 2.6,guang3zhou1shi4_1_8_1995_S0,STOREY_0,1670,0
26°C,定容,guang3zhou1shi4,2060 RCP 2.6,guang3zhou1shi4_1_9_1980_S0,STOREY_1,1670,0
26°C,定容,guang3zhou1shi4,2060 RCP 2.6,guang3zhou1shi4_1_9_1980_S0,STOREY_2,1670,1
26°C,定容,guang3zhou1shi4,2060 RCP 2.6,guang3zhou1shi4_1_9_1980_S0,STOREY_3,1670,3
26°C,定容,guang3zhou1shi4,2060 RCP 2.6,guang3zhou1shi4_1_9_1980_S0,STOREY_4,1670,3
26°C,定容,guang3zhou1shi4,2060 RCP 2.6,guang3zhou1shi4_1_9_1980_S0,STOREY_5,1670,3
26°C,定容,guang3zhou1shi4,2060 RCP 2.6,guang3zhou1shi4_1_9_1980_S0,STOREY_6,1670,6
26°C,定容,guang3zhou1shi4,2060 RCP 2.6,guang3zhou1shi4_1_9_1980_S0,STOREY_7,1670,63
26°C,定容,guang3zhou1shi4,2060 RCP 2.6,guang3zhou1shi4_1_9_1980_S0,STOREY_0,1670,0
26°C,定容,guang3zhou1shi4,2060 RCP 2.6,guang3zhou1shi4_2_10_2005_S0,STOREY_1,1670,0
26°C,定容,guang3zhou1shi4,2060 RCP 2.6,guang3zhou1shi4_2_10_2005_S0,STOREY_2,1670,0
26°C,定容,guang3zhou1shi4,2060 RCP 2.6,guang3zhou1shi4_2_10_2005_S0,STOREY_3,1670,0
26°C,定容,guang3zhou1shi4,2060 RCP 2.6,guang3zhou1shi4_2_10_2005_S0,STOREY_4,1670,0
26°C,定容,guang3zhou1shi4,2060 RCP 2.6,guang3zhou1shi4_2_10_2005_S0,STOREY_5,1670,0
26°C,定容,guang3zhou1shi4,2060 RCP 2.6,guang3zhou1shi4_2_10_2005_S0,STOREY_6,1670,0
26°C,定容,guang3zhou1shi4,2060 RCP 2.6,guang3zhou1shi4_2_10_2005_S0,STOREY_7,1670,0
26°C,定容,guang3zhou1shi4,2060 RCP 2.6,guang3zhou1shi4_2_10_2005_S0,STOREY_8,1670,0
26°C,定容,guang3zhou1shi4,2060 RCP 2.6,guang3zhou1shi4_2_10_2005_S0,STOREY_9,1670,0
26°C,定容,guang3zhou1shi4,2060 RCP 2.6,guang3zhou1shi4_2_10_2005_S0,STOREY_10,1670,0
26°C,定容,guang3zhou1shi4,2060 RCP 2.6,guang3zhou1shi4_2_10_2005_S0,STOREY_11,1670,48
26°C,定容,guang3zhou1shi4,2060 RCP 2.6,guang3zhou1shi4_2_10_2005_S0,STOREY_0,1670,0
26°C,定容,guang3zhou1shi4,2060 RCP 2.6,guang3zhou1shi4_2_11_2005_S0,STOREY_1,1670,0
26°C,定容,guang3zhou1shi4,2060 RCP 2.6,guang3zhou1shi4_2_11_2005_S0,STOREY_2,1670,0
26°C,定容,guang3zhou1shi4,2060 RCP 2.6,guang3zhou1shi4_2_11_2005_S0,STOREY_3,1670,0
26°C,定容,guang3zhou1shi4,2060 RCP 2.6,guang3zhou1shi4_2_11_2005_S0,STOREY_4,1670,0
26°C,定容,guang3zhou1shi4,2060 RCP 2.6,guang3zhou1shi4_2_11_2005_S0,STOREY_5,1670,0
26°C,定容,guang3zhou1shi4,2060 RCP 2.6,guang3zhou1shi4_2_11_2005_S0,STOREY_6,1670,0
26°C,定容,guang3zhou1shi4,2060 RCP 2.6,guang3zhou1shi4_2_11_2005_S0,STOREY_7,1670,0
26°C,定容,guang3zhou1shi4,2060 RCP 2.6,guang3zhou1shi4_2_11_2005_S0,STOREY_8,1670,0
26°C,定容,guang3zhou1shi4,2060 RCP 2.6,guang3zhou1shi4_2_11_2005_S0,STOREY_9,1670,0
26°C,定容,guang3zhou1shi4,2060 RCP 2.6,guang3zhou1shi4_2_11_2005_S0,STOREY_10,1670,0
26°C,定容,guang3zhou1shi4,2060 RCP 2.6,guang3zhou1shi4_2_11_2005_S0,STOREY_11,1670,0
26°C,定容,guang3zhou1shi4,2060 RCP 2.6,guang3zhou1shi4_2_11_2005_S0,STOREY_12,1670,0
26°C,定容,guang3zhou1shi4,2060 RCP 2.6,guang3zhou1shi4_2_11_2005_S0,STOREY_13,1670,0
26°C,定容,guang3zhou1shi4,2060 RCP 2.6,guang3zhou1shi4_2_11_2005_S0,STOREY_14,1670,0
26°C,定容,guang3zhou1shi4,2060 RCP 2.6,guang3zhou1shi4_2_11_2005_S0,STOREY_15,1670,46
26°C,定容,guang3zhou1shi4,2060 RCP 2.6,guang3zhou1shi4_2_11_2005_S0,STOREY_0,1670,0
26°C,定容,guang3zhou1shi4,2060 RCP 2.6,guang3zhou1shi4_2_12_2015_S0,STOREY_1,1670,0
26°C,定容,guang3zhou1shi4,2060 RCP 2.6,guang3zhou1shi4_2_12_2015_S0,STOREY_2,1670,0
26°C,定容,guang3zhou1shi4,2060 RCP 2.6,guang3zhou1shi4_2_12_2015_S0,STOREY_3,1670,0
26°C,定容,guang3zhou1shi4,2060 RCP 2.6,guang3zhou1shi4_2_12_2015_S0,STOREY_4,1670,0
26°C,定容,guang3zhou1shi4,2060 RCP 2.6,guang3zhou1shi4_2_12_2015_S0,STOREY_5,1670,0
26°C,定容,guang3zhou1shi4,2060 RCP 2.6,guang3zhou1shi4_2_12_2015_S0,STOREY_6,1670,0
26°C,定容,guang3zhou1shi4,2060 RCP 2.6,guang3zhou1shi4_2_12_2015_S0,STOREY_7,1670,0
26°C,定容,guang3zhou1shi4,2060 RCP 2.6,guang3zhou1shi4_2_12_2015_S0,STOREY_8,1670,0
26°C,定容,guang3zhou1shi4,2060 RCP 2.6,guang3zhou1shi4_2_12_2015_S0,STOREY_9,1670,0
26°C,定容,guang3zhou1shi4,2060 RCP 2.6,guang3zhou1shi4_2_12_2015_S0,STOREY_10,1670,0
26°C,定容,guang3zhou1shi4,2060 RCP 2.6,guang3zhou1shi4_2_12_2015_S0,STOREY_11,1670,0
26°C,定容,guang3zhou1shi4,2060 RCP 2.6,guang3zhou1shi4_2_12_2015_S0,STOREY_12,1670,0
26°C,定容,guang3zhou1shi4,2060 RCP 2.6,guang3zhou1shi4_2_12_2015_S0,STOREY_13,1670,0
26°C,定容,guang3zhou1shi4,2060 RCP 2.6,guang3zhou1shi4_2_12_2015_S0,STOREY_14,1670,0
26°C,定容,guang3zhou1shi4,2060 RCP 2.6,guang3zhou1shi4_2_12_2015_S0,STOREY_15,1670,0
26°C,定容,guang3zhou1shi4,2060 RCP 2.6,guang3zhou1shi4_2_12_2015_S0,STOREY_16,1670,0
26°C,定容,guang3zhou1shi4,2060 RCP 2.6,guang3zhou1shi4_2_12_2015_S0,STOREY_17,1670,0
26°C,定容,guang3zhou1shi4,2060 RCP 2.6,guang3zhou1shi4_2_12_2015_S0,STOREY_18,1670,0
26°C,定容,guang3zhou1shi4,2060 RCP 2.6,guang3zhou1shi4_2_12_2015_S0,STOREY_19,1670,0
26°C,定容,guang3zhou1shi4,2060 RCP 2.6,guang3zhou1shi4_2_12_2015_S0,STOREY_20,1670,0
26°C,定容,guang3zhou1shi4,2060 RCP 2.6,guang3zhou1shi4_2_12_2015_S0,STOREY_21,1670,31
26°C,定容,guang3zhou1shi4,2060 RCP 2.6,guang3zhou1shi4_2_12_2015_S0,STOREY_0,1670,0
26°C,定容,guang3zhou1shi4,2060 RCP 2.6,guang3zhou1shi4_2_2_1995_S0,STOREY_1,1670,0
26°C,定容,guang3zhou1shi4,2060 RCP 2.6,guang3zhou1shi4_2_2_1995_S0,STOREY_2,1670,0
26°C,定容,guang3zhou1shi4,2060 RCP 2.6,guang3zhou1shi4_2_2_1995_S0,STOREY_3,1670,0
26°C,定容,guang3zhou1shi4,2060 RCP 2.6,guang3zhou1shi4_2_2_1995_S0,STOREY_4,1670,0
26°C,定容,guang3zhou1shi4,2060 RCP 2.6,guang3zhou1shi4_2_2_1995_S0,STOREY_5,1670,0
26°C,定容,guang3zhou1shi4,2060 RCP 2.6,guang3zhou1shi4_2_2_1995_S0,STOREY_6,1670,0
26°C,定容,guang3zhou1shi4,2060 RCP 2.6,guang3zhou1shi4_2_2_1995_S0,STOREY_7,1670,0
26°C,定容,guang3zhou1shi4,2060 RCP 2.6,guang3zhou1shi4_2_2_1995_S0,STOREY_8,1670,0
26°C,定容,guang3zhou1shi4,2060 RCP 2.6,guang3zhou1shi4_2_2_1995_S0,STOREY_9,1670,0
26°C,定容,guang3zhou1shi4,2060 RCP 2.6,guang3zhou1shi4_2_2_1995_S0,STOREY_10,1670,0
26°C,定容,guang3zhou1shi4,2060 RCP 2.6,guang3zhou1shi4_2_2_1995_S0,STOREY_11,1670,0
26°C,定容,guang3zhou1shi4,2060 RCP 2.6,guang3zhou1shi4_2_2_1995_S0,STOREY_12,1670,0
26°C,定容,guang3zhou1shi4,2060 RCP 2.6,guang3zhou1shi4_2_2_1995_S0,STOREY_13,1670,0
26°C,定容,guang3zhou1shi4,2060 RCP 2.6,guang3zhou1shi4_2_2_1995_S0,STOREY_14,1670,0
26°C,定容,guang3zhou1shi4,2060 RCP 2.6,guang3zhou1shi4_2_2_1995_S0,STOREY_15,1670,0
26°C,定容,guang3zhou1shi4,2060 RCP 2.6,guang3zhou1shi4_2_2_1995_S0,STOREY_16,1670,0
26°C,定容,guang3zhou1shi4,2060 RCP 2.6,guang3zhou1shi4_2_2_1995_S0,STOREY_17,1670,0
26°C,定容,guang3zhou1shi4,2060 RCP 2.6,guang3zhou1shi4_2_2_1995_S0,STOREY_18,1670,0
26°C,定容,guang3zhou1shi4,2060 RCP 2.6,guang3zhou1shi4_2_2_1995_S0,STOREY_19,1670,75
26°C,定容,guang3zhou1shi4,2060 RCP 2.6,guang3zhou1shi4_2_2_1995_S0,STOREY_0,1670,0
26°C,定容,guang3zhou1shi4,2060 RCP 2.6,guang3zhou1shi4_2_1_2015_S0,STOREY_1,1670,0
26°C,定容,guang3zhou1shi4,2060 RCP 2.6,guang3zhou1shi4_2_1_2015_S0,STOREY_2,1670,0
26°C,定容,guang3zhou1shi4,2060 RCP 2.6,guang3zhou1shi4_2_1_2015_S0,STOREY_3,1670,0
26°C,定容,guang3zhou1shi4,2060 RCP 2.6,guang3zhou1shi4_2_1_2015_S0,STOREY_4,1670,0
26°C,定容,guang3zhou1shi4,2060 RCP 2.6,guang3zhou1shi4_2_1_2015_S0,STOREY_5,1670,0
26°C,定容,guang3zhou1shi4,2060 RCP 2.6,guang3zhou1shi4_2_1_2015_S0,STOREY_6,1670,0
26°C,定容,guang3zhou1shi4,2060 RCP 2.6,guang3zhou1shi4_2_1_2015_S0,STOREY_7,1670,0
26°C,定容,guang3zhou1shi4,2060 RCP 2.6,guang3zhou1shi4_2_1_2015_S0,STOREY_8,1670,0
26°C,定容,guang3zhou1shi4,2060 RCP 2.6,guang3zhou1shi4_2_1_2015_S0,STOREY_9,1670,0
26°C,定容,guang3zhou1shi4,2060 RCP 2.6,guang3zhou1shi4_2_1_2015_S0,STOREY_10,1670,0
26°C,定容,guang3zhou1shi4,2060 RCP 2.6,guang3zhou1shi4_2_1_2015_S0,STOREY_11,1670,0
26°C,定容,guang3zhou1shi4,2060 RCP 2.6,guang3zhou1shi4_2_1_2015_S0,STOREY_12,1670,0
26°C,定容,guang3zhou1shi4,2060 RCP 2.6,guang3zhou1shi4_2_1_2015_S0,STOREY_13,1670,0
26°C,定容,guang3zhou1shi4,2060 RCP 2.6,guang3zhou1shi4_2_1_2015_S0,STOREY_14,1670,0
26°C,定容,guang3zhou1shi4,2060 RCP 2.6,guang3zhou1shi4_2_1_2015_S0,STOREY_15,1670,0
26°C,定容,guang3zhou1shi4,2060 RCP 2.6,guang3zhou1shi4_2_1_2015_S0,STOREY_16,1670,0
26°C,定容,guang3zhou1shi4,2060 RCP 2.6,guang3zhou1shi4_2_1_2015_S0,STOREY_17,1670,0
26°C,定容,guang3zhou1shi4,2060 RCP 2.6,guang3zhou1shi4_2_1_2015_S0,STOREY_18,1670,0
26°C,定容,guang3zhou1shi4,2060 RCP 2.6,guang3zhou1shi4_2_1_2015_S0,STOREY_19,1670,0
26°C,定容,guang3zhou1shi4,2060 RCP 2.6,guang3zhou1shi4_2_1_2015_S0,STOREY_20,1670,0
26°C,定容,guang3zhou1shi4,2060 RCP 2.6,guang3zhou1shi4_2_1_2015_S0,STOREY_21,1670,0
26°C,定容,guang3zhou1shi4,2060 RCP 2.6,guang3zhou1shi4_2_1_2015_S0,STOREY_22,1670,0
26°C,定容,guang3zhou1shi4,2060 RCP 2.6,guang3zhou1shi4_2_1_2015_S0,STOREY_23,1670,0
26°C,定容,guang3zhou1shi4,2060 RCP 2.6,guang3zhou1shi4_2_1_2015_S0,STOREY_24,1670,0
26°C,定容,guang3zhou1shi4,2060 RCP 2.6,guang3zhou1shi4_2_1_2015_S0,STOREY_25,1670,0
26°C,定容,guang3zhou1shi4,2060 RCP 2.6,guang3zhou1shi4_2_1_2015_S0,STOREY_26,1670,0
26°C,定容,guang3zhou1shi4,2060 RCP 2.6,guang3zhou1shi4_2_1_2015_S0,STOREY_27,1670,21
26°C,定容,guang3zhou1shi4,2060 RCP 2.6,guang3zhou1shi4_2_1_2015_S0,STOREY_0,1670,0
26°C,定容,guang3zhou1shi4,2060 RCP 2.6,guang3zhou1shi4_2_3_2005_S0,STOREY_1,1670,0
26°C,定容,guang3zhou1shi4,2060 RCP 2.6,guang3zhou1shi4_2_3_2005_S0,STOREY_2,1670,0
26°C,定容,guang3zhou1shi4,2060 RCP 2.6,guang3zhou1shi4_2_3_2005_S0,STOREY_3,1670,0
26°C,定容,guang3zhou1shi4,2060 RCP 2.6,guang3zhou1shi4_2_3_2005_S0,STOREY_4,1670,0
26°C,定容,guang3zhou1shi4,2060 RCP 2.6,guang3zhou1shi4_2_3_2005_S0,STOREY_5,1670,0
26°C,定容,guang3zhou1shi4,2060 RCP 2.6,guang3zhou1shi4_2_3_2005_S0,STOREY_6,1670,0
26°C,定容,guang3zhou1shi4,2060 RCP 2.6,guang3zhou1shi4_2_3_2005_S0,STOREY_7,1670,0
26°C,定容,guang3zhou1shi4,2060 RCP 2.6,guang3zhou1shi4_2_3_2005_S0,STOREY_8,1670,0
26°C,定容,guang3zhou1shi4,2060 RCP 2.6,guang3zhou1shi4_2_3_2005_S0,STOREY_9,1670,0
26°C,定容,guang3zhou1shi4,2060 RCP 2.6,guang3zhou1shi4_2_3_2005_S0,STOREY_10,1670,0
26°C,定容,guang3zhou1shi4,2060 RCP 2.6,guang3zhou1shi4_2_3_2005_S0,STOREY_11,1670,0
26°C,定容,guang3zhou1shi4,2060 RCP 2.6,guang3zhou1shi4_2_3_2005_S0,STOREY_12,1670,0
26°C,定容,guang3zhou1shi4,2060 RCP 2.6,guang3zhou1shi4_2_3_2005_S0,STOREY_13,1670,0
26°C,定容,guang3zhou1shi4,2060 RCP 2.6,guang3zhou1shi4_2_3_2005_S0,STOREY_14,1670,35
26°C,定容,guang3zhou1shi4,2060 RCP 2.6,guang3zhou1shi4_2_3_2005_S0,STOREY_0,1670,0
26°C,定容,guang3zhou1shi4,2060 RCP 2.6,guang3zhou1shi4_2_4_2005_S0,STOREY_1,1670,0
26°C,定容,guang3zhou1shi4,2060 RCP 2.6,guang3zhou1shi4_2_4_2005_S0,STOREY_2,1670,0
26°C,定容,guang3zhou1shi4,2060 RCP 2.6,guang3zhou1shi4_2_4_2005_S0,STOREY_3,1670,0
26°C,定容,guang3zhou1shi4,2060 RCP 2.6,guang3zhou1shi4_2_4_2005_S0,STOREY_4,1670,0
26°C,定容,guang3zhou1shi4,2060 RCP 2.6,guang3zhou1shi4_2_4_2005_S0,STOREY_5,1670,0
26°C,定容,guang3zhou1shi4,2060 RCP 2.6,guang3zhou1shi4_2_4_2005_S0,STOREY_6,1670,0
26°C,定容,guang3zhou1shi4,2060 RCP 2.6,guang3zhou1shi4_2_4_2005_S0,STOREY_7,1670,0
26°C,定容,guang3zhou1shi4,2060 RCP 2.6,guang3zhou1shi4_2_4_2005_S0,STOREY_8,1670,0
26°C,定容,guang3zhou1shi4,2060 RCP 2.6,guang3zhou1shi4_2_4_2005_S0,STOREY_9,1670,0
26°C,定容,guang3zhou1shi4,2060 RCP 2.6,guang3zhou1shi4_2_4_2005_S0,STOREY_10,1670,0
26°C,定容,guang3zhou1shi4,2060 RCP 2.6,guang3zhou1shi4_2_4_2005_S0,STOREY_11,1670,57
26°C,定容,guang3zhou1shi4,2060 RCP 2.6,guang3zhou1shi4_2_4_2005_S0,STOREY_0,1670,0
26°C,定容,guang3zhou1shi4,2060 RCP 2.6,guang3zhou1shi4_2_5_2015_S0,STOREY_1,1670,0
26°C,定容,guang3zhou1shi4,2060 RCP 2.6,guang3zhou1shi4_2_5_2015_S0,STOREY_2,1670,0
26°C,定容,guang3zhou1shi4,2060 RCP 2.6,guang3zhou1shi4_2_5_2015_S0,STOREY_3,1670,0
26°C,定容,guang3zhou1shi4,2060 RCP 2.6,guang3zhou1shi4_2_5_2015_S0,STOREY_4,1670,0
26°C,定容,guang3zhou1shi4,2060 RCP 2.6,guang3zhou1shi4_2_5_2015_S0,STOREY_5,1670,0
26°C,定容,guang3zhou1shi4,2060 RCP 2.6,guang3zhou1shi4_2_5_2015_S0,STOREY_6,1670,0
26°C,定容,guang3zhou1shi4,2060 RCP 2.6,guang3zhou1shi4_2_5_2015_S0,STOREY_7,1670,0
26°C,定容,guang3zhou1shi4,2060 RCP 2.6,guang3zhou1shi4_2_5_2015_S0,STOREY_8,1670,0
26°C,定容,guang3zhou1shi4,2060 RCP 2.6,guang3zhou1shi4_2_5_2015_S0,STOREY_9,1670,0
26°C,定容,guang3zhou1shi4,2060 RCP 2.6,guang3zhou1shi4_2_5_2015_S0,STOREY_10,1670,0
26°C,定容,guang3zhou1shi4,2060 RCP 2.6,guang3zhou1shi4_2_5_2015_S0,STOREY_11,1670,0
26°C,定容,guang3zhou1shi4,2060 RCP 2.6,guang3zhou1shi4_2_5_2015_S0,STOREY_12,1670,0
26°C,定容,guang3zhou1shi4,2060 RCP 2.6,guang3zhou1shi4_2_5_2015_S0,STOREY_13,1670,0
26°C,定容,guang3zhou1shi4,2060 RCP 2.6,guang3zhou1shi4_2_5_2015_S0,STOREY_14,1670,34
26°C,定容,guang3zhou1shi4,2060 RCP 2.6,guang3zhou1shi4_2_5_2015_S0,STOREY_0,1670,0
26°C,定容,guang3zhou1shi4,2060 RCP 2.6,guang3zhou1shi4_2_6_2005_S0,STOREY_1,1670,0
26°C,定容,guang3zhou1shi4,2060 RCP 2.6,guang3zhou1shi4_2_6_2005_S0,STOREY_2,1670,0
26°C,定容,guang3zhou1shi4,2060 RCP 2.6,guang3zhou1shi4_2_6_2005_S0,STOREY_3,1670,0
26°C,定容,guang3zhou1shi4,2060 RCP 2.6,guang3zhou1shi4_2_6_2005_S0,STOREY_4,1670,0
26°C,定容,guang3zhou1shi4,2060 RCP 2.6,guang3zhou1shi4_2_6_2005_S0,STOREY_5,1670,0
26°C,定容,guang3zhou1shi4,2060 RCP 2.6,guang3zhou1shi4_2_6_2005_S0,STOREY_6,1670,0
26°C,定容,guang3zhou1shi4,2060 RCP 2.6,guang3zhou1shi4_2_6_2005_S0,STOREY_7,1670,0
26°C,定容,guang3zhou1shi4,2060 RCP 2.6,guang3zhou1shi4_2_6_2005_S0,STOREY_8,1670,0
26°C,定容,guang3zhou1shi4,2060 RCP 2.6,guang3zhou1shi4_2_6_2005_S0,STOREY_9,1670,0
26°C,定容,guang3zhou1shi4,2060 RCP 2.6,guang3zhou1shi4_2_6_2005_S0,STOREY_10,1670,0
26°C,定容,guang3zhou1shi4,2060 RCP 2.6,guang3zhou1shi4_2_6_2005_S0,STOREY_11,1670,0
26°C,定容,guang3zhou1shi4,2060 RCP 2.6,guang3zhou1shi4_2_6_2005_S0,STOREY_12,1670,0
26°C,定容,guang3zhou1shi4,2060 RCP 2.6,guang3zhou1shi4_2_6_2005_S0,STOREY_13,1670,0
26°C,定容,guang3zhou1shi4,2060 RCP 2.6,guang3zhou1shi4_2_6_2005_S0,STOREY_14,1670,36
26°C,定容,guang3zhou1shi4,2060 RCP 2.6,guang3zhou1shi4_2_6_2005_S0,STOREY_0,1670,0
26°C,定容,guang3zhou1shi4,2060 RCP 4.5,guang3zhou1shi4_0_10_1980_S0,STOREY_1,1670,12
26°C,定容,guang3zhou1shi4,2060 RCP 4.5,guang3zhou1shi4_0_10_1980_S0,STOREY_2,1670,99
26°C,定容,guang3zhou1shi4,2060 RCP 4.5,guang3zhou1shi4_0_10_1980_S0,STOREY_0,1670,0
26°C,定容,guang3zhou1shi4,2060 RCP 2.6,guang3zhou1shi4_2_7_2015_S0,STOREY_1,1670,0
26°C,定容,guang3zhou1shi4,2060 RCP 2.6,guang3zhou1shi4_2_7_2015_S0,STOREY_2,1670,0
26°C,定容,guang3zhou1shi4,2060 RCP 2.6,guang3zhou1shi4_2_7_2015_S0,STOREY_3,1670,0
26°C,定容,guang3zhou1shi4,2060 RCP 2.6,guang3zhou1shi4_2_7_2015_S0,STOREY_4,1670,0
26°C,定容,guang3zhou1shi4,2060 RCP 2.6,guang3zhou1shi4_2_7_2015_S0,STOREY_5,1670,0
26°C,定容,guang3zhou1shi4,2060 RCP 2.6,guang3zhou1shi4_2_7_2015_S0,STOREY_6,1670,0
26°C,定容,guang3zhou1shi4,2060 RCP 2.6,guang3zhou1shi4_2_7_2015_S0,STOREY_7,1670,0
26°C,定容,guang3zhou1shi4,2060 RCP 2.6,guang3zhou1shi4_2_7_2015_S0,STOREY_8,1670,0
26°C,定容,guang3zhou1shi4,2060 RCP 2.6,guang3zhou1shi4_2_7_2015_S0,STOREY_9,1670,0
26°C,定容,guang3zhou1shi4,2060 RCP 2.6,guang3zhou1shi4_2_7_2015_S0,STOREY_10,1670,0
26°C,定容,guang3zhou1shi4,2060 RCP 2.6,guang3zhou1shi4_2_7_2015_S0,STOREY_11,1670,0
26°C,定容,guang3zhou1shi4,2060 RCP 2.6,guang3zhou1shi4_2_7_2015_S0,STOREY_12,1670,0
26°C,定容,guang3zhou1shi4,2060 RCP 2.6,guang3zhou1shi4_2_7_2015_S0,STOREY_13,1670,0
26°C,定容,guang3zhou1shi4,2060 RCP 2.6,guang3zhou1shi4_2_7_2015_S0,STOREY_14,1670,0
26°C,定容,guang3zhou1shi4,2060 RCP 2.6,guang3zhou1shi4_2_7_2015_S0,STOREY_15,1670,0
26°C,定容,guang3zhou1shi4,2060 RCP 2.6,guang3zhou1shi4_2_7_2015_S0,STOREY_16,1670,0
26°C,定容,guang3zhou1shi4,2060 RCP 2.6,guang3zhou1shi4_2_7_2015_S0,STOREY_17,1670,0
26°C,定容,guang3zhou1shi4,2060 RCP 2.6,guang3zhou1shi4_2_7_2015_S0,STOREY_18,1670,0
26°C,定容,guang3zhou1shi4,2060 RCP 2.6,guang3zhou1shi4_2_7_2015_S0,STOREY_19,1670,23
26°C,定容,guang3zhou1shi4,2060 RCP 2.6,guang3zhou1shi4_2_7_2015_S0,STOREY_0,1670,0
26°C,定容,guang3zhou1shi4,2060 RCP 4.5,guang3zhou1shi4_0_11_1995_S0,STOREY_1,1670,5
26°C,定容,guang3zhou1shi4,2060 RCP 4.5,guang3zhou1shi4_0_11_1995_S0,STOREY_2,1670,92
26°C,定容,guang3zhou1shi4,2060 RCP 4.5,guang3zhou1shi4_0_11_1995_S0,STOREY_0,1670,0
26°C,定容,guang3zhou1shi4,2060 RCP 4.5,guang3zhou1shi4_0_1_1995_S0,STOREY_1,1670,35
26°C,定容,guang3zhou1shi4,2060 RCP 4.5,guang3zhou1shi4_0_1_1995_S0,STOREY_2,1670,121
26°C,定容,guang3zhou1shi4,2060 RCP 4.5,guang3zhou1shi4_0_1_1995_S0,STOREY_0,1670,1
26°C,定容,guang3zhou1shi4,2060 RCP 4.5,guang3zhou1shi4_0_12_1980_S0,STOREY_1,1670,1
26°C,定容,guang3zhou1shi4,2060 RCP 4.5,guang3zhou1shi4_0_12_1980_S0,STOREY_2,1670,2
26°C,定容,guang3zhou1shi4,2060 RCP 4.5,guang3zhou1shi4_0_12_1980_S0,STOREY_3,1670,6
26°C,定容,guang3zhou1shi4,2060 RCP 4.5,guang3zhou1shi4_0_12_1980_S0,STOREY_4,1670,33
26°C,定容,guang3zhou1shi4,2060 RCP 4.5,guang3zhou1shi4_0_12_1980_S0,STOREY_0,1670,0
26°C,定容,guang3zhou1shi4,2060 RCP 4.5,guang3zhou1shi4_0_3_1980_S0,STOREY_1,1670,35
26°C,定容,guang3zhou1shi4,2060 RCP 4.5,guang3zhou1shi4_0_3_1980_S0,STOREY_0,1670,0
26°C,定容,guang3zhou1shi4,2060 RCP 4.5,guang3zhou1shi4_0_2_1980_S0,STOREY_1,1670,4
26°C,定容,guang3zhou1shi4,2060 RCP 4.5,guang3zhou1shi4_0_2_1980_S0,STOREY_2,1670,69
26°C,定容,guang3zhou1shi4,2060 RCP 4.5,guang3zhou1shi4_0_2_1980_S0,STOREY_0,1670,0
26°C,定容,guang3zhou1shi4,2060 RCP 4.5,guang3zhou1shi4_0_4_1980_S0,STOREY_1,1670,95
26°C,定容,guang3zhou1shi4,2060 RCP 4.5,guang3zhou1shi4_0_4_1980_S0,STOREY_2,1670,133
26°C,定容,guang3zhou1shi4,2060 RCP 4.5,guang3zhou1shi4_0_4_1980_S0,STOREY_0,1670,0
26°C,定容,guang3zhou1shi4,2060 RCP 4.5,guang3zhou1shi4_0_5_1980_S0,STOREY_1,1670,1
26°C,定容,guang3zhou1shi4,2060 RCP 4.5,guang3zhou1shi4_0_5_1980_S0,STOREY_2,1670,27
26°C,定容,guang3zhou1shi4,2060 RCP 4.5,guang3zhou1shi4_0_5_1980_S0,STOREY_0,1670,0
26°C,定容,guang3zhou1shi4,2060 RCP 4.5,guang3zhou1shi4_0_6_1995_S0,STOREY_0,1670,0
26°C,定容,guang3zhou1shi4,2060 RCP 2.6,guang3zhou1shi4_2_8_2005_S0,STOREY_1,1670,0
26°C,定容,guang3zhou1shi4,2060 RCP 2.6,guang3zhou1shi4_2_8_2005_S0,STOREY_2,1670,0
26°C,定容,guang3zhou1shi4,2060 RCP 2.6,guang3zhou1shi4_2_8_2005_S0,STOREY_3,1670,0
26°C,定容,guang3zhou1shi4,2060 RCP 2.6,guang3zhou1shi4_2_8_2005_S0,STOREY_4,1670,0
26°C,定容,guang3zhou1shi4,2060 RCP 2.6,guang3zhou1shi4_2_8_2005_S0,STOREY_5,1670,0
26°C,定容,guang3zhou1shi4,2060 RCP 2.6,guang3zhou1shi4_2_8_2005_S0,STOREY_6,1670,0
26°C,定容,guang3zhou1shi4,2060 RCP 2.6,guang3zhou1shi4_2_8_2005_S0,STOREY_7,1670,0
26°C,定容,guang3zhou1shi4,2060 RCP 2.6,guang3zhou1shi4_2_8_2005_S0,STOREY_8,1670,0
26°C,定容,guang3zhou1shi4,2060 RCP 2.6,guang3zhou1shi4_2_8_2005_S0,STOREY_9,1670,0
26°C,定容,guang3zhou1shi4,2060 RCP 2.6,guang3zhou1shi4_2_8_2005_S0,STOREY_10,1670,0
26°C,定容,guang3zhou1shi4,2060 RCP 2.6,guang3zhou1shi4_2_8_2005_S0,STOREY_11,1670,0
26°C,定容,guang3zhou1shi4,2060 RCP 2.6,guang3zhou1shi4_2_8_2005_S0,STOREY_12,1670,0
26°C,定容,guang3zhou1shi4,2060 RCP 2.6,guang3zhou1shi4_2_8_2005_S0,STOREY_13,1670,0
26°C,定容,guang3zhou1shi4,2060 RCP 2.6,guang3zhou1shi4_2_8_2005_S0,STOREY_14,1670,0
26°C,定容,guang3zhou1shi4,2060 RCP 2.6,guang3zhou1shi4_2_8_2005_S0,STOREY_15,1670,0
26°C,定容,guang3zhou1shi4,2060 RCP 2.6,guang3zhou1shi4_2_8_2005_S0,STOREY_16,1670,0
26°C,定容,guang3zhou1shi4,2060 RCP 2.6,guang3zhou1shi4_2_8_2005_S0,STOREY_17,1670,0
26°C,定容,guang3zhou1shi4,2060 RCP 2.6,guang3zhou1shi4_2_8_2005_S0,STOREY_18,1670,0
26°C,定容,guang3zhou1shi4,2060 RCP 2.6,guang3zhou1shi4_2_8_2005_S0,STOREY_19,1670,0
26°C,定容,guang3zhou1shi4,2060 RCP 2.6,guang3zhou1shi4_2_8_2005_S0,STOREY_20,1670,0
26°C,定容,guang3zhou1shi4,2060 RCP 2.6,guang3zhou1shi4_2_8_2005_S0,STOREY_21,1670,0
26°C,定容,guang3zhou1shi4,2060 RCP 2.6,guang3zhou1shi4_2_8_2005_S0,STOREY_22,1670,0
26°C,定容,guang3zhou1shi4,2060 RCP 2.6,guang3zhou1shi4_2_8_2005_S0,STOREY_23,1670,0
26°C,定容,guang3zhou1shi4,2060 RCP 2.6,guang3zhou1shi4_2_8_2005_S0,STOREY_24,1670,0
26°C,定容,guang3zhou1shi4,2060 RCP 2.6,guang3zhou1shi4_2_8_2005_S0,STOREY_25,1670,0
26°C,定容,guang3zhou1shi4,2060 RCP 2.6,guang3zhou1shi4_2_8_2005_S0,STOREY_26,1670,0
26°C,定容,guang3zhou1shi4,2060 RCP 2.6,guang3zhou1shi4_2_8_2005_S0,STOREY_27,1670,30
26°C,定容,guang3zhou1shi4,2060 RCP 2.6,guang3zhou1shi4_2_8_2005_S0,STOREY_0,1670,0
26°C,定容,guang3zhou1shi4,2060 RCP 4.5,guang3zhou1shi4_0_7_1980_S0,STOREY_0,1670,0
26°C,定容,guang3zhou1shi4,2060 RCP 4.5,guang3zhou1shi4_0_8_1980_S0,STOREY_0,1670,0
26°C,定容,guang3zhou1shi4,2060 RCP 4.5,guang3zhou1shi4_0_9_1980_S0,STOREY_0,1670,0
26°C,定容,guang3zhou1shi4,2060 RCP 2.6,guang3zhou1shi4_2_9_2005_S0,STOREY_1,1670,0
26°C,定容,guang3zhou1shi4,2060 RCP 2.6,guang3zhou1shi4_2_9_2005_S0,STOREY_2,1670,0
26°C,定容,guang3zhou1shi4,2060 RCP 2.6,guang3zhou1shi4_2_9_2005_S0,STOREY_3,1670,0
26°C,定容,guang3zhou1shi4,2060 RCP 2.6,guang3zhou1shi4_2_9_2005_S0,STOREY_4,1670,0
26°C,定容,guang3zhou1shi4,2060 RCP 2.6,guang3zhou1shi4_2_9_2005_S0,STOREY_5,1670,0
26°C,定容,guang3zhou1shi4,2060 RCP 2.6,guang3zhou1shi4_2_9_2005_S0,STOREY_6,1670,0
26°C,定容,guang3zhou1shi4,2060 RCP 2.6,guang3zhou1shi4_2_9_2005_S0,STOREY_7,1670,0
26°C,定容,guang3zhou1shi4,2060 RCP 2.6,guang3zhou1shi4_2_9_2005_S0,STOREY_8,1670,0
26°C,定容,guang3zhou1shi4,2060 RCP 2.6,guang3zhou1shi4_2_9_2005_S0,STOREY_9,1670,0
26°C,定容,guang3zhou1shi4,2060 RCP 2.6,guang3zhou1shi4_2_9_2005_S0,STOREY_10,1670,0
26°C,定容,guang3zhou1shi4,2060 RCP 2.6,guang3zhou1shi4_2_9_2005_S0,STOREY_11,1670,0
26°C,定容,guang3zhou1shi4,2060 RCP 2.6,guang3zhou1shi4_2_9_2005_S0,STOREY_12,1670,0
26°C,定容,guang3zhou1shi4,2060 RCP 2.6,guang3zhou1shi4_2_9_2005_S0,STOREY_13,1670,0
26°C,定容,guang3zhou1shi4,2060 RCP 2.6,guang3zhou1shi4_2_9_2005_S0,STOREY_14,1670,0
26°C,定容,guang3zhou1shi4,2060 RCP 2.6,guang3zhou1shi4_2_9_2005_S0,STOREY_15,1670,0
26°C,定容,guang3zhou1shi4,2060 RCP 2.6,guang3zhou1shi4_2_9_2005_S0,STOREY_16,1670,0
26°C,定容,guang3zhou1shi4,2060 RCP 2.6,guang3zhou1shi4_2_9_2005_S0,STOREY_17,1670,0
26°C,定容,guang3zhou1shi4,2060 RCP 2.6,guang3zhou1shi4_2_9_2005_S0,STOREY_18,1670,0
26°C,定容,guang3zhou1shi4,2060 RCP 2.6,guang3zhou1shi4_2_9_2005_S0,STOREY_19,1670,0
26°C,定容,guang3zhou1shi4,2060 RCP 2.6,guang3zhou1shi4_2_9_2005_S0,STOREY_20,1670,0
26°C,定容,guang3zhou1shi4,2060 RCP 2.6,guang3zhou1shi4_2_9_2005_S0,STOREY_21,1670,0
26°C,定容,guang3zhou1shi4,2060 RCP 2.6,guang3zhou1shi4_2_9_2005_S0,STOREY_22,1670,0
26°C,定容,guang3zhou1shi4,2060 RCP 2.6,guang3zhou1shi4_2_9_2005_S0,STOREY_23,1670,47
26°C,定容,guang3zhou1shi4,2060 RCP 2.6,guang3zhou1shi4_2_9_2005_S0,STOREY_0,1670,0
26°C,定容,guang3zhou1shi4,2060 RCP 4.5,guang3zhou1shi4_1_10_1995_S0,STOREY_1,1670,4
26°C,定容,guang3zhou1shi4,2060 RCP 4.5,guang3zhou1shi4_1_10_1995_S0,STOREY_2,1670,8
26°C,定容,guang3zhou1shi4,2060 RCP 4.5,guang3zhou1shi4_1_10_1995_S0,STOREY_3,1670,10
26°C,定容,guang3zhou1shi4,2060 RCP 4.5,guang3zhou1shi4_1_10_1995_S0,STOREY_4,1670,80
26°C,定容,guang3zhou1shi4,2060 RCP 4.5,guang3zhou1shi4_1_10_1995_S0,STOREY_0,1670,0
26°C,定容,guang3zhou1shi4,2060 RCP 4.5,guang3zhou1shi4_1_12_2005_S0,STOREY_1,1670,2
26°C,定容,guang3zhou1shi4,2060 RCP 4.5,guang3zhou1shi4_1_12_2005_S0,STOREY_2,1670,3
26°C,定容,guang3zhou1shi4,2060 RCP 4.5,guang3zhou1shi4_1_12_2005_S0,STOREY_3,1670,49
26°C,定容,guang3zhou1shi4,2060 RCP 4.5,guang3zhou1shi4_1_12_2005_S0,STOREY_0,1670,0
26°C,定容,guang3zhou1shi4,2060 RCP 4.5,guang3zhou1shi4_1_1_2005_S0,STOREY_1,1670,2
26°C,定容,guang3zhou1shi4,2060 RCP 4.5,guang3zhou1shi4_1_1_2005_S0,STOREY_2,1670,3
26°C,定容,guang3zhou1shi4,2060 RCP 4.5,guang3zhou1shi4_1_1_2005_S0,STOREY_3,1670,4
26°C,定容,guang3zhou1shi4,2060 RCP 4.5,guang3zhou1shi4_1_1_2005_S0,STOREY_4,1670,54
26°C,定容,guang3zhou1shi4,2060 RCP 4.5,guang3zhou1shi4_1_1_2005_S0,STOREY_0,1670,0
26°C,定容,guang3zhou1shi4,2060 RCP 4.5,guang3zhou1shi4_1_11_1995_S0,STOREY_1,1670,3
26°C,定容,guang3zhou1shi4,2060 RCP 4.5,guang3zhou1shi4_1_11_1995_S0,STOREY_2,1670,5
26°C,定容,guang3zhou1shi4,2060 RCP 4.5,guang3zhou1shi4_1_11_1995_S0,STOREY_3,1670,6
26°C,定容,guang3zhou1shi4,2060 RCP 4.5,guang3zhou1shi4_1_11_1995_S0,STOREY_4,1670,6
26°C,定容,guang3zhou1shi4,2060 RCP 4.5,guang3zhou1shi4_1_11_1995_S0,STOREY_5,1670,6
26°C,定容,guang3zhou1shi4,2060 RCP 4.5,guang3zhou1shi4_1_11_1995_S0,STOREY_6,1670,6
26°C,定容,guang3zhou1shi4,2060 RCP 4.5,guang3zhou1shi4_1_11_1995_S0,STOREY_7,1670,70
26°C,定容,guang3zhou1shi4,2060 RCP 4.5,guang3zhou1shi4_1_11_1995_S0,STOREY_0,1670,0
26°C,定容,guang3zhou1shi4,2060 RCP 4.5,guang3zhou1shi4_1_3_2005_S0,STOREY_1,1670,6
26°C,定容,guang3zhou1shi4,2060 RCP 4.5,guang3zhou1shi4_1_3_2005_S0,STOREY_2,1670,10
26°C,定容,guang3zhou1shi4,2060 RCP 4.5,guang3zhou1shi4_1_3_2005_S0,STOREY_3,1670,10
26°C,定容,guang3zhou1shi4,2060 RCP 4.5,guang3zhou1shi4_1_3_2005_S0,STOREY_4,1670,11
26°C,定容,guang3zhou1shi4,2060 RCP 4.5,guang3zhou1shi4_1_3_2005_S0,STOREY_5,1670,95
26°C,定容,guang3zhou1shi4,2060 RCP 4.5,guang3zhou1shi4_1_3_2005_S0,STOREY_0,1670,0
26°C,定容,guang3zhou1shi4,2060 RCP 4.5,guang3zhou1shi4_1_4_1995_S0,STOREY_1,1670,8
26°C,定容,guang3zhou1shi4,2060 RCP 4.5,guang3zhou1shi4_1_4_1995_S0,STOREY_2,1670,12
26°C,定容,guang3zhou1shi4,2060 RCP 4.5,guang3zhou1shi4_1_4_1995_S0,STOREY_3,1670,12
26°C,定容,guang3zhou1shi4,2060 RCP 4.5,guang3zhou1shi4_1_4_1995_S0,STOREY_4,1670,14
26°C,定容,guang3zhou1shi4,2060 RCP 4.5,guang3zhou1shi4_1_4_1995_S0,STOREY_5,1670,99
26°C,定容,guang3zhou1shi4,2060 RCP 4.5,guang3zhou1shi4_1_4_1995_S0,STOREY_0,1670,0
26°C,定容,guang3zhou1shi4,2060 RCP 4.5,guang3zhou1shi4_1_5_1995_S0,STOREY_1,1670,4
26°C,定容,guang3zhou1shi4,2060 RCP 4.5,guang3zhou1shi4_1_5_1995_S0,STOREY_2,1670,8
26°C,定容,guang3zhou1shi4,2060 RCP 4.5,guang3zhou1shi4_1_5_1995_S0,STOREY_3,1670,9
26°C,定容,guang3zhou1shi4,2060 RCP 4.5,guang3zhou1shi4_1_5_1995_S0,STOREY_4,1670,10
26°C,定容,guang3zhou1shi4,2060 RCP 4.5,guang3zhou1shi4_1_5_1995_S0,STOREY_5,1670,89
26°C,定容,guang3zhou1shi4,2060 RCP 4.5,guang3zhou1shi4_1_5_1995_S0,STOREY_0,1670,0
26°C,定容,guang3zhou1shi4,2060 RCP 4.5,guang3zhou1shi4_1_2_2005_S0,STOREY_1,1670,6
26°C,定容,guang3zhou1shi4,2060 RCP 4.5,guang3zhou1shi4_1_2_2005_S0,STOREY_2,1670,9
26°C,定容,guang3zhou1shi4,2060 RCP 4.5,guang3zhou1shi4_1_2_2005_S0,STOREY_3,1670,10
26°C,定容,guang3zhou1shi4,2060 RCP 4.5,guang3zhou1shi4_1_2_2005_S0,STOREY_4,1670,10
26°C,定容,guang3zhou1shi4,2060 RCP 4.5,guang3zhou1shi4_1_2_2005_S0,STOREY_5,1670,10
26°C,定容,guang3zhou1shi4,2060 RCP 4.5,guang3zhou1shi4_1_2_2005_S0,STOREY_6,1670,10
26°C,定容,guang3zhou1shi4,2060 RCP 4.5,guang3zhou1shi4_1_2_2005_S0,STOREY_7,1670,10
26°C,定容,guang3zhou1shi4,2060 RCP 4.5,guang3zhou1shi4_1_2_2005_S0,STOREY_8,1670,10
26°C,定容,guang3zhou1shi4,2060 RCP 4.5,guang3zhou1shi4_1_2_2005_S0,STOREY_9,1670,89
26°C,定容,guang3zhou1shi4,2060 RCP 4.5,guang3zhou1shi4_1_2_2005_S0,STOREY_0,1670,0
26°C,定容,guang3zhou1shi4,2060 RCP 4.5,guang3zhou1shi4_1_6_2005_S0,STOREY_1,1670,7
26°C,定容,guang3zhou1shi4,2060 RCP 4.5,guang3zhou1shi4_1_6_2005_S0,STOREY_2,1670,11
26°C,定容,guang3zhou1shi4,2060 RCP 4.5,guang3zhou1shi4_1_6_2005_S0,STOREY_3,1670,12
26°C,定容,guang3zhou1shi4,2060 RCP 4.5,guang3zhou1shi4_1_6_2005_S0,STOREY_4,1670,12
26°C,定容,guang3zhou1shi4,2060 RCP 4.5,guang3zhou1shi4_1_6_2005_S0,STOREY_5,1670,98
26°C,定容,guang3zhou1shi4,2060 RCP 4.5,guang3zhou1shi4_1_6_2005_S0,STOREY_0,1670,0
26°C,定容,guang3zhou1shi4,2060 RCP 4.5,guang3zhou1shi4_1_7_2005_S0,STOREY_1,1670,3
26°C,定容,guang3zhou1shi4,2060 RCP 4.5,guang3zhou1shi4_1_7_2005_S0,STOREY_2,1670,5
26°C,定容,guang3zhou1shi4,2060 RCP 4.5,guang3zhou1shi4_1_7_2005_S0,STOREY_3,1670,6
26°C,定容,guang3zhou1shi4,2060 RCP 4.5,guang3zhou1shi4_1_7_2005_S0,STOREY_4,1670,6
26°C,定容,guang3zhou1shi4,2060 RCP 4.5,guang3zhou1shi4_1_7_2005_S0,STOREY_5,1670,6
26°C,定容,guang3zhou1shi4,2060 RCP 4.5,guang3zhou1shi4_1_7_2005_S0,STOREY_6,1670,8
26°C,定容,guang3zhou1shi4,2060 RCP 4.5,guang3zhou1shi4_1_7_2005_S0,STOREY_7,1670,72
26°C,定容,guang3zhou1shi4,2060 RCP 4.5,guang3zhou1shi4_1_7_2005_S0,STOREY_0,1670,0
26°C,定容,guang3zhou1shi4,2060 RCP 4.5,guang3zhou1shi4_1_9_1980_S0,STOREY_1,1670,3
26°C,定容,guang3zhou1shi4,2060 RCP 4.5,guang3zhou1shi4_1_9_1980_S0,STOREY_2,1670,7
26°C,定容,guang3zhou1shi4,2060 RCP 4.5,guang3zhou1shi4_1_9_1980_S0,STOREY_3,1670,7
26°C,定容,guang3zhou1shi4,2060 RCP 4.5,guang3zhou1shi4_1_9_1980_S0,STOREY_4,1670,8
26°C,定容,guang3zhou1shi4,2060 RCP 4.5,guang3zhou1shi4_1_9_1980_S0,STOREY_5,1670,9
26°C,定容,guang3zhou1shi4,2060 RCP 4.5,guang3zhou1shi4_1_9_1980_S0,STOREY_6,1670,11
26°C,定容,guang3zhou1shi4,2060 RCP 4.5,guang3zhou1shi4_1_9_1980_S0,STOREY_7,1670,73
26°C,定容,guang3zhou1shi4,2060 RCP 4.5,guang3zhou1shi4_1_9_1980_S0,STOREY_0,1670,0
26°C,定容,guang3zhou1shi4,2060 RCP 4.5,guang3zhou1shi4_1_8_1995_S0,STOREY_1,1670,4
26°C,定容,guang3zhou1shi4,2060 RCP 4.5,guang3zhou1shi4_1_8_1995_S0,STOREY_2,1670,6
26°C,定容,guang3zhou1shi4,2060 RCP 4.5,guang3zhou1shi4_1_8_1995_S0,STOREY_3,1670,7
26°C,定容,guang3zhou1shi4,2060 RCP 4.5,guang3zhou1shi4_1_8_1995_S0,STOREY_4,1670,7
26°C,定容,guang3zhou1shi4,2060 RCP 4.5,guang3zhou1shi4_1_8_1995_S0,STOREY_5,1670,7
26°C,定容,guang3zhou1shi4,2060 RCP 4.5,guang3zhou1shi4_1_8_1995_S0,STOREY_6,1670,7
26°C,定容,guang3zhou1shi4,2060 RCP 4.5,guang3zhou1shi4_1_8_1995_S0,STOREY_7,1670,8
26°C,定容,guang3zhou1shi4,2060 RCP 4.5,guang3zhou1shi4_1_8_1995_S0,STOREY_8,1670,8
26°C,定容,guang3zhou1shi4,2060 RCP 4.5,guang3zhou1shi4_1_8_1995_S0,STOREY_9,1670,82
26°C,定容,guang3zhou1shi4,2060 RCP 4.5,guang3zhou1shi4_1_8_1995_S0,STOREY_0,1670,0
26°C,定容,guang3zhou1shi4,2060 RCP 4.5,guang3zhou1shi4_2_10_2005_S0,STOREY_1,1670,2
26°C,定容,guang3zhou1shi4,2060 RCP 4.5,guang3zhou1shi4_2_10_2005_S0,STOREY_2,1670,4
26°C,定容,guang3zhou1shi4,2060 RCP 4.5,guang3zhou1shi4_2_10_2005_S0,STOREY_3,1670,4
26°C,定容,guang3zhou1shi4,2060 RCP 4.5,guang3zhou1shi4_2_10_2005_S0,STOREY_4,1670,5
26°C,定容,guang3zhou1shi4,2060 RCP 4.5,guang3zhou1shi4_2_10_2005_S0,STOREY_5,1670,5
26°C,定容,guang3zhou1shi4,2060 RCP 4.5,guang3zhou1shi4_2_10_2005_S0,STOREY_6,1670,5
26°C,定容,guang3zhou1shi4,2060 RCP 4.5,guang3zhou1shi4_2_10_2005_S0,STOREY_7,1670,5
26°C,定容,guang3zhou1shi4,2060 RCP 4.5,guang3zhou1shi4_2_10_2005_S0,STOREY_8,1670,5
26°C,定容,guang3zhou1shi4,2060 RCP 4.5,guang3zhou1shi4_2_10_2005_S0,STOREY_9,1670,6
26°C,定容,guang3zhou1shi4,2060 RCP 4.5,guang3zhou1shi4_2_10_2005_S0,STOREY_10,1670,6
26°C,定容,guang3zhou1shi4,2060 RCP 4.5,guang3zhou1shi4_2_10_2005_S0,STOREY_11,1670,60
26°C,定容,guang3zhou1shi4,2060 RCP 4.5,guang3zhou1shi4_2_10_2005_S0,STOREY_0,1670,0
26°C,定容,guang3zhou1shi4,2060 RCP 4.5,guang3zhou1shi4_2_11_2005_S0,STOREY_1,1670,2
26°C,定容,guang3zhou1shi4,2060 RCP 4.5,guang3zhou1shi4_2_11_2005_S0,STOREY_2,1670,3
26°C,定容,guang3zhou1shi4,2060 RCP 4.5,guang3zhou1shi4_2_11_2005_S0,STOREY_3,1670,3
26°C,定容,guang3zhou1shi4,2060 RCP 4.5,guang3zhou1shi4_2_11_2005_S0,STOREY_4,1670,3
26°C,定容,guang3zhou1shi4,2060 RCP 4.5,guang3zhou1shi4_2_11_2005_S0,STOREY_5,1670,3
26°C,定容,guang3zhou1shi4,2060 RCP 4.5,guang3zhou1shi4_2_11_2005_S0,STOREY_6,1670,3
26°C,定容,guang3zhou1shi4,2060 RCP 4.5,guang3zhou1shi4_2_11_2005_S0,STOREY_7,1670,3
26°C,定容,guang3zhou1shi4,2060 RCP 4.5,guang3zhou1shi4_2_11_2005_S0,STOREY_8,1670,3
26°C,定容,guang3zhou1shi4,2060 RCP 4.5,guang3zhou1shi4_2_11_2005_S0,STOREY_9,1670,3
26°C,定容,guang3zhou1shi4,2060 RCP 4.5,guang3zhou1shi4_2_11_2005_S0,STOREY_10,1670,3
26°C,定容,guang3zhou1shi4,2060 RCP 4.5,guang3zhou1shi4_2_11_2005_S0,STOREY_11,1670,3
26°C,定容,guang3zhou1shi4,2060 RCP 4.5,guang3zhou1shi4_2_11_2005_S0,STOREY_12,1670,4
26°C,定容,guang3zhou1shi4,2060 RCP 4.5,guang3zhou1shi4_2_11_2005_S0,STOREY_13,1670,4
26°C,定容,guang3zhou1shi4,2060 RCP 4.5,guang3zhou1shi4_2_11_2005_S0,STOREY_14,1670,6
26°C,定容,guang3zhou1shi4,2060 RCP 4.5,guang3zhou1shi4_2_11_2005_S0,STOREY_15,1670,58
26°C,定容,guang3zhou1shi4,2060 RCP 4.5,guang3zhou1shi4_2_11_2005_S0,STOREY_0,1670,0
26°C,定容,guang3zhou1shi4,2060 RCP 4.5,guang3zhou1shi4_2_12_2015_S0,STOREY_1,1670,1
26°C,定容,guang3zhou1shi4,2060 RCP 4.5,guang3zhou1shi4_2_12_2015_S0,STOREY_2,1670,2
26°C,定容,guang3zhou1shi4,2060 RCP 4.5,guang3zhou1shi4_2_12_2015_S0,STOREY_3,1670,2
26°C,定容,guang3zhou1shi4,2060 RCP 4.5,guang3zhou1shi4_2_12_2015_S0,STOREY_4,1670,2
26°C,定容,guang3zhou1shi4,2060 RCP 4.5,guang3zhou1shi4_2_12_2015_S0,STOREY_5,1670,2
26°C,定容,guang3zhou1shi4,2060 RCP 4.5,guang3zhou1shi4_2_12_2015_S0,STOREY_6,1670,2
26°C,定容,guang3zhou1shi4,2060 RCP 4.5,guang3zhou1shi4_2_12_2015_S0,STOREY_7,1670,2
26°C,定容,guang3zhou1shi4,2060 RCP 4.5,guang3zhou1shi4_2_12_2015_S0,STOREY_8,1670,2
26°C,定容,guang3zhou1shi4,2060 RCP 4.5,guang3zhou1shi4_2_12_2015_S0,STOREY_9,1670,2
26°C,定容,guang3zhou1shi4,2060 RCP 4.5,guang3zhou1shi4_2_12_2015_S0,STOREY_10,1670,2
26°C,定容,guang3zhou1shi4,2060 RCP 4.5,guang3zhou1shi4_2_12_2015_S0,STOREY_11,1670,2
26°C,定容,guang3zhou1shi4,2060 RCP 4.5,guang3zhou1shi4_2_12_2015_S0,STOREY_12,1670,2
26°C,定容,guang3zhou1shi4,2060 RCP 4.5,guang3zhou1shi4_2_12_2015_S0,STOREY_13,1670,2
26°C,定容,guang3zhou1shi4,2060 RCP 4.5,guang3zhou1shi4_2_12_2015_S0,STOREY_14,1670,2
26°C,定容,guang3zhou1shi4,2060 RCP 4.5,guang3zhou1shi4_2_12_2015_S0,STOREY_15,1670,2
26°C,定容,guang3zhou1shi4,2060 RCP 4.5,guang3zhou1shi4_2_12_2015_S0,STOREY_16,1670,2
26°C,定容,guang3zhou1shi4,2060 RCP 4.5,guang3zhou1shi4_2_12_2015_S0,STOREY_17,1670,2
26°C,定容,guang3zhou1shi4,2060 RCP 4.5,guang3zhou1shi4_2_12_2015_S0,STOREY_18,1670,2
26°C,定容,guang3zhou1shi4,2060 RCP 4.5,guang3zhou1shi4_2_12_2015_S0,STOREY_19,1670,2
26°C,定容,guang3zhou1shi4,2060 RCP 4.5,guang3zhou1shi4_2_12_2015_S0,STOREY_20,1670,3
26°C,定容,guang3zhou1shi4,2060 RCP 4.5,guang3zhou1shi4_2_12_2015_S0,STOREY_21,1670,38
26°C,定容,guang3zhou1shi4,2060 RCP 4.5,guang3zhou1shi4_2_12_2015_S0,STOREY_0,1670,0
26°C,定容,guang3zhou1shi4,2060 RCP 4.5,guang3zhou1shi4_2_2_1995_S0,STOREY_1,1670,6
26°C,定容,guang3zhou1shi4,2060 RCP 4.5,guang3zhou1shi4_2_2_1995_S0,STOREY_2,1670,10
26°C,定容,guang3zhou1shi4,2060 RCP 4.5,guang3zhou1shi4_2_2_1995_S0,STOREY_3,1670,10
26°C,定容,guang3zhou1shi4,2060 RCP 4.5,guang3zhou1shi4_2_2_1995_S0,STOREY_4,1670,10
26°C,定容,guang3zhou1shi4,2060 RCP 4.5,guang3zhou1shi4_2_2_1995_S0,STOREY_5,1670,10
26°C,定容,guang3zhou1shi4,2060 RCP 4.5,guang3zhou1shi4_2_2_1995_S0,STOREY_6,1670,10
26°C,定容,guang3zhou1shi4,2060 RCP 4.5,guang3zhou1shi4_2_2_1995_S0,STOREY_7,1670,10
26°C,定容,guang3zhou1shi4,2060 RCP 4.5,guang3zhou1shi4_2_2_1995_S0,STOREY_8,1670,10
26°C,定容,guang3zhou1shi4,2060 RCP 4.5,guang3zhou1shi4_2_2_1995_S0,STOREY_9,1670,10
26°C,定容,guang3zhou1shi4,2060 RCP 4.5,guang3zhou1shi4_2_2_1995_S0,STOREY_10,1670,10
26°C,定容,guang3zhou1shi4,2060 RCP 4.5,guang3zhou1shi4_2_2_1995_S0,STOREY_11,1670,10
26°C,定容,guang3zhou1shi4,2060 RCP 4.5,guang3zhou1shi4_2_2_1995_S0,STOREY_12,1670,10
26°C,定容,guang3zhou1shi4,2060 RCP 4.5,guang3zhou1shi4_2_2_1995_S0,STOREY_13,1670,10
26°C,定容,guang3zhou1shi4,2060 RCP 4.5,guang3zhou1shi4_2_2_1995_S0,STOREY_14,1670,10
26°C,定容,guang3zhou1shi4,2060 RCP 4.5,guang3zhou1shi4_2_2_1995_S0,STOREY_15,1670,10
26°C,定容,guang3zhou1shi4,2060 RCP 4.5,guang3zhou1shi4_2_2_1995_S0,STOREY_16,1670,10
26°C,定容,guang3zhou1shi4,2060 RCP 4.5,guang3zhou1shi4_2_2_1995_S0,STOREY_17,1670,10
26°C,定容,guang3zhou1shi4,2060 RCP 4.5,guang3zhou1shi4_2_2_1995_S0,STOREY_18,1670,10
26°C,定容,guang3zhou1shi4,2060 RCP 4.5,guang3zhou1shi4_2_2_1995_S0,STOREY_19,1670,94
26°C,定容,guang3zhou1shi4,2060 RCP 4.5,guang3zhou1shi4_2_2_1995_S0,STOREY_0,1670,0
26°C,定容,guang3zhou1shi4,2060 RCP 4.5,guang3zhou1shi4_2_1_2015_S0,STOREY_1,1670,1
26°C,定容,guang3zhou1shi4,2060 RCP 4.5,guang3zhou1shi4_2_1_2015_S0,STOREY_2,1670,2
26°C,定容,guang3zhou1shi4,2060 RCP 4.5,guang3zhou1shi4_2_1_2015_S0,STOREY_3,1670,2
26°C,定容,guang3zhou1shi4,2060 RCP 4.5,guang3zhou1shi4_2_1_2015_S0,STOREY_4,1670,2
26°C,定容,guang3zhou1shi4,2060 RCP 4.5,guang3zhou1shi4_2_1_2015_S0,STOREY_5,1670,2
26°C,定容,guang3zhou1shi4,2060 RCP 4.5,guang3zhou1shi4_2_1_2015_S0,STOREY_6,1670,2
26°C,定容,guang3zhou1shi4,2060 RCP 4.5,guang3zhou1shi4_2_1_2015_S0,STOREY_7,1670,2
26°C,定容,guang3zhou1shi4,2060 RCP 4.5,guang3zhou1shi4_2_1_2015_S0,STOREY_8,1670,2
26°C,定容,guang3zhou1shi4,2060 RCP 4.5,guang3zhou1shi4_2_1_2015_S0,STOREY_9,1670,2
26°C,定容,guang3zhou1shi4,2060 RCP 4.5,guang3zhou1shi4_2_1_2015_S0,STOREY_10,1670,2
26°C,定容,guang3zhou1shi4,2060 RCP 4.5,guang3zhou1shi4_2_1_2015_S0,STOREY_11,1670,2
26°C,定容,guang3zhou1shi4,2060 RCP 4.5,guang3zhou1shi4_2_1_2015_S0,STOREY_12,1670,2
26°C,定容,guang3zhou1shi4,2060 RCP 4.5,guang3zhou1shi4_2_1_2015_S0,STOREY_13,1670,2
26°C,定容,guang3zhou1shi4,2060 RCP 4.5,guang3zhou1shi4_2_1_2015_S0,STOREY_14,1670,2
26°C,定容,guang3zhou1shi4,2060 RCP 4.5,guang3zhou1shi4_2_1_2015_S0,STOREY_15,1670,2
26°C,定容,guang3zhou1shi4,2060 RCP 4.5,guang3zhou1shi4_2_1_2015_S0,STOREY_16,1670,2
26°C,定容,guang3zhou1shi4,2060 RCP 4.5,guang3zhou1shi4_2_1_2015_S0,STOREY_17,1670,2
26°C,定容,guang3zhou1shi4,2060 RCP 4.5,guang3zhou1shi4_2_1_2015_S0,STOREY_18,1670,2
26°C,定容,guang3zhou1shi4,2060 RCP 4.5,guang3zhou1shi4_2_1_2015_S0,STOREY_19,1670,2
26°C,定容,guang3zhou1shi4,2060 RCP 4.5,guang3zhou1shi4_2_1_2015_S0,STOREY_20,1670,1
26°C,定容,guang3zhou1shi4,2060 RCP 4.5,guang3zhou1shi4_2_1_2015_S0,STOREY_21,1670,1
26°C,定容,guang3zhou1shi4,2060 RCP 4.5,guang3zhou1shi4_2_1_2015_S0,STOREY_22,1670,1
26°C,定容,guang3zhou1shi4,2060 RCP 4.5,guang3zhou1shi4_2_1_2015_S0,STOREY_23,1670,2
26°C,定容,guang3zhou1shi4,2060 RCP 4.5,guang3zhou1shi4_2_1_2015_S0,STOREY_24,1670,2
26°C,定容,guang3zhou1shi4,2060 RCP 4.5,guang3zhou1shi4_2_1_2015_S0,STOREY_25,1670,2
26°C,定容,guang3zhou1shi4,2060 RCP 4.5,guang3zhou1shi4_2_1_2015_S0,STOREY_26,1670,3
26°C,定容,guang3zhou1shi4,2060 RCP 4.5,guang3zhou1shi4_2_1_2015_S0,STOREY_27,1670,32
26°C,定容,guang3zhou1shi4,2060 RCP 4.5,guang3zhou1shi4_2_1_2015_S0,STOREY_0,1670,0
26°C,定容,guang3zhou1shi4,2060 RCP 4.5,guang3zhou1shi4_2_3_2005_S0,STOREY_1,1670,1
26°C,定容,guang3zhou1shi4,2060 RCP 4.5,guang3zhou1shi4_2_3_2005_S0,STOREY_2,1670,3
26°C,定容,guang3zhou1shi4,2060 RCP 4.5,guang3zhou1shi4_2_3_2005_S0,STOREY_3,1670,3
26°C,定容,guang3zhou1shi4,2060 RCP 4.5,guang3zhou1shi4_2_3_2005_S0,STOREY_4,1670,4
26°C,定容,guang3zhou1shi4,2060 RCP 4.5,guang3zhou1shi4_2_3_2005_S0,STOREY_5,1670,4
26°C,定容,guang3zhou1shi4,2060 RCP 4.5,guang3zhou1shi4_2_3_2005_S0,STOREY_6,1670,4
26°C,定容,guang3zhou1shi4,2060 RCP 4.5,guang3zhou1shi4_2_3_2005_S0,STOREY_7,1670,4
26°C,定容,guang3zhou1shi4,2060 RCP 4.5,guang3zhou1shi4_2_3_2005_S0,STOREY_8,1670,4
26°C,定容,guang3zhou1shi4,2060 RCP 4.5,guang3zhou1shi4_2_3_2005_S0,STOREY_9,1670,4
26°C,定容,guang3zhou1shi4,2060 RCP 4.5,guang3zhou1shi4_2_3_2005_S0,STOREY_10,1670,4
26°C,定容,guang3zhou1shi4,2060 RCP 4.5,guang3zhou1shi4_2_3_2005_S0,STOREY_11,1670,5
26°C,定容,guang3zhou1shi4,2060 RCP 4.5,guang3zhou1shi4_2_3_2005_S0,STOREY_12,1670,5
26°C,定容,guang3zhou1shi4,2060 RCP 4.5,guang3zhou1shi4_2_3_2005_S0,STOREY_13,1670,6
26°C,定容,guang3zhou1shi4,2060 RCP 4.5,guang3zhou1shi4_2_3_2005_S0,STOREY_14,1670,53
26°C,定容,guang3zhou1shi4,2060 RCP 4.5,guang3zhou1shi4_2_3_2005_S0,STOREY_0,1670,0
26°C,定容,guang3zhou1shi4,2060 RCP 4.5,guang3zhou1shi4_2_4_2005_S0,STOREY_1,1670,4
26°C,定容,guang3zhou1shi4,2060 RCP 4.5,guang3zhou1shi4_2_4_2005_S0,STOREY_2,1670,8
26°C,定容,guang3zhou1shi4,2060 RCP 4.5,guang3zhou1shi4_2_4_2005_S0,STOREY_3,1670,8
26°C,定容,guang3zhou1shi4,2060 RCP 4.5,guang3zhou1shi4_2_4_2005_S0,STOREY_4,1670,8
26°C,定容,guang3zhou1shi4,2060 RCP 4.5,guang3zhou1shi4_2_4_2005_S0,STOREY_5,1670,8
26°C,定容,guang3zhou1shi4,2060 RCP 4.5,guang3zhou1shi4_2_4_2005_S0,STOREY_6,1670,8
26°C,定容,guang3zhou1shi4,2060 RCP 4.5,guang3zhou1shi4_2_4_2005_S0,STOREY_7,1670,8
26°C,定容,guang3zhou1shi4,2060 RCP 4.5,guang3zhou1shi4_2_4_2005_S0,STOREY_8,1670,8
26°C,定容,guang3zhou1shi4,2060 RCP 4.5,guang3zhou1shi4_2_4_2005_S0,STOREY_9,1670,8
26°C,定容,guang3zhou1shi4,2060 RCP 4.5,guang3zhou1shi4_2_4_2005_S0,STOREY_10,1670,9
26°C,定容,guang3zhou1shi4,2060 RCP 4.5,guang3zhou1shi4_2_4_2005_S0,STOREY_11,1670,74
26°C,定容,guang3zhou1shi4,2060 RCP 4.5,guang3zhou1shi4_2_4_2005_S0,STOREY_0,1670,0
26°C,定容,guang3zhou1shi4,2060 RCP 4.5,guang3zhou1shi4_2_5_2015_S0,STOREY_1,1670,1
26°C,定容,guang3zhou1shi4,2060 RCP 4.5,guang3zhou1shi4_2_5_2015_S0,STOREY_2,1670,2
26°C,定容,guang3zhou1shi4,2060 RCP 4.5,guang3zhou1shi4_2_5_2015_S0,STOREY_3,1670,2
26°C,定容,guang3zhou1shi4,2060 RCP 4.5,guang3zhou1shi4_2_5_2015_S0,STOREY_4,1670,2
26°C,定容,guang3zhou1shi4,2060 RCP 4.5,guang3zhou1shi4_2_5_2015_S0,STOREY_5,1670,2
26°C,定容,guang3zhou1shi4,2060 RCP 4.5,guang3zhou1shi4_2_5_2015_S0,STOREY_6,1670,2
26°C,定容,guang3zhou1shi4,2060 RCP 4.5,guang3zhou1shi4_2_5_2015_S0,STOREY_7,1670,2
26°C,定容,guang3zhou1shi4,2060 RCP 4.5,guang3zhou1shi4_2_5_2015_S0,STOREY_8,1670,2
26°C,定容,guang3zhou1shi4,2060 RCP 4.5,guang3zhou1shi4_2_5_2015_S0,STOREY_9,1670,2
26°C,定容,guang3zhou1shi4,2060 RCP 4.5,guang3zhou1shi4_2_5_2015_S0,STOREY_10,1670,2
26°C,定容,guang3zhou1shi4,2060 RCP 4.5,guang3zhou1shi4_2_5_2015_S0,STOREY_11,1670,2
26°C,定容,guang3zhou1shi4,2060 RCP 4.5,guang3zhou1shi4_2_5_2015_S0,STOREY_12,1670,3
26°C,定容,guang3zhou1shi4,2060 RCP 4.5,guang3zhou1shi4_2_5_2015_S0,STOREY_13,1670,3
26°C,定容,guang3zhou1shi4,2060 RCP 4.5,guang3zhou1shi4_2_5_2015_S0,STOREY_14,1670,46
26°C,定容,guang3zhou1shi4,2060 RCP 4.5,guang3zhou1shi4_2_5_2015_S0,STOREY_0,1670,0
26°C,定容,guang3zhou1shi4,2060 RCP 4.5,guang3zhou1shi4_2_6_2005_S0,STOREY_1,1670,2
26°C,定容,guang3zhou1shi4,2060 RCP 4.5,guang3zhou1shi4_2_6_2005_S0,STOREY_2,1670,5
26°C,定容,guang3zhou1shi4,2060 RCP 4.5,guang3zhou1shi4_2_6_2005_S0,STOREY_3,1670,5
26°C,定容,guang3zhou1shi4,2060 RCP 4.5,guang3zhou1shi4_2_6_2005_S0,STOREY_4,1670,5
26°C,定容,guang3zhou1shi4,2060 RCP 4.5,guang3zhou1shi4_2_6_2005_S0,STOREY_5,1670,5
26°C,定容,guang3zhou1shi4,2060 RCP 4.5,guang3zhou1shi4_2_6_2005_S0,STOREY_6,1670,5
26°C,定容,guang3zhou1shi4,2060 RCP 4.5,guang3zhou1shi4_2_6_2005_S0,STOREY_7,1670,5
26°C,定容,guang3zhou1shi4,2060 RCP 4.5,guang3zhou1shi4_2_6_2005_S0,STOREY_8,1670,5
26°C,定容,guang3zhou1shi4,2060 RCP 4.5,guang3zhou1shi4_2_6_2005_S0,STOREY_9,1670,5
26°C,定容,guang3zhou1shi4,2060 RCP 4.5,guang3zhou1shi4_2_6_2005_S0,STOREY_10,1670,5
26°C,定容,guang3zhou1shi4,2060 RCP 4.5,guang3zhou1shi4_2_6_2005_S0,STOREY_11,1670,5
26°C,定容,guang3zhou1shi4,2060 RCP 4.5,guang3zhou1shi4_2_6_2005_S0,STOREY_12,1670,6
26°C,定容,guang3zhou1shi4,2060 RCP 4.5,guang3zhou1shi4_2_6_2005_S0,STOREY_13,1670,6
26°C,定容,guang3zhou1shi4,2060 RCP 4.5,guang3zhou1shi4_2_6_2005_S0,STOREY_14,1670,50
26°C,定容,guang3zhou1shi4,2060 RCP 4.5,guang3zhou1shi4_2_6_2005_S0,STOREY_0,1670,0
26°C,定容,guang3zhou1shi4,2060 RCP 8.5,guang3zhou1shi4_0_10_1980_S0,STOREY_1,1670,9
26°C,定容,guang3zhou1shi4,2060 RCP 8.5,guang3zhou1shi4_0_10_1980_S0,STOREY_2,1670,100
26°C,定容,guang3zhou1shi4,2060 RCP 8.5,guang3zhou1shi4_0_10_1980_S0,STOREY_0,1670,0
26°C,定容,guang3zhou1shi4,2060 RCP 4.5,guang3zhou1shi4_2_7_2015_S0,STOREY_1,1670,1
26°C,定容,guang3zhou1shi4,2060 RCP 4.5,guang3zhou1shi4_2_7_2015_S0,STOREY_2,1670,2
26°C,定容,guang3zhou1shi4,2060 RCP 4.5,guang3zhou1shi4_2_7_2015_S0,STOREY_3,1670,2
26°C,定容,guang3zhou1shi4,2060 RCP 4.5,guang3zhou1shi4_2_7_2015_S0,STOREY_4,1670,2
26°C,定容,guang3zhou1shi4,2060 RCP 4.5,guang3zhou1shi4_2_7_2015_S0,STOREY_5,1670,2
26°C,定容,guang3zhou1shi4,2060 RCP 4.5,guang3zhou1shi4_2_7_2015_S0,STOREY_6,1670,2
26°C,定容,guang3zhou1shi4,2060 RCP 4.5,guang3zhou1shi4_2_7_2015_S0,STOREY_7,1670,2
26°C,定容,guang3zhou1shi4,2060 RCP 4.5,guang3zhou1shi4_2_7_2015_S0,STOREY_8,1670,2
26°C,定容,guang3zhou1shi4,2060 RCP 4.5,guang3zhou1shi4_2_7_2015_S0,STOREY_9,1670,2
26°C,定容,guang3zhou1shi4,2060 RCP 4.5,guang3zhou1shi4_2_7_2015_S0,STOREY_10,1670,2
26°C,定容,guang3zhou1shi4,2060 RCP 4.5,guang3zhou1shi4_2_7_2015_S0,STOREY_11,1670,2
26°C,定容,guang3zhou1shi4,2060 RCP 4.5,guang3zhou1shi4_2_7_2015_S0,STOREY_12,1670,2
26°C,定容,guang3zhou1shi4,2060 RCP 4.5,guang3zhou1shi4_2_7_2015_S0,STOREY_13,1670,2
26°C,定容,guang3zhou1shi4,2060 RCP 4.5,guang3zhou1shi4_2_7_2015_S0,STOREY_14,1670,2
26°C,定容,guang3zhou1shi4,2060 RCP 4.5,guang3zhou1shi4_2_7_2015_S0,STOREY_15,1670,2
26°C,定容,guang3zhou1shi4,2060 RCP 4.5,guang3zhou1shi4_2_7_2015_S0,STOREY_16,1670,2
26°C,定容,guang3zhou1shi4,2060 RCP 4.5,guang3zhou1shi4_2_7_2015_S0,STOREY_17,1670,2
26°C,定容,guang3zhou1shi4,2060 RCP 4.5,guang3zhou1shi4_2_7_2015_S0,STOREY_18,1670,3
26°C,定容,guang3zhou1shi4,2060 RCP 4.5,guang3zhou1shi4_2_7_2015_S0,STOREY_19,1670,33
26°C,定容,guang3zhou1shi4,2060 RCP 4.5,guang3zhou1shi4_2_7_2015_S0,STOREY_0,1670,0
26°C,定容,guang3zhou1shi4,2060 RCP 8.5,guang3zhou1shi4_0_11_1995_S0,STOREY_1,1670,0
26°C,定容,guang3zhou1shi4,2060 RCP 8.5,guang3zhou1shi4_0_11_1995_S0,STOREY_2,1670,87
26°C,定容,guang3zhou1shi4,2060 RCP 8.5,guang3zhou1shi4_0_11_1995_S0,STOREY_0,1670,0
26°C,定容,guang3zhou1shi4,2060 RCP 8.5,guang3zhou1shi4_0_1_1995_S0,STOREY_1,1670,28
26°C,定容,guang3zhou1shi4,2060 RCP 8.5,guang3zhou1shi4_0_1_1995_S0,STOREY_2,1670,131
26°C,定容,guang3zhou1shi4,2060 RCP 8.5,guang3zhou1shi4_0_1_1995_S0,STOREY_0,1670,0
26°C,定容,guang3zhou1shi4,2060 RCP 8.5,guang3zhou1shi4_0_12_1980_S0,STOREY_1,1670,0
26°C,定容,guang3zhou1shi4,2060 RCP 8.5,guang3zhou1shi4_0_12_1980_S0,STOREY_2,1670,1
26°C,定容,guang3zhou1shi4,2060 RCP 8.5,guang3zhou1shi4_0_12_1980_S0,STOREY_3,1670,0
26°C,定容,guang3zhou1shi4,2060 RCP 8.5,guang3zhou1shi4_0_12_1980_S0,STOREY_4,1670,30
26°C,定容,guang3zhou1shi4,2060 RCP 8.5,guang3zhou1shi4_0_12_1980_S0,STOREY_0,1670,0
26°C,定容,guang3zhou1shi4,2060 RCP 8.5,guang3zhou1shi4_0_3_1980_S0,STOREY_1,1670,33
26°C,定容,guang3zhou1shi4,2060 RCP 8.5,guang3zhou1shi4_0_3_1980_S0,STOREY_0,1670,0
26°C,定容,guang3zhou1shi4,2060 RCP 8.5,guang3zhou1shi4_0_2_1980_S0,STOREY_1,1670,0
26°C,定容,guang3zhou1shi4,2060 RCP 8.5,guang3zhou1shi4_0_2_1980_S0,STOREY_2,1670,71
26°C,定容,guang3zhou1shi4,2060 RCP 8.5,guang3zhou1shi4_0_2_1980_S0,STOREY_0,1670,0
26°C,定容,guang3zhou1shi4,2060 RCP 4.5,guang3zhou1shi4_2_8_2005_S0,STOREY_1,1670,2
26°C,定容,guang3zhou1shi4,2060 RCP 4.5,guang3zhou1shi4_2_8_2005_S0,STOREY_2,1670,3
26°C,定容,guang3zhou1shi4,2060 RCP 4.5,guang3zhou1shi4_2_8_2005_S0,STOREY_3,1670,4
26°C,定容,guang3zhou1shi4,2060 RCP 4.5,guang3zhou1shi4_2_8_2005_S0,STOREY_4,1670,5
26°C,定容,guang3zhou1shi4,2060 RCP 4.5,guang3zhou1shi4_2_8_2005_S0,STOREY_5,1670,5
26°C,定容,guang3zhou1shi4,2060 RCP 4.5,guang3zhou1shi4_2_8_2005_S0,STOREY_6,1670,5
26°C,定容,guang3zhou1shi4,2060 RCP 4.5,guang3zhou1shi4_2_8_2005_S0,STOREY_7,1670,5
26°C,定容,guang3zhou1shi4,2060 RCP 4.5,guang3zhou1shi4_2_8_2005_S0,STOREY_8,1670,4
26°C,定容,guang3zhou1shi4,2060 RCP 4.5,guang3zhou1shi4_2_8_2005_S0,STOREY_9,1670,4
26°C,定容,guang3zhou1shi4,2060 RCP 4.5,guang3zhou1shi4_2_8_2005_S0,STOREY_10,1670,4
26°C,定容,guang3zhou1shi4,2060 RCP 4.5,guang3zhou1shi4_2_8_2005_S0,STOREY_11,1670,3
26°C,定容,guang3zhou1shi4,2060 RCP 4.5,guang3zhou1shi4_2_8_2005_S0,STOREY_12,1670,3
26°C,定容,guang3zhou1shi4,2060 RCP 4.5,guang3zhou1shi4_2_8_2005_S0,STOREY_13,1670,3
26°C,定容,guang3zhou1shi4,2060 RCP 4.5,guang3zhou1shi4_2_8_2005_S0,STOREY_14,1670,3
26°C,定容,guang3zhou1shi4,2060 RCP 4.5,guang3zhou1shi4_2_8_2005_S0,STOREY_15,1670,3
26°C,定容,guang3zhou1shi4,2060 RCP 4.5,guang3zhou1shi4_2_8_2005_S0,STOREY_16,1670,3
26°C,定容,guang3zhou1shi4,2060 RCP 4.5,guang3zhou1shi4_2_8_2005_S0,STOREY_17,1670,3
26°C,定容,guang3zhou1shi4,2060 RCP 4.5,guang3zhou1shi4_2_8_2005_S0,STOREY_18,1670,3
26°C,定容,guang3zhou1shi4,2060 RCP 4.5,guang3zhou1shi4_2_8_2005_S0,STOREY_19,1670,3
26°C,定容,guang3zhou1shi4,2060 RCP 4.5,guang3zhou1shi4_2_8_2005_S0,STOREY_20,1670,3
26°C,定容,guang3zhou1shi4,2060 RCP 4.5,guang3zhou1shi4_2_8_2005_S0,STOREY_21,1670,3
26°C,定容,guang3zhou1shi4,2060 RCP 4.5,guang3zhou1shi4_2_8_2005_S0,STOREY_22,1670,3
26°C,定容,guang3zhou1shi4,2060 RCP 4.5,guang3zhou1shi4_2_8_2005_S0,STOREY_23,1670,3
26°C,定容,guang3zhou1shi4,2060 RCP 4.5,guang3zhou1shi4_2_8_2005_S0,STOREY_24,1670,3
26°C,定容,guang3zhou1shi4,2060 RCP 4.5,guang3zhou1shi4_2_8_2005_S0,STOREY_25,1670,5
26°C,定容,guang3zhou1shi4,2060 RCP 4.5,guang3zhou1shi4_2_8_2005_S0,STOREY_26,1670,4
26°C,定容,guang3zhou1shi4,2060 RCP 4.5,guang3zhou1shi4_2_8_2005_S0,STOREY_27,1670,39
26°C,定容,guang3zhou1shi4,2060 RCP 4.5,guang3zhou1shi4_2_8_2005_S0,STOREY_0,1670,0
26°C,定容,guang3zhou1shi4,2060 RCP 8.5,guang3zhou1shi4_0_4_1980_S0,STOREY_1,1670,90
26°C,定容,guang3zhou1shi4,2060 RCP 8.5,guang3zhou1shi4_0_4_1980_S0,STOREY_2,1670,140
26°C,定容,guang3zhou1shi4,2060 RCP 8.5,guang3zhou1shi4_0_4_1980_S0,STOREY_0,1670,0
26°C,定容,guang3zhou1shi4,2060 RCP 8.5,guang3zhou1shi4_0_5_1980_S0,STOREY_1,1670,0
26°C,定容,guang3zhou1shi4,2060 RCP 8.5,guang3zhou1shi4_0_5_1980_S0,STOREY_2,1670,29
26°C,定容,guang3zhou1shi4,2060 RCP 8.5,guang3zhou1shi4_0_5_1980_S0,STOREY_0,1670,0
26°C,定容,guang3zhou1shi4,2060 RCP 8.5,guang3zhou1shi4_0_6_1995_S0,STOREY_0,1670,1
26°C,定容,guang3zhou1shi4,2060 RCP 8.5,guang3zhou1shi4_0_7_1980_S0,STOREY_0,1670,0
26°C,定容,guang3zhou1shi4,2060 RCP 8.5,guang3zhou1shi4_0_8_1980_S0,STOREY_0,1670,0
26°C,定容,guang3zhou1shi4,2060 RCP 8.5,guang3zhou1shi4_0_9_1980_S0,STOREY_0,1670,1
26°C,定容,guang3zhou1shi4,2060 RCP 4.5,guang3zhou1shi4_2_9_2005_S0,STOREY_1,1670,3
26°C,定容,guang3zhou1shi4,2060 RCP 4.5,guang3zhou1shi4_2_9_2005_S0,STOREY_2,1670,6
26°C,定容,guang3zhou1shi4,2060 RCP 4.5,guang3zhou1shi4_2_9_2005_S0,STOREY_3,1670,6
26°C,定容,guang3zhou1shi4,2060 RCP 4.5,guang3zhou1shi4_2_9_2005_S0,STOREY_4,1670,7
26°C,定容,guang3zhou1shi4,2060 RCP 4.5,guang3zhou1shi4_2_9_2005_S0,STOREY_5,1670,7
26°C,定容,guang3zhou1shi4,2060 RCP 4.5,guang3zhou1shi4_2_9_2005_S0,STOREY_6,1670,6
26°C,定容,guang3zhou1shi4,2060 RCP 4.5,guang3zhou1shi4_2_9_2005_S0,STOREY_7,1670,6
26°C,定容,guang3zhou1shi4,2060 RCP 4.5,guang3zhou1shi4_2_9_2005_S0,STOREY_8,1670,6
26°C,定容,guang3zhou1shi4,2060 RCP 4.5,guang3zhou1shi4_2_9_2005_S0,STOREY_9,1670,6
26°C,定容,guang3zhou1shi4,2060 RCP 4.5,guang3zhou1shi4_2_9_2005_S0,STOREY_10,1670,6
26°C,定容,guang3zhou1shi4,2060 RCP 4.5,guang3zhou1shi4_2_9_2005_S0,STOREY_11,1670,6
26°C,定容,guang3zhou1shi4,2060 RCP 4.5,guang3zhou1shi4_2_9_2005_S0,STOREY_12,1670,6
26°C,定容,guang3zhou1shi4,2060 RCP 4.5,guang3zhou1shi4_2_9_2005_S0,STOREY_13,1670,6
26°C,定容,guang3zhou1shi4,2060 RCP 4.5,guang3zhou1shi4_2_9_2005_S0,STOREY_14,1670,6
26°C,定容,guang3zhou1shi4,2060 RCP 4.5,guang3zhou1shi4_2_9_2005_S0,STOREY_15,1670,6
26°C,定容,guang3zhou1shi4,2060 RCP 4.5,guang3zhou1shi4_2_9_2005_S0,STOREY_16,1670,6
26°C,定容,guang3zhou1shi4,2060 RCP 4.5,guang3zhou1shi4_2_9_2005_S0,STOREY_17,1670,6
26°C,定容,guang3zhou1shi4,2060 RCP 4.5,guang3zhou1shi4_2_9_2005_S0,STOREY_18,1670,6
26°C,定容,guang3zhou1shi4,2060 RCP 4.5,guang3zhou1shi4_2_9_2005_S0,STOREY_19,1670,6
26°C,定容,guang3zhou1shi4,2060 RCP 4.5,guang3zhou1shi4_2_9_2005_S0,STOREY_20,1670,6
26°C,定容,guang3zhou1shi4,2060 RCP 4.5,guang3zhou1shi4_2_9_2005_S0,STOREY_21,1670,8
26°C,定容,guang3zhou1shi4,2060 RCP 4.5,guang3zhou1shi4_2_9_2005_S0,STOREY_22,1670,9
26°C,定容,guang3zhou1shi4,2060 RCP 4.5,guang3zhou1shi4_2_9_2005_S0,STOREY_23,1670,60
26°C,定容,guang3zhou1shi4,2060 RCP 4.5,guang3zhou1shi4_2_9_2005_S0,STOREY_0,1670,0
26°C,定容,guang3zhou1shi4,2060 RCP 8.5,guang3zhou1shi4_1_10_1995_S0,STOREY_1,1670,0
26°C,定容,guang3zhou1shi4,2060 RCP 8.5,guang3zhou1shi4_1_10_1995_S0,STOREY_2,1670,0
26°C,定容,guang3zhou1shi4,2060 RCP 8.5,guang3zhou1shi4_1_10_1995_S0,STOREY_3,1670,0
26°C,定容,guang3zhou1shi4,2060 RCP 8.5,guang3zhou1shi4_1_10_1995_S0,STOREY_4,1670,82
26°C,定容,guang3zhou1shi4,2060 RCP 8.5,guang3zhou1shi4_1_10_1995_S0,STOREY_0,1670,0
26°C,定容,guang3zhou1shi4,2060 RCP 8.5,guang3zhou1shi4_1_12_2005_S0,STOREY_1,1670,0
26°C,定容,guang3zhou1shi4,2060 RCP 8.5,guang3zhou1shi4_1_12_2005_S0,STOREY_2,1670,0
26°C,定容,guang3zhou1shi4,2060 RCP 8.5,guang3zhou1shi4_1_12_2005_S0,STOREY_3,1670,56
26°C,定容,guang3zhou1shi4,2060 RCP 8.5,guang3zhou1shi4_1_12_2005_S0,STOREY_0,1670,0
26°C,定容,guang3zhou1shi4,2060 RCP 8.5,guang3zhou1shi4_1_1_2005_S0,STOREY_1,1670,0
26°C,定容,guang3zhou1shi4,2060 RCP 8.5,guang3zhou1shi4_1_1_2005_S0,STOREY_2,1670,0
26°C,定容,guang3zhou1shi4,2060 RCP 8.5,guang3zhou1shi4_1_1_2005_S0,STOREY_3,1670,0
26°C,定容,guang3zhou1shi4,2060 RCP 8.5,guang3zhou1shi4_1_1_2005_S0,STOREY_4,1670,56
26°C,定容,guang3zhou1shi4,2060 RCP 8.5,guang3zhou1shi4_1_1_2005_S0,STOREY_0,1670,0
26°C,定容,guang3zhou1shi4,2060 RCP 8.5,guang3zhou1shi4_1_11_1995_S0,STOREY_1,1670,0
26°C,定容,guang3zhou1shi4,2060 RCP 8.5,guang3zhou1shi4_1_11_1995_S0,STOREY_2,1670,0
26°C,定容,guang3zhou1shi4,2060 RCP 8.5,guang3zhou1shi4_1_11_1995_S0,STOREY_3,1670,0
26°C,定容,guang3zhou1shi4,2060 RCP 8.5,guang3zhou1shi4_1_11_1995_S0,STOREY_4,1670,0
26°C,定容,guang3zhou1shi4,2060 RCP 8.5,guang3zhou1shi4_1_11_1995_S0,STOREY_5,1670,0
26°C,定容,guang3zhou1shi4,2060 RCP 8.5,guang3zhou1shi4_1_11_1995_S0,STOREY_6,1670,0
26°C,定容,guang3zhou1shi4,2060 RCP 8.5,guang3zhou1shi4_1_11_1995_S0,STOREY_7,1670,73
26°C,定容,guang3zhou1shi4,2060 RCP 8.5,guang3zhou1shi4_1_11_1995_S0,STOREY_0,1670,0
26°C,定容,guang3zhou1shi4,2060 RCP 8.5,guang3zhou1shi4_1_3_2005_S0,STOREY_1,1670,0
26°C,定容,guang3zhou1shi4,2060 RCP 8.5,guang3zhou1shi4_1_3_2005_S0,STOREY_2,1670,0
26°C,定容,guang3zhou1shi4,2060 RCP 8.5,guang3zhou1shi4_1_3_2005_S0,STOREY_3,1670,0
26°C,定容,guang3zhou1shi4,2060 RCP 8.5,guang3zhou1shi4_1_3_2005_S0,STOREY_4,1670,1
26°C,定容,guang3zhou1shi4,2060 RCP 8.5,guang3zhou1shi4_1_3_2005_S0,STOREY_5,1670,88
26°C,定容,guang3zhou1shi4,2060 RCP 8.5,guang3zhou1shi4_1_3_2005_S0,STOREY_0,1670,0
26°C,定容,guang3zhou1shi4,2060 RCP 8.5,guang3zhou1shi4_1_4_1995_S0,STOREY_1,1670,1
26°C,定容,guang3zhou1shi4,2060 RCP 8.5,guang3zhou1shi4_1_4_1995_S0,STOREY_2,1670,2
26°C,定容,guang3zhou1shi4,2060 RCP 8.5,guang3zhou1shi4_1_4_1995_S0,STOREY_3,1670,2
26°C,定容,guang3zhou1shi4,2060 RCP 8.5,guang3zhou1shi4_1_4_1995_S0,STOREY_4,1670,4
26°C,定容,guang3zhou1shi4,2060 RCP 8.5,guang3zhou1shi4_1_4_1995_S0,STOREY_5,1670,94
26°C,定容,guang3zhou1shi4,2060 RCP 8.5,guang3zhou1shi4_1_4_1995_S0,STOREY_0,1670,0
26°C,定容,guang3zhou1shi4,2060 RCP 8.5,guang3zhou1shi4_1_5_1995_S0,STOREY_1,1670,0
26°C,定容,guang3zhou1shi4,2060 RCP 8.5,guang3zhou1shi4_1_5_1995_S0,STOREY_2,1670,0
26°C,定容,guang3zhou1shi4,2060 RCP 8.5,guang3zhou1shi4_1_5_1995_S0,STOREY_3,1670,0
26°C,定容,guang3zhou1shi4,2060 RCP 8.5,guang3zhou1shi4_1_5_1995_S0,STOREY_4,1670,0
26°C,定容,guang3zhou1shi4,2060 RCP 8.5,guang3zhou1shi4_1_5_1995_S0,STOREY_5,1670,83
26°C,定容,guang3zhou1shi4,2060 RCP 8.5,guang3zhou1shi4_1_5_1995_S0,STOREY_0,1670,0
26°C,定容,guang3zhou1shi4,2060 RCP 8.5,guang3zhou1shi4_1_2_2005_S0,STOREY_1,1670,0
26°C,定容,guang3zhou1shi4,2060 RCP 8.5,guang3zhou1shi4_1_2_2005_S0,STOREY_2,1670,0
26°C,定容,guang3zhou1shi4,2060 RCP 8.5,guang3zhou1shi4_1_2_2005_S0,STOREY_3,1670,0
26°C,定容,guang3zhou1shi4,2060 RCP 8.5,guang3zhou1shi4_1_2_2005_S0,STOREY_4,1670,0
26°C,定容,guang3zhou1shi4,2060 RCP 8.5,guang3zhou1shi4_1_2_2005_S0,STOREY_5,1670,0
26°C,定容,guang3zhou1shi4,2060 RCP 8.5,guang3zhou1shi4_1_2_2005_S0,STOREY_6,1670,0
26°C,定容,guang3zhou1shi4,2060 RCP 8.5,guang3zhou1shi4_1_2_2005_S0,STOREY_7,1670,0
26°C,定容,guang3zhou1shi4,2060 RCP 8.5,guang3zhou1shi4_1_2_2005_S0,STOREY_8,1670,1
26°C,定容,guang3zhou1shi4,2060 RCP 8.5,guang3zhou1shi4_1_2_2005_S0,STOREY_9,1670,85
26°C,定容,guang3zhou1shi4,2060 RCP 8.5,guang3zhou1shi4_1_2_2005_S0,STOREY_0,1670,0
26°C,定容,guang3zhou1shi4,2060 RCP 8.5,guang3zhou1shi4_1_6_2005_S0,STOREY_1,1670,2
26°C,定容,guang3zhou1shi4,2060 RCP 8.5,guang3zhou1shi4_1_6_2005_S0,STOREY_2,1670,2
26°C,定容,guang3zhou1shi4,2060 RCP 8.5,guang3zhou1shi4_1_6_2005_S0,STOREY_3,1670,2
26°C,定容,guang3zhou1shi4,2060 RCP 8.5,guang3zhou1shi4_1_6_2005_S0,STOREY_4,1670,5
26°C,定容,guang3zhou1shi4,2060 RCP 8.5,guang3zhou1shi4_1_6_2005_S0,STOREY_5,1670,95
26°C,定容,guang3zhou1shi4,2060 RCP 8.5,guang3zhou1shi4_1_6_2005_S0,STOREY_0,1670,0
26°C,定容,guang3zhou1shi4,2060 RCP 8.5,guang3zhou1shi4_1_7_2005_S0,STOREY_1,1670,0
26°C,定容,guang3zhou1shi4,2060 RCP 8.5,guang3zhou1shi4_1_7_2005_S0,STOREY_2,1670,0
26°C,定容,guang3zhou1shi4,2060 RCP 8.5,guang3zhou1shi4_1_7_2005_S0,STOREY_3,1670,0
26°C,定容,guang3zhou1shi4,2060 RCP 8.5,guang3zhou1shi4_1_7_2005_S0,STOREY_4,1670,0
26°C,定容,guang3zhou1shi4,2060 RCP 8.5,guang3zhou1shi4_1_7_2005_S0,STOREY_5,1670,0
26°C,定容,guang3zhou1shi4,2060 RCP 8.5,guang3zhou1shi4_1_7_2005_S0,STOREY_6,1670,0
26°C,定容,guang3zhou1shi4,2060 RCP 8.5,guang3zhou1shi4_1_7_2005_S0,STOREY_7,1670,73
26°C,定容,guang3zhou1shi4,2060 RCP 8.5,guang3zhou1shi4_1_7_2005_S0,STOREY_0,1670,0
26°C,定容,guang3zhou1shi4,2060 RCP 8.5,guang3zhou1shi4_1_9_1980_S0,STOREY_1,1670,0
26°C,定容,guang3zhou1shi4,2060 RCP 8.5,guang3zhou1shi4_1_9_1980_S0,STOREY_2,1670,0
26°C,定容,guang3zhou1shi4,2060 RCP 8.5,guang3zhou1shi4_1_9_1980_S0,STOREY_3,1670,1
26°C,定容,guang3zhou1shi4,2060 RCP 8.5,guang3zhou1shi4_1_9_1980_S0,STOREY_4,1670,1
26°C,定容,guang3zhou1shi4,2060 RCP 8.5,guang3zhou1shi4_1_9_1980_S0,STOREY_5,1670,1
26°C,定容,guang3zhou1shi4,2060 RCP 8.5,guang3zhou1shi4_1_9_1980_S0,STOREY_6,1670,6
26°C,定容,guang3zhou1shi4,2060 RCP 8.5,guang3zhou1shi4_1_9_1980_S0,STOREY_7,1670,78
26°C,定容,guang3zhou1shi4,2060 RCP 8.5,guang3zhou1shi4_1_9_1980_S0,STOREY_0,1670,0
26°C,定容,guang3zhou1shi4,2060 RCP 8.5,guang3zhou1shi4_1_8_1995_S0,STOREY_1,1670,0
26°C,定容,guang3zhou1shi4,2060 RCP 8.5,guang3zhou1shi4_1_8_1995_S0,STOREY_2,1670,0
26°C,定容,guang3zhou1shi4,2060 RCP 8.5,guang3zhou1shi4_1_8_1995_S0,STOREY_3,1670,0
26°C,定容,guang3zhou1shi4,2060 RCP 8.5,guang3zhou1shi4_1_8_1995_S0,STOREY_4,1670,0
26°C,定容,guang3zhou1shi4,2060 RCP 8.5,guang3zhou1shi4_1_8_1995_S0,STOREY_5,1670,0
26°C,定容,guang3zhou1shi4,2060 RCP 8.5,guang3zhou1shi4_1_8_1995_S0,STOREY_6,1670,0
26°C,定容,guang3zhou1shi4,2060 RCP 8.5,guang3zhou1shi4_1_8_1995_S0,STOREY_7,1670,0
26°C,定容,guang3zhou1shi4,2060 RCP 8.5,guang3zhou1shi4_1_8_1995_S0,STOREY_8,1670,0
26°C,定容,guang3zhou1shi4,2060 RCP 8.5,guang3zhou1shi4_1_8_1995_S0,STOREY_9,1670,83
26°C,定容,guang3zhou1shi4,2060 RCP 8.5,guang3zhou1shi4_1_8_1995_S0,STOREY_0,1670,0
26°C,定容,guang3zhou1shi4,2060 RCP 8.5,guang3zhou1shi4_2_10_2005_S0,STOREY_1,1670,0
26°C,定容,guang3zhou1shi4,2060 RCP 8.5,guang3zhou1shi4_2_10_2005_S0,STOREY_2,1670,0
26°C,定容,guang3zhou1shi4,2060 RCP 8.5,guang3zhou1shi4_2_10_2005_S0,STOREY_3,1670,0
26°C,定容,guang3zhou1shi4,2060 RCP 8.5,guang3zhou1shi4_2_10_2005_S0,STOREY_4,1670,0
26°C,定容,guang3zhou1shi4,2060 RCP 8.5,guang3zhou1shi4_2_10_2005_S0,STOREY_5,1670,0
26°C,定容,guang3zhou1shi4,2060 RCP 8.5,guang3zhou1shi4_2_10_2005_S0,STOREY_6,1670,0
26°C,定容,guang3zhou1shi4,2060 RCP 8.5,guang3zhou1shi4_2_10_2005_S0,STOREY_7,1670,0
26°C,定容,guang3zhou1shi4,2060 RCP 8.5,guang3zhou1shi4_2_10_2005_S0,STOREY_8,1670,0
26°C,定容,guang3zhou1shi4,2060 RCP 8.5,guang3zhou1shi4_2_10_2005_S0,STOREY_9,1670,0
26°C,定容,guang3zhou1shi4,2060 RCP 8.5,guang3zhou1shi4_2_10_2005_S0,STOREY_10,1670,0
26°C,定容,guang3zhou1shi4,2060 RCP 8.5,guang3zhou1shi4_2_10_2005_S0,STOREY_11,1670,62
26°C,定容,guang3zhou1shi4,2060 RCP 8.5,guang3zhou1shi4_2_10_2005_S0,STOREY_0,1670,0
26°C,定容,guang3zhou1shi4,2060 RCP 8.5,guang3zhou1shi4_2_11_2005_S0,STOREY_1,1670,0
26°C,定容,guang3zhou1shi4,2060 RCP 8.5,guang3zhou1shi4_2_11_2005_S0,STOREY_2,1670,0
26°C,定容,guang3zhou1shi4,2060 RCP 8.5,guang3zhou1shi4_2_11_2005_S0,STOREY_3,1670,0
26°C,定容,guang3zhou1shi4,2060 RCP 8.5,guang3zhou1shi4_2_11_2005_S0,STOREY_4,1670,0
26°C,定容,guang3zhou1shi4,2060 RCP 8.5,guang3zhou1shi4_2_11_2005_S0,STOREY_5,1670,0
26°C,定容,guang3zhou1shi4,2060 RCP 8.5,guang3zhou1shi4_2_11_2005_S0,STOREY_6,1670,0
26°C,定容,guang3zhou1shi4,2060 RCP 8.5,guang3zhou1shi4_2_11_2005_S0,STOREY_7,1670,0
26°C,定容,guang3zhou1shi4,2060 RCP 8.5,guang3zhou1shi4_2_11_2005_S0,STOREY_8,1670,0
26°C,定容,guang3zhou1shi4,2060 RCP 8.5,guang3zhou1shi4_2_11_2005_S0,STOREY_9,1670,0
26°C,定容,guang3zhou1shi4,2060 RCP 8.5,guang3zhou1shi4_2_11_2005_S0,STOREY_10,1670,0
26°C,定容,guang3zhou1shi4,2060 RCP 8.5,guang3zhou1shi4_2_11_2005_S0,STOREY_11,1670,0
26°C,定容,guang3zhou1shi4,2060 RCP 8.5,guang3zhou1shi4_2_11_2005_S0,STOREY_12,1670,0
26°C,定容,guang3zhou1shi4,2060 RCP 8.5,guang3zhou1shi4_2_11_2005_S0,STOREY_13,1670,0
26°C,定容,guang3zhou1shi4,2060 RCP 8.5,guang3zhou1shi4_2_11_2005_S0,STOREY_14,1670,0
26°C,定容,guang3zhou1shi4,2060 RCP 8.5,guang3zhou1shi4_2_11_2005_S0,STOREY_15,1670,58
26°C,定容,guang3zhou1shi4,2060 RCP 8.5,guang3zhou1shi4_2_11_2005_S0,STOREY_0,1670,0
26°C,定容,guang3zhou1shi4,2060 RCP 8.5,guang3zhou1shi4_2_12_2015_S0,STOREY_1,1670,0
26°C,定容,guang3zhou1shi4,2060 RCP 8.5,guang3zhou1shi4_2_12_2015_S0,STOREY_2,1670,0
26°C,定容,guang3zhou1shi4,2060 RCP 8.5,guang3zhou1shi4_2_12_2015_S0,STOREY_3,1670,0
26°C,定容,guang3zhou1shi4,2060 RCP 8.5,guang3zhou1shi4_2_12_2015_S0,STOREY_4,1670,0
26°C,定容,guang3zhou1shi4,2060 RCP 8.5,guang3zhou1shi4_2_12_2015_S0,STOREY_5,1670,0
26°C,定容,guang3zhou1shi4,2060 RCP 8.5,guang3zhou1shi4_2_12_2015_S0,STOREY_6,1670,0
26°C,定容,guang3zhou1shi4,2060 RCP 8.5,guang3zhou1shi4_2_12_2015_S0,STOREY_7,1670,0
26°C,定容,guang3zhou1shi4,2060 RCP 8.5,guang3zhou1shi4_2_12_2015_S0,STOREY_8,1670,0
26°C,定容,guang3zhou1shi4,2060 RCP 8.5,guang3zhou1shi4_2_12_2015_S0,STOREY_9,1670,0
26°C,定容,guang3zhou1shi4,2060 RCP 8.5,guang3zhou1shi4_2_12_2015_S0,STOREY_10,1670,0
26°C,定容,guang3zhou1shi4,2060 RCP 8.5,guang3zhou1shi4_2_12_2015_S0,STOREY_11,1670,0
26°C,定容,guang3zhou1shi4,2060 RCP 8.5,guang3zhou1shi4_2_12_2015_S0,STOREY_12,1670,0
26°C,定容,guang3zhou1shi4,2060 RCP 8.5,guang3zhou1shi4_2_12_2015_S0,STOREY_13,1670,0
26°C,定容,guang3zhou1shi4,2060 RCP 8.5,guang3zhou1shi4_2_12_2015_S0,STOREY_14,1670,0
26°C,定容,guang3zhou1shi4,2060 RCP 8.5,guang3zhou1shi4_2_12_2015_S0,STOREY_15,1670,0
26°C,定容,guang3zhou1shi4,2060 RCP 8.5,guang3zhou1shi4_2_12_2015_S0,STOREY_16,1670,0
26°C,定容,guang3zhou1shi4,2060 RCP 8.5,guang3zhou1shi4_2_12_2015_S0,STOREY_17,1670,0
26°C,定容,guang3zhou1shi4,2060 RCP 8.5,guang3zhou1shi4_2_12_2015_S0,STOREY_18,1670,0
26°C,定容,guang3zhou1shi4,2060 RCP 8.5,guang3zhou1shi4_2_12_2015_S0,STOREY_19,1670,0
26°C,定容,guang3zhou1shi4,2060 RCP 8.5,guang3zhou1shi4_2_12_2015_S0,STOREY_20,1670,0
26°C,定容,guang3zhou1shi4,2060 RCP 8.5,guang3zhou1shi4_2_12_2015_S0,STOREY_21,1670,37
26°C,定容,guang3zhou1shi4,2060 RCP 8.5,guang3zhou1shi4_2_12_2015_S0,STOREY_0,1670,0
26°C,定容,guang3zhou1shi4,2060 RCP 8.5,guang3zhou1shi4_2_2_1995_S0,STOREY_1,1670,0
26°C,定容,guang3zhou1shi4,2060 RCP 8.5,guang3zhou1shi4_2_2_1995_S0,STOREY_2,1670,0
26°C,定容,guang3zhou1shi4,2060 RCP 8.5,guang3zhou1shi4_2_2_1995_S0,STOREY_3,1670,0
26°C,定容,guang3zhou1shi4,2060 RCP 8.5,guang3zhou1shi4_2_2_1995_S0,STOREY_4,1670,0
26°C,定容,guang3zhou1shi4,2060 RCP 8.5,guang3zhou1shi4_2_2_1995_S0,STOREY_5,1670,0
26°C,定容,guang3zhou1shi4,2060 RCP 8.5,guang3zhou1shi4_2_2_1995_S0,STOREY_6,1670,0
26°C,定容,guang3zhou1shi4,2060 RCP 8.5,guang3zhou1shi4_2_2_1995_S0,STOREY_7,1670,0
26°C,定容,guang3zhou1shi4,2060 RCP 8.5,guang3zhou1shi4_2_2_1995_S0,STOREY_8,1670,0
26°C,定容,guang3zhou1shi4,2060 RCP 8.5,guang3zhou1shi4_2_2_1995_S0,STOREY_9,1670,0
26°C,定容,guang3zhou1shi4,2060 RCP 8.5,guang3zhou1shi4_2_2_1995_S0,STOREY_10,1670,0
26°C,定容,guang3zhou1shi4,2060 RCP 8.5,guang3zhou1shi4_2_2_1995_S0,STOREY_11,1670,0
26°C,定容,guang3zhou1shi4,2060 RCP 8.5,guang3zhou1shi4_2_2_1995_S0,STOREY_12,1670,0
26°C,定容,guang3zhou1shi4,2060 RCP 8.5,guang3zhou1shi4_2_2_1995_S0,STOREY_13,1670,0
26°C,定容,guang3zhou1shi4,2060 RCP 8.5,guang3zhou1shi4_2_2_1995_S0,STOREY_14,1670,0
26°C,定容,guang3zhou1shi4,2060 RCP 8.5,guang3zhou1shi4_2_2_1995_S0,STOREY_15,1670,0
26°C,定容,guang3zhou1shi4,2060 RCP 8.5,guang3zhou1shi4_2_2_1995_S0,STOREY_16,1670,0
26°C,定容,guang3zhou1shi4,2060 RCP 8.5,guang3zhou1shi4_2_2_1995_S0,STOREY_17,1670,0
26°C,定容,guang3zhou1shi4,2060 RCP 8.5,guang3zhou1shi4_2_2_1995_S0,STOREY_18,1670,1
26°C,定容,guang3zhou1shi4,2060 RCP 8.5,guang3zhou1shi4_2_2_1995_S0,STOREY_19,1670,94
26°C,定容,guang3zhou1shi4,2060 RCP 8.5,guang3zhou1shi4_2_2_1995_S0,STOREY_0,1670,0
26°C,定容,guang3zhou1shi4,2060 RCP 8.5,guang3zhou1shi4_2_3_2005_S0,STOREY_1,1670,0
26°C,定容,guang3zhou1shi4,2060 RCP 8.5,guang3zhou1shi4_2_3_2005_S0,STOREY_2,1670,0
26°C,定容,guang3zhou1shi4,2060 RCP 8.5,guang3zhou1shi4_2_3_2005_S0,STOREY_3,1670,0
26°C,定容,guang3zhou1shi4,2060 RCP 8.5,guang3zhou1shi4_2_3_2005_S0,STOREY_4,1670,0
26°C,定容,guang3zhou1shi4,2060 RCP 8.5,guang3zhou1shi4_2_3_2005_S0,STOREY_5,1670,0
26°C,定容,guang3zhou1shi4,2060 RCP 8.5,guang3zhou1shi4_2_3_2005_S0,STOREY_6,1670,0
26°C,定容,guang3zhou1shi4,2060 RCP 8.5,guang3zhou1shi4_2_3_2005_S0,STOREY_7,1670,0
26°C,定容,guang3zhou1shi4,2060 RCP 8.5,guang3zhou1shi4_2_3_2005_S0,STOREY_8,1670,0
26°C,定容,guang3zhou1shi4,2060 RCP 8.5,guang3zhou1shi4_2_3_2005_S0,STOREY_9,1670,0
26°C,定容,guang3zhou1shi4,2060 RCP 8.5,guang3zhou1shi4_2_3_2005_S0,STOREY_10,1670,0
26°C,定容,guang3zhou1shi4,2060 RCP 8.5,guang3zhou1shi4_2_3_2005_S0,STOREY_11,1670,0
26°C,定容,guang3zhou1shi4,2060 RCP 8.5,guang3zhou1shi4_2_3_2005_S0,STOREY_12,1670,0
26°C,定容,guang3zhou1shi4,2060 RCP 8.5,guang3zhou1shi4_2_3_2005_S0,STOREY_13,1670,0
26°C,定容,guang3zhou1shi4,2060 RCP 8.5,guang3zhou1shi4_2_3_2005_S0,STOREY_14,1670,50
26°C,定容,guang3zhou1shi4,2060 RCP 8.5,guang3zhou1shi4_2_3_2005_S0,STOREY_0,1670,0
26°C,定容,guang3zhou1shi4,2060 RCP 8.5,guang3zhou1shi4_2_1_2015_S0,STOREY_1,1670,0
26°C,定容,guang3zhou1shi4,2060 RCP 8.5,guang3zhou1shi4_2_1_2015_S0,STOREY_2,1670,0
26°C,定容,guang3zhou1shi4,2060 RCP 8.5,guang3zhou1shi4_2_1_2015_S0,STOREY_3,1670,0
26°C,定容,guang3zhou1shi4,2060 RCP 8.5,guang3zhou1shi4_2_1_2015_S0,STOREY_4,1670,0
26°C,定容,guang3zhou1shi4,2060 RCP 8.5,guang3zhou1shi4_2_1_2015_S0,STOREY_5,1670,0
26°C,定容,guang3zhou1shi4,2060 RCP 8.5,guang3zhou1shi4_2_1_2015_S0,STOREY_6,1670,0
26°C,定容,guang3zhou1shi4,2060 RCP 8.5,guang3zhou1shi4_2_1_2015_S0,STOREY_7,1670,0
26°C,定容,guang3zhou1shi4,2060 RCP 8.5,guang3zhou1shi4_2_1_2015_S0,STOREY_8,1670,0
26°C,定容,guang3zhou1shi4,2060 RCP 8.5,guang3zhou1shi4_2_1_2015_S0,STOREY_9,1670,0
26°C,定容,guang3zhou1shi4,2060 RCP 8.5,guang3zhou1shi4_2_1_2015_S0,STOREY_10,1670,0
26°C,定容,guang3zhou1shi4,2060 RCP 8.5,guang3zhou1shi4_2_1_2015_S0,STOREY_11,1670,0
26°C,定容,guang3zhou1shi4,2060 RCP 8.5,guang3zhou1shi4_2_1_2015_S0,STOREY_12,1670,0
26°C,定容,guang3zhou1shi4,2060 RCP 8.5,guang3zhou1shi4_2_1_2015_S0,STOREY_13,1670,0
26°C,定容,guang3zhou1shi4,2060 RCP 8.5,guang3zhou1shi4_2_1_2015_S0,STOREY_14,1670,0
26°C,定容,guang3zhou1shi4,2060 RCP 8.5,guang3zhou1shi4_2_1_2015_S0,STOREY_15,1670,0
26°C,定容,guang3zhou1shi4,2060 RCP 8.5,guang3zhou1shi4_2_1_2015_S0,STOREY_16,1670,0
26°C,定容,guang3zhou1shi4,2060 RCP 8.5,guang3zhou1shi4_2_1_2015_S0,STOREY_17,1670,0
26°C,定容,guang3zhou1shi4,2060 RCP 8.5,guang3zhou1shi4_2_1_2015_S0,STOREY_18,1670,0
26°C,定容,guang3zhou1shi4,2060 RCP 8.5,guang3zhou1shi4_2_1_2015_S0,STOREY_19,1670,0
26°C,定容,guang3zhou1shi4,2060 RCP 8.5,guang3zhou1shi4_2_1_2015_S0,STOREY_20,1670,0
26°C,定容,guang3zhou1shi4,2060 RCP 8.5,guang3zhou1shi4_2_1_2015_S0,STOREY_21,1670,0
26°C,定容,guang3zhou1shi4,2060 RCP 8.5,guang3zhou1shi4_2_1_2015_S0,STOREY_22,1670,0
26°C,定容,guang3zhou1shi4,2060 RCP 8.5,guang3zhou1shi4_2_1_2015_S0,STOREY_23,1670,0
26°C,定容,guang3zhou1shi4,2060 RCP 8.5,guang3zhou1shi4_2_1_2015_S0,STOREY_24,1670,0
26°C,定容,guang3zhou1shi4,2060 RCP 8.5,guang3zhou1shi4_2_1_2015_S0,STOREY_25,1670,0
26°C,定容,guang3zhou1shi4,2060 RCP 8.5,guang3zhou1shi4_2_1_2015_S0,STOREY_26,1670,0
26°C,定容,guang3zhou1shi4,2060 RCP 8.5,guang3zhou1shi4_2_1_2015_S0,STOREY_27,1670,30
26°C,定容,guang3zhou1shi4,2060 RCP 8.5,guang3zhou1shi4_2_1_2015_S0,STOREY_0,1670,0
26°C,定容,guang3zhou1shi4,2060 RCP 8.5,guang3zhou1shi4_2_4_2005_S0,STOREY_1,1670,0
26°C,定容,guang3zhou1shi4,2060 RCP 8.5,guang3zhou1shi4_2_4_2005_S0,STOREY_2,1670,0
26°C,定容,guang3zhou1shi4,2060 RCP 8.5,guang3zhou1shi4_2_4_2005_S0,STOREY_3,1670,0
26°C,定容,guang3zhou1shi4,2060 RCP 8.5,guang3zhou1shi4_2_4_2005_S0,STOREY_4,1670,0
26°C,定容,guang3zhou1shi4,2060 RCP 8.5,guang3zhou1shi4_2_4_2005_S0,STOREY_5,1670,0
26°C,定容,guang3zhou1shi4,2060 RCP 8.5,guang3zhou1shi4_2_4_2005_S0,STOREY_6,1670,0
26°C,定容,guang3zhou1shi4,2060 RCP 8.5,guang3zhou1shi4_2_4_2005_S0,STOREY_7,1670,0
26°C,定容,guang3zhou1shi4,2060 RCP 8.5,guang3zhou1shi4_2_4_2005_S0,STOREY_8,1670,0
26°C,定容,guang3zhou1shi4,2060 RCP 8.5,guang3zhou1shi4_2_4_2005_S0,STOREY_9,1670,0
26°C,定容,guang3zhou1shi4,2060 RCP 8.5,guang3zhou1shi4_2_4_2005_S0,STOREY_10,1670,0
26°C,定容,guang3zhou1shi4,2060 RCP 8.5,guang3zhou1shi4_2_4_2005_S0,STOREY_11,1670,74
26°C,定容,guang3zhou1shi4,2060 RCP 8.5,guang3zhou1shi4_2_4_2005_S0,STOREY_0,1670,0
26°C,定容,guang3zhou1shi4,2060 RCP 8.5,guang3zhou1shi4_2_5_2015_S0,STOREY_1,1670,0
26°C,定容,guang3zhou1shi4,2060 RCP 8.5,guang3zhou1shi4_2_5_2015_S0,STOREY_2,1670,0
26°C,定容,guang3zhou1shi4,2060 RCP 8.5,guang3zhou1shi4_2_5_2015_S0,STOREY_3,1670,0
26°C,定容,guang3zhou1shi4,2060 RCP 8.5,guang3zhou1shi4_2_5_2015_S0,STOREY_4,1670,0
26°C,定容,guang3zhou1shi4,2060 RCP 8.5,guang3zhou1shi4_2_5_2015_S0,STOREY_5,1670,0
26°C,定容,guang3zhou1shi4,2060 RCP 8.5,guang3zhou1shi4_2_5_2015_S0,STOREY_6,1670,0
26°C,定容,guang3zhou1shi4,2060 RCP 8.5,guang3zhou1shi4_2_5_2015_S0,STOREY_7,1670,0
26°C,定容,guang3zhou1shi4,2060 RCP 8.5,guang3zhou1shi4_2_5_2015_S0,STOREY_8,1670,0
26°C,定容,guang3zhou1shi4,2060 RCP 8.5,guang3zhou1shi4_2_5_2015_S0,STOREY_9,1670,0
26°C,定容,guang3zhou1shi4,2060 RCP 8.5,guang3zhou1shi4_2_5_2015_S0,STOREY_10,1670,0
26°C,定容,guang3zhou1shi4,2060 RCP 8.5,guang3zhou1shi4_2_5_2015_S0,STOREY_11,1670,0
26°C,定容,guang3zhou1shi4,2060 RCP 8.5,guang3zhou1shi4_2_5_2015_S0,STOREY_12,1670,0
26°C,定容,guang3zhou1shi4,2060 RCP 8.5,guang3zhou1shi4_2_5_2015_S0,STOREY_13,1670,0
26°C,定容,guang3zhou1shi4,2060 RCP 8.5,guang3zhou1shi4_2_5_2015_S0,STOREY_14,1670,49
26°C,定容,guang3zhou1shi4,2060 RCP 8.5,guang3zhou1shi4_2_5_2015_S0,STOREY_0,1670,0
26°C,定容,guang3zhou1shi4,2060 RCP 8.5,guang3zhou1shi4_2_6_2005_S0,STOREY_1,1670,0
26°C,定容,guang3zhou1shi4,2060 RCP 8.5,guang3zhou1shi4_2_6_2005_S0,STOREY_2,1670,0
26°C,定容,guang3zhou1shi4,2060 RCP 8.5,guang3zhou1shi4_2_6_2005_S0,STOREY_3,1670,0
26°C,定容,guang3zhou1shi4,2060 RCP 8.5,guang3zhou1shi4_2_6_2005_S0,STOREY_4,1670,0
26°C,定容,guang3zhou1shi4,2060 RCP 8.5,guang3zhou1shi4_2_6_2005_S0,STOREY_5,1670,0
26°C,定容,guang3zhou1shi4,2060 RCP 8.5,guang3zhou1shi4_2_6_2005_S0,STOREY_6,1670,0
26°C,定容,guang3zhou1shi4,2060 RCP 8.5,guang3zhou1shi4_2_6_2005_S0,STOREY_7,1670,0
26°C,定容,guang3zhou1shi4,2060 RCP 8.5,guang3zhou1shi4_2_6_2005_S0,STOREY_8,1670,0
26°C,定容,guang3zhou1shi4,2060 RCP 8.5,guang3zhou1shi4_2_6_2005_S0,STOREY_9,1670,0
26°C,定容,guang3zhou1shi4,2060 RCP 8.5,guang3zhou1shi4_2_6_2005_S0,STOREY_10,1670,0
26°C,定容,guang3zhou1shi4,2060 RCP 8.5,guang3zhou1shi4_2_6_2005_S0,STOREY_11,1670,0
26°C,定容,guang3zhou1shi4,2060 RCP 8.5,guang3zhou1shi4_2_6_2005_S0,STOREY_12,1670,0
26°C,定容,guang3zhou1shi4,2060 RCP 8.5,guang3zhou1shi4_2_6_2005_S0,STOREY_13,1670,0
26°C,定容,guang3zhou1shi4,2060 RCP 8.5,guang3zhou1shi4_2_6_2005_S0,STOREY_14,1670,49
26°C,定容,guang3zhou1shi4,2060 RCP 8.5,guang3zhou1shi4_2_6_2005_S0,STOREY_0,1670,0
26°C,定容,shang4hai3shi4,2040 RCP 2.6,shang4hai3shi4_0_10_1980_S0,STOREY_1,1840,14
26°C,定容,shang4hai3shi4,2040 RCP 2.6,shang4hai3shi4_0_10_1980_S0,STOREY_2,1840,28
26°C,定容,shang4hai3shi4,2040 RCP 2.6,shang4hai3shi4_0_10_1980_S0,STOREY_0,1840,1
26°C,定容,guang3zhou1shi4,2060 RCP 8.5,guang3zhou1shi4_2_7_2015_S0,STOREY_1,1670,0
26°C,定容,guang3zhou1shi4,2060 RCP 8.5,guang3zhou1shi4_2_7_2015_S0,STOREY_2,1670,0
26°C,定容,guang3zhou1shi4,2060 RCP 8.5,guang3zhou1shi4_2_7_2015_S0,STOREY_3,1670,0
26°C,定容,guang3zhou1shi4,2060 RCP 8.5,guang3zhou1shi4_2_7_2015_S0,STOREY_4,1670,0
26°C,定容,guang3zhou1shi4,2060 RCP 8.5,guang3zhou1shi4_2_7_2015_S0,STOREY_5,1670,0
26°C,定容,guang3zhou1shi4,2060 RCP 8.5,guang3zhou1shi4_2_7_2015_S0,STOREY_6,1670,0
26°C,定容,guang3zhou1shi4,2060 RCP 8.5,guang3zhou1shi4_2_7_2015_S0,STOREY_7,1670,0
26°C,定容,guang3zhou1shi4,2060 RCP 8.5,guang3zhou1shi4_2_7_2015_S0,STOREY_8,1670,0
26°C,定容,guang3zhou1shi4,2060 RCP 8.5,guang3zhou1shi4_2_7_2015_S0,STOREY_9,1670,0
26°C,定容,guang3zhou1shi4,2060 RCP 8.5,guang3zhou1shi4_2_7_2015_S0,STOREY_10,1670,0
26°C,定容,guang3zhou1shi4,2060 RCP 8.5,guang3zhou1shi4_2_7_2015_S0,STOREY_11,1670,0
26°C,定容,guang3zhou1shi4,2060 RCP 8.5,guang3zhou1shi4_2_7_2015_S0,STOREY_12,1670,0
26°C,定容,guang3zhou1shi4,2060 RCP 8.5,guang3zhou1shi4_2_7_2015_S0,STOREY_13,1670,0
26°C,定容,guang3zhou1shi4,2060 RCP 8.5,guang3zhou1shi4_2_7_2015_S0,STOREY_14,1670,0
26°C,定容,guang3zhou1shi4,2060 RCP 8.5,guang3zhou1shi4_2_7_2015_S0,STOREY_15,1670,0
26°C,定容,guang3zhou1shi4,2060 RCP 8.5,guang3zhou1shi4_2_7_2015_S0,STOREY_16,1670,0
26°C,定容,guang3zhou1shi4,2060 RCP 8.5,guang3zhou1shi4_2_7_2015_S0,STOREY_17,1670,0
26°C,定容,guang3zhou1shi4,2060 RCP 8.5,guang3zhou1shi4_2_7_2015_S0,STOREY_18,1670,0
26°C,定容,guang3zhou1shi4,2060 RCP 8.5,guang3zhou1shi4_2_7_2015_S0,STOREY_19,1670,30
26°C,定容,guang3zhou1shi4,2060 RCP 8.5,guang3zhou1shi4_2_7_2015_S0,STOREY_0,1670,0
26°C,定容,shang4hai3shi4,2040 RCP 2.6,shang4hai3shi4_0_11_1980_S0,STOREY_1,1840,11
26°C,定容,shang4hai3shi4,2040 RCP 2.6,shang4hai3shi4_0_11_1980_S0,STOREY_2,1840,28
26°C,定容,shang4hai3shi4,2040 RCP 2.6,shang4hai3shi4_0_11_1980_S0,STOREY_0,1840,0
26°C,定容,shang4hai3shi4,2040 RCP 2.6,shang4hai3shi4_0_12_1995_S0,STOREY_1,1840,7
26°C,定容,shang4hai3shi4,2040 RCP 2.6,shang4hai3shi4_0_12_1995_S0,STOREY_2,1840,24
26°C,定容,shang4hai3shi4,2040 RCP 2.6,shang4hai3shi4_0_12_1995_S0,STOREY_0,1840,0
26°C,定容,shang4hai3shi4,2040 RCP 2.6,shang4hai3shi4_0_13_1980_S0,STOREY_1,1840,32
26°C,定容,shang4hai3shi4,2040 RCP 2.6,shang4hai3shi4_0_13_1980_S0,STOREY_0,1840,3
26°C,定容,shang4hai3shi4,2040 RCP 2.6,shang4hai3shi4_0_14_2005_S0,STOREY_1,1840,7
26°C,定容,shang4hai3shi4,2040 RCP 2.6,shang4hai3shi4_0_14_2005_S0,STOREY_2,1840,24
26°C,定容,shang4hai3shi4,2040 RCP 2.6,shang4hai3shi4_0_14_2005_S0,STOREY_0,1840,1
26°C,定容,shang4hai3shi4,2040 RCP 2.6,shang4hai3shi4_0_15_1995_S0,STOREY_1,1840,44
26°C,定容,shang4hai3shi4,2040 RCP 2.6,shang4hai3shi4_0_15_1995_S0,STOREY_2,1840,61
26°C,定容,shang4hai3shi4,2040 RCP 2.6,shang4hai3shi4_0_15_1995_S0,STOREY_0,1840,5
26°C,定容,shang4hai3shi4,2040 RCP 2.6,shang4hai3shi4_0_2_1995_S0,STOREY_0,1840,0
26°C,定容,shang4hai3shi4,2040 RCP 2.6,shang4hai3shi4_0_1_1980_S0,STOREY_1,1840,4
26°C,定容,shang4hai3shi4,2040 RCP 2.6,shang4hai3shi4_0_1_1980_S0,STOREY_2,1840,14
26°C,定容,shang4hai3shi4,2040 RCP 2.6,shang4hai3shi4_0_1_1980_S0,STOREY_0,1840,0
26°C,定容,guang3zhou1shi4,2060 RCP 8.5,guang3zhou1shi4_2_8_2005_S0,STOREY_1,1670,0
26°C,定容,guang3zhou1shi4,2060 RCP 8.5,guang3zhou1shi4_2_8_2005_S0,STOREY_2,1670,0
26°C,定容,guang3zhou1shi4,2060 RCP 8.5,guang3zhou1shi4_2_8_2005_S0,STOREY_3,1670,0
26°C,定容,guang3zhou1shi4,2060 RCP 8.5,guang3zhou1shi4_2_8_2005_S0,STOREY_4,1670,0
26°C,定容,guang3zhou1shi4,2060 RCP 8.5,guang3zhou1shi4_2_8_2005_S0,STOREY_5,1670,0
26°C,定容,guang3zhou1shi4,2060 RCP 8.5,guang3zhou1shi4_2_8_2005_S0,STOREY_6,1670,0
26°C,定容,guang3zhou1shi4,2060 RCP 8.5,guang3zhou1shi4_2_8_2005_S0,STOREY_7,1670,0
26°C,定容,guang3zhou1shi4,2060 RCP 8.5,guang3zhou1shi4_2_8_2005_S0,STOREY_8,1670,0
26°C,定容,guang3zhou1shi4,2060 RCP 8.5,guang3zhou1shi4_2_8_2005_S0,STOREY_9,1670,0
26°C,定容,guang3zhou1shi4,2060 RCP 8.5,guang3zhou1shi4_2_8_2005_S0,STOREY_10,1670,0
26°C,定容,guang3zhou1shi4,2060 RCP 8.5,guang3zhou1shi4_2_8_2005_S0,STOREY_11,1670,0
26°C,定容,guang3zhou1shi4,2060 RCP 8.5,guang3zhou1shi4_2_8_2005_S0,STOREY_12,1670,0
26°C,定容,guang3zhou1shi4,2060 RCP 8.5,guang3zhou1shi4_2_8_2005_S0,STOREY_13,1670,0
26°C,定容,guang3zhou1shi4,2060 RCP 8.5,guang3zhou1shi4_2_8_2005_S0,STOREY_14,1670,0
26°C,定容,guang3zhou1shi4,2060 RCP 8.5,guang3zhou1shi4_2_8_2005_S0,STOREY_15,1670,0
26°C,定容,guang3zhou1shi4,2060 RCP 8.5,guang3zhou1shi4_2_8_2005_S0,STOREY_16,1670,0
26°C,定容,guang3zhou1shi4,2060 RCP 8.5,guang3zhou1shi4_2_8_2005_S0,STOREY_17,1670,0
26°C,定容,guang3zhou1shi4,2060 RCP 8.5,guang3zhou1shi4_2_8_2005_S0,STOREY_18,1670,0
26°C,定容,guang3zhou1shi4,2060 RCP 8.5,guang3zhou1shi4_2_8_2005_S0,STOREY_19,1670,0
26°C,定容,guang3zhou1shi4,2060 RCP 8.5,guang3zhou1shi4_2_8_2005_S0,STOREY_20,1670,0
26°C,定容,guang3zhou1shi4,2060 RCP 8.5,guang3zhou1shi4_2_8_2005_S0,STOREY_21,1670,0
26°C,定容,guang3zhou1shi4,2060 RCP 8.5,guang3zhou1shi4_2_8_2005_S0,STOREY_22,1670,0
26°C,定容,guang3zhou1shi4,2060 RCP 8.5,guang3zhou1shi4_2_8_2005_S0,STOREY_23,1670,0
26°C,定容,guang3zhou1shi4,2060 RCP 8.5,guang3zhou1shi4_2_8_2005_S0,STOREY_24,1670,0
26°C,定容,guang3zhou1shi4,2060 RCP 8.5,guang3zhou1shi4_2_8_2005_S0,STOREY_25,1670,0
26°C,定容,guang3zhou1shi4,2060 RCP 8.5,guang3zhou1shi4_2_8_2005_S0,STOREY_26,1670,0
26°C,定容,guang3zhou1shi4,2060 RCP 8.5,guang3zhou1shi4_2_8_2005_S0,STOREY_27,1670,39
26°C,定容,guang3zhou1shi4,2060 RCP 8.5,guang3zhou1shi4_2_8_2005_S0,STOREY_0,1670,0
26°C,定容,shang4hai3shi4,2040 RCP 2.6,shang4hai3shi4_0_3_1980_S0,STOREY_1,1840,23
26°C,定容,shang4hai3shi4,2040 RCP 2.6,shang4hai3shi4_0_3_1980_S0,STOREY_2,1840,36
26°C,定容,shang4hai3shi4,2040 RCP 2.6,shang4hai3shi4_0_3_1980_S0,STOREY_0,1840,1
26°C,定容,shang4hai3shi4,2040 RCP 2.6,shang4hai3shi4_0_4_1980_S0,STOREY_1,1840,71
26°C,定容,shang4hai3shi4,2040 RCP 2.6,shang4hai3shi4_0_4_1980_S0,STOREY_2,1840,68
26°C,定容,shang4hai3shi4,2040 RCP 2.6,shang4hai3shi4_0_4_1980_S0,STOREY_0,1840,9
26°C,定容,shang4hai3shi4,2040 RCP 2.6,shang4hai3shi4_0_5_1980_S0,STOREY_1,1840,19
26°C,定容,shang4hai3shi4,2040 RCP 2.6,shang4hai3shi4_0_5_1980_S0,STOREY_0,1840,1
26°C,定容,guang3zhou1shi4,2060 RCP 8.5,guang3zhou1shi4_2_9_2005_S0,STOREY_1,1670,0
26°C,定容,guang3zhou1shi4,2060 RCP 8.5,guang3zhou1shi4_2_9_2005_S0,STOREY_2,1670,0
26°C,定容,guang3zhou1shi4,2060 RCP 8.5,guang3zhou1shi4_2_9_2005_S0,STOREY_3,1670,0
26°C,定容,guang3zhou1shi4,2060 RCP 8.5,guang3zhou1shi4_2_9_2005_S0,STOREY_4,1670,0
26°C,定容,guang3zhou1shi4,2060 RCP 8.5,guang3zhou1shi4_2_9_2005_S0,STOREY_5,1670,0
26°C,定容,guang3zhou1shi4,2060 RCP 8.5,guang3zhou1shi4_2_9_2005_S0,STOREY_6,1670,0
26°C,定容,guang3zhou1shi4,2060 RCP 8.5,guang3zhou1shi4_2_9_2005_S0,STOREY_7,1670,0
26°C,定容,guang3zhou1shi4,2060 RCP 8.5,guang3zhou1shi4_2_9_2005_S0,STOREY_8,1670,0
26°C,定容,guang3zhou1shi4,2060 RCP 8.5,guang3zhou1shi4_2_9_2005_S0,STOREY_9,1670,0
26°C,定容,guang3zhou1shi4,2060 RCP 8.5,guang3zhou1shi4_2_9_2005_S0,STOREY_10,1670,0
26°C,定容,guang3zhou1shi4,2060 RCP 8.5,guang3zhou1shi4_2_9_2005_S0,STOREY_11,1670,0
26°C,定容,guang3zhou1shi4,2060 RCP 8.5,guang3zhou1shi4_2_9_2005_S0,STOREY_12,1670,0
26°C,定容,guang3zhou1shi4,2060 RCP 8.5,guang3zhou1shi4_2_9_2005_S0,STOREY_13,1670,0
26°C,定容,guang3zhou1shi4,2060 RCP 8.5,guang3zhou1shi4_2_9_2005_S0,STOREY_14,1670,0
26°C,定容,guang3zhou1shi4,2060 RCP 8.5,guang3zhou1shi4_2_9_2005_S0,STOREY_15,1670,0
26°C,定容,guang3zhou1shi4,2060 RCP 8.5,guang3zhou1shi4_2_9_2005_S0,STOREY_16,1670,0
26°C,定容,guang3zhou1shi4,2060 RCP 8.5,guang3zhou1shi4_2_9_2005_S0,STOREY_17,1670,0
26°C,定容,guang3zhou1shi4,2060 RCP 8.5,guang3zhou1shi4_2_9_2005_S0,STOREY_18,1670,0
26°C,定容,guang3zhou1shi4,2060 RCP 8.5,guang3zhou1shi4_2_9_2005_S0,STOREY_19,1670,0
26°C,定容,guang3zhou1shi4,2060 RCP 8.5,guang3zhou1shi4_2_9_2005_S0,STOREY_20,1670,0
26°C,定容,guang3zhou1shi4,2060 RCP 8.5,guang3zhou1shi4_2_9_2005_S0,STOREY_21,1670,0
26°C,定容,guang3zhou1shi4,2060 RCP 8.5,guang3zhou1shi4_2_9_2005_S0,STOREY_22,1670,0
26°C,定容,guang3zhou1shi4,2060 RCP 8.5,guang3zhou1shi4_2_9_2005_S0,STOREY_23,1670,61
26°C,定容,guang3zhou1shi4,2060 RCP 8.5,guang3zhou1shi4_2_9_2005_S0,STOREY_0,1670,0
26°C,定容,shang4hai3shi4,2040 RCP 2.6,shang4hai3shi4_0_6_1980_S0,STOREY_1,1840,15
26°C,定容,shang4hai3shi4,2040 RCP 2.6,shang4hai3shi4_0_6_1980_S0,STOREY_2,1840,32
26°C,定容,shang4hai3shi4,2040 RCP 2.6,shang4hai3shi4_0_6_1980_S0,STOREY_0,1840,0
26°C,定容,shang4hai3shi4,2040 RCP 2.6,shang4hai3shi4_0_7_1995_S0,STOREY_1,1840,50
26°C,定容,shang4hai3shi4,2040 RCP 2.6,shang4hai3shi4_0_7_1995_S0,STOREY_2,1840,65
26°C,定容,shang4hai3shi4,2040 RCP 2.6,shang4hai3shi4_0_7_1995_S0,STOREY_0,1840,11
26°C,定容,shang4hai3shi4,2040 RCP 2.6,shang4hai3shi4_0_8_1980_S0,STOREY_1,1840,53
26°C,定容,shang4hai3shi4,2040 RCP 2.6,shang4hai3shi4_0_8_1980_S0,STOREY_2,1840,60
26°C,定容,shang4hai3shi4,2040 RCP 2.6,shang4hai3shi4_0_8_1980_S0,STOREY_0,1840,3
26°C,定容,shang4hai3shi4,2040 RCP 2.6,shang4hai3shi4_0_9_1995_S0,STOREY_1,1840,9
26°C,定容,shang4hai3shi4,2040 RCP 2.6,shang4hai3shi4_0_9_1995_S0,STOREY_2,1840,28
26°C,定容,shang4hai3shi4,2040 RCP 2.6,shang4hai3shi4_0_9_1995_S0,STOREY_0,1840,1
26°C,定容,shang4hai3shi4,2040 RCP 2.6,shang4hai3shi4_1_10_1995_S0,STOREY_1,1840,6
26°C,定容,shang4hai3shi4,2040 RCP 2.6,shang4hai3shi4_1_10_1995_S0,STOREY_2,1840,7
26°C,定容,shang4hai3shi4,2040 RCP 2.6,shang4hai3shi4_1_10_1995_S0,STOREY_3,1840,7
26°C,定容,shang4hai3shi4,2040 RCP 2.6,shang4hai3shi4_1_10_1995_S0,STOREY_4,1840,7
26°C,定容,shang4hai3shi4,2040 RCP 2.6,shang4hai3shi4_1_10_1995_S0,STOREY_5,1840,19
26°C,定容,shang4hai3shi4,2040 RCP 2.6,shang4hai3shi4_1_10_1995_S0,STOREY_0,1840,0
26°C,定容,shang4hai3shi4,2040 RCP 2.6,shang4hai3shi4_1_11_1995_S0,STOREY_1,1840,7
26°C,定容,shang4hai3shi4,2040 RCP 2.6,shang4hai3shi4_1_11_1995_S0,STOREY_2,1840,7
26°C,定容,shang4hai3shi4,2040 RCP 2.6,shang4hai3shi4_1_11_1995_S0,STOREY_3,1840,7
26°C,定容,shang4hai3shi4,2040 RCP 2.6,shang4hai3shi4_1_11_1995_S0,STOREY_4,1840,10
26°C,定容,shang4hai3shi4,2040 RCP 2.6,shang4hai3shi4_1_11_1995_S0,STOREY_5,1840,26
26°C,定容,shang4hai3shi4,2040 RCP 2.6,shang4hai3shi4_1_11_1995_S0,STOREY_0,1840,1
26°C,定容,shang4hai3shi4,2040 RCP 2.6,shang4hai3shi4_1_13_2005_S0,STOREY_1,1840,4
26°C,定容,shang4hai3shi4,2040 RCP 2.6,shang4hai3shi4_1_13_2005_S0,STOREY_2,1840,4
26°C,定容,shang4hai3shi4,2040 RCP 2.6,shang4hai3shi4_1_13_2005_S0,STOREY_3,1840,7
26°C,定容,shang4hai3shi4,2040 RCP 2.6,shang4hai3shi4_1_13_2005_S0,STOREY_4,1840,15
26°C,定容,shang4hai3shi4,2040 RCP 2.6,shang4hai3shi4_1_13_2005_S0,STOREY_0,1840,0
26°C,定容,shang4hai3shi4,2040 RCP 2.6,shang4hai3shi4_1_12_2005_S0,STOREY_1,1840,4
26°C,定容,shang4hai3shi4,2040 RCP 2.6,shang4hai3shi4_1_12_2005_S0,STOREY_2,1840,4
26°C,定容,shang4hai3shi4,2040 RCP 2.6,shang4hai3shi4_1_12_2005_S0,STOREY_3,1840,4
26°C,定容,shang4hai3shi4,2040 RCP 2.6,shang4hai3shi4_1_12_2005_S0,STOREY_4,1840,7
26°C,定容,shang4hai3shi4,2040 RCP 2.6,shang4hai3shi4_1_12_2005_S0,STOREY_5,1840,16
26°C,定容,shang4hai3shi4,2040 RCP 2.6,shang4hai3shi4_1_12_2005_S0,STOREY_0,1840,0
26°C,定容,shang4hai3shi4,2040 RCP 2.6,shang4hai3shi4_1_15_2005_S0,STOREY_1,1840,4
26°C,定容,shang4hai3shi4,2040 RCP 2.6,shang4hai3shi4_1_15_2005_S0,STOREY_2,1840,4
26°C,定容,shang4hai3shi4,2040 RCP 2.6,shang4hai3shi4_1_15_2005_S0,STOREY_3,1840,4
26°C,定容,shang4hai3shi4,2040 RCP 2.6,shang4hai3shi4_1_15_2005_S0,STOREY_4,1840,7
26°C,定容,shang4hai3shi4,2040 RCP 2.6,shang4hai3shi4_1_15_2005_S0,STOREY_5,1840,16
26°C,定容,shang4hai3shi4,2040 RCP 2.6,shang4hai3shi4_1_15_2005_S0,STOREY_0,1840,0
26°C,定容,shang4hai3shi4,2040 RCP 2.6,shang4hai3shi4_1_1_1995_S0,STOREY_1,1840,7
26°C,定容,shang4hai3shi4,2040 RCP 2.6,shang4hai3shi4_1_1_1995_S0,STOREY_2,1840,7
26°C,定容,shang4hai3shi4,2040 RCP 2.6,shang4hai3shi4_1_1_1995_S0,STOREY_3,1840,7
26°C,定容,shang4hai3shi4,2040 RCP 2.6,shang4hai3shi4_1_1_1995_S0,STOREY_4,1840,9
26°C,定容,shang4hai3shi4,2040 RCP 2.6,shang4hai3shi4_1_1_1995_S0,STOREY_5,1840,26
26°C,定容,shang4hai3shi4,2040 RCP 2.6,shang4hai3shi4_1_1_1995_S0,STOREY_0,1840,0
26°C,定容,shang4hai3shi4,2040 RCP 2.6,shang4hai3shi4_1_2_1980_S0,STOREY_1,1840,7
26°C,定容,shang4hai3shi4,2040 RCP 2.6,shang4hai3shi4_1_2_1980_S0,STOREY_2,1840,9
26°C,定容,shang4hai3shi4,2040 RCP 2.6,shang4hai3shi4_1_2_1980_S0,STOREY_3,1840,11
26°C,定容,shang4hai3shi4,2040 RCP 2.6,shang4hai3shi4_1_2_1980_S0,STOREY_4,1840,17
26°C,定容,shang4hai3shi4,2040 RCP 2.6,shang4hai3shi4_1_2_1980_S0,STOREY_5,1840,24
26°C,定容,shang4hai3shi4,2040 RCP 2.6,shang4hai3shi4_1_2_1980_S0,STOREY_0,1840,0
26°C,定容,shang4hai3shi4,2040 RCP 2.6,shang4hai3shi4_1_14_1995_S0,STOREY_1,1840,7
26°C,定容,shang4hai3shi4,2040 RCP 2.6,shang4hai3shi4_1_14_1995_S0,STOREY_2,1840,7
26°C,定容,shang4hai3shi4,2040 RCP 2.6,shang4hai3shi4_1_14_1995_S0,STOREY_3,1840,7
26°C,定容,shang4hai3shi4,2040 RCP 2.6,shang4hai3shi4_1_14_1995_S0,STOREY_4,1840,7
26°C,定容,shang4hai3shi4,2040 RCP 2.6,shang4hai3shi4_1_14_1995_S0,STOREY_5,1840,7
26°C,定容,shang4hai3shi4,2040 RCP 2.6,shang4hai3shi4_1_14_1995_S0,STOREY_6,1840,7
26°C,定容,shang4hai3shi4,2040 RCP 2.6,shang4hai3shi4_1_14_1995_S0,STOREY_7,1840,7
26°C,定容,shang4hai3shi4,2040 RCP 2.6,shang4hai3shi4_1_14_1995_S0,STOREY_8,1840,8
26°C,定容,shang4hai3shi4,2040 RCP 2.6,shang4hai3shi4_1_14_1995_S0,STOREY_9,1840,25
26°C,定容,shang4hai3shi4,2040 RCP 2.6,shang4hai3shi4_1_14_1995_S0,STOREY_0,1840,0
26°C,定容,shang4hai3shi4,2040 RCP 2.6,shang4hai3shi4_1_3_1995_S0,STOREY_1,1840,2
26°C,定容,shang4hai3shi4,2040 RCP 2.6,shang4hai3shi4_1_3_1995_S0,STOREY_2,1840,3
26°C,定容,shang4hai3shi4,2040 RCP 2.6,shang4hai3shi4_1_3_1995_S0,STOREY_3,1840,4
26°C,定容,shang4hai3shi4,2040 RCP 2.6,shang4hai3shi4_1_3_1995_S0,STOREY_4,1840,4
26°C,定容,shang4hai3shi4,2040 RCP 2.6,shang4hai3shi4_1_3_1995_S0,STOREY_5,1840,18
26°C,定容,shang4hai3shi4,2040 RCP 2.6,shang4hai3shi4_1_3_1995_S0,STOREY_0,1840,0
26°C,定容,shang4hai3shi4,2040 RCP 2.6,shang4hai3shi4_1_4_2005_S0,STOREY_1,1840,4
26°C,定容,shang4hai3shi4,2040 RCP 2.6,shang4hai3shi4_1_4_2005_S0,STOREY_2,1840,4
26°C,定容,shang4hai3shi4,2040 RCP 2.6,shang4hai3shi4_1_4_2005_S0,STOREY_3,1840,4
26°C,定容,shang4hai3shi4,2040 RCP 2.6,shang4hai3shi4_1_4_2005_S0,STOREY_4,1840,7
26°C,定容,shang4hai3shi4,2040 RCP 2.6,shang4hai3shi4_1_4_2005_S0,STOREY_5,1840,15
26°C,定容,shang4hai3shi4,2040 RCP 2.6,shang4hai3shi4_1_4_2005_S0,STOREY_0,1840,0
26°C,定容,shang4hai3shi4,2040 RCP 2.6,shang4hai3shi4_1_5_2005_S0,STOREY_1,1840,7
26°C,定容,shang4hai3shi4,2040 RCP 2.6,shang4hai3shi4_1_5_2005_S0,STOREY_2,1840,7
26°C,定容,shang4hai3shi4,2040 RCP 2.6,shang4hai3shi4_1_5_2005_S0,STOREY_3,1840,7
26°C,定容,shang4hai3shi4,2040 RCP 2.6,shang4hai3shi4_1_5_2005_S0,STOREY_4,1840,7
26°C,定容,shang4hai3shi4,2040 RCP 2.6,shang4hai3shi4_1_5_2005_S0,STOREY_5,1840,23
26°C,定容,shang4hai3shi4,2040 RCP 2.6,shang4hai3shi4_1_5_2005_S0,STOREY_0,1840,0
26°C,定容,shang4hai3shi4,2040 RCP 2.6,shang4hai3shi4_1_6_2005_S0,STOREY_1,1840,4
26°C,定容,shang4hai3shi4,2040 RCP 2.6,shang4hai3shi4_1_6_2005_S0,STOREY_2,1840,4
26°C,定容,shang4hai3shi4,2040 RCP 2.6,shang4hai3shi4_1_6_2005_S0,STOREY_3,1840,5
26°C,定容,shang4hai3shi4,2040 RCP 2.6,shang4hai3shi4_1_6_2005_S0,STOREY_4,1840,7
26°C,定容,shang4hai3shi4,2040 RCP 2.6,shang4hai3shi4_1_6_2005_S0,STOREY_5,1840,18
26°C,定容,shang4hai3shi4,2040 RCP 2.6,shang4hai3shi4_1_6_2005_S0,STOREY_0,1840,0
26°C,定容,shang4hai3shi4,2040 RCP 2.6,shang4hai3shi4_1_7_1995_S0,STOREY_1,1840,7
26°C,定容,shang4hai3shi4,2040 RCP 2.6,shang4hai3shi4_1_7_1995_S0,STOREY_2,1840,9
26°C,定容,shang4hai3shi4,2040 RCP 2.6,shang4hai3shi4_1_7_1995_S0,STOREY_3,1840,11
26°C,定容,shang4hai3shi4,2040 RCP 2.6,shang4hai3shi4_1_7_1995_S0,STOREY_4,1840,28
26°C,定容,shang4hai3shi4,2040 RCP 2.6,shang4hai3shi4_1_7_1995_S0,STOREY_0,1840,1
26°C,定容,shang4hai3shi4,2040 RCP 2.6,shang4hai3shi4_1_8_1995_S0,STOREY_1,1840,15
26°C,定容,shang4hai3shi4,2040 RCP 2.6,shang4hai3shi4_1_8_1995_S0,STOREY_2,1840,15
26°C,定容,shang4hai3shi4,2040 RCP 2.6,shang4hai3shi4_1_8_1995_S0,STOREY_3,1840,15
26°C,定容,shang4hai3shi4,2040 RCP 2.6,shang4hai3shi4_1_8_1995_S0,STOREY_4,1840,20
26°C,定容,shang4hai3shi4,2040 RCP 2.6,shang4hai3shi4_1_8_1995_S0,STOREY_5,1840,37
26°C,定容,shang4hai3shi4,2040 RCP 2.6,shang4hai3shi4_1_8_1995_S0,STOREY_0,1840,3
26°C,定容,shang4hai3shi4,2040 RCP 2.6,shang4hai3shi4_1_9_1980_S0,STOREY_1,1840,4
26°C,定容,shang4hai3shi4,2040 RCP 2.6,shang4hai3shi4_1_9_1980_S0,STOREY_2,1840,4
26°C,定容,shang4hai3shi4,2040 RCP 2.6,shang4hai3shi4_1_9_1980_S0,STOREY_3,1840,5
26°C,定容,shang4hai3shi4,2040 RCP 2.6,shang4hai3shi4_1_9_1980_S0,STOREY_4,1840,8
26°C,定容,shang4hai3shi4,2040 RCP 2.6,shang4hai3shi4_1_9_1980_S0,STOREY_5,1840,20
26°C,定容,shang4hai3shi4,2040 RCP 2.6,shang4hai3shi4_1_9_1980_S0,STOREY_0,1840,0
26°C,定容,shang4hai3shi4,2040 RCP 2.6,shang4hai3shi4_2_11_2005_S0,STOREY_1,1840,4
26°C,定容,shang4hai3shi4,2040 RCP 2.6,shang4hai3shi4_2_11_2005_S0,STOREY_2,1840,4
26°C,定容,shang4hai3shi4,2040 RCP 2.6,shang4hai3shi4_2_11_2005_S0,STOREY_3,1840,4
26°C,定容,shang4hai3shi4,2040 RCP 2.6,shang4hai3shi4_2_11_2005_S0,STOREY_4,1840,4
26°C,定容,shang4hai3shi4,2040 RCP 2.6,shang4hai3shi4_2_11_2005_S0,STOREY_5,1840,4
26°C,定容,shang4hai3shi4,2040 RCP 2.6,shang4hai3shi4_2_11_2005_S0,STOREY_6,1840,4
26°C,定容,shang4hai3shi4,2040 RCP 2.6,shang4hai3shi4_2_11_2005_S0,STOREY_7,1840,4
26°C,定容,shang4hai3shi4,2040 RCP 2.6,shang4hai3shi4_2_11_2005_S0,STOREY_8,1840,4
26°C,定容,shang4hai3shi4,2040 RCP 2.6,shang4hai3shi4_2_11_2005_S0,STOREY_9,1840,4
26°C,定容,shang4hai3shi4,2040 RCP 2.6,shang4hai3shi4_2_11_2005_S0,STOREY_10,1840,7
26°C,定容,shang4hai3shi4,2040 RCP 2.6,shang4hai3shi4_2_11_2005_S0,STOREY_11,1840,14
26°C,定容,shang4hai3shi4,2040 RCP 2.6,shang4hai3shi4_2_11_2005_S0,STOREY_0,1840,0
26°C,定容,shang4hai3shi4,2040 RCP 2.6,shang4hai3shi4_2_10_1995_S0,STOREY_1,1840,7
26°C,定容,shang4hai3shi4,2040 RCP 2.6,shang4hai3shi4_2_10_1995_S0,STOREY_2,1840,7
26°C,定容,shang4hai3shi4,2040 RCP 2.6,shang4hai3shi4_2_10_1995_S0,STOREY_3,1840,7
26°C,定容,shang4hai3shi4,2040 RCP 2.6,shang4hai3shi4_2_10_1995_S0,STOREY_4,1840,7
26°C,定容,shang4hai3shi4,2040 RCP 2.6,shang4hai3shi4_2_10_1995_S0,STOREY_5,1840,7
26°C,定容,shang4hai3shi4,2040 RCP 2.6,shang4hai3shi4_2_10_1995_S0,STOREY_6,1840,7
26°C,定容,shang4hai3shi4,2040 RCP 2.6,shang4hai3shi4_2_10_1995_S0,STOREY_7,1840,7
26°C,定容,shang4hai3shi4,2040 RCP 2.6,shang4hai3shi4_2_10_1995_S0,STOREY_8,1840,7
26°C,定容,shang4hai3shi4,2040 RCP 2.6,shang4hai3shi4_2_10_1995_S0,STOREY_9,1840,7
26°C,定容,shang4hai3shi4,2040 RCP 2.6,shang4hai3shi4_2_10_1995_S0,STOREY_10,1840,7
26°C,定容,shang4hai3shi4,2040 RCP 2.6,shang4hai3shi4_2_10_1995_S0,STOREY_11,1840,7
26°C,定容,shang4hai3shi4,2040 RCP 2.6,shang4hai3shi4_2_10_1995_S0,STOREY_12,1840,7
26°C,定容,shang4hai3shi4,2040 RCP 2.6,shang4hai3shi4_2_10_1995_S0,STOREY_13,1840,7
26°C,定容,shang4hai3shi4,2040 RCP 2.6,shang4hai3shi4_2_10_1995_S0,STOREY_14,1840,7
26°C,定容,shang4hai3shi4,2040 RCP 2.6,shang4hai3shi4_2_10_1995_S0,STOREY_15,1840,18
26°C,定容,shang4hai3shi4,2040 RCP 2.6,shang4hai3shi4_2_10_1995_S0,STOREY_0,1840,0
26°C,定容,shang4hai3shi4,2040 RCP 2.6,shang4hai3shi4_2_12_2005_S0,STOREY_1,1840,4
26°C,定容,shang4hai3shi4,2040 RCP 2.6,shang4hai3shi4_2_12_2005_S0,STOREY_2,1840,4
26°C,定容,shang4hai3shi4,2040 RCP 2.6,shang4hai3shi4_2_12_2005_S0,STOREY_3,1840,4
26°C,定容,shang4hai3shi4,2040 RCP 2.6,shang4hai3shi4_2_12_2005_S0,STOREY_4,1840,4
26°C,定容,shang4hai3shi4,2040 RCP 2.6,shang4hai3shi4_2_12_2005_S0,STOREY_5,1840,4
26°C,定容,shang4hai3shi4,2040 RCP 2.6,shang4hai3shi4_2_12_2005_S0,STOREY_6,1840,4
26°C,定容,shang4hai3shi4,2040 RCP 2.6,shang4hai3shi4_2_12_2005_S0,STOREY_7,1840,4
26°C,定容,shang4hai3shi4,2040 RCP 2.6,shang4hai3shi4_2_12_2005_S0,STOREY_8,1840,4
26°C,定容,shang4hai3shi4,2040 RCP 2.6,shang4hai3shi4_2_12_2005_S0,STOREY_9,1840,4
26°C,定容,shang4hai3shi4,2040 RCP 2.6,shang4hai3shi4_2_12_2005_S0,STOREY_10,1840,4
26°C,定容,shang4hai3shi4,2040 RCP 2.6,shang4hai3shi4_2_12_2005_S0,STOREY_11,1840,4
26°C,定容,shang4hai3shi4,2040 RCP 2.6,shang4hai3shi4_2_12_2005_S0,STOREY_12,1840,6
26°C,定容,shang4hai3shi4,2040 RCP 2.6,shang4hai3shi4_2_12_2005_S0,STOREY_13,1840,12
26°C,定容,shang4hai3shi4,2040 RCP 2.6,shang4hai3shi4_2_12_2005_S0,STOREY_0,1840,0
26°C,定容,shang4hai3shi4,2040 RCP 2.6,shang4hai3shi4_2_15_2005_S0,STOREY_1,1840,4
26°C,定容,shang4hai3shi4,2040 RCP 2.6,shang4hai3shi4_2_15_2005_S0,STOREY_2,1840,5
26°C,定容,shang4hai3shi4,2040 RCP 2.6,shang4hai3shi4_2_15_2005_S0,STOREY_3,1840,5
26°C,定容,shang4hai3shi4,2040 RCP 2.6,shang4hai3shi4_2_15_2005_S0,STOREY_4,1840,5
26°C,定容,shang4hai3shi4,2040 RCP 2.6,shang4hai3shi4_2_15_2005_S0,STOREY_5,1840,5
26°C,定容,shang4hai3shi4,2040 RCP 2.6,shang4hai3shi4_2_15_2005_S0,STOREY_6,1840,5
26°C,定容,shang4hai3shi4,2040 RCP 2.6,shang4hai3shi4_2_15_2005_S0,STOREY_7,1840,5
26°C,定容,shang4hai3shi4,2040 RCP 2.6,shang4hai3shi4_2_15_2005_S0,STOREY_8,1840,5
26°C,定容,shang4hai3shi4,2040 RCP 2.6,shang4hai3shi4_2_15_2005_S0,STOREY_9,1840,6
26°C,定容,shang4hai3shi4,2040 RCP 2.6,shang4hai3shi4_2_15_2005_S0,STOREY_10,1840,7
26°C,定容,shang4hai3shi4,2040 RCP 2.6,shang4hai3shi4_2_15_2005_S0,STOREY_11,1840,7
26°C,定容,shang4hai3shi4,2040 RCP 2.6,shang4hai3shi4_2_15_2005_S0,STOREY_12,1840,22
26°C,定容,shang4hai3shi4,2040 RCP 2.6,shang4hai3shi4_2_15_2005_S0,STOREY_0,1840,0
26°C,定容,shang4hai3shi4,2040 RCP 2.6,shang4hai3shi4_2_14_2015_S0,STOREY_1,1840,0
26°C,定容,shang4hai3shi4,2040 RCP 2.6,shang4hai3shi4_2_14_2015_S0,STOREY_2,1840,0
26°C,定容,shang4hai3shi4,2040 RCP 2.6,shang4hai3shi4_2_14_2015_S0,STOREY_3,1840,0
26°C,定容,shang4hai3shi4,2040 RCP 2.6,shang4hai3shi4_2_14_2015_S0,STOREY_4,1840,0
26°C,定容,shang4hai3shi4,2040 RCP 2.6,shang4hai3shi4_2_14_2015_S0,STOREY_5,1840,0
26°C,定容,shang4hai3shi4,2040 RCP 2.6,shang4hai3shi4_2_14_2015_S0,STOREY_6,1840,0
26°C,定容,shang4hai3shi4,2040 RCP 2.6,shang4hai3shi4_2_14_2015_S0,STOREY_7,1840,0
26°C,定容,shang4hai3shi4,2040 RCP 2.6,shang4hai3shi4_2_14_2015_S0,STOREY_8,1840,0
26°C,定容,shang4hai3shi4,2040 RCP 2.6,shang4hai3shi4_2_14_2015_S0,STOREY_9,1840,0
26°C,定容,shang4hai3shi4,2040 RCP 2.6,shang4hai3shi4_2_14_2015_S0,STOREY_10,1840,0
26°C,定容,shang4hai3shi4,2040 RCP 2.6,shang4hai3shi4_2_14_2015_S0,STOREY_11,1840,0
26°C,定容,shang4hai3shi4,2040 RCP 2.6,shang4hai3shi4_2_14_2015_S0,STOREY_12,1840,0
26°C,定容,shang4hai3shi4,2040 RCP 2.6,shang4hai3shi4_2_14_2015_S0,STOREY_13,1840,0
26°C,定容,shang4hai3shi4,2040 RCP 2.6,shang4hai3shi4_2_14_2015_S0,STOREY_14,1840,0
26°C,定容,shang4hai3shi4,2040 RCP 2.6,shang4hai3shi4_2_14_2015_S0,STOREY_15,1840,0
26°C,定容,shang4hai3shi4,2040 RCP 2.6,shang4hai3shi4_2_14_2015_S0,STOREY_16,1840,0
26°C,定容,shang4hai3shi4,2040 RCP 2.6,shang4hai3shi4_2_14_2015_S0,STOREY_17,1840,8
26°C,定容,shang4hai3shi4,2040 RCP 2.6,shang4hai3shi4_2_14_2015_S0,STOREY_0,1840,0
26°C,定容,shang4hai3shi4,2040 RCP 2.6,shang4hai3shi4_2_13_2005_S0,STOREY_1,1840,4
26°C,定容,shang4hai3shi4,2040 RCP 2.6,shang4hai3shi4_2_13_2005_S0,STOREY_2,1840,5
26°C,定容,shang4hai3shi4,2040 RCP 2.6,shang4hai3shi4_2_13_2005_S0,STOREY_3,1840,5
26°C,定容,shang4hai3shi4,2040 RCP 2.6,shang4hai3shi4_2_13_2005_S0,STOREY_4,1840,5
26°C,定容,shang4hai3shi4,2040 RCP 2.6,shang4hai3shi4_2_13_2005_S0,STOREY_5,1840,5
26°C,定容,shang4hai3shi4,2040 RCP 2.6,shang4hai3shi4_2_13_2005_S0,STOREY_6,1840,5
26°C,定容,shang4hai3shi4,2040 RCP 2.6,shang4hai3shi4_2_13_2005_S0,STOREY_7,1840,5
26°C,定容,shang4hai3shi4,2040 RCP 2.6,shang4hai3shi4_2_13_2005_S0,STOREY_8,1840,5
26°C,定容,shang4hai3shi4,2040 RCP 2.6,shang4hai3shi4_2_13_2005_S0,STOREY_9,1840,5
26°C,定容,shang4hai3shi4,2040 RCP 2.6,shang4hai3shi4_2_13_2005_S0,STOREY_10,1840,5
26°C,定容,shang4hai3shi4,2040 RCP 2.6,shang4hai3shi4_2_13_2005_S0,STOREY_11,1840,5
26°C,定容,shang4hai3shi4,2040 RCP 2.6,shang4hai3shi4_2_13_2005_S0,STOREY_12,1840,5
26°C,定容,shang4hai3shi4,2040 RCP 2.6,shang4hai3shi4_2_13_2005_S0,STOREY_13,1840,5
26°C,定容,shang4hai3shi4,2040 RCP 2.6,shang4hai3shi4_2_13_2005_S0,STOREY_14,1840,5
26°C,定容,shang4hai3shi4,2040 RCP 2.6,shang4hai3shi4_2_13_2005_S0,STOREY_15,1840,5
26°C,定容,shang4hai3shi4,2040 RCP 2.6,shang4hai3shi4_2_13_2005_S0,STOREY_16,1840,5
26°C,定容,shang4hai3shi4,2040 RCP 2.6,shang4hai3shi4_2_13_2005_S0,STOREY_17,1840,5
26°C,定容,shang4hai3shi4,2040 RCP 2.6,shang4hai3shi4_2_13_2005_S0,STOREY_18,1840,5
26°C,定容,shang4hai3shi4,2040 RCP 2.6,shang4hai3shi4_2_13_2005_S0,STOREY_19,1840,5
26°C,定容,shang4hai3shi4,2040 RCP 2.6,shang4hai3shi4_2_13_2005_S0,STOREY_20,1840,5
26°C,定容,shang4hai3shi4,2040 RCP 2.6,shang4hai3shi4_2_13_2005_S0,STOREY_21,1840,5
26°C,定容,shang4hai3shi4,2040 RCP 2.6,shang4hai3shi4_2_13_2005_S0,STOREY_22,1840,5
26°C,定容,shang4hai3shi4,2040 RCP 2.6,shang4hai3shi4_2_13_2005_S0,STOREY_23,1840,5
26°C,定容,shang4hai3shi4,2040 RCP 2.6,shang4hai3shi4_2_13_2005_S0,STOREY_24,1840,5
26°C,定容,shang4hai3shi4,2040 RCP 2.6,shang4hai3shi4_2_13_2005_S0,STOREY_25,1840,7
26°C,定容,shang4hai3shi4,2040 RCP 2.6,shang4hai3shi4_2_13_2005_S0,STOREY_26,1840,7
26°C,定容,shang4hai3shi4,2040 RCP 2.6,shang4hai3shi4_2_13_2005_S0,STOREY_27,1840,15
26°C,定容,shang4hai3shi4,2040 RCP 2.6,shang4hai3shi4_2_13_2005_S0,STOREY_0,1840,0
26°C,定容,shang4hai3shi4,2040 RCP 2.6,shang4hai3shi4_2_1_2005_S0,STOREY_1,1840,4
26°C,定容,shang4hai3shi4,2040 RCP 2.6,shang4hai3shi4_2_1_2005_S0,STOREY_2,1840,4
26°C,定容,shang4hai3shi4,2040 RCP 2.6,shang4hai3shi4_2_1_2005_S0,STOREY_3,1840,4
26°C,定容,shang4hai3shi4,2040 RCP 2.6,shang4hai3shi4_2_1_2005_S0,STOREY_4,1840,4
26°C,定容,shang4hai3shi4,2040 RCP 2.6,shang4hai3shi4_2_1_2005_S0,STOREY_5,1840,4
26°C,定容,shang4hai3shi4,2040 RCP 2.6,shang4hai3shi4_2_1_2005_S0,STOREY_6,1840,4
26°C,定容,shang4hai3shi4,2040 RCP 2.6,shang4hai3shi4_2_1_2005_S0,STOREY_7,1840,4
26°C,定容,shang4hai3shi4,2040 RCP 2.6,shang4hai3shi4_2_1_2005_S0,STOREY_8,1840,4
26°C,定容,shang4hai3shi4,2040 RCP 2.6,shang4hai3shi4_2_1_2005_S0,STOREY_9,1840,4
26°C,定容,shang4hai3shi4,2040 RCP 2.6,shang4hai3shi4_2_1_2005_S0,STOREY_10,1840,4
26°C,定容,shang4hai3shi4,2040 RCP 2.6,shang4hai3shi4_2_1_2005_S0,STOREY_11,1840,4
26°C,定容,shang4hai3shi4,2040 RCP 2.6,shang4hai3shi4_2_1_2005_S0,STOREY_12,1840,4
26°C,定容,shang4hai3shi4,2040 RCP 2.6,shang4hai3shi4_2_1_2005_S0,STOREY_13,1840,4
26°C,定容,shang4hai3shi4,2040 RCP 2.6,shang4hai3shi4_2_1_2005_S0,STOREY_14,1840,6
26°C,定容,shang4hai3shi4,2040 RCP 2.6,shang4hai3shi4_2_1_2005_S0,STOREY_15,1840,13
26°C,定容,shang4hai3shi4,2040 RCP 2.6,shang4hai3shi4_2_1_2005_S0,STOREY_0,1840,0
26°C,定容,shang4hai3shi4,2040 RCP 2.6,shang4hai3shi4_2_2_1980_S0,STOREY_1,1840,4
26°C,定容,shang4hai3shi4,2040 RCP 2.6,shang4hai3shi4_2_2_1980_S0,STOREY_2,1840,4
26°C,定容,shang4hai3shi4,2040 RCP 2.6,shang4hai3shi4_2_2_1980_S0,STOREY_3,1840,4
26°C,定容,shang4hai3shi4,2040 RCP 2.6,shang4hai3shi4_2_2_1980_S0,STOREY_4,1840,4
26°C,定容,shang4hai3shi4,2040 RCP 2.6,shang4hai3shi4_2_2_1980_S0,STOREY_5,1840,4
26°C,定容,shang4hai3shi4,2040 RCP 2.6,shang4hai3shi4_2_2_1980_S0,STOREY_6,1840,4
26°C,定容,shang4hai3shi4,2040 RCP 2.6,shang4hai3shi4_2_2_1980_S0,STOREY_7,1840,4
26°C,定容,shang4hai3shi4,2040 RCP 2.6,shang4hai3shi4_2_2_1980_S0,STOREY_8,1840,4
26°C,定容,shang4hai3shi4,2040 RCP 2.6,shang4hai3shi4_2_2_1980_S0,STOREY_9,1840,6
26°C,定容,shang4hai3shi4,2040 RCP 2.6,shang4hai3shi4_2_2_1980_S0,STOREY_10,1840,8
26°C,定容,shang4hai3shi4,2040 RCP 2.6,shang4hai3shi4_2_2_1980_S0,STOREY_11,1840,22
26°C,定容,shang4hai3shi4,2040 RCP 2.6,shang4hai3shi4_2_2_1980_S0,STOREY_0,1840,0
26°C,定容,shang4hai3shi4,2040 RCP 2.6,shang4hai3shi4_2_3_2005_S0,STOREY_1,1840,4
26°C,定容,shang4hai3shi4,2040 RCP 2.6,shang4hai3shi4_2_3_2005_S0,STOREY_2,1840,5
26°C,定容,shang4hai3shi4,2040 RCP 2.6,shang4hai3shi4_2_3_2005_S0,STOREY_3,1840,5
26°C,定容,shang4hai3shi4,2040 RCP 2.6,shang4hai3shi4_2_3_2005_S0,STOREY_4,1840,5
26°C,定容,shang4hai3shi4,2040 RCP 2.6,shang4hai3shi4_2_3_2005_S0,STOREY_5,1840,5
26°C,定容,shang4hai3shi4,2040 RCP 2.6,shang4hai3shi4_2_3_2005_S0,STOREY_6,1840,5
26°C,定容,shang4hai3shi4,2040 RCP 2.6,shang4hai3shi4_2_3_2005_S0,STOREY_7,1840,5
26°C,定容,shang4hai3shi4,2040 RCP 2.6,shang4hai3shi4_2_3_2005_S0,STOREY_8,1840,5
26°C,定容,shang4hai3shi4,2040 RCP 2.6,shang4hai3shi4_2_3_2005_S0,STOREY_9,1840,5
26°C,定容,shang4hai3shi4,2040 RCP 2.6,shang4hai3shi4_2_3_2005_S0,STOREY_10,1840,5
26°C,定容,shang4hai3shi4,2040 RCP 2.6,shang4hai3shi4_2_3_2005_S0,STOREY_11,1840,5
26°C,定容,shang4hai3shi4,2040 RCP 2.6,shang4hai3shi4_2_3_2005_S0,STOREY_12,1840,5
26°C,定容,shang4hai3shi4,2040 RCP 2.6,shang4hai3shi4_2_3_2005_S0,STOREY_13,1840,5
26°C,定容,shang4hai3shi4,2040 RCP 2.6,shang4hai3shi4_2_3_2005_S0,STOREY_14,1840,5
26°C,定容,shang4hai3shi4,2040 RCP 2.6,shang4hai3shi4_2_3_2005_S0,STOREY_15,1840,5
26°C,定容,shang4hai3shi4,2040 RCP 2.6,shang4hai3shi4_2_3_2005_S0,STOREY_16,1840,7
26°C,定容,shang4hai3shi4,2040 RCP 2.6,shang4hai3shi4_2_3_2005_S0,STOREY_17,1840,17
26°C,定容,shang4hai3shi4,2040 RCP 2.6,shang4hai3shi4_2_3_2005_S0,STOREY_0,1840,0
26°C,定容,shang4hai3shi4,2040 RCP 2.6,shang4hai3shi4_2_4_1995_S0,STOREY_1,1840,4
26°C,定容,shang4hai3shi4,2040 RCP 2.6,shang4hai3shi4_2_4_1995_S0,STOREY_2,1840,4
26°C,定容,shang4hai3shi4,2040 RCP 2.6,shang4hai3shi4_2_4_1995_S0,STOREY_3,1840,4
26°C,定容,shang4hai3shi4,2040 RCP 2.6,shang4hai3shi4_2_4_1995_S0,STOREY_4,1840,4
26°C,定容,shang4hai3shi4,2040 RCP 2.6,shang4hai3shi4_2_4_1995_S0,STOREY_5,1840,4
26°C,定容,shang4hai3shi4,2040 RCP 2.6,shang4hai3shi4_2_4_1995_S0,STOREY_6,1840,4
26°C,定容,shang4hai3shi4,2040 RCP 2.6,shang4hai3shi4_2_4_1995_S0,STOREY_7,1840,4
26°C,定容,shang4hai3shi4,2040 RCP 2.6,shang4hai3shi4_2_4_1995_S0,STOREY_8,1840,4
26°C,定容,shang4hai3shi4,2040 RCP 2.6,shang4hai3shi4_2_4_1995_S0,STOREY_9,1840,4
26°C,定容,shang4hai3shi4,2040 RCP 2.6,shang4hai3shi4_2_4_1995_S0,STOREY_10,1840,4
26°C,定容,shang4hai3shi4,2040 RCP 2.6,shang4hai3shi4_2_4_1995_S0,STOREY_11,1840,4
26°C,定容,shang4hai3shi4,2040 RCP 2.6,shang4hai3shi4_2_4_1995_S0,STOREY_12,1840,4
26°C,定容,shang4hai3shi4,2040 RCP 2.6,shang4hai3shi4_2_4_1995_S0,STOREY_13,1840,4
26°C,定容,shang4hai3shi4,2040 RCP 2.6,shang4hai3shi4_2_4_1995_S0,STOREY_14,1840,4
26°C,定容,shang4hai3shi4,2040 RCP 2.6,shang4hai3shi4_2_4_1995_S0,STOREY_15,1840,4
26°C,定容,shang4hai3shi4,2040 RCP 2.6,shang4hai3shi4_2_4_1995_S0,STOREY_16,1840,4
26°C,定容,shang4hai3shi4,2040 RCP 2.6,shang4hai3shi4_2_4_1995_S0,STOREY_17,1840,4
26°C,定容,shang4hai3shi4,2040 RCP 2.6,shang4hai3shi4_2_4_1995_S0,STOREY_18,1840,7
26°C,定容,shang4hai3shi4,2040 RCP 2.6,shang4hai3shi4_2_4_1995_S0,STOREY_19,1840,20
26°C,定容,shang4hai3shi4,2040 RCP 2.6,shang4hai3shi4_2_4_1995_S0,STOREY_0,1840,0
26°C,定容,shang4hai3shi4,2040 RCP 2.6,shang4hai3shi4_2_6_2015_S0,STOREY_1,1840,0
26°C,定容,shang4hai3shi4,2040 RCP 2.6,shang4hai3shi4_2_6_2015_S0,STOREY_2,1840,0
26°C,定容,shang4hai3shi4,2040 RCP 2.6,shang4hai3shi4_2_6_2015_S0,STOREY_3,1840,0
26°C,定容,shang4hai3shi4,2040 RCP 2.6,shang4hai3shi4_2_6_2015_S0,STOREY_4,1840,0
26°C,定容,shang4hai3shi4,2040 RCP 2.6,shang4hai3shi4_2_6_2015_S0,STOREY_5,1840,0
26°C,定容,shang4hai3shi4,2040 RCP 2.6,shang4hai3shi4_2_6_2015_S0,STOREY_6,1840,0
26°C,定容,shang4hai3shi4,2040 RCP 2.6,shang4hai3shi4_2_6_2015_S0,STOREY_7,1840,0
26°C,定容,shang4hai3shi4,2040 RCP 2.6,shang4hai3shi4_2_6_2015_S0,STOREY_8,1840,0
26°C,定容,shang4hai3shi4,2040 RCP 2.6,shang4hai3shi4_2_6_2015_S0,STOREY_9,1840,0
26°C,定容,shang4hai3shi4,2040 RCP 2.6,shang4hai3shi4_2_6_2015_S0,STOREY_10,1840,0
26°C,定容,shang4hai3shi4,2040 RCP 2.6,shang4hai3shi4_2_6_2015_S0,STOREY_11,1840,12
26°C,定容,shang4hai3shi4,2040 RCP 2.6,shang4hai3shi4_2_6_2015_S0,STOREY_0,1840,0
26°C,定容,shang4hai3shi4,2040 RCP 2.6,shang4hai3shi4_2_5_2005_S0,STOREY_1,1840,4
26°C,定容,shang4hai3shi4,2040 RCP 2.6,shang4hai3shi4_2_5_2005_S0,STOREY_2,1840,4
26°C,定容,shang4hai3shi4,2040 RCP 2.6,shang4hai3shi4_2_5_2005_S0,STOREY_3,1840,4
26°C,定容,shang4hai3shi4,2040 RCP 2.6,shang4hai3shi4_2_5_2005_S0,STOREY_4,1840,4
26°C,定容,shang4hai3shi4,2040 RCP 2.6,shang4hai3shi4_2_5_2005_S0,STOREY_5,1840,4
26°C,定容,shang4hai3shi4,2040 RCP 2.6,shang4hai3shi4_2_5_2005_S0,STOREY_6,1840,4
26°C,定容,shang4hai3shi4,2040 RCP 2.6,shang4hai3shi4_2_5_2005_S0,STOREY_7,1840,4
26°C,定容,shang4hai3shi4,2040 RCP 2.6,shang4hai3shi4_2_5_2005_S0,STOREY_8,1840,4
26°C,定容,shang4hai3shi4,2040 RCP 2.6,shang4hai3shi4_2_5_2005_S0,STOREY_9,1840,4
26°C,定容,shang4hai3shi4,2040 RCP 2.6,shang4hai3shi4_2_5_2005_S0,STOREY_10,1840,4
26°C,定容,shang4hai3shi4,2040 RCP 2.6,shang4hai3shi4_2_5_2005_S0,STOREY_11,1840,4
26°C,定容,shang4hai3shi4,2040 RCP 2.6,shang4hai3shi4_2_5_2005_S0,STOREY_12,1840,4
26°C,定容,shang4hai3shi4,2040 RCP 2.6,shang4hai3shi4_2_5_2005_S0,STOREY_13,1840,4
26°C,定容,shang4hai3shi4,2040 RCP 2.6,shang4hai3shi4_2_5_2005_S0,STOREY_14,1840,4
26°C,定容,shang4hai3shi4,2040 RCP 2.6,shang4hai3shi4_2_5_2005_S0,STOREY_15,1840,4
26°C,定容,shang4hai3shi4,2040 RCP 2.6,shang4hai3shi4_2_5_2005_S0,STOREY_16,1840,4
26°C,定容,shang4hai3shi4,2040 RCP 2.6,shang4hai3shi4_2_5_2005_S0,STOREY_17,1840,4
26°C,定容,shang4hai3shi4,2040 RCP 2.6,shang4hai3shi4_2_5_2005_S0,STOREY_18,1840,4
26°C,定容,shang4hai3shi4,2040 RCP 2.6,shang4hai3shi4_2_5_2005_S0,STOREY_19,1840,4
26°C,定容,shang4hai3shi4,2040 RCP 2.6,shang4hai3shi4_2_5_2005_S0,STOREY_20,1840,4
26°C,定容,shang4hai3shi4,2040 RCP 2.6,shang4hai3shi4_2_5_2005_S0,STOREY_21,1840,4
26°C,定容,shang4hai3shi4,2040 RCP 2.6,shang4hai3shi4_2_5_2005_S0,STOREY_22,1840,4
26°C,定容,shang4hai3shi4,2040 RCP 2.6,shang4hai3shi4_2_5_2005_S0,STOREY_23,1840,6
26°C,定容,shang4hai3shi4,2040 RCP 2.6,shang4hai3shi4_2_5_2005_S0,STOREY_24,1840,12
26°C,定容,shang4hai3shi4,2040 RCP 2.6,shang4hai3shi4_2_5_2005_S0,STOREY_0,1840,0
26°C,定容,shang4hai3shi4,2040 RCP 2.6,shang4hai3shi4_2_7_2005_S0,STOREY_1,1840,4
26°C,定容,shang4hai3shi4,2040 RCP 2.6,shang4hai3shi4_2_7_2005_S0,STOREY_2,1840,4
26°C,定容,shang4hai3shi4,2040 RCP 2.6,shang4hai3shi4_2_7_2005_S0,STOREY_3,1840,4
26°C,定容,shang4hai3shi4,2040 RCP 2.6,shang4hai3shi4_2_7_2005_S0,STOREY_4,1840,4
26°C,定容,shang4hai3shi4,2040 RCP 2.6,shang4hai3shi4_2_7_2005_S0,STOREY_5,1840,4
26°C,定容,shang4hai3shi4,2040 RCP 2.6,shang4hai3shi4_2_7_2005_S0,STOREY_6,1840,4
26°C,定容,shang4hai3shi4,2040 RCP 2.6,shang4hai3shi4_2_7_2005_S0,STOREY_7,1840,4
26°C,定容,shang4hai3shi4,2040 RCP 2.6,shang4hai3shi4_2_7_2005_S0,STOREY_8,1840,4
26°C,定容,shang4hai3shi4,2040 RCP 2.6,shang4hai3shi4_2_7_2005_S0,STOREY_9,1840,7
26°C,定容,shang4hai3shi4,2040 RCP 2.6,shang4hai3shi4_2_7_2005_S0,STOREY_10,1840,15
26°C,定容,shang4hai3shi4,2040 RCP 2.6,shang4hai3shi4_2_7_2005_S0,STOREY_0,1840,0
26°C,定容,shang4hai3shi4,2040 RCP 4.5,shang4hai3shi4_0_10_1980_S0,STOREY_1,1840,1
26°C,定容,shang4hai3shi4,2040 RCP 4.5,shang4hai3shi4_0_10_1980_S0,STOREY_2,1840,12
26°C,定容,shang4hai3shi4,2040 RCP 4.5,shang4hai3shi4_0_10_1980_S0,STOREY_0,1840,0
26°C,定容,shang4hai3shi4,2040 RCP 4.5,shang4hai3shi4_0_11_1980_S0,STOREY_1,1840,0
26°C,定容,shang4hai3shi4,2040 RCP 4.5,shang4hai3shi4_0_11_1980_S0,STOREY_2,1840,12
26°C,定容,shang4hai3shi4,2040 RCP 4.5,shang4hai3shi4_0_11_1980_S0,STOREY_0,1840,0
26°C,定容,shang4hai3shi4,2040 RCP 4.5,shang4hai3shi4_0_12_1995_S0,STOREY_1,1840,0
26°C,定容,shang4hai3shi4,2040 RCP 4.5,shang4hai3shi4_0_12_1995_S0,STOREY_2,1840,10
26°C,定容,shang4hai3shi4,2040 RCP 4.5,shang4hai3shi4_0_12_1995_S0,STOREY_0,1840,0
26°C,定容,shang4hai3shi4,2040 RCP 4.5,shang4hai3shi4_0_13_1980_S0,STOREY_1,1840,17
26°C,定容,shang4hai3shi4,2040 RCP 4.5,shang4hai3shi4_0_13_1980_S0,STOREY_0,1840,0
26°C,定容,shang4hai3shi4,2040 RCP 4.5,shang4hai3shi4_0_14_2005_S0,STOREY_1,1840,0
26°C,定容,shang4hai3shi4,2040 RCP 4.5,shang4hai3shi4_0_14_2005_S0,STOREY_2,1840,10
26°C,定容,shang4hai3shi4,2040 RCP 4.5,shang4hai3shi4_0_14_2005_S0,STOREY_0,1840,0
26°C,定容,shang4hai3shi4,2040 RCP 4.5,shang4hai3shi4_0_15_1995_S0,STOREY_1,1840,15
26°C,定容,shang4hai3shi4,2040 RCP 4.5,shang4hai3shi4_0_15_1995_S0,STOREY_2,1840,30
26°C,定容,shang4hai3shi4,2040 RCP 4.5,shang4hai3shi4_0_15_1995_S0,STOREY_0,1840,0
26°C,定容,shang4hai3shi4,2040 RCP 4.5,shang4hai3shi4_0_2_1995_S0,STOREY_0,1840,0
26°C,定容,shang4hai3shi4,2040 RCP 4.5,shang4hai3shi4_0_1_1980_S0,STOREY_1,1840,0
26°C,定容,shang4hai3shi4,2040 RCP 4.5,shang4hai3shi4_0_1_1980_S0,STOREY_2,1840,4
26°C,定容,shang4hai3shi4,2040 RCP 4.5,shang4hai3shi4_0_1_1980_S0,STOREY_0,1840,0
26°C,定容,shang4hai3shi4,2040 RCP 2.6,shang4hai3shi4_2_9_2005_S0,STOREY_1,1840,1
26°C,定容,shang4hai3shi4,2040 RCP 2.6,shang4hai3shi4_2_9_2005_S0,STOREY_2,1840,2
26°C,定容,shang4hai3shi4,2040 RCP 2.6,shang4hai3shi4_2_9_2005_S0,STOREY_3,1840,2
26°C,定容,shang4hai3shi4,2040 RCP 2.6,shang4hai3shi4_2_9_2005_S0,STOREY_4,1840,2
26°C,定容,shang4hai3shi4,2040 RCP 2.6,shang4hai3shi4_2_9_2005_S0,STOREY_5,1840,2
26°C,定容,shang4hai3shi4,2040 RCP 2.6,shang4hai3shi4_2_9_2005_S0,STOREY_6,1840,2
26°C,定容,shang4hai3shi4,2040 RCP 2.6,shang4hai3shi4_2_9_2005_S0,STOREY_7,1840,2
26°C,定容,shang4hai3shi4,2040 RCP 2.6,shang4hai3shi4_2_9_2005_S0,STOREY_8,1840,2
26°C,定容,shang4hai3shi4,2040 RCP 2.6,shang4hai3shi4_2_9_2005_S0,STOREY_9,1840,2
26°C,定容,shang4hai3shi4,2040 RCP 2.6,shang4hai3shi4_2_9_2005_S0,STOREY_10,1840,2
26°C,定容,shang4hai3shi4,2040 RCP 2.6,shang4hai3shi4_2_9_2005_S0,STOREY_11,1840,2
26°C,定容,shang4hai3shi4,2040 RCP 2.6,shang4hai3shi4_2_9_2005_S0,STOREY_12,1840,2
26°C,定容,shang4hai3shi4,2040 RCP 2.6,shang4hai3shi4_2_9_2005_S0,STOREY_13,1840,2
26°C,定容,shang4hai3shi4,2040 RCP 2.6,shang4hai3shi4_2_9_2005_S0,STOREY_14,1840,2
26°C,定容,shang4hai3shi4,2040 RCP 2.6,shang4hai3shi4_2_9_2005_S0,STOREY_15,1840,2
26°C,定容,shang4hai3shi4,2040 RCP 2.6,shang4hai3shi4_2_9_2005_S0,STOREY_16,1840,2
26°C,定容,shang4hai3shi4,2040 RCP 2.6,shang4hai3shi4_2_9_2005_S0,STOREY_17,1840,3
26°C,定容,shang4hai3shi4,2040 RCP 2.6,shang4hai3shi4_2_9_2005_S0,STOREY_18,1840,4
26°C,定容,shang4hai3shi4,2040 RCP 2.6,shang4hai3shi4_2_9_2005_S0,STOREY_19,1840,4
26°C,定容,shang4hai3shi4,2040 RCP 2.6,shang4hai3shi4_2_9_2005_S0,STOREY_20,1840,11
26°C,定容,shang4hai3shi4,2040 RCP 2.6,shang4hai3shi4_2_9_2005_S0,STOREY_0,1840,0
26°C,定容,shang4hai3shi4,2040 RCP 2.6,shang4hai3shi4_2_8_2005_S0,STOREY_1,1840,4
26°C,定容,shang4hai3shi4,2040 RCP 2.6,shang4hai3shi4_2_8_2005_S0,STOREY_2,1840,4
26°C,定容,shang4hai3shi4,2040 RCP 2.6,shang4hai3shi4_2_8_2005_S0,STOREY_3,1840,4
26°C,定容,shang4hai3shi4,2040 RCP 2.6,shang4hai3shi4_2_8_2005_S0,STOREY_4,1840,4
26°C,定容,shang4hai3shi4,2040 RCP 2.6,shang4hai3shi4_2_8_2005_S0,STOREY_5,1840,4
26°C,定容,shang4hai3shi4,2040 RCP 2.6,shang4hai3shi4_2_8_2005_S0,STOREY_6,1840,4
26°C,定容,shang4hai3shi4,2040 RCP 2.6,shang4hai3shi4_2_8_2005_S0,STOREY_7,1840,4
26°C,定容,shang4hai3shi4,2040 RCP 2.6,shang4hai3shi4_2_8_2005_S0,STOREY_8,1840,4
26°C,定容,shang4hai3shi4,2040 RCP 2.6,shang4hai3shi4_2_8_2005_S0,STOREY_9,1840,4
26°C,定容,shang4hai3shi4,2040 RCP 2.6,shang4hai3shi4_2_8_2005_S0,STOREY_10,1840,4
26°C,定容,shang4hai3shi4,2040 RCP 2.6,shang4hai3shi4_2_8_2005_S0,STOREY_11,1840,4
26°C,定容,shang4hai3shi4,2040 RCP 2.6,shang4hai3shi4_2_8_2005_S0,STOREY_12,1840,4
26°C,定容,shang4hai3shi4,2040 RCP 2.6,shang4hai3shi4_2_8_2005_S0,STOREY_13,1840,4
26°C,定容,shang4hai3shi4,2040 RCP 2.6,shang4hai3shi4_2_8_2005_S0,STOREY_14,1840,4
26°C,定容,shang4hai3shi4,2040 RCP 2.6,shang4hai3shi4_2_8_2005_S0,STOREY_15,1840,4
26°C,定容,shang4hai3shi4,2040 RCP 2.6,shang4hai3shi4_2_8_2005_S0,STOREY_16,1840,4
26°C,定容,shang4hai3shi4,2040 RCP 2.6,shang4hai3shi4_2_8_2005_S0,STOREY_17,1840,4
26°C,定容,shang4hai3shi4,2040 RCP 2.6,shang4hai3shi4_2_8_2005_S0,STOREY_18,1840,4
26°C,定容,shang4hai3shi4,2040 RCP 2.6,shang4hai3shi4_2_8_2005_S0,STOREY_19,1840,4
26°C,定容,shang4hai3shi4,2040 RCP 2.6,shang4hai3shi4_2_8_2005_S0,STOREY_20,1840,6
26°C,定容,shang4hai3shi4,2040 RCP 2.6,shang4hai3shi4_2_8_2005_S0,STOREY_21,1840,13
26°C,定容,shang4hai3shi4,2040 RCP 2.6,shang4hai3shi4_2_8_2005_S0,STOREY_0,1840,0
26°C,定容,shang4hai3shi4,2040 RCP 4.5,shang4hai3shi4_0_3_1980_S0,STOREY_1,1840,4
26°C,定容,shang4hai3shi4,2040 RCP 4.5,shang4hai3shi4_0_3_1980_S0,STOREY_2,1840,19
26°C,定容,shang4hai3shi4,2040 RCP 4.5,shang4hai3shi4_0_3_1980_S0,STOREY_0,1840,0
26°C,定容,shang4hai3shi4,2040 RCP 4.5,shang4hai3shi4_0_4_1980_S0,STOREY_1,1840,33
26°C,定容,shang4hai3shi4,2040 RCP 4.5,shang4hai3shi4_0_4_1980_S0,STOREY_2,1840,36
26°C,定容,shang4hai3shi4,2040 RCP 4.5,shang4hai3shi4_0_4_1980_S0,STOREY_0,1840,2
26°C,定容,shang4hai3shi4,2040 RCP 4.5,shang4hai3shi4_0_5_1980_S0,STOREY_1,1840,8
26°C,定容,shang4hai3shi4,2040 RCP 4.5,shang4hai3shi4_0_5_1980_S0,STOREY_0,1840,0
26°C,定容,shang4hai3shi4,2040 RCP 4.5,shang4hai3shi4_0_6_1980_S0,STOREY_1,1840,1
26°C,定容,shang4hai3shi4,2040 RCP 4.5,shang4hai3shi4_0_6_1980_S0,STOREY_2,1840,17
26°C,定容,shang4hai3shi4,2040 RCP 4.5,shang4hai3shi4_0_6_1980_S0,STOREY_0,1840,0
26°C,定容,shang4hai3shi4,2040 RCP 4.5,shang4hai3shi4_0_8_1980_S0,STOREY_1,1840,23
26°C,定容,shang4hai3shi4,2040 RCP 4.5,shang4hai3shi4_0_8_1980_S0,STOREY_2,1840,31
26°C,定容,shang4hai3shi4,2040 RCP 4.5,shang4hai3shi4_0_8_1980_S0,STOREY_0,1840,0
26°C,定容,shang4hai3shi4,2040 RCP 4.5,shang4hai3shi4_0_9_1995_S0,STOREY_1,1840,1
26°C,定容,shang4hai3shi4,2040 RCP 4.5,shang4hai3shi4_0_9_1995_S0,STOREY_2,1840,12
26°C,定容,shang4hai3shi4,2040 RCP 4.5,shang4hai3shi4_0_9_1995_S0,STOREY_0,1840,0
26°C,定容,shang4hai3shi4,2040 RCP 4.5,shang4hai3shi4_0_7_1995_S0,STOREY_1,1840,20
26°C,定容,shang4hai3shi4,2040 RCP 4.5,shang4hai3shi4_0_7_1995_S0,STOREY_2,1840,32
26°C,定容,shang4hai3shi4,2040 RCP 4.5,shang4hai3shi4_0_7_1995_S0,STOREY_0,1840,3
26°C,定容,shang4hai3shi4,2040 RCP 4.5,shang4hai3shi4_1_10_1995_S0,STOREY_1,1840,0
26°C,定容,shang4hai3shi4,2040 RCP 4.5,shang4hai3shi4_1_10_1995_S0,STOREY_2,1840,1
26°C,定容,shang4hai3shi4,2040 RCP 4.5,shang4hai3shi4_1_10_1995_S0,STOREY_3,1840,1
26°C,定容,shang4hai3shi4,2040 RCP 4.5,shang4hai3shi4_1_10_1995_S0,STOREY_4,1840,1
26°C,定容,shang4hai3shi4,2040 RCP 4.5,shang4hai3shi4_1_10_1995_S0,STOREY_5,1840,8
26°C,定容,shang4hai3shi4,2040 RCP 4.5,shang4hai3shi4_1_10_1995_S0,STOREY_0,1840,0
26°C,定容,shang4hai3shi4,2040 RCP 4.5,shang4hai3shi4_1_11_1995_S0,STOREY_1,1840,0
26°C,定容,shang4hai3shi4,2040 RCP 4.5,shang4hai3shi4_1_11_1995_S0,STOREY_2,1840,0
26°C,定容,shang4hai3shi4,2040 RCP 4.5,shang4hai3shi4_1_11_1995_S0,STOREY_3,1840,0
26°C,定容,shang4hai3shi4,2040 RCP 4.5,shang4hai3shi4_1_11_1995_S0,STOREY_4,1840,1
26°C,定容,shang4hai3shi4,2040 RCP 4.5,shang4hai3shi4_1_11_1995_S0,STOREY_5,1840,11
26°C,定容,shang4hai3shi4,2040 RCP 4.5,shang4hai3shi4_1_11_1995_S0,STOREY_0,1840,0
26°C,定容,shang4hai3shi4,2040 RCP 4.5,shang4hai3shi4_1_12_2005_S0,STOREY_1,1840,0
26°C,定容,shang4hai3shi4,2040 RCP 4.5,shang4hai3shi4_1_12_2005_S0,STOREY_2,1840,0
26°C,定容,shang4hai3shi4,2040 RCP 4.5,shang4hai3shi4_1_12_2005_S0,STOREY_3,1840,0
26°C,定容,shang4hai3shi4,2040 RCP 4.5,shang4hai3shi4_1_12_2005_S0,STOREY_4,1840,0
26°C,定容,shang4hai3shi4,2040 RCP 4.5,shang4hai3shi4_1_12_2005_S0,STOREY_5,1840,5
26°C,定容,shang4hai3shi4,2040 RCP 4.5,shang4hai3shi4_1_12_2005_S0,STOREY_0,1840,0
26°C,定容,shang4hai3shi4,2040 RCP 4.5,shang4hai3shi4_1_13_2005_S0,STOREY_1,1840,0
26°C,定容,shang4hai3shi4,2040 RCP 4.5,shang4hai3shi4_1_13_2005_S0,STOREY_2,1840,0
26°C,定容,shang4hai3shi4,2040 RCP 4.5,shang4hai3shi4_1_13_2005_S0,STOREY_3,1840,0
26°C,定容,shang4hai3shi4,2040 RCP 4.5,shang4hai3shi4_1_13_2005_S0,STOREY_4,1840,4
26°C,定容,shang4hai3shi4,2040 RCP 4.5,shang4hai3shi4_1_13_2005_S0,STOREY_0,1840,0
26°C,定容,shang4hai3shi4,2040 RCP 4.5,shang4hai3shi4_1_15_2005_S0,STOREY_1,1840,0
26°C,定容,shang4hai3shi4,2040 RCP 4.5,shang4hai3shi4_1_15_2005_S0,STOREY_2,1840,0
26°C,定容,shang4hai3shi4,2040 RCP 4.5,shang4hai3shi4_1_15_2005_S0,STOREY_3,1840,0
26°C,定容,shang4hai3shi4,2040 RCP 4.5,shang4hai3shi4_1_15_2005_S0,STOREY_4,1840,0
26°C,定容,shang4hai3shi4,2040 RCP 4.5,shang4hai3shi4_1_15_2005_S0,STOREY_5,1840,6
26°C,定容,shang4hai3shi4,2040 RCP 4.5,shang4hai3shi4_1_15_2005_S0,STOREY_0,1840,0
26°C,定容,shang4hai3shi4,2040 RCP 4.5,shang4hai3shi4_1_1_1995_S0,STOREY_1,1840,0
26°C,定容,shang4hai3shi4,2040 RCP 4.5,shang4hai3shi4_1_1_1995_S0,STOREY_2,1840,0
26°C,定容,shang4hai3shi4,2040 RCP 4.5,shang4hai3shi4_1_1_1995_S0,STOREY_3,1840,0
26°C,定容,shang4hai3shi4,2040 RCP 4.5,shang4hai3shi4_1_1_1995_S0,STOREY_4,1840,1
26°C,定容,shang4hai3shi4,2040 RCP 4.5,shang4hai3shi4_1_1_1995_S0,STOREY_5,1840,11
26°C,定容,shang4hai3shi4,2040 RCP 4.5,shang4hai3shi4_1_1_1995_S0,STOREY_0,1840,0
26°C,定容,shang4hai3shi4,2040 RCP 4.5,shang4hai3shi4_1_2_1980_S0,STOREY_1,1840,1
26°C,定容,shang4hai3shi4,2040 RCP 4.5,shang4hai3shi4_1_2_1980_S0,STOREY_2,1840,1
26°C,定容,shang4hai3shi4,2040 RCP 4.5,shang4hai3shi4_1_2_1980_S0,STOREY_3,1840,2
26°C,定容,shang4hai3shi4,2040 RCP 4.5,shang4hai3shi4_1_2_1980_S0,STOREY_4,1840,4
26°C,定容,shang4hai3shi4,2040 RCP 4.5,shang4hai3shi4_1_2_1980_S0,STOREY_5,1840,10
26°C,定容,shang4hai3shi4,2040 RCP 4.5,shang4hai3shi4_1_2_1980_S0,STOREY_0,1840,0
26°C,定容,shang4hai3shi4,2040 RCP 4.5,shang4hai3shi4_1_14_1995_S0,STOREY_1,1840,0
26°C,定容,shang4hai3shi4,2040 RCP 4.5,shang4hai3shi4_1_14_1995_S0,STOREY_2,1840,0
26°C,定容,shang4hai3shi4,2040 RCP 4.5,shang4hai3shi4_1_14_1995_S0,STOREY_3,1840,0
26°C,定容,shang4hai3shi4,2040 RCP 4.5,shang4hai3shi4_1_14_1995_S0,STOREY_4,1840,0
26°C,定容,shang4hai3shi4,2040 RCP 4.5,shang4hai3shi4_1_14_1995_S0,STOREY_5,1840,0
26°C,定容,shang4hai3shi4,2040 RCP 4.5,shang4hai3shi4_1_14_1995_S0,STOREY_6,1840,0
26°C,定容,shang4hai3shi4,2040 RCP 4.5,shang4hai3shi4_1_14_1995_S0,STOREY_7,1840,0
26°C,定容,shang4hai3shi4,2040 RCP 4.5,shang4hai3shi4_1_14_1995_S0,STOREY_8,1840,0
26°C,定容,shang4hai3shi4,2040 RCP 4.5,shang4hai3shi4_1_14_1995_S0,STOREY_9,1840,10
26°C,定容,shang4hai3shi4,2040 RCP 4.5,shang4hai3shi4_1_14_1995_S0,STOREY_0,1840,0
26°C,定容,shang4hai3shi4,2040 RCP 4.5,shang4hai3shi4_1_3_1995_S0,STOREY_1,1840,0
26°C,定容,shang4hai3shi4,2040 RCP 4.5,shang4hai3shi4_1_3_1995_S0,STOREY_2,1840,0
26°C,定容,shang4hai3shi4,2040 RCP 4.5,shang4hai3shi4_1_3_1995_S0,STOREY_3,1840,0
26°C,定容,shang4hai3shi4,2040 RCP 4.5,shang4hai3shi4_1_3_1995_S0,STOREY_4,1840,0
26°C,定容,shang4hai3shi4,2040 RCP 4.5,shang4hai3shi4_1_3_1995_S0,STOREY_5,1840,5
26°C,定容,shang4hai3shi4,2040 RCP 4.5,shang4hai3shi4_1_3_1995_S0,STOREY_0,1840,0
26°C,定容,shang4hai3shi4,2040 RCP 4.5,shang4hai3shi4_1_4_2005_S0,STOREY_1,1840,0
26°C,定容,shang4hai3shi4,2040 RCP 4.5,shang4hai3shi4_1_4_2005_S0,STOREY_2,1840,0
26°C,定容,shang4hai3shi4,2040 RCP 4.5,shang4hai3shi4_1_4_2005_S0,STOREY_3,1840,0
26°C,定容,shang4hai3shi4,2040 RCP 4.5,shang4hai3shi4_1_4_2005_S0,STOREY_4,1840,0
26°C,定容,shang4hai3shi4,2040 RCP 4.5,shang4hai3shi4_1_4_2005_S0,STOREY_5,1840,4
26°C,定容,shang4hai3shi4,2040 RCP 4.5,shang4hai3shi4_1_4_2005_S0,STOREY_0,1840,0
26°C,定容,shang4hai3shi4,2040 RCP 4.5,shang4hai3shi4_1_5_2005_S0,STOREY_1,1840,0
26°C,定容,shang4hai3shi4,2040 RCP 4.5,shang4hai3shi4_1_5_2005_S0,STOREY_2,1840,0
26°C,定容,shang4hai3shi4,2040 RCP 4.5,shang4hai3shi4_1_5_2005_S0,STOREY_3,1840,0
26°C,定容,shang4hai3shi4,2040 RCP 4.5,shang4hai3shi4_1_5_2005_S0,STOREY_4,1840,0
26°C,定容,shang4hai3shi4,2040 RCP 4.5,shang4hai3shi4_1_5_2005_S0,STOREY_5,1840,10
26°C,定容,shang4hai3shi4,2040 RCP 4.5,shang4hai3shi4_1_5_2005_S0,STOREY_0,1840,0
26°C,定容,shang4hai3shi4,2040 RCP 4.5,shang4hai3shi4_1_6_2005_S0,STOREY_1,1840,0
26°C,定容,shang4hai3shi4,2040 RCP 4.5,shang4hai3shi4_1_6_2005_S0,STOREY_2,1840,0
26°C,定容,shang4hai3shi4,2040 RCP 4.5,shang4hai3shi4_1_6_2005_S0,STOREY_3,1840,0
26°C,定容,shang4hai3shi4,2040 RCP 4.5,shang4hai3shi4_1_6_2005_S0,STOREY_4,1840,0
26°C,定容,shang4hai3shi4,2040 RCP 4.5,shang4hai3shi4_1_6_2005_S0,STOREY_5,1840,7
26°C,定容,shang4hai3shi4,2040 RCP 4.5,shang4hai3shi4_1_6_2005_S0,STOREY_0,1840,0
26°C,定容,shang4hai3shi4,2040 RCP 4.5,shang4hai3shi4_1_7_1995_S0,STOREY_1,1840,0
26°C,定容,shang4hai3shi4,2040 RCP 4.5,shang4hai3shi4_1_7_1995_S0,STOREY_2,1840,0
26°C,定容,shang4hai3shi4,2040 RCP 4.5,shang4hai3shi4_1_7_1995_S0,STOREY_3,1840,1
26°C,定容,shang4hai3shi4,2040 RCP 4.5,shang4hai3shi4_1_7_1995_S0,STOREY_4,1840,12
26°C,定容,shang4hai3shi4,2040 RCP 4.5,shang4hai3shi4_1_7_1995_S0,STOREY_0,1840,0
26°C,定容,shang4hai3shi4,2040 RCP 4.5,shang4hai3shi4_1_8_1995_S0,STOREY_1,1840,1
26°C,定容,shang4hai3shi4,2040 RCP 4.5,shang4hai3shi4_1_8_1995_S0,STOREY_2,1840,2
26°C,定容,shang4hai3shi4,2040 RCP 4.5,shang4hai3shi4_1_8_1995_S0,STOREY_3,1840,2
26°C,定容,shang4hai3shi4,2040 RCP 4.5,shang4hai3shi4_1_8_1995_S0,STOREY_4,1840,3
26°C,定容,shang4hai3shi4,2040 RCP 4.5,shang4hai3shi4_1_8_1995_S0,STOREY_5,1840,19
26°C,定容,shang4hai3shi4,2040 RCP 4.5,shang4hai3shi4_1_8_1995_S0,STOREY_0,1840,0
26°C,定容,shang4hai3shi4,2040 RCP 4.5,shang4hai3shi4_1_9_1980_S0,STOREY_1,1840,0
26°C,定容,shang4hai3shi4,2040 RCP 4.5,shang4hai3shi4_1_9_1980_S0,STOREY_2,1840,0
26°C,定容,shang4hai3shi4,2040 RCP 4.5,shang4hai3shi4_1_9_1980_S0,STOREY_3,1840,0
26°C,定容,shang4hai3shi4,2040 RCP 4.5,shang4hai3shi4_1_9_1980_S0,STOREY_4,1840,0
26°C,定容,shang4hai3shi4,2040 RCP 4.5,shang4hai3shi4_1_9_1980_S0,STOREY_5,1840,8
26°C,定容,shang4hai3shi4,2040 RCP 4.5,shang4hai3shi4_1_9_1980_S0,STOREY_0,1840,0
26°C,定容,shang4hai3shi4,2040 RCP 4.5,shang4hai3shi4_2_11_2005_S0,STOREY_1,1840,0
26°C,定容,shang4hai3shi4,2040 RCP 4.5,shang4hai3shi4_2_11_2005_S0,STOREY_2,1840,0
26°C,定容,shang4hai3shi4,2040 RCP 4.5,shang4hai3shi4_2_11_2005_S0,STOREY_3,1840,0
26°C,定容,shang4hai3shi4,2040 RCP 4.5,shang4hai3shi4_2_11_2005_S0,STOREY_4,1840,0
26°C,定容,shang4hai3shi4,2040 RCP 4.5,shang4hai3shi4_2_11_2005_S0,STOREY_5,1840,0
26°C,定容,shang4hai3shi4,2040 RCP 4.5,shang4hai3shi4_2_11_2005_S0,STOREY_6,1840,0
26°C,定容,shang4hai3shi4,2040 RCP 4.5,shang4hai3shi4_2_11_2005_S0,STOREY_7,1840,0
26°C,定容,shang4hai3shi4,2040 RCP 4.5,shang4hai3shi4_2_11_2005_S0,STOREY_8,1840,0
26°C,定容,shang4hai3shi4,2040 RCP 4.5,shang4hai3shi4_2_11_2005_S0,STOREY_9,1840,0
26°C,定容,shang4hai3shi4,2040 RCP 4.5,shang4hai3shi4_2_11_2005_S0,STOREY_10,1840,0
26°C,定容,shang4hai3shi4,2040 RCP 4.5,shang4hai3shi4_2_11_2005_S0,STOREY_11,1840,4
26°C,定容,shang4hai3shi4,2040 RCP 4.5,shang4hai3shi4_2_11_2005_S0,STOREY_0,1840,0
26°C,定容,shang4hai3shi4,2040 RCP 4.5,shang4hai3shi4_2_10_1995_S0,STOREY_1,1840,0
26°C,定容,shang4hai3shi4,2040 RCP 4.5,shang4hai3shi4_2_10_1995_S0,STOREY_2,1840,0
26°C,定容,shang4hai3shi4,2040 RCP 4.5,shang4hai3shi4_2_10_1995_S0,STOREY_3,1840,0
26°C,定容,shang4hai3shi4,2040 RCP 4.5,shang4hai3shi4_2_10_1995_S0,STOREY_4,1840,0
26°C,定容,shang4hai3shi4,2040 RCP 4.5,shang4hai3shi4_2_10_1995_S0,STOREY_5,1840,0
26°C,定容,shang4hai3shi4,2040 RCP 4.5,shang4hai3shi4_2_10_1995_S0,STOREY_6,1840,0
26°C,定容,shang4hai3shi4,2040 RCP 4.5,shang4hai3shi4_2_10_1995_S0,STOREY_7,1840,0
26°C,定容,shang4hai3shi4,2040 RCP 4.5,shang4hai3shi4_2_10_1995_S0,STOREY_8,1840,0
26°C,定容,shang4hai3shi4,2040 RCP 4.5,shang4hai3shi4_2_10_1995_S0,STOREY_9,1840,0
26°C,定容,shang4hai3shi4,2040 RCP 4.5,shang4hai3shi4_2_10_1995_S0,STOREY_10,1840,0
26°C,定容,shang4hai3shi4,2040 RCP 4.5,shang4hai3shi4_2_10_1995_S0,STOREY_11,1840,0
26°C,定容,shang4hai3shi4,2040 RCP 4.5,shang4hai3shi4_2_10_1995_S0,STOREY_12,1840,0
26°C,定容,shang4hai3shi4,2040 RCP 4.5,shang4hai3shi4_2_10_1995_S0,STOREY_13,1840,0
26°C,定容,shang4hai3shi4,2040 RCP 4.5,shang4hai3shi4_2_10_1995_S0,STOREY_14,1840,1
26°C,定容,shang4hai3shi4,2040 RCP 4.5,shang4hai3shi4_2_10_1995_S0,STOREY_15,1840,7
26°C,定容,shang4hai3shi4,2040 RCP 4.5,shang4hai3shi4_2_10_1995_S0,STOREY_0,1840,0
26°C,定容,shang4hai3shi4,2040 RCP 4.5,shang4hai3shi4_2_12_2005_S0,STOREY_1,1840,0
26°C,定容,shang4hai3shi4,2040 RCP 4.5,shang4hai3shi4_2_12_2005_S0,STOREY_2,1840,0
26°C,定容,shang4hai3shi4,2040 RCP 4.5,shang4hai3shi4_2_12_2005_S0,STOREY_3,1840,0
26°C,定容,shang4hai3shi4,2040 RCP 4.5,shang4hai3shi4_2_12_2005_S0,STOREY_4,1840,0
26°C,定容,shang4hai3shi4,2040 RCP 4.5,shang4hai3shi4_2_12_2005_S0,STOREY_5,1840,0
26°C,定容,shang4hai3shi4,2040 RCP 4.5,shang4hai3shi4_2_12_2005_S0,STOREY_6,1840,0
26°C,定容,shang4hai3shi4,2040 RCP 4.5,shang4hai3shi4_2_12_2005_S0,STOREY_7,1840,0
26°C,定容,shang4hai3shi4,2040 RCP 4.5,shang4hai3shi4_2_12_2005_S0,STOREY_8,1840,0
26°C,定容,shang4hai3shi4,2040 RCP 4.5,shang4hai3shi4_2_12_2005_S0,STOREY_9,1840,0
26°C,定容,shang4hai3shi4,2040 RCP 4.5,shang4hai3shi4_2_12_2005_S0,STOREY_10,1840,0
26°C,定容,shang4hai3shi4,2040 RCP 4.5,shang4hai3shi4_2_12_2005_S0,STOREY_11,1840,0
26°C,定容,shang4hai3shi4,2040 RCP 4.5,shang4hai3shi4_2_12_2005_S0,STOREY_12,1840,0
26°C,定容,shang4hai3shi4,2040 RCP 4.5,shang4hai3shi4_2_12_2005_S0,STOREY_13,1840,3
26°C,定容,shang4hai3shi4,2040 RCP 4.5,shang4hai3shi4_2_12_2005_S0,STOREY_0,1840,0
26°C,定容,shang4hai3shi4,2040 RCP 4.5,shang4hai3shi4_2_15_2005_S0,STOREY_1,1840,0
26°C,定容,shang4hai3shi4,2040 RCP 4.5,shang4hai3shi4_2_15_2005_S0,STOREY_2,1840,0
26°C,定容,shang4hai3shi4,2040 RCP 4.5,shang4hai3shi4_2_15_2005_S0,STOREY_3,1840,0
26°C,定容,shang4hai3shi4,2040 RCP 4.5,shang4hai3shi4_2_15_2005_S0,STOREY_4,1840,0
26°C,定容,shang4hai3shi4,2040 RCP 4.5,shang4hai3shi4_2_15_2005_S0,STOREY_5,1840,0
26°C,定容,shang4hai3shi4,2040 RCP 4.5,shang4hai3shi4_2_15_2005_S0,STOREY_6,1840,0
26°C,定容,shang4hai3shi4,2040 RCP 4.5,shang4hai3shi4_2_15_2005_S0,STOREY_7,1840,0
26°C,定容,shang4hai3shi4,2040 RCP 4.5,shang4hai3shi4_2_15_2005_S0,STOREY_8,1840,0
26°C,定容,shang4hai3shi4,2040 RCP 4.5,shang4hai3shi4_2_15_2005_S0,STOREY_9,1840,0
26°C,定容,shang4hai3shi4,2040 RCP 4.5,shang4hai3shi4_2_15_2005_S0,STOREY_10,1840,0
26°C,定容,shang4hai3shi4,2040 RCP 4.5,shang4hai3shi4_2_15_2005_S0,STOREY_11,1840,0
26°C,定容,shang4hai3shi4,2040 RCP 4.5,shang4hai3shi4_2_15_2005_S0,STOREY_12,1840,6
26°C,定容,shang4hai3shi4,2040 RCP 4.5,shang4hai3shi4_2_15_2005_S0,STOREY_0,1840,0
26°C,定容,shang4hai3shi4,2040 RCP 4.5,shang4hai3shi4_2_13_2005_S0,STOREY_1,1840,0
26°C,定容,shang4hai3shi4,2040 RCP 4.5,shang4hai3shi4_2_13_2005_S0,STOREY_2,1840,0
26°C,定容,shang4hai3shi4,2040 RCP 4.5,shang4hai3shi4_2_13_2005_S0,STOREY_3,1840,0
26°C,定容,shang4hai3shi4,2040 RCP 4.5,shang4hai3shi4_2_13_2005_S0,STOREY_4,1840,0
26°C,定容,shang4hai3shi4,2040 RCP 4.5,shang4hai3shi4_2_13_2005_S0,STOREY_5,1840,0
26°C,定容,shang4hai3shi4,2040 RCP 4.5,shang4hai3shi4_2_13_2005_S0,STOREY_6,1840,0
26°C,定容,shang4hai3shi4,2040 RCP 4.5,shang4hai3shi4_2_13_2005_S0,STOREY_7,1840,0
26°C,定容,shang4hai3shi4,2040 RCP 4.5,shang4hai3shi4_2_13_2005_S0,STOREY_8,1840,0
26°C,定容,shang4hai3shi4,2040 RCP 4.5,shang4hai3shi4_2_13_2005_S0,STOREY_9,1840,0
26°C,定容,shang4hai3shi4,2040 RCP 4.5,shang4hai3shi4_2_13_2005_S0,STOREY_10,1840,0
26°C,定容,shang4hai3shi4,2040 RCP 4.5,shang4hai3shi4_2_13_2005_S0,STOREY_11,1840,0
26°C,定容,shang4hai3shi4,2040 RCP 4.5,shang4hai3shi4_2_13_2005_S0,STOREY_12,1840,0
26°C,定容,shang4hai3shi4,2040 RCP 4.5,shang4hai3shi4_2_13_2005_S0,STOREY_13,1840,0
26°C,定容,shang4hai3shi4,2040 RCP 4.5,shang4hai3shi4_2_13_2005_S0,STOREY_14,1840,0
26°C,定容,shang4hai3shi4,2040 RCP 4.5,shang4hai3shi4_2_13_2005_S0,STOREY_15,1840,0
26°C,定容,shang4hai3shi4,2040 RCP 4.5,shang4hai3shi4_2_13_2005_S0,STOREY_16,1840,0
26°C,定容,shang4hai3shi4,2040 RCP 4.5,shang4hai3shi4_2_13_2005_S0,STOREY_17,1840,0
26°C,定容,shang4hai3shi4,2040 RCP 4.5,shang4hai3shi4_2_13_2005_S0,STOREY_18,1840,0
26°C,定容,shang4hai3shi4,2040 RCP 4.5,shang4hai3shi4_2_13_2005_S0,STOREY_19,1840,0
26°C,定容,shang4hai3shi4,2040 RCP 4.5,shang4hai3shi4_2_13_2005_S0,STOREY_20,1840,0
26°C,定容,shang4hai3shi4,2040 RCP 4.5,shang4hai3shi4_2_13_2005_S0,STOREY_21,1840,0
26°C,定容,shang4hai3shi4,2040 RCP 4.5,shang4hai3shi4_2_13_2005_S0,STOREY_22,1840,0
26°C,定容,shang4hai3shi4,2040 RCP 4.5,shang4hai3shi4_2_13_2005_S0,STOREY_23,1840,0
26°C,定容,shang4hai3shi4,2040 RCP 4.5,shang4hai3shi4_2_13_2005_S0,STOREY_24,1840,0
26°C,定容,shang4hai3shi4,2040 RCP 4.5,shang4hai3shi4_2_13_2005_S0,STOREY_25,1840,0
26°C,定容,shang4hai3shi4,2040 RCP 4.5,shang4hai3shi4_2_13_2005_S0,STOREY_26,1840,0
26°C,定容,shang4hai3shi4,2040 RCP 4.5,shang4hai3shi4_2_13_2005_S0,STOREY_27,1840,4
26°C,定容,shang4hai3shi4,2040 RCP 4.5,shang4hai3shi4_2_13_2005_S0,STOREY_0,1840,0
26°C,定容,shang4hai3shi4,2040 RCP 4.5,shang4hai3shi4_2_14_2015_S0,STOREY_1,1840,0
26°C,定容,shang4hai3shi4,2040 RCP 4.5,shang4hai3shi4_2_14_2015_S0,STOREY_2,1840,0
26°C,定容,shang4hai3shi4,2040 RCP 4.5,shang4hai3shi4_2_14_2015_S0,STOREY_3,1840,0
26°C,定容,shang4hai3shi4,2040 RCP 4.5,shang4hai3shi4_2_14_2015_S0,STOREY_4,1840,0
26°C,定容,shang4hai3shi4,2040 RCP 4.5,shang4hai3shi4_2_14_2015_S0,STOREY_5,1840,0
26°C,定容,shang4hai3shi4,2040 RCP 4.5,shang4hai3shi4_2_14_2015_S0,STOREY_6,1840,0
26°C,定容,shang4hai3shi4,2040 RCP 4.5,shang4hai3shi4_2_14_2015_S0,STOREY_7,1840,0
26°C,定容,shang4hai3shi4,2040 RCP 4.5,shang4hai3shi4_2_14_2015_S0,STOREY_8,1840,0
26°C,定容,shang4hai3shi4,2040 RCP 4.5,shang4hai3shi4_2_14_2015_S0,STOREY_9,1840,0
26°C,定容,shang4hai3shi4,2040 RCP 4.5,shang4hai3shi4_2_14_2015_S0,STOREY_10,1840,0
26°C,定容,shang4hai3shi4,2040 RCP 4.5,shang4hai3shi4_2_14_2015_S0,STOREY_11,1840,0
26°C,定容,shang4hai3shi4,2040 RCP 4.5,shang4hai3shi4_2_14_2015_S0,STOREY_12,1840,0
26°C,定容,shang4hai3shi4,2040 RCP 4.5,shang4hai3shi4_2_14_2015_S0,STOREY_13,1840,0
26°C,定容,shang4hai3shi4,2040 RCP 4.5,shang4hai3shi4_2_14_2015_S0,STOREY_14,1840,0
26°C,定容,shang4hai3shi4,2040 RCP 4.5,shang4hai3shi4_2_14_2015_S0,STOREY_15,1840,0
26°C,定容,shang4hai3shi4,2040 RCP 4.5,shang4hai3shi4_2_14_2015_S0,STOREY_16,1840,0
26°C,定容,shang4hai3shi4,2040 RCP 4.5,shang4hai3shi4_2_14_2015_S0,STOREY_17,1840,2
26°C,定容,shang4hai3shi4,2040 RCP 4.5,shang4hai3shi4_2_14_2015_S0,STOREY_0,1840,0
26°C,定容,shang4hai3shi4,2040 RCP 4.5,shang4hai3shi4_2_1_2005_S0,STOREY_1,1840,0
26°C,定容,shang4hai3shi4,2040 RCP 4.5,shang4hai3shi4_2_1_2005_S0,STOREY_2,1840,0
26°C,定容,shang4hai3shi4,2040 RCP 4.5,shang4hai3shi4_2_1_2005_S0,STOREY_3,1840,0
26°C,定容,shang4hai3shi4,2040 RCP 4.5,shang4hai3shi4_2_1_2005_S0,STOREY_4,1840,0
26°C,定容,shang4hai3shi4,2040 RCP 4.5,shang4hai3shi4_2_1_2005_S0,STOREY_5,1840,0
26°C,定容,shang4hai3shi4,2040 RCP 4.5,shang4hai3shi4_2_1_2005_S0,STOREY_6,1840,0
26°C,定容,shang4hai3shi4,2040 RCP 4.5,shang4hai3shi4_2_1_2005_S0,STOREY_7,1840,0
26°C,定容,shang4hai3shi4,2040 RCP 4.5,shang4hai3shi4_2_1_2005_S0,STOREY_8,1840,0
26°C,定容,shang4hai3shi4,2040 RCP 4.5,shang4hai3shi4_2_1_2005_S0,STOREY_9,1840,0
26°C,定容,shang4hai3shi4,2040 RCP 4.5,shang4hai3shi4_2_1_2005_S0,STOREY_10,1840,0
26°C,定容,shang4hai3shi4,2040 RCP 4.5,shang4hai3shi4_2_1_2005_S0,STOREY_11,1840,0
26°C,定容,shang4hai3shi4,2040 RCP 4.5,shang4hai3shi4_2_1_2005_S0,STOREY_12,1840,0
26°C,定容,shang4hai3shi4,2040 RCP 4.5,shang4hai3shi4_2_1_2005_S0,STOREY_13,1840,0
26°C,定容,shang4hai3shi4,2040 RCP 4.5,shang4hai3shi4_2_1_2005_S0,STOREY_14,1840,0
26°C,定容,shang4hai3shi4,2040 RCP 4.5,shang4hai3shi4_2_1_2005_S0,STOREY_15,1840,4
26°C,定容,shang4hai3shi4,2040 RCP 4.5,shang4hai3shi4_2_1_2005_S0,STOREY_0,1840,0
26°C,定容,shang4hai3shi4,2040 RCP 4.5,shang4hai3shi4_2_2_1980_S0,STOREY_1,1840,0
26°C,定容,shang4hai3shi4,2040 RCP 4.5,shang4hai3shi4_2_2_1980_S0,STOREY_2,1840,0
26°C,定容,shang4hai3shi4,2040 RCP 4.5,shang4hai3shi4_2_2_1980_S0,STOREY_3,1840,0
26°C,定容,shang4hai3shi4,2040 RCP 4.5,shang4hai3shi4_2_2_1980_S0,STOREY_4,1840,0
26°C,定容,shang4hai3shi4,2040 RCP 4.5,shang4hai3shi4_2_2_1980_S0,STOREY_5,1840,0
26°C,定容,shang4hai3shi4,2040 RCP 4.5,shang4hai3shi4_2_2_1980_S0,STOREY_6,1840,0
26°C,定容,shang4hai3shi4,2040 RCP 4.5,shang4hai3shi4_2_2_1980_S0,STOREY_7,1840,0
26°C,定容,shang4hai3shi4,2040 RCP 4.5,shang4hai3shi4_2_2_1980_S0,STOREY_8,1840,0
26°C,定容,shang4hai3shi4,2040 RCP 4.5,shang4hai3shi4_2_2_1980_S0,STOREY_9,1840,0
26°C,定容,shang4hai3shi4,2040 RCP 4.5,shang4hai3shi4_2_2_1980_S0,STOREY_10,1840,0
26°C,定容,shang4hai3shi4,2040 RCP 4.5,shang4hai3shi4_2_2_1980_S0,STOREY_11,1840,9
26°C,定容,shang4hai3shi4,2040 RCP 4.5,shang4hai3shi4_2_2_1980_S0,STOREY_0,1840,0
26°C,定容,shang4hai3shi4,2040 RCP 4.5,shang4hai3shi4_2_3_2005_S0,STOREY_1,1840,0
26°C,定容,shang4hai3shi4,2040 RCP 4.5,shang4hai3shi4_2_3_2005_S0,STOREY_2,1840,0
26°C,定容,shang4hai3shi4,2040 RCP 4.5,shang4hai3shi4_2_3_2005_S0,STOREY_3,1840,0
26°C,定容,shang4hai3shi4,2040 RCP 4.5,shang4hai3shi4_2_3_2005_S0,STOREY_4,1840,0
26°C,定容,shang4hai3shi4,2040 RCP 4.5,shang4hai3shi4_2_3_2005_S0,STOREY_5,1840,0
26°C,定容,shang4hai3shi4,2040 RCP 4.5,shang4hai3shi4_2_3_2005_S0,STOREY_6,1840,0
26°C,定容,shang4hai3shi4,2040 RCP 4.5,shang4hai3shi4_2_3_2005_S0,STOREY_7,1840,0
26°C,定容,shang4hai3shi4,2040 RCP 4.5,shang4hai3shi4_2_3_2005_S0,STOREY_8,1840,0
26°C,定容,shang4hai3shi4,2040 RCP 4.5,shang4hai3shi4_2_3_2005_S0,STOREY_9,1840,0
26°C,定容,shang4hai3shi4,2040 RCP 4.5,shang4hai3shi4_2_3_2005_S0,STOREY_10,1840,0
26°C,定容,shang4hai3shi4,2040 RCP 4.5,shang4hai3shi4_2_3_2005_S0,STOREY_11,1840,0
26°C,定容,shang4hai3shi4,2040 RCP 4.5,shang4hai3shi4_2_3_2005_S0,STOREY_12,1840,0
26°C,定容,shang4hai3shi4,2040 RCP 4.5,shang4hai3shi4_2_3_2005_S0,STOREY_13,1840,0
26°C,定容,shang4hai3shi4,2040 RCP 4.5,shang4hai3shi4_2_3_2005_S0,STOREY_14,1840,0
26°C,定容,shang4hai3shi4,2040 RCP 4.5,shang4hai3shi4_2_3_2005_S0,STOREY_15,1840,0
26°C,定容,shang4hai3shi4,2040 RCP 4.5,shang4hai3shi4_2_3_2005_S0,STOREY_16,1840,0
26°C,定容,shang4hai3shi4,2040 RCP 4.5,shang4hai3shi4_2_3_2005_S0,STOREY_17,1840,6
26°C,定容,shang4hai3shi4,2040 RCP 4.5,shang4hai3shi4_2_3_2005_S0,STOREY_0,1840,0
26°C,定容,shang4hai3shi4,2040 RCP 4.5,shang4hai3shi4_2_4_1995_S0,STOREY_1,1840,0
26°C,定容,shang4hai3shi4,2040 RCP 4.5,shang4hai3shi4_2_4_1995_S0,STOREY_2,1840,0
26°C,定容,shang4hai3shi4,2040 RCP 4.5,shang4hai3shi4_2_4_1995_S0,STOREY_3,1840,0
26°C,定容,shang4hai3shi4,2040 RCP 4.5,shang4hai3shi4_2_4_1995_S0,STOREY_4,1840,0
26°C,定容,shang4hai3shi4,2040 RCP 4.5,shang4hai3shi4_2_4_1995_S0,STOREY_5,1840,0
26°C,定容,shang4hai3shi4,2040 RCP 4.5,shang4hai3shi4_2_4_1995_S0,STOREY_6,1840,0
26°C,定容,shang4hai3shi4,2040 RCP 4.5,shang4hai3shi4_2_4_1995_S0,STOREY_7,1840,0
26°C,定容,shang4hai3shi4,2040 RCP 4.5,shang4hai3shi4_2_4_1995_S0,STOREY_8,1840,0
26°C,定容,shang4hai3shi4,2040 RCP 4.5,shang4hai3shi4_2_4_1995_S0,STOREY_9,1840,0
26°C,定容,shang4hai3shi4,2040 RCP 4.5,shang4hai3shi4_2_4_1995_S0,STOREY_10,1840,0
26°C,定容,shang4hai3shi4,2040 RCP 4.5,shang4hai3shi4_2_4_1995_S0,STOREY_11,1840,0
26°C,定容,shang4hai3shi4,2040 RCP 4.5,shang4hai3shi4_2_4_1995_S0,STOREY_12,1840,0
26°C,定容,shang4hai3shi4,2040 RCP 4.5,shang4hai3shi4_2_4_1995_S0,STOREY_13,1840,0
26°C,定容,shang4hai3shi4,2040 RCP 4.5,shang4hai3shi4_2_4_1995_S0,STOREY_14,1840,0
26°C,定容,shang4hai3shi4,2040 RCP 4.5,shang4hai3shi4_2_4_1995_S0,STOREY_15,1840,0
26°C,定容,shang4hai3shi4,2040 RCP 4.5,shang4hai3shi4_2_4_1995_S0,STOREY_16,1840,0
26°C,定容,shang4hai3shi4,2040 RCP 4.5,shang4hai3shi4_2_4_1995_S0,STOREY_17,1840,0
26°C,定容,shang4hai3shi4,2040 RCP 4.5,shang4hai3shi4_2_4_1995_S0,STOREY_18,1840,0
26°C,定容,shang4hai3shi4,2040 RCP 4.5,shang4hai3shi4_2_4_1995_S0,STOREY_19,1840,8
26°C,定容,shang4hai3shi4,2040 RCP 4.5,shang4hai3shi4_2_4_1995_S0,STOREY_0,1840,0
26°C,定容,shang4hai3shi4,2040 RCP 4.5,shang4hai3shi4_2_6_2015_S0,STOREY_1,1840,0
26°C,定容,shang4hai3shi4,2040 RCP 4.5,shang4hai3shi4_2_6_2015_S0,STOREY_2,1840,0
26°C,定容,shang4hai3shi4,2040 RCP 4.5,shang4hai3shi4_2_6_2015_S0,STOREY_3,1840,0
26°C,定容,shang4hai3shi4,2040 RCP 4.5,shang4hai3shi4_2_6_2015_S0,STOREY_4,1840,0
26°C,定容,shang4hai3shi4,2040 RCP 4.5,shang4hai3shi4_2_6_2015_S0,STOREY_5,1840,0
26°C,定容,shang4hai3shi4,2040 RCP 4.5,shang4hai3shi4_2_6_2015_S0,STOREY_6,1840,0
26°C,定容,shang4hai3shi4,2040 RCP 4.5,shang4hai3shi4_2_6_2015_S0,STOREY_7,1840,0
26°C,定容,shang4hai3shi4,2040 RCP 4.5,shang4hai3shi4_2_6_2015_S0,STOREY_8,1840,0
26°C,定容,shang4hai3shi4,2040 RCP 4.5,shang4hai3shi4_2_6_2015_S0,STOREY_9,1840,0
26°C,定容,shang4hai3shi4,2040 RCP 4.5,shang4hai3shi4_2_6_2015_S0,STOREY_10,1840,0
26°C,定容,shang4hai3shi4,2040 RCP 4.5,shang4hai3shi4_2_6_2015_S0,STOREY_11,1840,2
26°C,定容,shang4hai3shi4,2040 RCP 4.5,shang4hai3shi4_2_6_2015_S0,STOREY_0,1840,0
26°C,定容,shang4hai3shi4,2040 RCP 4.5,shang4hai3shi4_2_5_2005_S0,STOREY_1,1840,0
26°C,定容,shang4hai3shi4,2040 RCP 4.5,shang4hai3shi4_2_5_2005_S0,STOREY_2,1840,0
26°C,定容,shang4hai3shi4,2040 RCP 4.5,shang4hai3shi4_2_5_2005_S0,STOREY_3,1840,0
26°C,定容,shang4hai3shi4,2040 RCP 4.5,shang4hai3shi4_2_5_2005_S0,STOREY_4,1840,0
26°C,定容,shang4hai3shi4,2040 RCP 4.5,shang4hai3shi4_2_5_2005_S0,STOREY_5,1840,0
26°C,定容,shang4hai3shi4,2040 RCP 4.5,shang4hai3shi4_2_5_2005_S0,STOREY_6,1840,0
26°C,定容,shang4hai3shi4,2040 RCP 4.5,shang4hai3shi4_2_5_2005_S0,STOREY_7,1840,0
26°C,定容,shang4hai3shi4,2040 RCP 4.5,shang4hai3shi4_2_5_2005_S0,STOREY_8,1840,0
26°C,定容,shang4hai3shi4,2040 RCP 4.5,shang4hai3shi4_2_5_2005_S0,STOREY_9,1840,0
26°C,定容,shang4hai3shi4,2040 RCP 4.5,shang4hai3shi4_2_5_2005_S0,STOREY_10,1840,0
26°C,定容,shang4hai3shi4,2040 RCP 4.5,shang4hai3shi4_2_5_2005_S0,STOREY_11,1840,0
26°C,定容,shang4hai3shi4,2040 RCP 4.5,shang4hai3shi4_2_5_2005_S0,STOREY_12,1840,0
26°C,定容,shang4hai3shi4,2040 RCP 4.5,shang4hai3shi4_2_5_2005_S0,STOREY_13,1840,0
26°C,定容,shang4hai3shi4,2040 RCP 4.5,shang4hai3shi4_2_5_2005_S0,STOREY_14,1840,0
26°C,定容,shang4hai3shi4,2040 RCP 4.5,shang4hai3shi4_2_5_2005_S0,STOREY_15,1840,0
26°C,定容,shang4hai3shi4,2040 RCP 4.5,shang4hai3shi4_2_5_2005_S0,STOREY_16,1840,0
26°C,定容,shang4hai3shi4,2040 RCP 4.5,shang4hai3shi4_2_5_2005_S0,STOREY_17,1840,0
26°C,定容,shang4hai3shi4,2040 RCP 4.5,shang4hai3shi4_2_5_2005_S0,STOREY_18,1840,0
26°C,定容,shang4hai3shi4,2040 RCP 4.5,shang4hai3shi4_2_5_2005_S0,STOREY_19,1840,0
26°C,定容,shang4hai3shi4,2040 RCP 4.5,shang4hai3shi4_2_5_2005_S0,STOREY_20,1840,0
26°C,定容,shang4hai3shi4,2040 RCP 4.5,shang4hai3shi4_2_5_2005_S0,STOREY_21,1840,0
26°C,定容,shang4hai3shi4,2040 RCP 4.5,shang4hai3shi4_2_5_2005_S0,STOREY_22,1840,0
26°C,定容,shang4hai3shi4,2040 RCP 4.5,shang4hai3shi4_2_5_2005_S0,STOREY_23,1840,0
26°C,定容,shang4hai3shi4,2040 RCP 4.5,shang4hai3shi4_2_5_2005_S0,STOREY_24,1840,2
26°C,定容,shang4hai3shi4,2040 RCP 4.5,shang4hai3shi4_2_5_2005_S0,STOREY_0,1840,0
26°C,定容,shang4hai3shi4,2040 RCP 4.5,shang4hai3shi4_2_7_2005_S0,STOREY_1,1840,0
26°C,定容,shang4hai3shi4,2040 RCP 4.5,shang4hai3shi4_2_7_2005_S0,STOREY_2,1840,0
26°C,定容,shang4hai3shi4,2040 RCP 4.5,shang4hai3shi4_2_7_2005_S0,STOREY_3,1840,0
26°C,定容,shang4hai3shi4,2040 RCP 4.5,shang4hai3shi4_2_7_2005_S0,STOREY_4,1840,0
26°C,定容,shang4hai3shi4,2040 RCP 4.5,shang4hai3shi4_2_7_2005_S0,STOREY_5,1840,0
26°C,定容,shang4hai3shi4,2040 RCP 4.5,shang4hai3shi4_2_7_2005_S0,STOREY_6,1840,0
26°C,定容,shang4hai3shi4,2040 RCP 4.5,shang4hai3shi4_2_7_2005_S0,STOREY_7,1840,0
26°C,定容,shang4hai3shi4,2040 RCP 4.5,shang4hai3shi4_2_7_2005_S0,STOREY_8,1840,0
26°C,定容,shang4hai3shi4,2040 RCP 4.5,shang4hai3shi4_2_7_2005_S0,STOREY_9,1840,0
26°C,定容,shang4hai3shi4,2040 RCP 4.5,shang4hai3shi4_2_7_2005_S0,STOREY_10,1840,4
26°C,定容,shang4hai3shi4,2040 RCP 4.5,shang4hai3shi4_2_7_2005_S0,STOREY_0,1840,0
26°C,定容,shang4hai3shi4,2040 RCP 8.5,shang4hai3shi4_0_10_1980_S0,STOREY_1,1840,3
26°C,定容,shang4hai3shi4,2040 RCP 8.5,shang4hai3shi4_0_10_1980_S0,STOREY_2,1840,14
26°C,定容,shang4hai3shi4,2040 RCP 8.5,shang4hai3shi4_0_10_1980_S0,STOREY_0,1840,0
26°C,定容,shang4hai3shi4,2040 RCP 8.5,shang4hai3shi4_0_11_1980_S0,STOREY_1,1840,3
26°C,定容,shang4hai3shi4,2040 RCP 8.5,shang4hai3shi4_0_11_1980_S0,STOREY_2,1840,15
26°C,定容,shang4hai3shi4,2040 RCP 8.5,shang4hai3shi4_0_11_1980_S0,STOREY_0,1840,0
26°C,定容,shang4hai3shi4,2040 RCP 8.5,shang4hai3shi4_0_12_1995_S0,STOREY_1,1840,0
26°C,定容,shang4hai3shi4,2040 RCP 8.5,shang4hai3shi4_0_12_1995_S0,STOREY_2,1840,10
26°C,定容,shang4hai3shi4,2040 RCP 8.5,shang4hai3shi4_0_12_1995_S0,STOREY_0,1840,0
26°C,定容,shang4hai3shi4,2040 RCP 8.5,shang4hai3shi4_0_13_1980_S0,STOREY_1,1840,17
26°C,定容,shang4hai3shi4,2040 RCP 8.5,shang4hai3shi4_0_13_1980_S0,STOREY_0,1840,0
26°C,定容,shang4hai3shi4,2040 RCP 8.5,shang4hai3shi4_0_14_2005_S0,STOREY_1,1840,1
26°C,定容,shang4hai3shi4,2040 RCP 8.5,shang4hai3shi4_0_14_2005_S0,STOREY_2,1840,10
26°C,定容,shang4hai3shi4,2040 RCP 8.5,shang4hai3shi4_0_14_2005_S0,STOREY_0,1840,0
26°C,定容,shang4hai3shi4,2040 RCP 8.5,shang4hai3shi4_0_15_1995_S0,STOREY_1,1840,20
26°C,定容,shang4hai3shi4,2040 RCP 8.5,shang4hai3shi4_0_15_1995_S0,STOREY_2,1840,34
26°C,定容,shang4hai3shi4,2040 RCP 8.5,shang4hai3shi4_0_15_1995_S0,STOREY_0,1840,1
26°C,定容,shang4hai3shi4,2040 RCP 8.5,shang4hai3shi4_0_2_1995_S0,STOREY_0,1840,0
26°C,定容,shang4hai3shi4,2040 RCP 8.5,shang4hai3shi4_0_1_1980_S0,STOREY_1,1840,0
26°C,定容,shang4hai3shi4,2040 RCP 8.5,shang4hai3shi4_0_1_1980_S0,STOREY_2,1840,6
26°C,定容,shang4hai3shi4,2040 RCP 8.5,shang4hai3shi4_0_1_1980_S0,STOREY_0,1840,0
26°C,定容,shang4hai3shi4,2040 RCP 4.5,shang4hai3shi4_2_8_2005_S0,STOREY_1,1840,0
26°C,定容,shang4hai3shi4,2040 RCP 4.5,shang4hai3shi4_2_8_2005_S0,STOREY_2,1840,0
26°C,定容,shang4hai3shi4,2040 RCP 4.5,shang4hai3shi4_2_8_2005_S0,STOREY_3,1840,0
26°C,定容,shang4hai3shi4,2040 RCP 4.5,shang4hai3shi4_2_8_2005_S0,STOREY_4,1840,0
26°C,定容,shang4hai3shi4,2040 RCP 4.5,shang4hai3shi4_2_8_2005_S0,STOREY_5,1840,0
26°C,定容,shang4hai3shi4,2040 RCP 4.5,shang4hai3shi4_2_8_2005_S0,STOREY_6,1840,0
26°C,定容,shang4hai3shi4,2040 RCP 4.5,shang4hai3shi4_2_8_2005_S0,STOREY_7,1840,0
26°C,定容,shang4hai3shi4,2040 RCP 4.5,shang4hai3shi4_2_8_2005_S0,STOREY_8,1840,0
26°C,定容,shang4hai3shi4,2040 RCP 4.5,shang4hai3shi4_2_8_2005_S0,STOREY_9,1840,0
26°C,定容,shang4hai3shi4,2040 RCP 4.5,shang4hai3shi4_2_8_2005_S0,STOREY_10,1840,0
26°C,定容,shang4hai3shi4,2040 RCP 4.5,shang4hai3shi4_2_8_2005_S0,STOREY_11,1840,0
26°C,定容,shang4hai3shi4,2040 RCP 4.5,shang4hai3shi4_2_8_2005_S0,STOREY_12,1840,0
26°C,定容,shang4hai3shi4,2040 RCP 4.5,shang4hai3shi4_2_8_2005_S0,STOREY_13,1840,0
26°C,定容,shang4hai3shi4,2040 RCP 4.5,shang4hai3shi4_2_8_2005_S0,STOREY_14,1840,0
26°C,定容,shang4hai3shi4,2040 RCP 4.5,shang4hai3shi4_2_8_2005_S0,STOREY_15,1840,0
26°C,定容,shang4hai3shi4,2040 RCP 4.5,shang4hai3shi4_2_8_2005_S0,STOREY_16,1840,0
26°C,定容,shang4hai3shi4,2040 RCP 4.5,shang4hai3shi4_2_8_2005_S0,STOREY_17,1840,0
26°C,定容,shang4hai3shi4,2040 RCP 4.5,shang4hai3shi4_2_8_2005_S0,STOREY_18,1840,0
26°C,定容,shang4hai3shi4,2040 RCP 4.5,shang4hai3shi4_2_8_2005_S0,STOREY_19,1840,0
26°C,定容,shang4hai3shi4,2040 RCP 4.5,shang4hai3shi4_2_8_2005_S0,STOREY_20,1840,0
26°C,定容,shang4hai3shi4,2040 RCP 4.5,shang4hai3shi4_2_8_2005_S0,STOREY_21,1840,4
26°C,定容,shang4hai3shi4,2040 RCP 4.5,shang4hai3shi4_2_8_2005_S0,STOREY_0,1840,0
26°C,定容,shang4hai3shi4,2040 RCP 4.5,shang4hai3shi4_2_9_2005_S0,STOREY_1,1840,0
26°C,定容,shang4hai3shi4,2040 RCP 4.5,shang4hai3shi4_2_9_2005_S0,STOREY_2,1840,0
26°C,定容,shang4hai3shi4,2040 RCP 4.5,shang4hai3shi4_2_9_2005_S0,STOREY_3,1840,0
26°C,定容,shang4hai3shi4,2040 RCP 4.5,shang4hai3shi4_2_9_2005_S0,STOREY_4,1840,0
26°C,定容,shang4hai3shi4,2040 RCP 4.5,shang4hai3shi4_2_9_2005_S0,STOREY_5,1840,0
26°C,定容,shang4hai3shi4,2040 RCP 4.5,shang4hai3shi4_2_9_2005_S0,STOREY_6,1840,0
26°C,定容,shang4hai3shi4,2040 RCP 4.5,shang4hai3shi4_2_9_2005_S0,STOREY_7,1840,0
26°C,定容,shang4hai3shi4,2040 RCP 4.5,shang4hai3shi4_2_9_2005_S0,STOREY_8,1840,0
26°C,定容,shang4hai3shi4,2040 RCP 4.5,shang4hai3shi4_2_9_2005_S0,STOREY_9,1840,0
26°C,定容,shang4hai3shi4,2040 RCP 4.5,shang4hai3shi4_2_9_2005_S0,STOREY_10,1840,0
26°C,定容,shang4hai3shi4,2040 RCP 4.5,shang4hai3shi4_2_9_2005_S0,STOREY_11,1840,0
26°C,定容,shang4hai3shi4,2040 RCP 4.5,shang4hai3shi4_2_9_2005_S0,STOREY_12,1840,0
26°C,定容,shang4hai3shi4,2040 RCP 4.5,shang4hai3shi4_2_9_2005_S0,STOREY_13,1840,0
26°C,定容,shang4hai3shi4,2040 RCP 4.5,shang4hai3shi4_2_9_2005_S0,STOREY_14,1840,0
26°C,定容,shang4hai3shi4,2040 RCP 4.5,shang4hai3shi4_2_9_2005_S0,STOREY_15,1840,0
26°C,定容,shang4hai3shi4,2040 RCP 4.5,shang4hai3shi4_2_9_2005_S0,STOREY_16,1840,0
26°C,定容,shang4hai3shi4,2040 RCP 4.5,shang4hai3shi4_2_9_2005_S0,STOREY_17,1840,0
26°C,定容,shang4hai3shi4,2040 RCP 4.5,shang4hai3shi4_2_9_2005_S0,STOREY_18,1840,0
26°C,定容,shang4hai3shi4,2040 RCP 4.5,shang4hai3shi4_2_9_2005_S0,STOREY_19,1840,0
26°C,定容,shang4hai3shi4,2040 RCP 4.5,shang4hai3shi4_2_9_2005_S0,STOREY_20,1840,2
26°C,定容,shang4hai3shi4,2040 RCP 4.5,shang4hai3shi4_2_9_2005_S0,STOREY_0,1840,0
26°C,定容,shang4hai3shi4,2040 RCP 8.5,shang4hai3shi4_0_3_1980_S0,STOREY_1,1840,7
26°C,定容,shang4hai3shi4,2040 RCP 8.5,shang4hai3shi4_0_3_1980_S0,STOREY_2,1840,20
26°C,定容,shang4hai3shi4,2040 RCP 8.5,shang4hai3shi4_0_3_1980_S0,STOREY_0,1840,0
26°C,定容,shang4hai3shi4,2040 RCP 8.5,shang4hai3shi4_0_4_1980_S0,STOREY_1,1840,42
26°C,定容,shang4hai3shi4,2040 RCP 8.5,shang4hai3shi4_0_4_1980_S0,STOREY_2,1840,46
26°C,定容,shang4hai3shi4,2040 RCP 8.5,shang4hai3shi4_0_4_1980_S0,STOREY_0,1840,3
26°C,定容,shang4hai3shi4,2040 RCP 8.5,shang4hai3shi4_0_5_1980_S0,STOREY_1,1840,10
26°C,定容,shang4hai3shi4,2040 RCP 8.5,shang4hai3shi4_0_5_1980_S0,STOREY_0,1840,0
26°C,定容,shang4hai3shi4,2040 RCP 8.5,shang4hai3shi4_0_6_1980_S0,STOREY_1,1840,5
26°C,定容,shang4hai3shi4,2040 RCP 8.5,shang4hai3shi4_0_6_1980_S0,STOREY_2,1840,17
26°C,定容,shang4hai3shi4,2040 RCP 8.5,shang4hai3shi4_0_6_1980_S0,STOREY_0,1840,0
26°C,定容,shang4hai3shi4,2040 RCP 8.5,shang4hai3shi4_0_7_1995_S0,STOREY_1,1840,25
26°C,定容,shang4hai3shi4,2040 RCP 8.5,shang4hai3shi4_0_7_1995_S0,STOREY_2,1840,42
26°C,定容,shang4hai3shi4,2040 RCP 8.5,shang4hai3shi4_0_7_1995_S0,STOREY_0,1840,3
26°C,定容,shang4hai3shi4,2040 RCP 8.5,shang4hai3shi4_0_8_1980_S0,STOREY_1,1840,26
26°C,定容,shang4hai3shi4,2040 RCP 8.5,shang4hai3shi4_0_8_1980_S0,STOREY_2,1840,36
26°C,定容,shang4hai3shi4,2040 RCP 8.5,shang4hai3shi4_0_8_1980_S0,STOREY_0,1840,1
26°C,定容,shang4hai3shi4,2040 RCP 8.5,shang4hai3shi4_0_9_1995_S0,STOREY_1,1840,1
26°C,定容,shang4hai3shi4,2040 RCP 8.5,shang4hai3shi4_0_9_1995_S0,STOREY_2,1840,14
26°C,定容,shang4hai3shi4,2040 RCP 8.5,shang4hai3shi4_0_9_1995_S0,STOREY_0,1840,0
26°C,定容,shang4hai3shi4,2040 RCP 8.5,shang4hai3shi4_1_10_1995_S0,STOREY_1,1840,0
26°C,定容,shang4hai3shi4,2040 RCP 8.5,shang4hai3shi4_1_10_1995_S0,STOREY_2,1840,0
26°C,定容,shang4hai3shi4,2040 RCP 8.5,shang4hai3shi4_1_10_1995_S0,STOREY_3,1840,1
26°C,定容,shang4hai3shi4,2040 RCP 8.5,shang4hai3shi4_1_10_1995_S0,STOREY_4,1840,1
26°C,定容,shang4hai3shi4,2040 RCP 8.5,shang4hai3shi4_1_10_1995_S0,STOREY_5,1840,9
26°C,定容,shang4hai3shi4,2040 RCP 8.5,shang4hai3shi4_1_10_1995_S0,STOREY_0,1840,0
26°C,定容,shang4hai3shi4,2040 RCP 8.5,shang4hai3shi4_1_11_1995_S0,STOREY_1,1840,1
26°C,定容,shang4hai3shi4,2040 RCP 8.5,shang4hai3shi4_1_11_1995_S0,STOREY_2,1840,1
26°C,定容,shang4hai3shi4,2040 RCP 8.5,shang4hai3shi4_1_11_1995_S0,STOREY_3,1840,1
26°C,定容,shang4hai3shi4,2040 RCP 8.5,shang4hai3shi4_1_11_1995_S0,STOREY_4,1840,1
26°C,定容,shang4hai3shi4,2040 RCP 8.5,shang4hai3shi4_1_11_1995_S0,STOREY_5,1840,13
26°C,定容,shang4hai3shi4,2040 RCP 8.5,shang4hai3shi4_1_11_1995_S0,STOREY_0,1840,0
26°C,定容,shang4hai3shi4,2040 RCP 8.5,shang4hai3shi4_1_13_2005_S0,STOREY_1,1840,0
26°C,定容,shang4hai3shi4,2040 RCP 8.5,shang4hai3shi4_1_13_2005_S0,STOREY_2,1840,0
26°C,定容,shang4hai3shi4,2040 RCP 8.5,shang4hai3shi4_1_13_2005_S0,STOREY_3,1840,0
26°C,定容,shang4hai3shi4,2040 RCP 8.5,shang4hai3shi4_1_13_2005_S0,STOREY_4,1840,6
26°C,定容,shang4hai3shi4,2040 RCP 8.5,shang4hai3shi4_1_13_2005_S0,STOREY_0,1840,0
26°C,定容,shang4hai3shi4,2040 RCP 8.5,shang4hai3shi4_1_12_2005_S0,STOREY_1,1840,0
26°C,定容,shang4hai3shi4,2040 RCP 8.5,shang4hai3shi4_1_12_2005_S0,STOREY_2,1840,0
26°C,定容,shang4hai3shi4,2040 RCP 8.5,shang4hai3shi4_1_12_2005_S0,STOREY_3,1840,0
26°C,定容,shang4hai3shi4,2040 RCP 8.5,shang4hai3shi4_1_12_2005_S0,STOREY_4,1840,0
26°C,定容,shang4hai3shi4,2040 RCP 8.5,shang4hai3shi4_1_12_2005_S0,STOREY_5,1840,6
26°C,定容,shang4hai3shi4,2040 RCP 8.5,shang4hai3shi4_1_12_2005_S0,STOREY_0,1840,0
26°C,定容,shang4hai3shi4,2040 RCP 8.5,shang4hai3shi4_1_15_2005_S0,STOREY_1,1840,0
26°C,定容,shang4hai3shi4,2040 RCP 8.5,shang4hai3shi4_1_15_2005_S0,STOREY_2,1840,0
26°C,定容,shang4hai3shi4,2040 RCP 8.5,shang4hai3shi4_1_15_2005_S0,STOREY_3,1840,0
26°C,定容,shang4hai3shi4,2040 RCP 8.5,shang4hai3shi4_1_15_2005_S0,STOREY_4,1840,0
26°C,定容,shang4hai3shi4,2040 RCP 8.5,shang4hai3shi4_1_15_2005_S0,STOREY_5,1840,6
26°C,定容,shang4hai3shi4,2040 RCP 8.5,shang4hai3shi4_1_15_2005_S0,STOREY_0,1840,0
26°C,定容,shang4hai3shi4,2040 RCP 8.5,shang4hai3shi4_1_1_1995_S0,STOREY_1,1840,1
26°C,定容,shang4hai3shi4,2040 RCP 8.5,shang4hai3shi4_1_1_1995_S0,STOREY_2,1840,1
26°C,定容,shang4hai3shi4,2040 RCP 8.5,shang4hai3shi4_1_1_1995_S0,STOREY_3,1840,1
26°C,定容,shang4hai3shi4,2040 RCP 8.5,shang4hai3shi4_1_1_1995_S0,STOREY_4,1840,1
26°C,定容,shang4hai3shi4,2040 RCP 8.5,shang4hai3shi4_1_1_1995_S0,STOREY_5,1840,13
26°C,定容,shang4hai3shi4,2040 RCP 8.5,shang4hai3shi4_1_1_1995_S0,STOREY_0,1840,0
26°C,定容,shang4hai3shi4,2040 RCP 8.5,shang4hai3shi4_1_2_1980_S0,STOREY_1,1840,1
26°C,定容,shang4hai3shi4,2040 RCP 8.5,shang4hai3shi4_1_2_1980_S0,STOREY_2,1840,1
26°C,定容,shang4hai3shi4,2040 RCP 8.5,shang4hai3shi4_1_2_1980_S0,STOREY_3,1840,1
26°C,定容,shang4hai3shi4,2040 RCP 8.5,shang4hai3shi4_1_2_1980_S0,STOREY_4,1840,5
26°C,定容,shang4hai3shi4,2040 RCP 8.5,shang4hai3shi4_1_2_1980_S0,STOREY_5,1840,12
26°C,定容,shang4hai3shi4,2040 RCP 8.5,shang4hai3shi4_1_2_1980_S0,STOREY_0,1840,0
26°C,定容,shang4hai3shi4,2040 RCP 8.5,shang4hai3shi4_1_14_1995_S0,STOREY_1,1840,1
26°C,定容,shang4hai3shi4,2040 RCP 8.5,shang4hai3shi4_1_14_1995_S0,STOREY_2,1840,1
26°C,定容,shang4hai3shi4,2040 RCP 8.5,shang4hai3shi4_1_14_1995_S0,STOREY_3,1840,1
26°C,定容,shang4hai3shi4,2040 RCP 8.5,shang4hai3shi4_1_14_1995_S0,STOREY_4,1840,1
26°C,定容,shang4hai3shi4,2040 RCP 8.5,shang4hai3shi4_1_14_1995_S0,STOREY_5,1840,1
26°C,定容,shang4hai3shi4,2040 RCP 8.5,shang4hai3shi4_1_14_1995_S0,STOREY_6,1840,1
26°C,定容,shang4hai3shi4,2040 RCP 8.5,shang4hai3shi4_1_14_1995_S0,STOREY_7,1840,1
26°C,定容,shang4hai3shi4,2040 RCP 8.5,shang4hai3shi4_1_14_1995_S0,STOREY_8,1840,1
26°C,定容,shang4hai3shi4,2040 RCP 8.5,shang4hai3shi4_1_14_1995_S0,STOREY_9,1840,10
26°C,定容,shang4hai3shi4,2040 RCP 8.5,shang4hai3shi4_1_14_1995_S0,STOREY_0,1840,0
26°C,定容,shang4hai3shi4,2040 RCP 8.5,shang4hai3shi4_1_3_1995_S0,STOREY_1,1840,0
26°C,定容,shang4hai3shi4,2040 RCP 8.5,shang4hai3shi4_1_3_1995_S0,STOREY_2,1840,0
26°C,定容,shang4hai3shi4,2040 RCP 8.5,shang4hai3shi4_1_3_1995_S0,STOREY_3,1840,0
26°C,定容,shang4hai3shi4,2040 RCP 8.5,shang4hai3shi4_1_3_1995_S0,STOREY_4,1840,0
26°C,定容,shang4hai3shi4,2040 RCP 8.5,shang4hai3shi4_1_3_1995_S0,STOREY_5,1840,6
26°C,定容,shang4hai3shi4,2040 RCP 8.5,shang4hai3shi4_1_3_1995_S0,STOREY_0,1840,0
26°C,定容,shang4hai3shi4,2040 RCP 8.5,shang4hai3shi4_1_4_2005_S0,STOREY_1,1840,0
26°C,定容,shang4hai3shi4,2040 RCP 8.5,shang4hai3shi4_1_4_2005_S0,STOREY_2,1840,0
26°C,定容,shang4hai3shi4,2040 RCP 8.5,shang4hai3shi4_1_4_2005_S0,STOREY_3,1840,0
26°C,定容,shang4hai3shi4,2040 RCP 8.5,shang4hai3shi4_1_4_2005_S0,STOREY_4,1840,0
26°C,定容,shang4hai3shi4,2040 RCP 8.5,shang4hai3shi4_1_4_2005_S0,STOREY_5,1840,6
26°C,定容,shang4hai3shi4,2040 RCP 8.5,shang4hai3shi4_1_4_2005_S0,STOREY_0,1840,0
26°C,定容,shang4hai3shi4,2040 RCP 8.5,shang4hai3shi4_1_5_2005_S0,STOREY_1,1840,0
26°C,定容,shang4hai3shi4,2040 RCP 8.5,shang4hai3shi4_1_5_2005_S0,STOREY_2,1840,1
26°C,定容,shang4hai3shi4,2040 RCP 8.5,shang4hai3shi4_1_5_2005_S0,STOREY_3,1840,1
26°C,定容,shang4hai3shi4,2040 RCP 8.5,shang4hai3shi4_1_5_2005_S0,STOREY_4,1840,1
26°C,定容,shang4hai3shi4,2040 RCP 8.5,shang4hai3shi4_1_5_2005_S0,STOREY_5,1840,9
26°C,定容,shang4hai3shi4,2040 RCP 8.5,shang4hai3shi4_1_5_2005_S0,STOREY_0,1840,0
26°C,定容,shang4hai3shi4,2040 RCP 8.5,shang4hai3shi4_1_6_2005_S0,STOREY_1,1840,0
26°C,定容,shang4hai3shi4,2040 RCP 8.5,shang4hai3shi4_1_6_2005_S0,STOREY_2,1840,0
26°C,定容,shang4hai3shi4,2040 RCP 8.5,shang4hai3shi4_1_6_2005_S0,STOREY_3,1840,0
26°C,定容,shang4hai3shi4,2040 RCP 8.5,shang4hai3shi4_1_6_2005_S0,STOREY_4,1840,0
26°C,定容,shang4hai3shi4,2040 RCP 8.5,shang4hai3shi4_1_6_2005_S0,STOREY_5,1840,6
26°C,定容,shang4hai3shi4,2040 RCP 8.5,shang4hai3shi4_1_6_2005_S0,STOREY_0,1840,0
26°C,定容,shang4hai3shi4,2040 RCP 8.5,shang4hai3shi4_1_7_1995_S0,STOREY_1,1840,1
26°C,定容,shang4hai3shi4,2040 RCP 8.5,shang4hai3shi4_1_7_1995_S0,STOREY_2,1840,1
26°C,定容,shang4hai3shi4,2040 RCP 8.5,shang4hai3shi4_1_7_1995_S0,STOREY_3,1840,2
26°C,定容,shang4hai3shi4,2040 RCP 8.5,shang4hai3shi4_1_7_1995_S0,STOREY_4,1840,14
26°C,定容,shang4hai3shi4,2040 RCP 8.5,shang4hai3shi4_1_7_1995_S0,STOREY_0,1840,0
26°C,定容,shang4hai3shi4,2040 RCP 8.5,shang4hai3shi4_1_8_1995_S0,STOREY_1,1840,4
26°C,定容,shang4hai3shi4,2040 RCP 8.5,shang4hai3shi4_1_8_1995_S0,STOREY_2,1840,4
26°C,定容,shang4hai3shi4,2040 RCP 8.5,shang4hai3shi4_1_8_1995_S0,STOREY_3,1840,4
26°C,定容,shang4hai3shi4,2040 RCP 8.5,shang4hai3shi4_1_8_1995_S0,STOREY_4,1840,5
26°C,定容,shang4hai3shi4,2040 RCP 8.5,shang4hai3shi4_1_8_1995_S0,STOREY_5,1840,18
26°C,定容,shang4hai3shi4,2040 RCP 8.5,shang4hai3shi4_1_8_1995_S0,STOREY_0,1840,0
26°C,定容,shang4hai3shi4,2040 RCP 8.5,shang4hai3shi4_1_9_1980_S0,STOREY_1,1840,0
26°C,定容,shang4hai3shi4,2040 RCP 8.5,shang4hai3shi4_1_9_1980_S0,STOREY_2,1840,0
26°C,定容,shang4hai3shi4,2040 RCP 8.5,shang4hai3shi4_1_9_1980_S0,STOREY_3,1840,0
26°C,定容,shang4hai3shi4,2040 RCP 8.5,shang4hai3shi4_1_9_1980_S0,STOREY_4,1840,1
26°C,定容,shang4hai3shi4,2040 RCP 8.5,shang4hai3shi4_1_9_1980_S0,STOREY_5,1840,10
26°C,定容,shang4hai3shi4,2040 RCP 8.5,shang4hai3shi4_1_9_1980_S0,STOREY_0,1840,0
26°C,定容,shang4hai3shi4,2040 RCP 8.5,shang4hai3shi4_2_11_2005_S0,STOREY_1,1840,0
26°C,定容,shang4hai3shi4,2040 RCP 8.5,shang4hai3shi4_2_11_2005_S0,STOREY_2,1840,0
26°C,定容,shang4hai3shi4,2040 RCP 8.5,shang4hai3shi4_2_11_2005_S0,STOREY_3,1840,0
26°C,定容,shang4hai3shi4,2040 RCP 8.5,shang4hai3shi4_2_11_2005_S0,STOREY_4,1840,0
26°C,定容,shang4hai3shi4,2040 RCP 8.5,shang4hai3shi4_2_11_2005_S0,STOREY_5,1840,0
26°C,定容,shang4hai3shi4,2040 RCP 8.5,shang4hai3shi4_2_11_2005_S0,STOREY_6,1840,0
26°C,定容,shang4hai3shi4,2040 RCP 8.5,shang4hai3shi4_2_11_2005_S0,STOREY_7,1840,0
26°C,定容,shang4hai3shi4,2040 RCP 8.5,shang4hai3shi4_2_11_2005_S0,STOREY_8,1840,0
26°C,定容,shang4hai3shi4,2040 RCP 8.5,shang4hai3shi4_2_11_2005_S0,STOREY_9,1840,0
26°C,定容,shang4hai3shi4,2040 RCP 8.5,shang4hai3shi4_2_11_2005_S0,STOREY_10,1840,0
26°C,定容,shang4hai3shi4,2040 RCP 8.5,shang4hai3shi4_2_11_2005_S0,STOREY_11,1840,6
26°C,定容,shang4hai3shi4,2040 RCP 8.5,shang4hai3shi4_2_11_2005_S0,STOREY_0,1840,0
26°C,定容,shang4hai3shi4,2040 RCP 8.5,shang4hai3shi4_2_10_1995_S0,STOREY_1,1840,0
26°C,定容,shang4hai3shi4,2040 RCP 8.5,shang4hai3shi4_2_10_1995_S0,STOREY_2,1840,1
26°C,定容,shang4hai3shi4,2040 RCP 8.5,shang4hai3shi4_2_10_1995_S0,STOREY_3,1840,1
26°C,定容,shang4hai3shi4,2040 RCP 8.5,shang4hai3shi4_2_10_1995_S0,STOREY_4,1840,1
26°C,定容,shang4hai3shi4,2040 RCP 8.5,shang4hai3shi4_2_10_1995_S0,STOREY_5,1840,1
26°C,定容,shang4hai3shi4,2040 RCP 8.5,shang4hai3shi4_2_10_1995_S0,STOREY_6,1840,1
26°C,定容,shang4hai3shi4,2040 RCP 8.5,shang4hai3shi4_2_10_1995_S0,STOREY_7,1840,1
26°C,定容,shang4hai3shi4,2040 RCP 8.5,shang4hai3shi4_2_10_1995_S0,STOREY_8,1840,1
26°C,定容,shang4hai3shi4,2040 RCP 8.5,shang4hai3shi4_2_10_1995_S0,STOREY_9,1840,1
26°C,定容,shang4hai3shi4,2040 RCP 8.5,shang4hai3shi4_2_10_1995_S0,STOREY_10,1840,1
26°C,定容,shang4hai3shi4,2040 RCP 8.5,shang4hai3shi4_2_10_1995_S0,STOREY_11,1840,1
26°C,定容,shang4hai3shi4,2040 RCP 8.5,shang4hai3shi4_2_10_1995_S0,STOREY_12,1840,1
26°C,定容,shang4hai3shi4,2040 RCP 8.5,shang4hai3shi4_2_10_1995_S0,STOREY_13,1840,1
26°C,定容,shang4hai3shi4,2040 RCP 8.5,shang4hai3shi4_2_10_1995_S0,STOREY_14,1840,1
26°C,定容,shang4hai3shi4,2040 RCP 8.5,shang4hai3shi4_2_10_1995_S0,STOREY_15,1840,6
26°C,定容,shang4hai3shi4,2040 RCP 8.5,shang4hai3shi4_2_10_1995_S0,STOREY_0,1840,0
26°C,定容,shang4hai3shi4,2040 RCP 8.5,shang4hai3shi4_2_12_2005_S0,STOREY_1,1840,0
26°C,定容,shang4hai3shi4,2040 RCP 8.5,shang4hai3shi4_2_12_2005_S0,STOREY_2,1840,0
26°C,定容,shang4hai3shi4,2040 RCP 8.5,shang4hai3shi4_2_12_2005_S0,STOREY_3,1840,0
26°C,定容,shang4hai3shi4,2040 RCP 8.5,shang4hai3shi4_2_12_2005_S0,STOREY_4,1840,0
26°C,定容,shang4hai3shi4,2040 RCP 8.5,shang4hai3shi4_2_12_2005_S0,STOREY_5,1840,0
26°C,定容,shang4hai3shi4,2040 RCP 8.5,shang4hai3shi4_2_12_2005_S0,STOREY_6,1840,0
26°C,定容,shang4hai3shi4,2040 RCP 8.5,shang4hai3shi4_2_12_2005_S0,STOREY_7,1840,0
26°C,定容,shang4hai3shi4,2040 RCP 8.5,shang4hai3shi4_2_12_2005_S0,STOREY_8,1840,0
26°C,定容,shang4hai3shi4,2040 RCP 8.5,shang4hai3shi4_2_12_2005_S0,STOREY_9,1840,0
26°C,定容,shang4hai3shi4,2040 RCP 8.5,shang4hai3shi4_2_12_2005_S0,STOREY_10,1840,0
26°C,定容,shang4hai3shi4,2040 RCP 8.5,shang4hai3shi4_2_12_2005_S0,STOREY_11,1840,0
26°C,定容,shang4hai3shi4,2040 RCP 8.5,shang4hai3shi4_2_12_2005_S0,STOREY_12,1840,0
26°C,定容,shang4hai3shi4,2040 RCP 8.5,shang4hai3shi4_2_12_2005_S0,STOREY_13,1840,3
26°C,定容,shang4hai3shi4,2040 RCP 8.5,shang4hai3shi4_2_12_2005_S0,STOREY_0,1840,0
26°C,定容,shang4hai3shi4,2040 RCP 8.5,shang4hai3shi4_2_15_2005_S0,STOREY_1,1840,0
26°C,定容,shang4hai3shi4,2040 RCP 8.5,shang4hai3shi4_2_15_2005_S0,STOREY_2,1840,0
26°C,定容,shang4hai3shi4,2040 RCP 8.5,shang4hai3shi4_2_15_2005_S0,STOREY_3,1840,0
26°C,定容,shang4hai3shi4,2040 RCP 8.5,shang4hai3shi4_2_15_2005_S0,STOREY_4,1840,0
26°C,定容,shang4hai3shi4,2040 RCP 8.5,shang4hai3shi4_2_15_2005_S0,STOREY_5,1840,0
26°C,定容,shang4hai3shi4,2040 RCP 8.5,shang4hai3shi4_2_15_2005_S0,STOREY_6,1840,0
26°C,定容,shang4hai3shi4,2040 RCP 8.5,shang4hai3shi4_2_15_2005_S0,STOREY_7,1840,0
26°C,定容,shang4hai3shi4,2040 RCP 8.5,shang4hai3shi4_2_15_2005_S0,STOREY_8,1840,0
26°C,定容,shang4hai3shi4,2040 RCP 8.5,shang4hai3shi4_2_15_2005_S0,STOREY_9,1840,0
26°C,定容,shang4hai3shi4,2040 RCP 8.5,shang4hai3shi4_2_15_2005_S0,STOREY_10,1840,1
26°C,定容,shang4hai3shi4,2040 RCP 8.5,shang4hai3shi4_2_15_2005_S0,STOREY_11,1840,1
26°C,定容,shang4hai3shi4,2040 RCP 8.5,shang4hai3shi4_2_15_2005_S0,STOREY_12,1840,9
26°C,定容,shang4hai3shi4,2040 RCP 8.5,shang4hai3shi4_2_15_2005_S0,STOREY_0,1840,0
26°C,定容,shang4hai3shi4,2040 RCP 8.5,shang4hai3shi4_2_13_2005_S0,STOREY_1,1840,0
26°C,定容,shang4hai3shi4,2040 RCP 8.5,shang4hai3shi4_2_13_2005_S0,STOREY_2,1840,0
26°C,定容,shang4hai3shi4,2040 RCP 8.5,shang4hai3shi4_2_13_2005_S0,STOREY_3,1840,0
26°C,定容,shang4hai3shi4,2040 RCP 8.5,shang4hai3shi4_2_13_2005_S0,STOREY_4,1840,0
26°C,定容,shang4hai3shi4,2040 RCP 8.5,shang4hai3shi4_2_13_2005_S0,STOREY_5,1840,0
26°C,定容,shang4hai3shi4,2040 RCP 8.5,shang4hai3shi4_2_13_2005_S0,STOREY_6,1840,0
26°C,定容,shang4hai3shi4,2040 RCP 8.5,shang4hai3shi4_2_13_2005_S0,STOREY_7,1840,0
26°C,定容,shang4hai3shi4,2040 RCP 8.5,shang4hai3shi4_2_13_2005_S0,STOREY_8,1840,0
26°C,定容,shang4hai3shi4,2040 RCP 8.5,shang4hai3shi4_2_13_2005_S0,STOREY_9,1840,0
26°C,定容,shang4hai3shi4,2040 RCP 8.5,shang4hai3shi4_2_13_2005_S0,STOREY_10,1840,0
26°C,定容,shang4hai3shi4,2040 RCP 8.5,shang4hai3shi4_2_13_2005_S0,STOREY_11,1840,0
26°C,定容,shang4hai3shi4,2040 RCP 8.5,shang4hai3shi4_2_13_2005_S0,STOREY_12,1840,0
26°C,定容,shang4hai3shi4,2040 RCP 8.5,shang4hai3shi4_2_13_2005_S0,STOREY_13,1840,0
26°C,定容,shang4hai3shi4,2040 RCP 8.5,shang4hai3shi4_2_13_2005_S0,STOREY_14,1840,0
26°C,定容,shang4hai3shi4,2040 RCP 8.5,shang4hai3shi4_2_13_2005_S0,STOREY_15,1840,0
26°C,定容,shang4hai3shi4,2040 RCP 8.5,shang4hai3shi4_2_13_2005_S0,STOREY_16,1840,0
26°C,定容,shang4hai3shi4,2040 RCP 8.5,shang4hai3shi4_2_13_2005_S0,STOREY_17,1840,0
26°C,定容,shang4hai3shi4,2040 RCP 8.5,shang4hai3shi4_2_13_2005_S0,STOREY_18,1840,0
26°C,定容,shang4hai3shi4,2040 RCP 8.5,shang4hai3shi4_2_13_2005_S0,STOREY_19,1840,0
26°C,定容,shang4hai3shi4,2040 RCP 8.5,shang4hai3shi4_2_13_2005_S0,STOREY_20,1840,0
26°C,定容,shang4hai3shi4,2040 RCP 8.5,shang4hai3shi4_2_13_2005_S0,STOREY_21,1840,0
26°C,定容,shang4hai3shi4,2040 RCP 8.5,shang4hai3shi4_2_13_2005_S0,STOREY_22,1840,0
26°C,定容,shang4hai3shi4,2040 RCP 8.5,shang4hai3shi4_2_13_2005_S0,STOREY_23,1840,0
26°C,定容,shang4hai3shi4,2040 RCP 8.5,shang4hai3shi4_2_13_2005_S0,STOREY_24,1840,0
26°C,定容,shang4hai3shi4,2040 RCP 8.5,shang4hai3shi4_2_13_2005_S0,STOREY_25,1840,0
26°C,定容,shang4hai3shi4,2040 RCP 8.5,shang4hai3shi4_2_13_2005_S0,STOREY_26,1840,1
26°C,定容,shang4hai3shi4,2040 RCP 8.5,shang4hai3shi4_2_13_2005_S0,STOREY_27,1840,6
26°C,定容,shang4hai3shi4,2040 RCP 8.5,shang4hai3shi4_2_13_2005_S0,STOREY_0,1840,0
26°C,定容,shang4hai3shi4,2040 RCP 8.5,shang4hai3shi4_2_14_2015_S0,STOREY_1,1840,0
26°C,定容,shang4hai3shi4,2040 RCP 8.5,shang4hai3shi4_2_14_2015_S0,STOREY_2,1840,0
26°C,定容,shang4hai3shi4,2040 RCP 8.5,shang4hai3shi4_2_14_2015_S0,STOREY_3,1840,0
26°C,定容,shang4hai3shi4,2040 RCP 8.5,shang4hai3shi4_2_14_2015_S0,STOREY_4,1840,0
26°C,定容,shang4hai3shi4,2040 RCP 8.5,shang4hai3shi4_2_14_2015_S0,STOREY_5,1840,0
26°C,定容,shang4hai3shi4,2040 RCP 8.5,shang4hai3shi4_2_14_2015_S0,STOREY_6,1840,0
26°C,定容,shang4hai3shi4,2040 RCP 8.5,shang4hai3shi4_2_14_2015_S0,STOREY_7,1840,0
26°C,定容,shang4hai3shi4,2040 RCP 8.5,shang4hai3shi4_2_14_2015_S0,STOREY_8,1840,0
26°C,定容,shang4hai3shi4,2040 RCP 8.5,shang4hai3shi4_2_14_2015_S0,STOREY_9,1840,0
26°C,定容,shang4hai3shi4,2040 RCP 8.5,shang4hai3shi4_2_14_2015_S0,STOREY_10,1840,0
26°C,定容,shang4hai3shi4,2040 RCP 8.5,shang4hai3shi4_2_14_2015_S0,STOREY_11,1840,0
26°C,定容,shang4hai3shi4,2040 RCP 8.5,shang4hai3shi4_2_14_2015_S0,STOREY_12,1840,0
26°C,定容,shang4hai3shi4,2040 RCP 8.5,shang4hai3shi4_2_14_2015_S0,STOREY_13,1840,0
26°C,定容,shang4hai3shi4,2040 RCP 8.5,shang4hai3shi4_2_14_2015_S0,STOREY_14,1840,0
26°C,定容,shang4hai3shi4,2040 RCP 8.5,shang4hai3shi4_2_14_2015_S0,STOREY_15,1840,0
26°C,定容,shang4hai3shi4,2040 RCP 8.5,shang4hai3shi4_2_14_2015_S0,STOREY_16,1840,0
26°C,定容,shang4hai3shi4,2040 RCP 8.5,shang4hai3shi4_2_14_2015_S0,STOREY_17,1840,2
26°C,定容,shang4hai3shi4,2040 RCP 8.5,shang4hai3shi4_2_14_2015_S0,STOREY_0,1840,0
26°C,定容,shang4hai3shi4,2040 RCP 8.5,shang4hai3shi4_2_1_2005_S0,STOREY_1,1840,0
26°C,定容,shang4hai3shi4,2040 RCP 8.5,shang4hai3shi4_2_1_2005_S0,STOREY_2,1840,0
26°C,定容,shang4hai3shi4,2040 RCP 8.5,shang4hai3shi4_2_1_2005_S0,STOREY_3,1840,0
26°C,定容,shang4hai3shi4,2040 RCP 8.5,shang4hai3shi4_2_1_2005_S0,STOREY_4,1840,0
26°C,定容,shang4hai3shi4,2040 RCP 8.5,shang4hai3shi4_2_1_2005_S0,STOREY_5,1840,0
26°C,定容,shang4hai3shi4,2040 RCP 8.5,shang4hai3shi4_2_1_2005_S0,STOREY_6,1840,0
26°C,定容,shang4hai3shi4,2040 RCP 8.5,shang4hai3shi4_2_1_2005_S0,STOREY_7,1840,0
26°C,定容,shang4hai3shi4,2040 RCP 8.5,shang4hai3shi4_2_1_2005_S0,STOREY_8,1840,0
26°C,定容,shang4hai3shi4,2040 RCP 8.5,shang4hai3shi4_2_1_2005_S0,STOREY_9,1840,0
26°C,定容,shang4hai3shi4,2040 RCP 8.5,shang4hai3shi4_2_1_2005_S0,STOREY_10,1840,0
26°C,定容,shang4hai3shi4,2040 RCP 8.5,shang4hai3shi4_2_1_2005_S0,STOREY_11,1840,0
26°C,定容,shang4hai3shi4,2040 RCP 8.5,shang4hai3shi4_2_1_2005_S0,STOREY_12,1840,0
26°C,定容,shang4hai3shi4,2040 RCP 8.5,shang4hai3shi4_2_1_2005_S0,STOREY_13,1840,0
26°C,定容,shang4hai3shi4,2040 RCP 8.5,shang4hai3shi4_2_1_2005_S0,STOREY_14,1840,0
26°C,定容,shang4hai3shi4,2040 RCP 8.5,shang4hai3shi4_2_1_2005_S0,STOREY_15,1840,4
26°C,定容,shang4hai3shi4,2040 RCP 8.5,shang4hai3shi4_2_1_2005_S0,STOREY_0,1840,0
26°C,定容,shang4hai3shi4,2040 RCP 8.5,shang4hai3shi4_2_2_1980_S0,STOREY_1,1840,0
26°C,定容,shang4hai3shi4,2040 RCP 8.5,shang4hai3shi4_2_2_1980_S0,STOREY_2,1840,0
26°C,定容,shang4hai3shi4,2040 RCP 8.5,shang4hai3shi4_2_2_1980_S0,STOREY_3,1840,0
26°C,定容,shang4hai3shi4,2040 RCP 8.5,shang4hai3shi4_2_2_1980_S0,STOREY_4,1840,0
26°C,定容,shang4hai3shi4,2040 RCP 8.5,shang4hai3shi4_2_2_1980_S0,STOREY_5,1840,0
26°C,定容,shang4hai3shi4,2040 RCP 8.5,shang4hai3shi4_2_2_1980_S0,STOREY_6,1840,0
26°C,定容,shang4hai3shi4,2040 RCP 8.5,shang4hai3shi4_2_2_1980_S0,STOREY_7,1840,0
26°C,定容,shang4hai3shi4,2040 RCP 8.5,shang4hai3shi4_2_2_1980_S0,STOREY_8,1840,0
26°C,定容,shang4hai3shi4,2040 RCP 8.5,shang4hai3shi4_2_2_1980_S0,STOREY_9,1840,0
26°C,定容,shang4hai3shi4,2040 RCP 8.5,shang4hai3shi4_2_2_1980_S0,STOREY_10,1840,1
26°C,定容,shang4hai3shi4,2040 RCP 8.5,shang4hai3shi4_2_2_1980_S0,STOREY_11,1840,9
26°C,定容,shang4hai3shi4,2040 RCP 8.5,shang4hai3shi4_2_2_1980_S0,STOREY_0,1840,0
26°C,定容,shang4hai3shi4,2040 RCP 8.5,shang4hai3shi4_2_3_2005_S0,STOREY_1,1840,0
26°C,定容,shang4hai3shi4,2040 RCP 8.5,shang4hai3shi4_2_3_2005_S0,STOREY_2,1840,0
26°C,定容,shang4hai3shi4,2040 RCP 8.5,shang4hai3shi4_2_3_2005_S0,STOREY_3,1840,0
26°C,定容,shang4hai3shi4,2040 RCP 8.5,shang4hai3shi4_2_3_2005_S0,STOREY_4,1840,0
26°C,定容,shang4hai3shi4,2040 RCP 8.5,shang4hai3shi4_2_3_2005_S0,STOREY_5,1840,0
26°C,定容,shang4hai3shi4,2040 RCP 8.5,shang4hai3shi4_2_3_2005_S0,STOREY_6,1840,0
26°C,定容,shang4hai3shi4,2040 RCP 8.5,shang4hai3shi4_2_3_2005_S0,STOREY_7,1840,0
26°C,定容,shang4hai3shi4,2040 RCP 8.5,shang4hai3shi4_2_3_2005_S0,STOREY_8,1840,0
26°C,定容,shang4hai3shi4,2040 RCP 8.5,shang4hai3shi4_2_3_2005_S0,STOREY_9,1840,0
26°C,定容,shang4hai3shi4,2040 RCP 8.5,shang4hai3shi4_2_3_2005_S0,STOREY_10,1840,0
26°C,定容,shang4hai3shi4,2040 RCP 8.5,shang4hai3shi4_2_3_2005_S0,STOREY_11,1840,0
26°C,定容,shang4hai3shi4,2040 RCP 8.5,shang4hai3shi4_2_3_2005_S0,STOREY_12,1840,0
26°C,定容,shang4hai3shi4,2040 RCP 8.5,shang4hai3shi4_2_3_2005_S0,STOREY_13,1840,0
26°C,定容,shang4hai3shi4,2040 RCP 8.5,shang4hai3shi4_2_3_2005_S0,STOREY_14,1840,0
26°C,定容,shang4hai3shi4,2040 RCP 8.5,shang4hai3shi4_2_3_2005_S0,STOREY_15,1840,0
26°C,定容,shang4hai3shi4,2040 RCP 8.5,shang4hai3shi4_2_3_2005_S0,STOREY_16,1840,1
26°C,定容,shang4hai3shi4,2040 RCP 8.5,shang4hai3shi4_2_3_2005_S0,STOREY_17,1840,6
26°C,定容,shang4hai3shi4,2040 RCP 8.5,shang4hai3shi4_2_3_2005_S0,STOREY_0,1840,0
26°C,定容,shang4hai3shi4,2040 RCP 8.5,shang4hai3shi4_2_4_1995_S0,STOREY_1,1840,0
26°C,定容,shang4hai3shi4,2040 RCP 8.5,shang4hai3shi4_2_4_1995_S0,STOREY_2,1840,0
26°C,定容,shang4hai3shi4,2040 RCP 8.5,shang4hai3shi4_2_4_1995_S0,STOREY_3,1840,0
26°C,定容,shang4hai3shi4,2040 RCP 8.5,shang4hai3shi4_2_4_1995_S0,STOREY_4,1840,0
26°C,定容,shang4hai3shi4,2040 RCP 8.5,shang4hai3shi4_2_4_1995_S0,STOREY_5,1840,0
26°C,定容,shang4hai3shi4,2040 RCP 8.5,shang4hai3shi4_2_4_1995_S0,STOREY_6,1840,0
26°C,定容,shang4hai3shi4,2040 RCP 8.5,shang4hai3shi4_2_4_1995_S0,STOREY_7,1840,0
26°C,定容,shang4hai3shi4,2040 RCP 8.5,shang4hai3shi4_2_4_1995_S0,STOREY_8,1840,0
26°C,定容,shang4hai3shi4,2040 RCP 8.5,shang4hai3shi4_2_4_1995_S0,STOREY_9,1840,0
26°C,定容,shang4hai3shi4,2040 RCP 8.5,shang4hai3shi4_2_4_1995_S0,STOREY_10,1840,0
26°C,定容,shang4hai3shi4,2040 RCP 8.5,shang4hai3shi4_2_4_1995_S0,STOREY_11,1840,0
26°C,定容,shang4hai3shi4,2040 RCP 8.5,shang4hai3shi4_2_4_1995_S0,STOREY_12,1840,0
26°C,定容,shang4hai3shi4,2040 RCP 8.5,shang4hai3shi4_2_4_1995_S0,STOREY_13,1840,0
26°C,定容,shang4hai3shi4,2040 RCP 8.5,shang4hai3shi4_2_4_1995_S0,STOREY_14,1840,0
26°C,定容,shang4hai3shi4,2040 RCP 8.5,shang4hai3shi4_2_4_1995_S0,STOREY_15,1840,0
26°C,定容,shang4hai3shi4,2040 RCP 8.5,shang4hai3shi4_2_4_1995_S0,STOREY_16,1840,0
26°C,定容,shang4hai3shi4,2040 RCP 8.5,shang4hai3shi4_2_4_1995_S0,STOREY_17,1840,0
26°C,定容,shang4hai3shi4,2040 RCP 8.5,shang4hai3shi4_2_4_1995_S0,STOREY_18,1840,1
26°C,定容,shang4hai3shi4,2040 RCP 8.5,shang4hai3shi4_2_4_1995_S0,STOREY_19,1840,9
26°C,定容,shang4hai3shi4,2040 RCP 8.5,shang4hai3shi4_2_4_1995_S0,STOREY_0,1840,0
26°C,定容,shang4hai3shi4,2040 RCP 8.5,shang4hai3shi4_2_6_2015_S0,STOREY_1,1840,0
26°C,定容,shang4hai3shi4,2040 RCP 8.5,shang4hai3shi4_2_6_2015_S0,STOREY_2,1840,0
26°C,定容,shang4hai3shi4,2040 RCP 8.5,shang4hai3shi4_2_6_2015_S0,STOREY_3,1840,0
26°C,定容,shang4hai3shi4,2040 RCP 8.5,shang4hai3shi4_2_6_2015_S0,STOREY_4,1840,0
26°C,定容,shang4hai3shi4,2040 RCP 8.5,shang4hai3shi4_2_6_2015_S0,STOREY_5,1840,0
26°C,定容,shang4hai3shi4,2040 RCP 8.5,shang4hai3shi4_2_6_2015_S0,STOREY_6,1840,0
26°C,定容,shang4hai3shi4,2040 RCP 8.5,shang4hai3shi4_2_6_2015_S0,STOREY_7,1840,0
26°C,定容,shang4hai3shi4,2040 RCP 8.5,shang4hai3shi4_2_6_2015_S0,STOREY_8,1840,0
26°C,定容,shang4hai3shi4,2040 RCP 8.5,shang4hai3shi4_2_6_2015_S0,STOREY_9,1840,0
26°C,定容,shang4hai3shi4,2040 RCP 8.5,shang4hai3shi4_2_6_2015_S0,STOREY_10,1840,0
26°C,定容,shang4hai3shi4,2040 RCP 8.5,shang4hai3shi4_2_6_2015_S0,STOREY_11,1840,4
26°C,定容,shang4hai3shi4,2040 RCP 8.5,shang4hai3shi4_2_6_2015_S0,STOREY_0,1840,0
26°C,定容,shang4hai3shi4,2040 RCP 8.5,shang4hai3shi4_2_5_2005_S0,STOREY_1,1840,0
26°C,定容,shang4hai3shi4,2040 RCP 8.5,shang4hai3shi4_2_5_2005_S0,STOREY_2,1840,0
26°C,定容,shang4hai3shi4,2040 RCP 8.5,shang4hai3shi4_2_5_2005_S0,STOREY_3,1840,0
26°C,定容,shang4hai3shi4,2040 RCP 8.5,shang4hai3shi4_2_5_2005_S0,STOREY_4,1840,0
26°C,定容,shang4hai3shi4,2040 RCP 8.5,shang4hai3shi4_2_5_2005_S0,STOREY_5,1840,0
26°C,定容,shang4hai3shi4,2040 RCP 8.5,shang4hai3shi4_2_5_2005_S0,STOREY_6,1840,0
26°C,定容,shang4hai3shi4,2040 RCP 8.5,shang4hai3shi4_2_5_2005_S0,STOREY_7,1840,0
26°C,定容,shang4hai3shi4,2040 RCP 8.5,shang4hai3shi4_2_5_2005_S0,STOREY_8,1840,0
26°C,定容,shang4hai3shi4,2040 RCP 8.5,shang4hai3shi4_2_5_2005_S0,STOREY_9,1840,0
26°C,定容,shang4hai3shi4,2040 RCP 8.5,shang4hai3shi4_2_5_2005_S0,STOREY_10,1840,0
26°C,定容,shang4hai3shi4,2040 RCP 8.5,shang4hai3shi4_2_5_2005_S0,STOREY_11,1840,0
26°C,定容,shang4hai3shi4,2040 RCP 8.5,shang4hai3shi4_2_5_2005_S0,STOREY_12,1840,0
26°C,定容,shang4hai3shi4,2040 RCP 8.5,shang4hai3shi4_2_5_2005_S0,STOREY_13,1840,0
26°C,定容,shang4hai3shi4,2040 RCP 8.5,shang4hai3shi4_2_5_2005_S0,STOREY_14,1840,0
26°C,定容,shang4hai3shi4,2040 RCP 8.5,shang4hai3shi4_2_5_2005_S0,STOREY_15,1840,0
26°C,定容,shang4hai3shi4,2040 RCP 8.5,shang4hai3shi4_2_5_2005_S0,STOREY_16,1840,0
26°C,定容,shang4hai3shi4,2040 RCP 8.5,shang4hai3shi4_2_5_2005_S0,STOREY_17,1840,0
26°C,定容,shang4hai3shi4,2040 RCP 8.5,shang4hai3shi4_2_5_2005_S0,STOREY_18,1840,0
26°C,定容,shang4hai3shi4,2040 RCP 8.5,shang4hai3shi4_2_5_2005_S0,STOREY_19,1840,0
26°C,定容,shang4hai3shi4,2040 RCP 8.5,shang4hai3shi4_2_5_2005_S0,STOREY_20,1840,0
26°C,定容,shang4hai3shi4,2040 RCP 8.5,shang4hai3shi4_2_5_2005_S0,STOREY_21,1840,0
26°C,定容,shang4hai3shi4,2040 RCP 8.5,shang4hai3shi4_2_5_2005_S0,STOREY_22,1840,0
26°C,定容,shang4hai3shi4,2040 RCP 8.5,shang4hai3shi4_2_5_2005_S0,STOREY_23,1840,0
26°C,定容,shang4hai3shi4,2040 RCP 8.5,shang4hai3shi4_2_5_2005_S0,STOREY_24,1840,3
26°C,定容,shang4hai3shi4,2040 RCP 8.5,shang4hai3shi4_2_5_2005_S0,STOREY_0,1840,0
26°C,定容,shang4hai3shi4,2040 RCP 8.5,shang4hai3shi4_2_7_2005_S0,STOREY_1,1840,0
26°C,定容,shang4hai3shi4,2040 RCP 8.5,shang4hai3shi4_2_7_2005_S0,STOREY_2,1840,0
26°C,定容,shang4hai3shi4,2040 RCP 8.5,shang4hai3shi4_2_7_2005_S0,STOREY_3,1840,0
26°C,定容,shang4hai3shi4,2040 RCP 8.5,shang4hai3shi4_2_7_2005_S0,STOREY_4,1840,0
26°C,定容,shang4hai3shi4,2040 RCP 8.5,shang4hai3shi4_2_7_2005_S0,STOREY_5,1840,0
26°C,定容,shang4hai3shi4,2040 RCP 8.5,shang4hai3shi4_2_7_2005_S0,STOREY_6,1840,0
26°C,定容,shang4hai3shi4,2040 RCP 8.5,shang4hai3shi4_2_7_2005_S0,STOREY_7,1840,0
26°C,定容,shang4hai3shi4,2040 RCP 8.5,shang4hai3shi4_2_7_2005_S0,STOREY_8,1840,0
26°C,定容,shang4hai3shi4,2040 RCP 8.5,shang4hai3shi4_2_7_2005_S0,STOREY_9,1840,0
26°C,定容,shang4hai3shi4,2040 RCP 8.5,shang4hai3shi4_2_7_2005_S0,STOREY_10,1840,6
26°C,定容,shang4hai3shi4,2040 RCP 8.5,shang4hai3shi4_2_7_2005_S0,STOREY_0,1840,0
26°C,定容,shang4hai3shi4,2060 RCP 2.6,shang4hai3shi4_0_10_1980_S0,STOREY_1,1840,9
26°C,定容,shang4hai3shi4,2060 RCP 2.6,shang4hai3shi4_0_10_1980_S0,STOREY_2,1840,40
26°C,定容,shang4hai3shi4,2060 RCP 2.6,shang4hai3shi4_0_10_1980_S0,STOREY_0,1840,0
26°C,定容,shang4hai3shi4,2060 RCP 2.6,shang4hai3shi4_0_11_1980_S0,STOREY_1,1840,4
26°C,定容,shang4hai3shi4,2060 RCP 2.6,shang4hai3shi4_0_11_1980_S0,STOREY_2,1840,40
26°C,定容,shang4hai3shi4,2060 RCP 2.6,shang4hai3shi4_0_11_1980_S0,STOREY_0,1840,0
26°C,定容,shang4hai3shi4,2060 RCP 2.6,shang4hai3shi4_0_12_1995_S0,STOREY_1,1840,2
26°C,定容,shang4hai3shi4,2060 RCP 2.6,shang4hai3shi4_0_12_1995_S0,STOREY_2,1840,30
26°C,定容,shang4hai3shi4,2060 RCP 2.6,shang4hai3shi4_0_12_1995_S0,STOREY_0,1840,0
26°C,定容,shang4hai3shi4,2060 RCP 2.6,shang4hai3shi4_0_13_1980_S0,STOREY_1,1840,43
26°C,定容,shang4hai3shi4,2060 RCP 2.6,shang4hai3shi4_0_13_1980_S0,STOREY_0,1840,0
26°C,定容,shang4hai3shi4,2060 RCP 2.6,shang4hai3shi4_0_14_2005_S0,STOREY_1,1840,2
26°C,定容,shang4hai3shi4,2060 RCP 2.6,shang4hai3shi4_0_14_2005_S0,STOREY_2,1840,30
26°C,定容,shang4hai3shi4,2060 RCP 2.6,shang4hai3shi4_0_14_2005_S0,STOREY_0,1840,0
26°C,定容,shang4hai3shi4,2060 RCP 2.6,shang4hai3shi4_0_1_1980_S0,STOREY_1,1840,0
26°C,定容,shang4hai3shi4,2060 RCP 2.6,shang4hai3shi4_0_1_1980_S0,STOREY_2,1840,15
26°C,定容,shang4hai3shi4,2060 RCP 2.6,shang4hai3shi4_0_1_1980_S0,STOREY_0,1840,0
26°C,定容,shang4hai3shi4,2060 RCP 2.6,shang4hai3shi4_0_15_1995_S0,STOREY_1,1840,55
26°C,定容,shang4hai3shi4,2060 RCP 2.6,shang4hai3shi4_0_15_1995_S0,STOREY_2,1840,79
26°C,定容,shang4hai3shi4,2060 RCP 2.6,shang4hai3shi4_0_15_1995_S0,STOREY_0,1840,0
26°C,定容,shang4hai3shi4,2040 RCP 8.5,shang4hai3shi4_2_8_2005_S0,STOREY_1,1840,0
26°C,定容,shang4hai3shi4,2040 RCP 8.5,shang4hai3shi4_2_8_2005_S0,STOREY_2,1840,0
26°C,定容,shang4hai3shi4,2040 RCP 8.5,shang4hai3shi4_2_8_2005_S0,STOREY_3,1840,0
26°C,定容,shang4hai3shi4,2040 RCP 8.5,shang4hai3shi4_2_8_2005_S0,STOREY_4,1840,0
26°C,定容,shang4hai3shi4,2040 RCP 8.5,shang4hai3shi4_2_8_2005_S0,STOREY_5,1840,0
26°C,定容,shang4hai3shi4,2040 RCP 8.5,shang4hai3shi4_2_8_2005_S0,STOREY_6,1840,0
26°C,定容,shang4hai3shi4,2040 RCP 8.5,shang4hai3shi4_2_8_2005_S0,STOREY_7,1840,0
26°C,定容,shang4hai3shi4,2040 RCP 8.5,shang4hai3shi4_2_8_2005_S0,STOREY_8,1840,0
26°C,定容,shang4hai3shi4,2040 RCP 8.5,shang4hai3shi4_2_8_2005_S0,STOREY_9,1840,0
26°C,定容,shang4hai3shi4,2040 RCP 8.5,shang4hai3shi4_2_8_2005_S0,STOREY_10,1840,0
26°C,定容,shang4hai3shi4,2040 RCP 8.5,shang4hai3shi4_2_8_2005_S0,STOREY_11,1840,0
26°C,定容,shang4hai3shi4,2040 RCP 8.5,shang4hai3shi4_2_8_2005_S0,STOREY_12,1840,0
26°C,定容,shang4hai3shi4,2040 RCP 8.5,shang4hai3shi4_2_8_2005_S0,STOREY_13,1840,0
26°C,定容,shang4hai3shi4,2040 RCP 8.5,shang4hai3shi4_2_8_2005_S0,STOREY_14,1840,0
26°C,定容,shang4hai3shi4,2040 RCP 8.5,shang4hai3shi4_2_8_2005_S0,STOREY_15,1840,0
26°C,定容,shang4hai3shi4,2040 RCP 8.5,shang4hai3shi4_2_8_2005_S0,STOREY_16,1840,0
26°C,定容,shang4hai3shi4,2040 RCP 8.5,shang4hai3shi4_2_8_2005_S0,STOREY_17,1840,0
26°C,定容,shang4hai3shi4,2040 RCP 8.5,shang4hai3shi4_2_8_2005_S0,STOREY_18,1840,0
26°C,定容,shang4hai3shi4,2040 RCP 8.5,shang4hai3shi4_2_8_2005_S0,STOREY_19,1840,0
26°C,定容,shang4hai3shi4,2040 RCP 8.5,shang4hai3shi4_2_8_2005_S0,STOREY_20,1840,0
26°C,定容,shang4hai3shi4,2040 RCP 8.5,shang4hai3shi4_2_8_2005_S0,STOREY_21,1840,4
26°C,定容,shang4hai3shi4,2040 RCP 8.5,shang4hai3shi4_2_8_2005_S0,STOREY_0,1840,0
26°C,定容,shang4hai3shi4,2060 RCP 2.6,shang4hai3shi4_0_2_1995_S0,STOREY_0,1840,0
26°C,定容,shang4hai3shi4,2040 RCP 8.5,shang4hai3shi4_2_9_2005_S0,STOREY_1,1840,0
26°C,定容,shang4hai3shi4,2040 RCP 8.5,shang4hai3shi4_2_9_2005_S0,STOREY_2,1840,0
26°C,定容,shang4hai3shi4,2040 RCP 8.5,shang4hai3shi4_2_9_2005_S0,STOREY_3,1840,0
26°C,定容,shang4hai3shi4,2040 RCP 8.5,shang4hai3shi4_2_9_2005_S0,STOREY_4,1840,0
26°C,定容,shang4hai3shi4,2040 RCP 8.5,shang4hai3shi4_2_9_2005_S0,STOREY_5,1840,0
26°C,定容,shang4hai3shi4,2040 RCP 8.5,shang4hai3shi4_2_9_2005_S0,STOREY_6,1840,0
26°C,定容,shang4hai3shi4,2040 RCP 8.5,shang4hai3shi4_2_9_2005_S0,STOREY_7,1840,0
26°C,定容,shang4hai3shi4,2040 RCP 8.5,shang4hai3shi4_2_9_2005_S0,STOREY_8,1840,0
26°C,定容,shang4hai3shi4,2040 RCP 8.5,shang4hai3shi4_2_9_2005_S0,STOREY_9,1840,0
26°C,定容,shang4hai3shi4,2040 RCP 8.5,shang4hai3shi4_2_9_2005_S0,STOREY_10,1840,0
26°C,定容,shang4hai3shi4,2040 RCP 8.5,shang4hai3shi4_2_9_2005_S0,STOREY_11,1840,0
26°C,定容,shang4hai3shi4,2040 RCP 8.5,shang4hai3shi4_2_9_2005_S0,STOREY_12,1840,0
26°C,定容,shang4hai3shi4,2040 RCP 8.5,shang4hai3shi4_2_9_2005_S0,STOREY_13,1840,0
26°C,定容,shang4hai3shi4,2040 RCP 8.5,shang4hai3shi4_2_9_2005_S0,STOREY_14,1840,0
26°C,定容,shang4hai3shi4,2040 RCP 8.5,shang4hai3shi4_2_9_2005_S0,STOREY_15,1840,0
26°C,定容,shang4hai3shi4,2040 RCP 8.5,shang4hai3shi4_2_9_2005_S0,STOREY_16,1840,0
26°C,定容,shang4hai3shi4,2040 RCP 8.5,shang4hai3shi4_2_9_2005_S0,STOREY_17,1840,0
26°C,定容,shang4hai3shi4,2040 RCP 8.5,shang4hai3shi4_2_9_2005_S0,STOREY_18,1840,0
26°C,定容,shang4hai3shi4,2040 RCP 8.5,shang4hai3shi4_2_9_2005_S0,STOREY_19,1840,0
26°C,定容,shang4hai3shi4,2040 RCP 8.5,shang4hai3shi4_2_9_2005_S0,STOREY_20,1840,3
26°C,定容,shang4hai3shi4,2040 RCP 8.5,shang4hai3shi4_2_9_2005_S0,STOREY_0,1840,0
26°C,定容,shang4hai3shi4,2060 RCP 2.6,shang4hai3shi4_0_3_1980_S0,STOREY_1,1840,20
26°C,定容,shang4hai3shi4,2060 RCP 2.6,shang4hai3shi4_0_3_1980_S0,STOREY_2,1840,53
26°C,定容,shang4hai3shi4,2060 RCP 2.6,shang4hai3shi4_0_3_1980_S0,STOREY_0,1840,0
26°C,定容,shang4hai3shi4,2060 RCP 2.6,shang4hai3shi4_0_5_1980_S0,STOREY_1,1840,24
26°C,定容,shang4hai3shi4,2060 RCP 2.6,shang4hai3shi4_0_5_1980_S0,STOREY_0,1840,0
26°C,定容,shang4hai3shi4,2060 RCP 2.6,shang4hai3shi4_0_4_1980_S0,STOREY_1,1840,99
26°C,定容,shang4hai3shi4,2060 RCP 2.6,shang4hai3shi4_0_4_1980_S0,STOREY_2,1840,91
26°C,定容,shang4hai3shi4,2060 RCP 2.6,shang4hai3shi4_0_4_1980_S0,STOREY_0,1840,3
26°C,定容,shang4hai3shi4,2060 RCP 2.6,shang4hai3shi4_0_6_1980_S0,STOREY_1,1840,9
26°C,定容,shang4hai3shi4,2060 RCP 2.6,shang4hai3shi4_0_6_1980_S0,STOREY_2,1840,44
26°C,定容,shang4hai3shi4,2060 RCP 2.6,shang4hai3shi4_0_6_1980_S0,STOREY_0,1840,0
26°C,定容,shang4hai3shi4,2060 RCP 2.6,shang4hai3shi4_0_7_1995_S0,STOREY_1,1840,63
26°C,定容,shang4hai3shi4,2060 RCP 2.6,shang4hai3shi4_0_7_1995_S0,STOREY_2,1840,87
26°C,定容,shang4hai3shi4,2060 RCP 2.6,shang4hai3shi4_0_7_1995_S0,STOREY_0,1840,8
26°C,定容,shang4hai3shi4,2060 RCP 2.6,shang4hai3shi4_0_8_1980_S0,STOREY_1,1840,72
26°C,定容,shang4hai3shi4,2060 RCP 2.6,shang4hai3shi4_0_8_1980_S0,STOREY_2,1840,80
26°C,定容,shang4hai3shi4,2060 RCP 2.6,shang4hai3shi4_0_8_1980_S0,STOREY_0,1840,0
26°C,定容,shang4hai3shi4,2060 RCP 2.6,shang4hai3shi4_0_9_1995_S0,STOREY_1,1840,2
26°C,定容,shang4hai3shi4,2060 RCP 2.6,shang4hai3shi4_0_9_1995_S0,STOREY_2,1840,38
26°C,定容,shang4hai3shi4,2060 RCP 2.6,shang4hai3shi4_0_9_1995_S0,STOREY_0,1840,0
26°C,定容,shang4hai3shi4,2060 RCP 2.6,shang4hai3shi4_1_10_1995_S0,STOREY_1,1840,2
26°C,定容,shang4hai3shi4,2060 RCP 2.6,shang4hai3shi4_1_10_1995_S0,STOREY_2,1840,2
26°C,定容,shang4hai3shi4,2060 RCP 2.6,shang4hai3shi4_1_10_1995_S0,STOREY_3,1840,2
26°C,定容,shang4hai3shi4,2060 RCP 2.6,shang4hai3shi4_1_10_1995_S0,STOREY_4,1840,3
26°C,定容,shang4hai3shi4,2060 RCP 2.6,shang4hai3shi4_1_10_1995_S0,STOREY_5,1840,23
26°C,定容,shang4hai3shi4,2060 RCP 2.6,shang4hai3shi4_1_10_1995_S0,STOREY_0,1840,0
26°C,定容,shang4hai3shi4,2060 RCP 2.6,shang4hai3shi4_1_13_2005_S0,STOREY_1,1840,0
26°C,定容,shang4hai3shi4,2060 RCP 2.6,shang4hai3shi4_1_13_2005_S0,STOREY_2,1840,1
26°C,定容,shang4hai3shi4,2060 RCP 2.6,shang4hai3shi4_1_13_2005_S0,STOREY_3,1840,2
26°C,定容,shang4hai3shi4,2060 RCP 2.6,shang4hai3shi4_1_13_2005_S0,STOREY_4,1840,17
26°C,定容,shang4hai3shi4,2060 RCP 2.6,shang4hai3shi4_1_13_2005_S0,STOREY_0,1840,0
26°C,定容,shang4hai3shi4,2060 RCP 2.6,shang4hai3shi4_1_11_1995_S0,STOREY_1,1840,2
26°C,定容,shang4hai3shi4,2060 RCP 2.6,shang4hai3shi4_1_11_1995_S0,STOREY_2,1840,2
26°C,定容,shang4hai3shi4,2060 RCP 2.6,shang4hai3shi4_1_11_1995_S0,STOREY_3,1840,2
26°C,定容,shang4hai3shi4,2060 RCP 2.6,shang4hai3shi4_1_11_1995_S0,STOREY_4,1840,2
26°C,定容,shang4hai3shi4,2060 RCP 2.6,shang4hai3shi4_1_11_1995_S0,STOREY_5,1840,34
26°C,定容,shang4hai3shi4,2060 RCP 2.6,shang4hai3shi4_1_11_1995_S0,STOREY_0,1840,0
26°C,定容,shang4hai3shi4,2060 RCP 2.6,shang4hai3shi4_1_12_2005_S0,STOREY_1,1840,0
26°C,定容,shang4hai3shi4,2060 RCP 2.6,shang4hai3shi4_1_12_2005_S0,STOREY_2,1840,0
26°C,定容,shang4hai3shi4,2060 RCP 2.6,shang4hai3shi4_1_12_2005_S0,STOREY_3,1840,0
26°C,定容,shang4hai3shi4,2060 RCP 2.6,shang4hai3shi4_1_12_2005_S0,STOREY_4,1840,2
26°C,定容,shang4hai3shi4,2060 RCP 2.6,shang4hai3shi4_1_12_2005_S0,STOREY_5,1840,16
26°C,定容,shang4hai3shi4,2060 RCP 2.6,shang4hai3shi4_1_12_2005_S0,STOREY_0,1840,0
26°C,定容,shang4hai3shi4,2060 RCP 2.6,shang4hai3shi4_1_1_1995_S0,STOREY_1,1840,2
26°C,定容,shang4hai3shi4,2060 RCP 2.6,shang4hai3shi4_1_1_1995_S0,STOREY_2,1840,2
26°C,定容,shang4hai3shi4,2060 RCP 2.6,shang4hai3shi4_1_1_1995_S0,STOREY_3,1840,2
26°C,定容,shang4hai3shi4,2060 RCP 2.6,shang4hai3shi4_1_1_1995_S0,STOREY_4,1840,2
26°C,定容,shang4hai3shi4,2060 RCP 2.6,shang4hai3shi4_1_1_1995_S0,STOREY_5,1840,34
26°C,定容,shang4hai3shi4,2060 RCP 2.6,shang4hai3shi4_1_1_1995_S0,STOREY_0,1840,0
26°C,定容,shang4hai3shi4,2060 RCP 2.6,shang4hai3shi4_1_15_2005_S0,STOREY_1,1840,0
26°C,定容,shang4hai3shi4,2060 RCP 2.6,shang4hai3shi4_1_15_2005_S0,STOREY_2,1840,0
26°C,定容,shang4hai3shi4,2060 RCP 2.6,shang4hai3shi4_1_15_2005_S0,STOREY_3,1840,0
26°C,定容,shang4hai3shi4,2060 RCP 2.6,shang4hai3shi4_1_15_2005_S0,STOREY_4,1840,0
26°C,定容,shang4hai3shi4,2060 RCP 2.6,shang4hai3shi4_1_15_2005_S0,STOREY_5,1840,16
26°C,定容,shang4hai3shi4,2060 RCP 2.6,shang4hai3shi4_1_15_2005_S0,STOREY_0,1840,0
26°C,定容,shang4hai3shi4,2060 RCP 2.6,shang4hai3shi4_1_2_1980_S0,STOREY_1,1840,3
26°C,定容,shang4hai3shi4,2060 RCP 2.6,shang4hai3shi4_1_2_1980_S0,STOREY_2,1840,6
26°C,定容,shang4hai3shi4,2060 RCP 2.6,shang4hai3shi4_1_2_1980_S0,STOREY_3,1840,6
26°C,定容,shang4hai3shi4,2060 RCP 2.6,shang4hai3shi4_1_2_1980_S0,STOREY_4,1840,13
26°C,定容,shang4hai3shi4,2060 RCP 2.6,shang4hai3shi4_1_2_1980_S0,STOREY_5,1840,32
26°C,定容,shang4hai3shi4,2060 RCP 2.6,shang4hai3shi4_1_2_1980_S0,STOREY_0,1840,0
26°C,定容,shang4hai3shi4,2060 RCP 2.6,shang4hai3shi4_1_14_1995_S0,STOREY_1,1840,2
26°C,定容,shang4hai3shi4,2060 RCP 2.6,shang4hai3shi4_1_14_1995_S0,STOREY_2,1840,2
26°C,定容,shang4hai3shi4,2060 RCP 2.6,shang4hai3shi4_1_14_1995_S0,STOREY_3,1840,2
26°C,定容,shang4hai3shi4,2060 RCP 2.6,shang4hai3shi4_1_14_1995_S0,STOREY_4,1840,2
26°C,定容,shang4hai3shi4,2060 RCP 2.6,shang4hai3shi4_1_14_1995_S0,STOREY_5,1840,2
26°C,定容,shang4hai3shi4,2060 RCP 2.6,shang4hai3shi4_1_14_1995_S0,STOREY_6,1840,2
26°C,定容,shang4hai3shi4,2060 RCP 2.6,shang4hai3shi4_1_14_1995_S0,STOREY_7,1840,2
26°C,定容,shang4hai3shi4,2060 RCP 2.6,shang4hai3shi4_1_14_1995_S0,STOREY_8,1840,2
26°C,定容,shang4hai3shi4,2060 RCP 2.6,shang4hai3shi4_1_14_1995_S0,STOREY_9,1840,31
26°C,定容,shang4hai3shi4,2060 RCP 2.6,shang4hai3shi4_1_14_1995_S0,STOREY_0,1840,0
26°C,定容,shang4hai3shi4,2060 RCP 2.6,shang4hai3shi4_1_4_2005_S0,STOREY_1,1840,1
26°C,定容,shang4hai3shi4,2060 RCP 2.6,shang4hai3shi4_1_4_2005_S0,STOREY_2,1840,2
26°C,定容,shang4hai3shi4,2060 RCP 2.6,shang4hai3shi4_1_4_2005_S0,STOREY_3,1840,2
26°C,定容,shang4hai3shi4,2060 RCP 2.6,shang4hai3shi4_1_4_2005_S0,STOREY_4,1840,2
26°C,定容,shang4hai3shi4,2060 RCP 2.6,shang4hai3shi4_1_4_2005_S0,STOREY_5,1840,17
26°C,定容,shang4hai3shi4,2060 RCP 2.6,shang4hai3shi4_1_4_2005_S0,STOREY_0,1840,0
26°C,定容,shang4hai3shi4,2060 RCP 2.6,shang4hai3shi4_1_3_1995_S0,STOREY_1,1840,0
26°C,定容,shang4hai3shi4,2060 RCP 2.6,shang4hai3shi4_1_3_1995_S0,STOREY_2,1840,0
26°C,定容,shang4hai3shi4,2060 RCP 2.6,shang4hai3shi4_1_3_1995_S0,STOREY_3,1840,0
26°C,定容,shang4hai3shi4,2060 RCP 2.6,shang4hai3shi4_1_3_1995_S0,STOREY_4,1840,1
26°C,定容,shang4hai3shi4,2060 RCP 2.6,shang4hai3shi4_1_3_1995_S0,STOREY_5,1840,18
26°C,定容,shang4hai3shi4,2060 RCP 2.6,shang4hai3shi4_1_3_1995_S0,STOREY_0,1840,0
26°C,定容,shang4hai3shi4,2060 RCP 2.6,shang4hai3shi4_1_5_2005_S0,STOREY_1,1840,0
26°C,定容,shang4hai3shi4,2060 RCP 2.6,shang4hai3shi4_1_5_2005_S0,STOREY_2,1840,0
26°C,定容,shang4hai3shi4,2060 RCP 2.6,shang4hai3shi4_1_5_2005_S0,STOREY_3,1840,0
26°C,定容,shang4hai3shi4,2060 RCP 2.6,shang4hai3shi4_1_5_2005_S0,STOREY_4,1840,2
26°C,定容,shang4hai3shi4,2060 RCP 2.6,shang4hai3shi4_1_5_2005_S0,STOREY_5,1840,28
26°C,定容,shang4hai3shi4,2060 RCP 2.6,shang4hai3shi4_1_5_2005_S0,STOREY_0,1840,0
26°C,定容,shang4hai3shi4,2060 RCP 2.6,shang4hai3shi4_1_6_2005_S0,STOREY_1,1840,2
26°C,定容,shang4hai3shi4,2060 RCP 2.6,shang4hai3shi4_1_6_2005_S0,STOREY_2,1840,2
26°C,定容,shang4hai3shi4,2060 RCP 2.6,shang4hai3shi4_1_6_2005_S0,STOREY_3,1840,2
26°C,定容,shang4hai3shi4,2060 RCP 2.6,shang4hai3shi4_1_6_2005_S0,STOREY_4,1840,2
26°C,定容,shang4hai3shi4,2060 RCP 2.6,shang4hai3shi4_1_6_2005_S0,STOREY_5,1840,18
26°C,定容,shang4hai3shi4,2060 RCP 2.6,shang4hai3shi4_1_6_2005_S0,STOREY_0,1840,0
26°C,定容,shang4hai3shi4,2060 RCP 2.6,shang4hai3shi4_1_7_1995_S0,STOREY_1,1840,2
26°C,定容,shang4hai3shi4,2060 RCP 2.6,shang4hai3shi4_1_7_1995_S0,STOREY_2,1840,2
26°C,定容,shang4hai3shi4,2060 RCP 2.6,shang4hai3shi4_1_7_1995_S0,STOREY_3,1840,4
26°C,定容,shang4hai3shi4,2060 RCP 2.6,shang4hai3shi4_1_7_1995_S0,STOREY_4,1840,40
26°C,定容,shang4hai3shi4,2060 RCP 2.6,shang4hai3shi4_1_7_1995_S0,STOREY_0,1840,0
26°C,定容,shang4hai3shi4,2060 RCP 2.6,shang4hai3shi4_1_8_1995_S0,STOREY_1,1840,7
26°C,定容,shang4hai3shi4,2060 RCP 2.6,shang4hai3shi4_1_8_1995_S0,STOREY_2,1840,8
26°C,定容,shang4hai3shi4,2060 RCP 2.6,shang4hai3shi4_1_8_1995_S0,STOREY_3,1840,8
26°C,定容,shang4hai3shi4,2060 RCP 2.6,shang4hai3shi4_1_8_1995_S0,STOREY_4,1840,15
26°C,定容,shang4hai3shi4,2060 RCP 2.6,shang4hai3shi4_1_8_1995_S0,STOREY_5,1840,52
26°C,定容,shang4hai3shi4,2060 RCP 2.6,shang4hai3shi4_1_8_1995_S0,STOREY_0,1840,0
26°C,定容,shang4hai3shi4,2060 RCP 2.6,shang4hai3shi4_1_9_1980_S0,STOREY_1,1840,0
26°C,定容,shang4hai3shi4,2060 RCP 2.6,shang4hai3shi4_1_9_1980_S0,STOREY_2,1840,1
26°C,定容,shang4hai3shi4,2060 RCP 2.6,shang4hai3shi4_1_9_1980_S0,STOREY_3,1840,2
26°C,定容,shang4hai3shi4,2060 RCP 2.6,shang4hai3shi4_1_9_1980_S0,STOREY_4,1840,2
26°C,定容,shang4hai3shi4,2060 RCP 2.6,shang4hai3shi4_1_9_1980_S0,STOREY_5,1840,27
26°C,定容,shang4hai3shi4,2060 RCP 2.6,shang4hai3shi4_1_9_1980_S0,STOREY_0,1840,0
26°C,定容,shang4hai3shi4,2060 RCP 2.6,shang4hai3shi4_2_11_2005_S0,STOREY_1,1840,1
26°C,定容,shang4hai3shi4,2060 RCP 2.6,shang4hai3shi4_2_11_2005_S0,STOREY_2,1840,1
26°C,定容,shang4hai3shi4,2060 RCP 2.6,shang4hai3shi4_2_11_2005_S0,STOREY_3,1840,1
26°C,定容,shang4hai3shi4,2060 RCP 2.6,shang4hai3shi4_2_11_2005_S0,STOREY_4,1840,1
26°C,定容,shang4hai3shi4,2060 RCP 2.6,shang4hai3shi4_2_11_2005_S0,STOREY_5,1840,1
26°C,定容,shang4hai3shi4,2060 RCP 2.6,shang4hai3shi4_2_11_2005_S0,STOREY_6,1840,1
26°C,定容,shang4hai3shi4,2060 RCP 2.6,shang4hai3shi4_2_11_2005_S0,STOREY_7,1840,1
26°C,定容,shang4hai3shi4,2060 RCP 2.6,shang4hai3shi4_2_11_2005_S0,STOREY_8,1840,1
26°C,定容,shang4hai3shi4,2060 RCP 2.6,shang4hai3shi4_2_11_2005_S0,STOREY_9,1840,2
26°C,定容,shang4hai3shi4,2060 RCP 2.6,shang4hai3shi4_2_11_2005_S0,STOREY_10,1840,2
26°C,定容,shang4hai3shi4,2060 RCP 2.6,shang4hai3shi4_2_11_2005_S0,STOREY_11,1840,14
26°C,定容,shang4hai3shi4,2060 RCP 2.6,shang4hai3shi4_2_11_2005_S0,STOREY_0,1840,0
26°C,定容,shang4hai3shi4,2060 RCP 2.6,shang4hai3shi4_2_10_1995_S0,STOREY_1,1840,2
26°C,定容,shang4hai3shi4,2060 RCP 2.6,shang4hai3shi4_2_10_1995_S0,STOREY_2,1840,2
26°C,定容,shang4hai3shi4,2060 RCP 2.6,shang4hai3shi4_2_10_1995_S0,STOREY_3,1840,2
26°C,定容,shang4hai3shi4,2060 RCP 2.6,shang4hai3shi4_2_10_1995_S0,STOREY_4,1840,2
26°C,定容,shang4hai3shi4,2060 RCP 2.6,shang4hai3shi4_2_10_1995_S0,STOREY_5,1840,2
26°C,定容,shang4hai3shi4,2060 RCP 2.6,shang4hai3shi4_2_10_1995_S0,STOREY_6,1840,2
26°C,定容,shang4hai3shi4,2060 RCP 2.6,shang4hai3shi4_2_10_1995_S0,STOREY_7,1840,2
26°C,定容,shang4hai3shi4,2060 RCP 2.6,shang4hai3shi4_2_10_1995_S0,STOREY_8,1840,2
26°C,定容,shang4hai3shi4,2060 RCP 2.6,shang4hai3shi4_2_10_1995_S0,STOREY_9,1840,2
26°C,定容,shang4hai3shi4,2060 RCP 2.6,shang4hai3shi4_2_10_1995_S0,STOREY_10,1840,2
26°C,定容,shang4hai3shi4,2060 RCP 2.6,shang4hai3shi4_2_10_1995_S0,STOREY_11,1840,2
26°C,定容,shang4hai3shi4,2060 RCP 2.6,shang4hai3shi4_2_10_1995_S0,STOREY_12,1840,2
26°C,定容,shang4hai3shi4,2060 RCP 2.6,shang4hai3shi4_2_10_1995_S0,STOREY_13,1840,2
26°C,定容,shang4hai3shi4,2060 RCP 2.6,shang4hai3shi4_2_10_1995_S0,STOREY_14,1840,2
26°C,定容,shang4hai3shi4,2060 RCP 2.6,shang4hai3shi4_2_10_1995_S0,STOREY_15,1840,18
26°C,定容,shang4hai3shi4,2060 RCP 2.6,shang4hai3shi4_2_10_1995_S0,STOREY_0,1840,0
26°C,定容,shang4hai3shi4,2060 RCP 2.6,shang4hai3shi4_2_12_2005_S0,STOREY_1,1840,1
26°C,定容,shang4hai3shi4,2060 RCP 2.6,shang4hai3shi4_2_12_2005_S0,STOREY_2,1840,1
26°C,定容,shang4hai3shi4,2060 RCP 2.6,shang4hai3shi4_2_12_2005_S0,STOREY_3,1840,1
26°C,定容,shang4hai3shi4,2060 RCP 2.6,shang4hai3shi4_2_12_2005_S0,STOREY_4,1840,1
26°C,定容,shang4hai3shi4,2060 RCP 2.6,shang4hai3shi4_2_12_2005_S0,STOREY_5,1840,1
26°C,定容,shang4hai3shi4,2060 RCP 2.6,shang4hai3shi4_2_12_2005_S0,STOREY_6,1840,1
26°C,定容,shang4hai3shi4,2060 RCP 2.6,shang4hai3shi4_2_12_2005_S0,STOREY_7,1840,1
26°C,定容,shang4hai3shi4,2060 RCP 2.6,shang4hai3shi4_2_12_2005_S0,STOREY_8,1840,1
26°C,定容,shang4hai3shi4,2060 RCP 2.6,shang4hai3shi4_2_12_2005_S0,STOREY_9,1840,1
26°C,定容,shang4hai3shi4,2060 RCP 2.6,shang4hai3shi4_2_12_2005_S0,STOREY_10,1840,1
26°C,定容,shang4hai3shi4,2060 RCP 2.6,shang4hai3shi4_2_12_2005_S0,STOREY_11,1840,2
26°C,定容,shang4hai3shi4,2060 RCP 2.6,shang4hai3shi4_2_12_2005_S0,STOREY_12,1840,2
26°C,定容,shang4hai3shi4,2060 RCP 2.6,shang4hai3shi4_2_12_2005_S0,STOREY_13,1840,7
26°C,定容,shang4hai3shi4,2060 RCP 2.6,shang4hai3shi4_2_12_2005_S0,STOREY_0,1840,0
26°C,定容,shang4hai3shi4,2060 RCP 2.6,shang4hai3shi4_2_15_2005_S0,STOREY_1,1840,0
26°C,定容,shang4hai3shi4,2060 RCP 2.6,shang4hai3shi4_2_15_2005_S0,STOREY_2,1840,0
26°C,定容,shang4hai3shi4,2060 RCP 2.6,shang4hai3shi4_2_15_2005_S0,STOREY_3,1840,0
26°C,定容,shang4hai3shi4,2060 RCP 2.6,shang4hai3shi4_2_15_2005_S0,STOREY_4,1840,0
26°C,定容,shang4hai3shi4,2060 RCP 2.6,shang4hai3shi4_2_15_2005_S0,STOREY_5,1840,0
26°C,定容,shang4hai3shi4,2060 RCP 2.6,shang4hai3shi4_2_15_2005_S0,STOREY_6,1840,0
26°C,定容,shang4hai3shi4,2060 RCP 2.6,shang4hai3shi4_2_15_2005_S0,STOREY_7,1840,0
26°C,定容,shang4hai3shi4,2060 RCP 2.6,shang4hai3shi4_2_15_2005_S0,STOREY_8,1840,0
26°C,定容,shang4hai3shi4,2060 RCP 2.6,shang4hai3shi4_2_15_2005_S0,STOREY_9,1840,0
26°C,定容,shang4hai3shi4,2060 RCP 2.6,shang4hai3shi4_2_15_2005_S0,STOREY_10,1840,0
26°C,定容,shang4hai3shi4,2060 RCP 2.6,shang4hai3shi4_2_15_2005_S0,STOREY_11,1840,0
26°C,定容,shang4hai3shi4,2060 RCP 2.6,shang4hai3shi4_2_15_2005_S0,STOREY_12,1840,25
26°C,定容,shang4hai3shi4,2060 RCP 2.6,shang4hai3shi4_2_15_2005_S0,STOREY_0,1840,0
26°C,定容,shang4hai3shi4,2060 RCP 2.6,shang4hai3shi4_2_14_2015_S0,STOREY_1,1840,0
26°C,定容,shang4hai3shi4,2060 RCP 2.6,shang4hai3shi4_2_14_2015_S0,STOREY_2,1840,0
26°C,定容,shang4hai3shi4,2060 RCP 2.6,shang4hai3shi4_2_14_2015_S0,STOREY_3,1840,0
26°C,定容,shang4hai3shi4,2060 RCP 2.6,shang4hai3shi4_2_14_2015_S0,STOREY_4,1840,0
26°C,定容,shang4hai3shi4,2060 RCP 2.6,shang4hai3shi4_2_14_2015_S0,STOREY_5,1840,0
26°C,定容,shang4hai3shi4,2060 RCP 2.6,shang4hai3shi4_2_14_2015_S0,STOREY_6,1840,0
26°C,定容,shang4hai3shi4,2060 RCP 2.6,shang4hai3shi4_2_14_2015_S0,STOREY_7,1840,0
26°C,定容,shang4hai3shi4,2060 RCP 2.6,shang4hai3shi4_2_14_2015_S0,STOREY_8,1840,0
26°C,定容,shang4hai3shi4,2060 RCP 2.6,shang4hai3shi4_2_14_2015_S0,STOREY_9,1840,0
26°C,定容,shang4hai3shi4,2060 RCP 2.6,shang4hai3shi4_2_14_2015_S0,STOREY_10,1840,0
26°C,定容,shang4hai3shi4,2060 RCP 2.6,shang4hai3shi4_2_14_2015_S0,STOREY_11,1840,0
26°C,定容,shang4hai3shi4,2060 RCP 2.6,shang4hai3shi4_2_14_2015_S0,STOREY_12,1840,0
26°C,定容,shang4hai3shi4,2060 RCP 2.6,shang4hai3shi4_2_14_2015_S0,STOREY_13,1840,0
26°C,定容,shang4hai3shi4,2060 RCP 2.6,shang4hai3shi4_2_14_2015_S0,STOREY_14,1840,0
26°C,定容,shang4hai3shi4,2060 RCP 2.6,shang4hai3shi4_2_14_2015_S0,STOREY_15,1840,0
26°C,定容,shang4hai3shi4,2060 RCP 2.6,shang4hai3shi4_2_14_2015_S0,STOREY_16,1840,0
26°C,定容,shang4hai3shi4,2060 RCP 2.6,shang4hai3shi4_2_14_2015_S0,STOREY_17,1840,4
26°C,定容,shang4hai3shi4,2060 RCP 2.6,shang4hai3shi4_2_14_2015_S0,STOREY_0,1840,0
26°C,定容,shang4hai3shi4,2060 RCP 2.6,shang4hai3shi4_2_13_2005_S0,STOREY_1,1840,0
26°C,定容,shang4hai3shi4,2060 RCP 2.6,shang4hai3shi4_2_13_2005_S0,STOREY_2,1840,0
26°C,定容,shang4hai3shi4,2060 RCP 2.6,shang4hai3shi4_2_13_2005_S0,STOREY_3,1840,0
26°C,定容,shang4hai3shi4,2060 RCP 2.6,shang4hai3shi4_2_13_2005_S0,STOREY_4,1840,0
26°C,定容,shang4hai3shi4,2060 RCP 2.6,shang4hai3shi4_2_13_2005_S0,STOREY_5,1840,0
26°C,定容,shang4hai3shi4,2060 RCP 2.6,shang4hai3shi4_2_13_2005_S0,STOREY_6,1840,0
26°C,定容,shang4hai3shi4,2060 RCP 2.6,shang4hai3shi4_2_13_2005_S0,STOREY_7,1840,0
26°C,定容,shang4hai3shi4,2060 RCP 2.6,shang4hai3shi4_2_13_2005_S0,STOREY_8,1840,0
26°C,定容,shang4hai3shi4,2060 RCP 2.6,shang4hai3shi4_2_13_2005_S0,STOREY_9,1840,0
26°C,定容,shang4hai3shi4,2060 RCP 2.6,shang4hai3shi4_2_13_2005_S0,STOREY_10,1840,0
26°C,定容,shang4hai3shi4,2060 RCP 2.6,shang4hai3shi4_2_13_2005_S0,STOREY_11,1840,0
26°C,定容,shang4hai3shi4,2060 RCP 2.6,shang4hai3shi4_2_13_2005_S0,STOREY_12,1840,0
26°C,定容,shang4hai3shi4,2060 RCP 2.6,shang4hai3shi4_2_13_2005_S0,STOREY_13,1840,0
26°C,定容,shang4hai3shi4,2060 RCP 2.6,shang4hai3shi4_2_13_2005_S0,STOREY_14,1840,0
26°C,定容,shang4hai3shi4,2060 RCP 2.6,shang4hai3shi4_2_13_2005_S0,STOREY_15,1840,0
26°C,定容,shang4hai3shi4,2060 RCP 2.6,shang4hai3shi4_2_13_2005_S0,STOREY_16,1840,1
26°C,定容,shang4hai3shi4,2060 RCP 2.6,shang4hai3shi4_2_13_2005_S0,STOREY_17,1840,1
26°C,定容,shang4hai3shi4,2060 RCP 2.6,shang4hai3shi4_2_13_2005_S0,STOREY_18,1840,0
26°C,定容,shang4hai3shi4,2060 RCP 2.6,shang4hai3shi4_2_13_2005_S0,STOREY_19,1840,1
26°C,定容,shang4hai3shi4,2060 RCP 2.6,shang4hai3shi4_2_13_2005_S0,STOREY_20,1840,1
26°C,定容,shang4hai3shi4,2060 RCP 2.6,shang4hai3shi4_2_13_2005_S0,STOREY_21,1840,1
26°C,定容,shang4hai3shi4,2060 RCP 2.6,shang4hai3shi4_2_13_2005_S0,STOREY_22,1840,1
26°C,定容,shang4hai3shi4,2060 RCP 2.6,shang4hai3shi4_2_13_2005_S0,STOREY_23,1840,1
26°C,定容,shang4hai3shi4,2060 RCP 2.6,shang4hai3shi4_2_13_2005_S0,STOREY_24,1840,1
26°C,定容,shang4hai3shi4,2060 RCP 2.6,shang4hai3shi4_2_13_2005_S0,STOREY_25,1840,1
26°C,定容,shang4hai3shi4,2060 RCP 2.6,shang4hai3shi4_2_13_2005_S0,STOREY_26,1840,1
26°C,定容,shang4hai3shi4,2060 RCP 2.6,shang4hai3shi4_2_13_2005_S0,STOREY_27,1840,14
26°C,定容,shang4hai3shi4,2060 RCP 2.6,shang4hai3shi4_2_13_2005_S0,STOREY_0,1840,0
26°C,定容,shang4hai3shi4,2060 RCP 2.6,shang4hai3shi4_2_1_2005_S0,STOREY_1,1840,1
26°C,定容,shang4hai3shi4,2060 RCP 2.6,shang4hai3shi4_2_1_2005_S0,STOREY_2,1840,2
26°C,定容,shang4hai3shi4,2060 RCP 2.6,shang4hai3shi4_2_1_2005_S0,STOREY_3,1840,2
26°C,定容,shang4hai3shi4,2060 RCP 2.6,shang4hai3shi4_2_1_2005_S0,STOREY_4,1840,2
26°C,定容,shang4hai3shi4,2060 RCP 2.6,shang4hai3shi4_2_1_2005_S0,STOREY_5,1840,2
26°C,定容,shang4hai3shi4,2060 RCP 2.6,shang4hai3shi4_2_1_2005_S0,STOREY_6,1840,2
26°C,定容,shang4hai3shi4,2060 RCP 2.6,shang4hai3shi4_2_1_2005_S0,STOREY_7,1840,2
26°C,定容,shang4hai3shi4,2060 RCP 2.6,shang4hai3shi4_2_1_2005_S0,STOREY_8,1840,2
26°C,定容,shang4hai3shi4,2060 RCP 2.6,shang4hai3shi4_2_1_2005_S0,STOREY_9,1840,2
26°C,定容,shang4hai3shi4,2060 RCP 2.6,shang4hai3shi4_2_1_2005_S0,STOREY_10,1840,2
26°C,定容,shang4hai3shi4,2060 RCP 2.6,shang4hai3shi4_2_1_2005_S0,STOREY_11,1840,2
26°C,定容,shang4hai3shi4,2060 RCP 2.6,shang4hai3shi4_2_1_2005_S0,STOREY_12,1840,2
26°C,定容,shang4hai3shi4,2060 RCP 2.6,shang4hai3shi4_2_1_2005_S0,STOREY_13,1840,2
26°C,定容,shang4hai3shi4,2060 RCP 2.6,shang4hai3shi4_2_1_2005_S0,STOREY_14,1840,2
26°C,定容,shang4hai3shi4,2060 RCP 2.6,shang4hai3shi4_2_1_2005_S0,STOREY_15,1840,9
26°C,定容,shang4hai3shi4,2060 RCP 2.6,shang4hai3shi4_2_1_2005_S0,STOREY_0,1840,0
26°C,定容,shang4hai3shi4,2060 RCP 2.6,shang4hai3shi4_2_2_1980_S0,STOREY_1,1840,0
26°C,定容,shang4hai3shi4,2060 RCP 2.6,shang4hai3shi4_2_2_1980_S0,STOREY_2,1840,0
26°C,定容,shang4hai3shi4,2060 RCP 2.6,shang4hai3shi4_2_2_1980_S0,STOREY_3,1840,0
26°C,定容,shang4hai3shi4,2060 RCP 2.6,shang4hai3shi4_2_2_1980_S0,STOREY_4,1840,0
26°C,定容,shang4hai3shi4,2060 RCP 2.6,shang4hai3shi4_2_2_1980_S0,STOREY_5,1840,0
26°C,定容,shang4hai3shi4,2060 RCP 2.6,shang4hai3shi4_2_2_1980_S0,STOREY_6,1840,0
26°C,定容,shang4hai3shi4,2060 RCP 2.6,shang4hai3shi4_2_2_1980_S0,STOREY_7,1840,0
26°C,定容,shang4hai3shi4,2060 RCP 2.6,shang4hai3shi4_2_2_1980_S0,STOREY_8,1840,0
26°C,定容,shang4hai3shi4,2060 RCP 2.6,shang4hai3shi4_2_2_1980_S0,STOREY_9,1840,0
26°C,定容,shang4hai3shi4,2060 RCP 2.6,shang4hai3shi4_2_2_1980_S0,STOREY_10,1840,3
26°C,定容,shang4hai3shi4,2060 RCP 2.6,shang4hai3shi4_2_2_1980_S0,STOREY_11,1840,27
26°C,定容,shang4hai3shi4,2060 RCP 2.6,shang4hai3shi4_2_2_1980_S0,STOREY_0,1840,0
26°C,定容,shang4hai3shi4,2060 RCP 2.6,shang4hai3shi4_2_3_2005_S0,STOREY_1,1840,0
26°C,定容,shang4hai3shi4,2060 RCP 2.6,shang4hai3shi4_2_3_2005_S0,STOREY_2,1840,0
26°C,定容,shang4hai3shi4,2060 RCP 2.6,shang4hai3shi4_2_3_2005_S0,STOREY_3,1840,0
26°C,定容,shang4hai3shi4,2060 RCP 2.6,shang4hai3shi4_2_3_2005_S0,STOREY_4,1840,0
26°C,定容,shang4hai3shi4,2060 RCP 2.6,shang4hai3shi4_2_3_2005_S0,STOREY_5,1840,0
26°C,定容,shang4hai3shi4,2060 RCP 2.6,shang4hai3shi4_2_3_2005_S0,STOREY_6,1840,0
26°C,定容,shang4hai3shi4,2060 RCP 2.6,shang4hai3shi4_2_3_2005_S0,STOREY_7,1840,0
26°C,定容,shang4hai3shi4,2060 RCP 2.6,shang4hai3shi4_2_3_2005_S0,STOREY_8,1840,0
26°C,定容,shang4hai3shi4,2060 RCP 2.6,shang4hai3shi4_2_3_2005_S0,STOREY_9,1840,0
26°C,定容,shang4hai3shi4,2060 RCP 2.6,shang4hai3shi4_2_3_2005_S0,STOREY_10,1840,0
26°C,定容,shang4hai3shi4,2060 RCP 2.6,shang4hai3shi4_2_3_2005_S0,STOREY_11,1840,0
26°C,定容,shang4hai3shi4,2060 RCP 2.6,shang4hai3shi4_2_3_2005_S0,STOREY_12,1840,0
26°C,定容,shang4hai3shi4,2060 RCP 2.6,shang4hai3shi4_2_3_2005_S0,STOREY_13,1840,0
26°C,定容,shang4hai3shi4,2060 RCP 2.6,shang4hai3shi4_2_3_2005_S0,STOREY_14,1840,0
26°C,定容,shang4hai3shi4,2060 RCP 2.6,shang4hai3shi4_2_3_2005_S0,STOREY_15,1840,0
26°C,定容,shang4hai3shi4,2060 RCP 2.6,shang4hai3shi4_2_3_2005_S0,STOREY_16,1840,0
26°C,定容,shang4hai3shi4,2060 RCP 2.6,shang4hai3shi4_2_3_2005_S0,STOREY_17,1840,15
26°C,定容,shang4hai3shi4,2060 RCP 2.6,shang4hai3shi4_2_3_2005_S0,STOREY_0,1840,0
26°C,定容,shang4hai3shi4,2060 RCP 2.6,shang4hai3shi4_2_6_2015_S0,STOREY_1,1840,0
26°C,定容,shang4hai3shi4,2060 RCP 2.6,shang4hai3shi4_2_6_2015_S0,STOREY_2,1840,0
26°C,定容,shang4hai3shi4,2060 RCP 2.6,shang4hai3shi4_2_6_2015_S0,STOREY_3,1840,0
26°C,定容,shang4hai3shi4,2060 RCP 2.6,shang4hai3shi4_2_6_2015_S0,STOREY_4,1840,0
26°C,定容,shang4hai3shi4,2060 RCP 2.6,shang4hai3shi4_2_6_2015_S0,STOREY_5,1840,0
26°C,定容,shang4hai3shi4,2060 RCP 2.6,shang4hai3shi4_2_6_2015_S0,STOREY_6,1840,0
26°C,定容,shang4hai3shi4,2060 RCP 2.6,shang4hai3shi4_2_6_2015_S0,STOREY_7,1840,0
26°C,定容,shang4hai3shi4,2060 RCP 2.6,shang4hai3shi4_2_6_2015_S0,STOREY_8,1840,0
26°C,定容,shang4hai3shi4,2060 RCP 2.6,shang4hai3shi4_2_6_2015_S0,STOREY_9,1840,0
26°C,定容,shang4hai3shi4,2060 RCP 2.6,shang4hai3shi4_2_6_2015_S0,STOREY_10,1840,0
26°C,定容,shang4hai3shi4,2060 RCP 2.6,shang4hai3shi4_2_6_2015_S0,STOREY_11,1840,6
26°C,定容,shang4hai3shi4,2060 RCP 2.6,shang4hai3shi4_2_6_2015_S0,STOREY_0,1840,0
26°C,定容,shang4hai3shi4,2060 RCP 2.6,shang4hai3shi4_2_4_1995_S0,STOREY_1,1840,0
26°C,定容,shang4hai3shi4,2060 RCP 2.6,shang4hai3shi4_2_4_1995_S0,STOREY_2,1840,0
26°C,定容,shang4hai3shi4,2060 RCP 2.6,shang4hai3shi4_2_4_1995_S0,STOREY_3,1840,0
26°C,定容,shang4hai3shi4,2060 RCP 2.6,shang4hai3shi4_2_4_1995_S0,STOREY_4,1840,0
26°C,定容,shang4hai3shi4,2060 RCP 2.6,shang4hai3shi4_2_4_1995_S0,STOREY_5,1840,0
26°C,定容,shang4hai3shi4,2060 RCP 2.6,shang4hai3shi4_2_4_1995_S0,STOREY_6,1840,0
26°C,定容,shang4hai3shi4,2060 RCP 2.6,shang4hai3shi4_2_4_1995_S0,STOREY_7,1840,0
26°C,定容,shang4hai3shi4,2060 RCP 2.6,shang4hai3shi4_2_4_1995_S0,STOREY_8,1840,0
26°C,定容,shang4hai3shi4,2060 RCP 2.6,shang4hai3shi4_2_4_1995_S0,STOREY_9,1840,0
26°C,定容,shang4hai3shi4,2060 RCP 2.6,shang4hai3shi4_2_4_1995_S0,STOREY_10,1840,0
26°C,定容,shang4hai3shi4,2060 RCP 2.6,shang4hai3shi4_2_4_1995_S0,STOREY_11,1840,0
26°C,定容,shang4hai3shi4,2060 RCP 2.6,shang4hai3shi4_2_4_1995_S0,STOREY_12,1840,0
26°C,定容,shang4hai3shi4,2060 RCP 2.6,shang4hai3shi4_2_4_1995_S0,STOREY_13,1840,0
26°C,定容,shang4hai3shi4,2060 RCP 2.6,shang4hai3shi4_2_4_1995_S0,STOREY_14,1840,0
26°C,定容,shang4hai3shi4,2060 RCP 2.6,shang4hai3shi4_2_4_1995_S0,STOREY_15,1840,0
26°C,定容,shang4hai3shi4,2060 RCP 2.6,shang4hai3shi4_2_4_1995_S0,STOREY_16,1840,0
26°C,定容,shang4hai3shi4,2060 RCP 2.6,shang4hai3shi4_2_4_1995_S0,STOREY_17,1840,0
26°C,定容,shang4hai3shi4,2060 RCP 2.6,shang4hai3shi4_2_4_1995_S0,STOREY_18,1840,0
26°C,定容,shang4hai3shi4,2060 RCP 2.6,shang4hai3shi4_2_4_1995_S0,STOREY_19,1840,24
26°C,定容,shang4hai3shi4,2060 RCP 2.6,shang4hai3shi4_2_4_1995_S0,STOREY_0,1840,0
26°C,定容,shang4hai3shi4,2060 RCP 2.6,shang4hai3shi4_2_5_2005_S0,STOREY_1,1840,1
26°C,定容,shang4hai3shi4,2060 RCP 2.6,shang4hai3shi4_2_5_2005_S0,STOREY_2,1840,1
26°C,定容,shang4hai3shi4,2060 RCP 2.6,shang4hai3shi4_2_5_2005_S0,STOREY_3,1840,1
26°C,定容,shang4hai3shi4,2060 RCP 2.6,shang4hai3shi4_2_5_2005_S0,STOREY_4,1840,1
26°C,定容,shang4hai3shi4,2060 RCP 2.6,shang4hai3shi4_2_5_2005_S0,STOREY_5,1840,1
26°C,定容,shang4hai3shi4,2060 RCP 2.6,shang4hai3shi4_2_5_2005_S0,STOREY_6,1840,1
26°C,定容,shang4hai3shi4,2060 RCP 2.6,shang4hai3shi4_2_5_2005_S0,STOREY_7,1840,1
26°C,定容,shang4hai3shi4,2060 RCP 2.6,shang4hai3shi4_2_5_2005_S0,STOREY_8,1840,1
26°C,定容,shang4hai3shi4,2060 RCP 2.6,shang4hai3shi4_2_5_2005_S0,STOREY_9,1840,1
26°C,定容,shang4hai3shi4,2060 RCP 2.6,shang4hai3shi4_2_5_2005_S0,STOREY_10,1840,1
26°C,定容,shang4hai3shi4,2060 RCP 2.6,shang4hai3shi4_2_5_2005_S0,STOREY_11,1840,1
26°C,定容,shang4hai3shi4,2060 RCP 2.6,shang4hai3shi4_2_5_2005_S0,STOREY_12,1840,1
26°C,定容,shang4hai3shi4,2060 RCP 2.6,shang4hai3shi4_2_5_2005_S0,STOREY_13,1840,1
26°C,定容,shang4hai3shi4,2060 RCP 2.6,shang4hai3shi4_2_5_2005_S0,STOREY_14,1840,1
26°C,定容,shang4hai3shi4,2060 RCP 2.6,shang4hai3shi4_2_5_2005_S0,STOREY_15,1840,1
26°C,定容,shang4hai3shi4,2060 RCP 2.6,shang4hai3shi4_2_5_2005_S0,STOREY_16,1840,1
26°C,定容,shang4hai3shi4,2060 RCP 2.6,shang4hai3shi4_2_5_2005_S0,STOREY_17,1840,1
26°C,定容,shang4hai3shi4,2060 RCP 2.6,shang4hai3shi4_2_5_2005_S0,STOREY_18,1840,1
26°C,定容,shang4hai3shi4,2060 RCP 2.6,shang4hai3shi4_2_5_2005_S0,STOREY_19,1840,1
26°C,定容,shang4hai3shi4,2060 RCP 2.6,shang4hai3shi4_2_5_2005_S0,STOREY_20,1840,1
26°C,定容,shang4hai3shi4,2060 RCP 2.6,shang4hai3shi4_2_5_2005_S0,STOREY_21,1840,1
26°C,定容,shang4hai3shi4,2060 RCP 2.6,shang4hai3shi4_2_5_2005_S0,STOREY_22,1840,1
26°C,定容,shang4hai3shi4,2060 RCP 2.6,shang4hai3shi4_2_5_2005_S0,STOREY_23,1840,2
26°C,定容,shang4hai3shi4,2060 RCP 2.6,shang4hai3shi4_2_5_2005_S0,STOREY_24,1840,6
26°C,定容,shang4hai3shi4,2060 RCP 2.6,shang4hai3shi4_2_5_2005_S0,STOREY_0,1840,0
26°C,定容,shang4hai3shi4,2060 RCP 2.6,shang4hai3shi4_2_7_2005_S0,STOREY_1,1840,0
26°C,定容,shang4hai3shi4,2060 RCP 2.6,shang4hai3shi4_2_7_2005_S0,STOREY_2,1840,0
26°C,定容,shang4hai3shi4,2060 RCP 2.6,shang4hai3shi4_2_7_2005_S0,STOREY_3,1840,0
26°C,定容,shang4hai3shi4,2060 RCP 2.6,shang4hai3shi4_2_7_2005_S0,STOREY_4,1840,0
26°C,定容,shang4hai3shi4,2060 RCP 2.6,shang4hai3shi4_2_7_2005_S0,STOREY_5,1840,0
26°C,定容,shang4hai3shi4,2060 RCP 2.6,shang4hai3shi4_2_7_2005_S0,STOREY_6,1840,0
26°C,定容,shang4hai3shi4,2060 RCP 2.6,shang4hai3shi4_2_7_2005_S0,STOREY_7,1840,0
26°C,定容,shang4hai3shi4,2060 RCP 2.6,shang4hai3shi4_2_7_2005_S0,STOREY_8,1840,0
26°C,定容,shang4hai3shi4,2060 RCP 2.6,shang4hai3shi4_2_7_2005_S0,STOREY_9,1840,0
26°C,定容,shang4hai3shi4,2060 RCP 2.6,shang4hai3shi4_2_7_2005_S0,STOREY_10,1840,15
26°C,定容,shang4hai3shi4,2060 RCP 2.6,shang4hai3shi4_2_7_2005_S0,STOREY_0,1840,0
26°C,定容,shang4hai3shi4,2060 RCP 4.5,shang4hai3shi4_0_10_1980_S0,STOREY_1,1840,11
26°C,定容,shang4hai3shi4,2060 RCP 4.5,shang4hai3shi4_0_10_1980_S0,STOREY_2,1840,45
26°C,定容,shang4hai3shi4,2060 RCP 4.5,shang4hai3shi4_0_10_1980_S0,STOREY_0,1840,0
26°C,定容,shang4hai3shi4,2060 RCP 4.5,shang4hai3shi4_0_11_1980_S0,STOREY_1,1840,6
26°C,定容,shang4hai3shi4,2060 RCP 4.5,shang4hai3shi4_0_11_1980_S0,STOREY_2,1840,44
26°C,定容,shang4hai3shi4,2060 RCP 4.5,shang4hai3shi4_0_11_1980_S0,STOREY_0,1840,0
26°C,定容,shang4hai3shi4,2060 RCP 4.5,shang4hai3shi4_0_12_1995_S0,STOREY_1,1840,3
26°C,定容,shang4hai3shi4,2060 RCP 4.5,shang4hai3shi4_0_12_1995_S0,STOREY_2,1840,30
26°C,定容,shang4hai3shi4,2060 RCP 4.5,shang4hai3shi4_0_12_1995_S0,STOREY_0,1840,0
26°C,定容,shang4hai3shi4,2060 RCP 4.5,shang4hai3shi4_0_13_1980_S0,STOREY_1,1840,50
26°C,定容,shang4hai3shi4,2060 RCP 4.5,shang4hai3shi4_0_13_1980_S0,STOREY_0,1840,0
26°C,定容,shang4hai3shi4,2060 RCP 4.5,shang4hai3shi4_0_14_2005_S0,STOREY_1,1840,3
26°C,定容,shang4hai3shi4,2060 RCP 4.5,shang4hai3shi4_0_14_2005_S0,STOREY_2,1840,34
26°C,定容,shang4hai3shi4,2060 RCP 4.5,shang4hai3shi4_0_14_2005_S0,STOREY_0,1840,0
26°C,定容,shang4hai3shi4,2060 RCP 4.5,shang4hai3shi4_0_15_1995_S0,STOREY_1,1840,58
26°C,定容,shang4hai3shi4,2060 RCP 4.5,shang4hai3shi4_0_15_1995_S0,STOREY_2,1840,86
26°C,定容,shang4hai3shi4,2060 RCP 4.5,shang4hai3shi4_0_15_1995_S0,STOREY_0,1840,0
26°C,定容,shang4hai3shi4,2060 RCP 4.5,shang4hai3shi4_0_2_1995_S0,STOREY_0,1840,0
26°C,定容,shang4hai3shi4,2060 RCP 4.5,shang4hai3shi4_0_1_1980_S0,STOREY_1,1840,1
26°C,定容,shang4hai3shi4,2060 RCP 4.5,shang4hai3shi4_0_1_1980_S0,STOREY_2,1840,15
26°C,定容,shang4hai3shi4,2060 RCP 4.5,shang4hai3shi4_0_1_1980_S0,STOREY_0,1840,0
26°C,定容,shang4hai3shi4,2060 RCP 2.6,shang4hai3shi4_2_9_2005_S0,STOREY_1,1840,0
26°C,定容,shang4hai3shi4,2060 RCP 2.6,shang4hai3shi4_2_9_2005_S0,STOREY_2,1840,0
26°C,定容,shang4hai3shi4,2060 RCP 2.6,shang4hai3shi4_2_9_2005_S0,STOREY_3,1840,0
26°C,定容,shang4hai3shi4,2060 RCP 2.6,shang4hai3shi4_2_9_2005_S0,STOREY_4,1840,0
26°C,定容,shang4hai3shi4,2060 RCP 2.6,shang4hai3shi4_2_9_2005_S0,STOREY_5,1840,0
26°C,定容,shang4hai3shi4,2060 RCP 2.6,shang4hai3shi4_2_9_2005_S0,STOREY_6,1840,0
26°C,定容,shang4hai3shi4,2060 RCP 2.6,shang4hai3shi4_2_9_2005_S0,STOREY_7,1840,0
26°C,定容,shang4hai3shi4,2060 RCP 2.6,shang4hai3shi4_2_9_2005_S0,STOREY_8,1840,0
26°C,定容,shang4hai3shi4,2060 RCP 2.6,shang4hai3shi4_2_9_2005_S0,STOREY_9,1840,0
26°C,定容,shang4hai3shi4,2060 RCP 2.6,shang4hai3shi4_2_9_2005_S0,STOREY_10,1840,0
26°C,定容,shang4hai3shi4,2060 RCP 2.6,shang4hai3shi4_2_9_2005_S0,STOREY_11,1840,0
26°C,定容,shang4hai3shi4,2060 RCP 2.6,shang4hai3shi4_2_9_2005_S0,STOREY_12,1840,0
26°C,定容,shang4hai3shi4,2060 RCP 2.6,shang4hai3shi4_2_9_2005_S0,STOREY_13,1840,0
26°C,定容,shang4hai3shi4,2060 RCP 2.6,shang4hai3shi4_2_9_2005_S0,STOREY_14,1840,0
26°C,定容,shang4hai3shi4,2060 RCP 2.6,shang4hai3shi4_2_9_2005_S0,STOREY_15,1840,0
26°C,定容,shang4hai3shi4,2060 RCP 2.6,shang4hai3shi4_2_9_2005_S0,STOREY_16,1840,0
26°C,定容,shang4hai3shi4,2060 RCP 2.6,shang4hai3shi4_2_9_2005_S0,STOREY_17,1840,0
26°C,定容,shang4hai3shi4,2060 RCP 2.6,shang4hai3shi4_2_9_2005_S0,STOREY_18,1840,0
26°C,定容,shang4hai3shi4,2060 RCP 2.6,shang4hai3shi4_2_9_2005_S0,STOREY_19,1840,1
26°C,定容,shang4hai3shi4,2060 RCP 2.6,shang4hai3shi4_2_9_2005_S0,STOREY_20,1840,5
26°C,定容,shang4hai3shi4,2060 RCP 2.6,shang4hai3shi4_2_9_2005_S0,STOREY_0,1840,0
26°C,定容,shang4hai3shi4,2060 RCP 2.6,shang4hai3shi4_2_8_2005_S0,STOREY_1,1840,1
26°C,定容,shang4hai3shi4,2060 RCP 2.6,shang4hai3shi4_2_8_2005_S0,STOREY_2,1840,2
26°C,定容,shang4hai3shi4,2060 RCP 2.6,shang4hai3shi4_2_8_2005_S0,STOREY_3,1840,2
26°C,定容,shang4hai3shi4,2060 RCP 2.6,shang4hai3shi4_2_8_2005_S0,STOREY_4,1840,2
26°C,定容,shang4hai3shi4,2060 RCP 2.6,shang4hai3shi4_2_8_2005_S0,STOREY_5,1840,2
26°C,定容,shang4hai3shi4,2060 RCP 2.6,shang4hai3shi4_2_8_2005_S0,STOREY_6,1840,2
26°C,定容,shang4hai3shi4,2060 RCP 2.6,shang4hai3shi4_2_8_2005_S0,STOREY_7,1840,2
26°C,定容,shang4hai3shi4,2060 RCP 2.6,shang4hai3shi4_2_8_2005_S0,STOREY_8,1840,2
26°C,定容,shang4hai3shi4,2060 RCP 2.6,shang4hai3shi4_2_8_2005_S0,STOREY_9,1840,2
26°C,定容,shang4hai3shi4,2060 RCP 2.6,shang4hai3shi4_2_8_2005_S0,STOREY_10,1840,2
26°C,定容,shang4hai3shi4,2060 RCP 2.6,shang4hai3shi4_2_8_2005_S0,STOREY_11,1840,2
26°C,定容,shang4hai3shi4,2060 RCP 2.6,shang4hai3shi4_2_8_2005_S0,STOREY_12,1840,2
26°C,定容,shang4hai3shi4,2060 RCP 2.6,shang4hai3shi4_2_8_2005_S0,STOREY_13,1840,2
26°C,定容,shang4hai3shi4,2060 RCP 2.6,shang4hai3shi4_2_8_2005_S0,STOREY_14,1840,2
26°C,定容,shang4hai3shi4,2060 RCP 2.6,shang4hai3shi4_2_8_2005_S0,STOREY_15,1840,2
26°C,定容,shang4hai3shi4,2060 RCP 2.6,shang4hai3shi4_2_8_2005_S0,STOREY_16,1840,1
26°C,定容,shang4hai3shi4,2060 RCP 2.6,shang4hai3shi4_2_8_2005_S0,STOREY_17,1840,1
26°C,定容,shang4hai3shi4,2060 RCP 2.6,shang4hai3shi4_2_8_2005_S0,STOREY_18,1840,1
26°C,定容,shang4hai3shi4,2060 RCP 2.6,shang4hai3shi4_2_8_2005_S0,STOREY_19,1840,2
26°C,定容,shang4hai3shi4,2060 RCP 2.6,shang4hai3shi4_2_8_2005_S0,STOREY_20,1840,2
26°C,定容,shang4hai3shi4,2060 RCP 2.6,shang4hai3shi4_2_8_2005_S0,STOREY_21,1840,10
26°C,定容,shang4hai3shi4,2060 RCP 2.6,shang4hai3shi4_2_8_2005_S0,STOREY_0,1840,0
26°C,定容,shang4hai3shi4,2060 RCP 4.5,shang4hai3shi4_0_3_1980_S0,STOREY_1,1840,25
26°C,定容,shang4hai3shi4,2060 RCP 4.5,shang4hai3shi4_0_3_1980_S0,STOREY_2,1840,58
26°C,定容,shang4hai3shi4,2060 RCP 4.5,shang4hai3shi4_0_3_1980_S0,STOREY_0,1840,0
26°C,定容,shang4hai3shi4,2060 RCP 4.5,shang4hai3shi4_0_4_1980_S0,STOREY_1,1840,107
26°C,定容,shang4hai3shi4,2060 RCP 4.5,shang4hai3shi4_0_4_1980_S0,STOREY_2,1840,95
26°C,定容,shang4hai3shi4,2060 RCP 4.5,shang4hai3shi4_0_4_1980_S0,STOREY_0,1840,4
26°C,定容,shang4hai3shi4,2060 RCP 4.5,shang4hai3shi4_0_5_1980_S0,STOREY_1,1840,28
26°C,定容,shang4hai3shi4,2060 RCP 4.5,shang4hai3shi4_0_5_1980_S0,STOREY_0,1840,0
26°C,定容,shang4hai3shi4,2060 RCP 4.5,shang4hai3shi4_0_6_1980_S0,STOREY_1,1840,10
26°C,定容,shang4hai3shi4,2060 RCP 4.5,shang4hai3shi4_0_6_1980_S0,STOREY_2,1840,48
26°C,定容,shang4hai3shi4,2060 RCP 4.5,shang4hai3shi4_0_6_1980_S0,STOREY_0,1840,0
26°C,定容,shang4hai3shi4,2060 RCP 4.5,shang4hai3shi4_0_7_1995_S0,STOREY_1,1840,69
26°C,定容,shang4hai3shi4,2060 RCP 4.5,shang4hai3shi4_0_7_1995_S0,STOREY_2,1840,93
26°C,定容,shang4hai3shi4,2060 RCP 4.5,shang4hai3shi4_0_7_1995_S0,STOREY_0,1840,8
26°C,定容,shang4hai3shi4,2060 RCP 4.5,shang4hai3shi4_0_8_1980_S0,STOREY_1,1840,73
26°C,定容,shang4hai3shi4,2060 RCP 4.5,shang4hai3shi4_0_8_1980_S0,STOREY_2,1840,83
26°C,定容,shang4hai3shi4,2060 RCP 4.5,shang4hai3shi4_0_8_1980_S0,STOREY_0,1840,0
26°C,定容,shang4hai3shi4,2060 RCP 4.5,shang4hai3shi4_0_9_1995_S0,STOREY_1,1840,5
26°C,定容,shang4hai3shi4,2060 RCP 4.5,shang4hai3shi4_0_9_1995_S0,STOREY_2,1840,44
26°C,定容,shang4hai3shi4,2060 RCP 4.5,shang4hai3shi4_0_9_1995_S0,STOREY_0,1840,0
26°C,定容,shang4hai3shi4,2060 RCP 4.5,shang4hai3shi4_1_10_1995_S0,STOREY_1,1840,3
26°C,定容,shang4hai3shi4,2060 RCP 4.5,shang4hai3shi4_1_10_1995_S0,STOREY_2,1840,3
26°C,定容,shang4hai3shi4,2060 RCP 4.5,shang4hai3shi4_1_10_1995_S0,STOREY_3,1840,3
26°C,定容,shang4hai3shi4,2060 RCP 4.5,shang4hai3shi4_1_10_1995_S0,STOREY_4,1840,4
26°C,定容,shang4hai3shi4,2060 RCP 4.5,shang4hai3shi4_1_10_1995_S0,STOREY_5,1840,28
26°C,定容,shang4hai3shi4,2060 RCP 4.5,shang4hai3shi4_1_10_1995_S0,STOREY_0,1840,0
26°C,定容,shang4hai3shi4,2060 RCP 4.5,shang4hai3shi4_1_11_1995_S0,STOREY_1,1840,2
26°C,定容,shang4hai3shi4,2060 RCP 4.5,shang4hai3shi4_1_11_1995_S0,STOREY_2,1840,3
26°C,定容,shang4hai3shi4,2060 RCP 4.5,shang4hai3shi4_1_11_1995_S0,STOREY_3,1840,3
26°C,定容,shang4hai3shi4,2060 RCP 4.5,shang4hai3shi4_1_11_1995_S0,STOREY_4,1840,4
26°C,定容,shang4hai3shi4,2060 RCP 4.5,shang4hai3shi4_1_11_1995_S0,STOREY_5,1840,36
26°C,定容,shang4hai3shi4,2060 RCP 4.5,shang4hai3shi4_1_11_1995_S0,STOREY_0,1840,0
26°C,定容,shang4hai3shi4,2060 RCP 4.5,shang4hai3shi4_1_12_2005_S0,STOREY_1,1840,1
26°C,定容,shang4hai3shi4,2060 RCP 4.5,shang4hai3shi4_1_12_2005_S0,STOREY_2,1840,1
26°C,定容,shang4hai3shi4,2060 RCP 4.5,shang4hai3shi4_1_12_2005_S0,STOREY_3,1840,1
26°C,定容,shang4hai3shi4,2060 RCP 4.5,shang4hai3shi4_1_12_2005_S0,STOREY_4,1840,3
26°C,定容,shang4hai3shi4,2060 RCP 4.5,shang4hai3shi4_1_12_2005_S0,STOREY_5,1840,18
26°C,定容,shang4hai3shi4,2060 RCP 4.5,shang4hai3shi4_1_12_2005_S0,STOREY_0,1840,0
26°C,定容,shang4hai3shi4,2060 RCP 4.5,shang4hai3shi4_1_13_2005_S0,STOREY_1,1840,1
26°C,定容,shang4hai3shi4,2060 RCP 4.5,shang4hai3shi4_1_13_2005_S0,STOREY_2,1840,1
26°C,定容,shang4hai3shi4,2060 RCP 4.5,shang4hai3shi4_1_13_2005_S0,STOREY_3,1840,3
26°C,定容,shang4hai3shi4,2060 RCP 4.5,shang4hai3shi4_1_13_2005_S0,STOREY_4,1840,18
26°C,定容,shang4hai3shi4,2060 RCP 4.5,shang4hai3shi4_1_13_2005_S0,STOREY_0,1840,0
26°C,定容,shang4hai3shi4,2060 RCP 4.5,shang4hai3shi4_1_15_2005_S0,STOREY_1,1840,1
26°C,定容,shang4hai3shi4,2060 RCP 4.5,shang4hai3shi4_1_15_2005_S0,STOREY_2,1840,1
26°C,定容,shang4hai3shi4,2060 RCP 4.5,shang4hai3shi4_1_15_2005_S0,STOREY_3,1840,1
26°C,定容,shang4hai3shi4,2060 RCP 4.5,shang4hai3shi4_1_15_2005_S0,STOREY_4,1840,2
26°C,定容,shang4hai3shi4,2060 RCP 4.5,shang4hai3shi4_1_15_2005_S0,STOREY_5,1840,18
26°C,定容,shang4hai3shi4,2060 RCP 4.5,shang4hai3shi4_1_15_2005_S0,STOREY_0,1840,0
26°C,定容,shang4hai3shi4,2060 RCP 4.5,shang4hai3shi4_1_1_1995_S0,STOREY_1,1840,3
26°C,定容,shang4hai3shi4,2060 RCP 4.5,shang4hai3shi4_1_1_1995_S0,STOREY_2,1840,3
26°C,定容,shang4hai3shi4,2060 RCP 4.5,shang4hai3shi4_1_1_1995_S0,STOREY_3,1840,3
26°C,定容,shang4hai3shi4,2060 RCP 4.5,shang4hai3shi4_1_1_1995_S0,STOREY_4,1840,5
26°C,定容,shang4hai3shi4,2060 RCP 4.5,shang4hai3shi4_1_1_1995_S0,STOREY_5,1840,39
26°C,定容,shang4hai3shi4,2060 RCP 4.5,shang4hai3shi4_1_1_1995_S0,STOREY_0,1840,0
26°C,定容,shang4hai3shi4,2060 RCP 4.5,shang4hai3shi4_1_2_1980_S0,STOREY_1,1840,5
26°C,定容,shang4hai3shi4,2060 RCP 4.5,shang4hai3shi4_1_2_1980_S0,STOREY_2,1840,6
26°C,定容,shang4hai3shi4,2060 RCP 4.5,shang4hai3shi4_1_2_1980_S0,STOREY_3,1840,9
26°C,定容,shang4hai3shi4,2060 RCP 4.5,shang4hai3shi4_1_2_1980_S0,STOREY_4,1840,16
26°C,定容,shang4hai3shi4,2060 RCP 4.5,shang4hai3shi4_1_2_1980_S0,STOREY_5,1840,38
26°C,定容,shang4hai3shi4,2060 RCP 4.5,shang4hai3shi4_1_2_1980_S0,STOREY_0,1840,0
26°C,定容,shang4hai3shi4,2060 RCP 4.5,shang4hai3shi4_1_14_1995_S0,STOREY_1,1840,3
26°C,定容,shang4hai3shi4,2060 RCP 4.5,shang4hai3shi4_1_14_1995_S0,STOREY_2,1840,3
26°C,定容,shang4hai3shi4,2060 RCP 4.5,shang4hai3shi4_1_14_1995_S0,STOREY_3,1840,3
26°C,定容,shang4hai3shi4,2060 RCP 4.5,shang4hai3shi4_1_14_1995_S0,STOREY_4,1840,3
26°C,定容,shang4hai3shi4,2060 RCP 4.5,shang4hai3shi4_1_14_1995_S0,STOREY_5,1840,3
26°C,定容,shang4hai3shi4,2060 RCP 4.5,shang4hai3shi4_1_14_1995_S0,STOREY_6,1840,3
26°C,定容,shang4hai3shi4,2060 RCP 4.5,shang4hai3shi4_1_14_1995_S0,STOREY_7,1840,3
26°C,定容,shang4hai3shi4,2060 RCP 4.5,shang4hai3shi4_1_14_1995_S0,STOREY_8,1840,4
26°C,定容,shang4hai3shi4,2060 RCP 4.5,shang4hai3shi4_1_14_1995_S0,STOREY_9,1840,32
26°C,定容,shang4hai3shi4,2060 RCP 4.5,shang4hai3shi4_1_14_1995_S0,STOREY_0,1840,0
26°C,定容,shang4hai3shi4,2060 RCP 4.5,shang4hai3shi4_1_3_1995_S0,STOREY_1,1840,1
26°C,定容,shang4hai3shi4,2060 RCP 4.5,shang4hai3shi4_1_3_1995_S0,STOREY_2,1840,1
26°C,定容,shang4hai3shi4,2060 RCP 4.5,shang4hai3shi4_1_3_1995_S0,STOREY_3,1840,1
26°C,定容,shang4hai3shi4,2060 RCP 4.5,shang4hai3shi4_1_3_1995_S0,STOREY_4,1840,1
26°C,定容,shang4hai3shi4,2060 RCP 4.5,shang4hai3shi4_1_3_1995_S0,STOREY_5,1840,21
26°C,定容,shang4hai3shi4,2060 RCP 4.5,shang4hai3shi4_1_3_1995_S0,STOREY_0,1840,0
26°C,定容,shang4hai3shi4,2060 RCP 4.5,shang4hai3shi4_1_5_2005_S0,STOREY_1,1840,1
26°C,定容,shang4hai3shi4,2060 RCP 4.5,shang4hai3shi4_1_5_2005_S0,STOREY_2,1840,2
26°C,定容,shang4hai3shi4,2060 RCP 4.5,shang4hai3shi4_1_5_2005_S0,STOREY_3,1840,2
26°C,定容,shang4hai3shi4,2060 RCP 4.5,shang4hai3shi4_1_5_2005_S0,STOREY_4,1840,3
26°C,定容,shang4hai3shi4,2060 RCP 4.5,shang4hai3shi4_1_5_2005_S0,STOREY_5,1840,29
26°C,定容,shang4hai3shi4,2060 RCP 4.5,shang4hai3shi4_1_5_2005_S0,STOREY_0,1840,0
26°C,定容,shang4hai3shi4,2060 RCP 4.5,shang4hai3shi4_1_4_2005_S0,STOREY_1,1840,1
26°C,定容,shang4hai3shi4,2060 RCP 4.5,shang4hai3shi4_1_4_2005_S0,STOREY_2,1840,1
26°C,定容,shang4hai3shi4,2060 RCP 4.5,shang4hai3shi4_1_4_2005_S0,STOREY_3,1840,3
26°C,定容,shang4hai3shi4,2060 RCP 4.5,shang4hai3shi4_1_4_2005_S0,STOREY_4,1840,3
26°C,定容,shang4hai3shi4,2060 RCP 4.5,shang4hai3shi4_1_4_2005_S0,STOREY_5,1840,17
26°C,定容,shang4hai3shi4,2060 RCP 4.5,shang4hai3shi4_1_4_2005_S0,STOREY_0,1840,0
26°C,定容,shang4hai3shi4,2060 RCP 4.5,shang4hai3shi4_1_6_2005_S0,STOREY_1,1840,3
26°C,定容,shang4hai3shi4,2060 RCP 4.5,shang4hai3shi4_1_6_2005_S0,STOREY_2,1840,3
26°C,定容,shang4hai3shi4,2060 RCP 4.5,shang4hai3shi4_1_6_2005_S0,STOREY_3,1840,3
26°C,定容,shang4hai3shi4,2060 RCP 4.5,shang4hai3shi4_1_6_2005_S0,STOREY_4,1840,3
26°C,定容,shang4hai3shi4,2060 RCP 4.5,shang4hai3shi4_1_6_2005_S0,STOREY_5,1840,20
26°C,定容,shang4hai3shi4,2060 RCP 4.5,shang4hai3shi4_1_6_2005_S0,STOREY_0,1840,0
26°C,定容,shang4hai3shi4,2060 RCP 4.5,shang4hai3shi4_1_7_1995_S0,STOREY_1,1840,3
26°C,定容,shang4hai3shi4,2060 RCP 4.5,shang4hai3shi4_1_7_1995_S0,STOREY_2,1840,4
26°C,定容,shang4hai3shi4,2060 RCP 4.5,shang4hai3shi4_1_7_1995_S0,STOREY_3,1840,7
26°C,定容,shang4hai3shi4,2060 RCP 4.5,shang4hai3shi4_1_7_1995_S0,STOREY_4,1840,45
26°C,定容,shang4hai3shi4,2060 RCP 4.5,shang4hai3shi4_1_7_1995_S0,STOREY_0,1840,0
26°C,定容,shang4hai3shi4,2060 RCP 4.5,shang4hai3shi4_1_9_1980_S0,STOREY_1,1840,1
26°C,定容,shang4hai3shi4,2060 RCP 4.5,shang4hai3shi4_1_9_1980_S0,STOREY_2,1840,1
26°C,定容,shang4hai3shi4,2060 RCP 4.5,shang4hai3shi4_1_9_1980_S0,STOREY_3,1840,2
26°C,定容,shang4hai3shi4,2060 RCP 4.5,shang4hai3shi4_1_9_1980_S0,STOREY_4,1840,4
26°C,定容,shang4hai3shi4,2060 RCP 4.5,shang4hai3shi4_1_9_1980_S0,STOREY_5,1840,28
26°C,定容,shang4hai3shi4,2060 RCP 4.5,shang4hai3shi4_1_9_1980_S0,STOREY_0,1840,0
26°C,定容,shang4hai3shi4,2060 RCP 4.5,shang4hai3shi4_1_8_1995_S0,STOREY_1,1840,10
26°C,定容,shang4hai3shi4,2060 RCP 4.5,shang4hai3shi4_1_8_1995_S0,STOREY_2,1840,12
26°C,定容,shang4hai3shi4,2060 RCP 4.5,shang4hai3shi4_1_8_1995_S0,STOREY_3,1840,13
26°C,定容,shang4hai3shi4,2060 RCP 4.5,shang4hai3shi4_1_8_1995_S0,STOREY_4,1840,18
26°C,定容,shang4hai3shi4,2060 RCP 4.5,shang4hai3shi4_1_8_1995_S0,STOREY_5,1840,59
26°C,定容,shang4hai3shi4,2060 RCP 4.5,shang4hai3shi4_1_8_1995_S0,STOREY_0,1840,0
26°C,定容,shang4hai3shi4,2060 RCP 4.5,shang4hai3shi4_2_11_2005_S0,STOREY_1,1840,1
26°C,定容,shang4hai3shi4,2060 RCP 4.5,shang4hai3shi4_2_11_2005_S0,STOREY_2,1840,2
26°C,定容,shang4hai3shi4,2060 RCP 4.5,shang4hai3shi4_2_11_2005_S0,STOREY_3,1840,2
26°C,定容,shang4hai3shi4,2060 RCP 4.5,shang4hai3shi4_2_11_2005_S0,STOREY_4,1840,2
26°C,定容,shang4hai3shi4,2060 RCP 4.5,shang4hai3shi4_2_11_2005_S0,STOREY_5,1840,2
26°C,定容,shang4hai3shi4,2060 RCP 4.5,shang4hai3shi4_2_11_2005_S0,STOREY_6,1840,2
26°C,定容,shang4hai3shi4,2060 RCP 4.5,shang4hai3shi4_2_11_2005_S0,STOREY_7,1840,2
26°C,定容,shang4hai3shi4,2060 RCP 4.5,shang4hai3shi4_2_11_2005_S0,STOREY_8,1840,2
26°C,定容,shang4hai3shi4,2060 RCP 4.5,shang4hai3shi4_2_11_2005_S0,STOREY_9,1840,3
26°C,定容,shang4hai3shi4,2060 RCP 4.5,shang4hai3shi4_2_11_2005_S0,STOREY_10,1840,3
26°C,定容,shang4hai3shi4,2060 RCP 4.5,shang4hai3shi4_2_11_2005_S0,STOREY_11,1840,16
26°C,定容,shang4hai3shi4,2060 RCP 4.5,shang4hai3shi4_2_11_2005_S0,STOREY_0,1840,0
26°C,定容,shang4hai3shi4,2060 RCP 4.5,shang4hai3shi4_2_10_1995_S0,STOREY_1,1840,3
26°C,定容,shang4hai3shi4,2060 RCP 4.5,shang4hai3shi4_2_10_1995_S0,STOREY_2,1840,3
26°C,定容,shang4hai3shi4,2060 RCP 4.5,shang4hai3shi4_2_10_1995_S0,STOREY_3,1840,3
26°C,定容,shang4hai3shi4,2060 RCP 4.5,shang4hai3shi4_2_10_1995_S0,STOREY_4,1840,3
26°C,定容,shang4hai3shi4,2060 RCP 4.5,shang4hai3shi4_2_10_1995_S0,STOREY_5,1840,3
26°C,定容,shang4hai3shi4,2060 RCP 4.5,shang4hai3shi4_2_10_1995_S0,STOREY_6,1840,3
26°C,定容,shang4hai3shi4,2060 RCP 4.5,shang4hai3shi4_2_10_1995_S0,STOREY_7,1840,3
26°C,定容,shang4hai3shi4,2060 RCP 4.5,shang4hai3shi4_2_10_1995_S0,STOREY_8,1840,3
26°C,定容,shang4hai3shi4,2060 RCP 4.5,shang4hai3shi4_2_10_1995_S0,STOREY_9,1840,3
26°C,定容,shang4hai3shi4,2060 RCP 4.5,shang4hai3shi4_2_10_1995_S0,STOREY_10,1840,3
26°C,定容,shang4hai3shi4,2060 RCP 4.5,shang4hai3shi4_2_10_1995_S0,STOREY_11,1840,3
26°C,定容,shang4hai3shi4,2060 RCP 4.5,shang4hai3shi4_2_10_1995_S0,STOREY_12,1840,3
26°C,定容,shang4hai3shi4,2060 RCP 4.5,shang4hai3shi4_2_10_1995_S0,STOREY_13,1840,3
26°C,定容,shang4hai3shi4,2060 RCP 4.5,shang4hai3shi4_2_10_1995_S0,STOREY_14,1840,4
26°C,定容,shang4hai3shi4,2060 RCP 4.5,shang4hai3shi4_2_10_1995_S0,STOREY_15,1840,19
26°C,定容,shang4hai3shi4,2060 RCP 4.5,shang4hai3shi4_2_10_1995_S0,STOREY_0,1840,0
26°C,定容,shang4hai3shi4,2060 RCP 4.5,shang4hai3shi4_2_12_2005_S0,STOREY_1,1840,1
26°C,定容,shang4hai3shi4,2060 RCP 4.5,shang4hai3shi4_2_12_2005_S0,STOREY_2,1840,1
26°C,定容,shang4hai3shi4,2060 RCP 4.5,shang4hai3shi4_2_12_2005_S0,STOREY_3,1840,1
26°C,定容,shang4hai3shi4,2060 RCP 4.5,shang4hai3shi4_2_12_2005_S0,STOREY_4,1840,1
26°C,定容,shang4hai3shi4,2060 RCP 4.5,shang4hai3shi4_2_12_2005_S0,STOREY_5,1840,1
26°C,定容,shang4hai3shi4,2060 RCP 4.5,shang4hai3shi4_2_12_2005_S0,STOREY_6,1840,1
26°C,定容,shang4hai3shi4,2060 RCP 4.5,shang4hai3shi4_2_12_2005_S0,STOREY_7,1840,1
26°C,定容,shang4hai3shi4,2060 RCP 4.5,shang4hai3shi4_2_12_2005_S0,STOREY_8,1840,1
26°C,定容,shang4hai3shi4,2060 RCP 4.5,shang4hai3shi4_2_12_2005_S0,STOREY_9,1840,1
26°C,定容,shang4hai3shi4,2060 RCP 4.5,shang4hai3shi4_2_12_2005_S0,STOREY_10,1840,1
26°C,定容,shang4hai3shi4,2060 RCP 4.5,shang4hai3shi4_2_12_2005_S0,STOREY_11,1840,1
26°C,定容,shang4hai3shi4,2060 RCP 4.5,shang4hai3shi4_2_12_2005_S0,STOREY_12,1840,3
26°C,定容,shang4hai3shi4,2060 RCP 4.5,shang4hai3shi4_2_12_2005_S0,STOREY_13,1840,10
26°C,定容,shang4hai3shi4,2060 RCP 4.5,shang4hai3shi4_2_12_2005_S0,STOREY_0,1840,0
26°C,定容,shang4hai3shi4,2060 RCP 4.5,shang4hai3shi4_2_15_2005_S0,STOREY_1,1840,1
26°C,定容,shang4hai3shi4,2060 RCP 4.5,shang4hai3shi4_2_15_2005_S0,STOREY_2,1840,1
26°C,定容,shang4hai3shi4,2060 RCP 4.5,shang4hai3shi4_2_15_2005_S0,STOREY_3,1840,1
26°C,定容,shang4hai3shi4,2060 RCP 4.5,shang4hai3shi4_2_15_2005_S0,STOREY_4,1840,1
26°C,定容,shang4hai3shi4,2060 RCP 4.5,shang4hai3shi4_2_15_2005_S0,STOREY_5,1840,1
26°C,定容,shang4hai3shi4,2060 RCP 4.5,shang4hai3shi4_2_15_2005_S0,STOREY_6,1840,1
26°C,定容,shang4hai3shi4,2060 RCP 4.5,shang4hai3shi4_2_15_2005_S0,STOREY_7,1840,1
26°C,定容,shang4hai3shi4,2060 RCP 4.5,shang4hai3shi4_2_15_2005_S0,STOREY_8,1840,1
26°C,定容,shang4hai3shi4,2060 RCP 4.5,shang4hai3shi4_2_15_2005_S0,STOREY_9,1840,1
26°C,定容,shang4hai3shi4,2060 RCP 4.5,shang4hai3shi4_2_15_2005_S0,STOREY_10,1840,1
26°C,定容,shang4hai3shi4,2060 RCP 4.5,shang4hai3shi4_2_15_2005_S0,STOREY_11,1840,1
26°C,定容,shang4hai3shi4,2060 RCP 4.5,shang4hai3shi4_2_15_2005_S0,STOREY_12,1840,25
26°C,定容,shang4hai3shi4,2060 RCP 4.5,shang4hai3shi4_2_15_2005_S0,STOREY_0,1840,0
26°C,定容,shang4hai3shi4,2060 RCP 4.5,shang4hai3shi4_2_13_2005_S0,STOREY_1,1840,1
26°C,定容,shang4hai3shi4,2060 RCP 4.5,shang4hai3shi4_2_13_2005_S0,STOREY_2,1840,1
26°C,定容,shang4hai3shi4,2060 RCP 4.5,shang4hai3shi4_2_13_2005_S0,STOREY_3,1840,2
26°C,定容,shang4hai3shi4,2060 RCP 4.5,shang4hai3shi4_2_13_2005_S0,STOREY_4,1840,2
26°C,定容,shang4hai3shi4,2060 RCP 4.5,shang4hai3shi4_2_13_2005_S0,STOREY_5,1840,2
26°C,定容,shang4hai3shi4,2060 RCP 4.5,shang4hai3shi4_2_13_2005_S0,STOREY_6,1840,2
26°C,定容,shang4hai3shi4,2060 RCP 4.5,shang4hai3shi4_2_13_2005_S0,STOREY_7,1840,2
26°C,定容,shang4hai3shi4,2060 RCP 4.5,shang4hai3shi4_2_13_2005_S0,STOREY_8,1840,2
26°C,定容,shang4hai3shi4,2060 RCP 4.5,shang4hai3shi4_2_13_2005_S0,STOREY_9,1840,2
26°C,定容,shang4hai3shi4,2060 RCP 4.5,shang4hai3shi4_2_13_2005_S0,STOREY_10,1840,2
26°C,定容,shang4hai3shi4,2060 RCP 4.5,shang4hai3shi4_2_13_2005_S0,STOREY_11,1840,2
26°C,定容,shang4hai3shi4,2060 RCP 4.5,shang4hai3shi4_2_13_2005_S0,STOREY_12,1840,2
26°C,定容,shang4hai3shi4,2060 RCP 4.5,shang4hai3shi4_2_13_2005_S0,STOREY_13,1840,2
26°C,定容,shang4hai3shi4,2060 RCP 4.5,shang4hai3shi4_2_13_2005_S0,STOREY_14,1840,2
26°C,定容,shang4hai3shi4,2060 RCP 4.5,shang4hai3shi4_2_13_2005_S0,STOREY_15,1840,2
26°C,定容,shang4hai3shi4,2060 RCP 4.5,shang4hai3shi4_2_13_2005_S0,STOREY_16,1840,2
26°C,定容,shang4hai3shi4,2060 RCP 4.5,shang4hai3shi4_2_13_2005_S0,STOREY_17,1840,2
26°C,定容,shang4hai3shi4,2060 RCP 4.5,shang4hai3shi4_2_13_2005_S0,STOREY_18,1840,2
26°C,定容,shang4hai3shi4,2060 RCP 4.5,shang4hai3shi4_2_13_2005_S0,STOREY_19,1840,2
26°C,定容,shang4hai3shi4,2060 RCP 4.5,shang4hai3shi4_2_13_2005_S0,STOREY_20,1840,2
26°C,定容,shang4hai3shi4,2060 RCP 4.5,shang4hai3shi4_2_13_2005_S0,STOREY_21,1840,2
26°C,定容,shang4hai3shi4,2060 RCP 4.5,shang4hai3shi4_2_13_2005_S0,STOREY_22,1840,2
26°C,定容,shang4hai3shi4,2060 RCP 4.5,shang4hai3shi4_2_13_2005_S0,STOREY_23,1840,2
26°C,定容,shang4hai3shi4,2060 RCP 4.5,shang4hai3shi4_2_13_2005_S0,STOREY_24,1840,2
26°C,定容,shang4hai3shi4,2060 RCP 4.5,shang4hai3shi4_2_13_2005_S0,STOREY_25,1840,2
26°C,定容,shang4hai3shi4,2060 RCP 4.5,shang4hai3shi4_2_13_2005_S0,STOREY_26,1840,3
26°C,定容,shang4hai3shi4,2060 RCP 4.5,shang4hai3shi4_2_13_2005_S0,STOREY_27,1840,16
26°C,定容,shang4hai3shi4,2060 RCP 4.5,shang4hai3shi4_2_13_2005_S0,STOREY_0,1840,0
26°C,定容,shang4hai3shi4,2060 RCP 4.5,shang4hai3shi4_2_14_2015_S0,STOREY_1,1840,0
26°C,定容,shang4hai3shi4,2060 RCP 4.5,shang4hai3shi4_2_14_2015_S0,STOREY_2,1840,0
26°C,定容,shang4hai3shi4,2060 RCP 4.5,shang4hai3shi4_2_14_2015_S0,STOREY_3,1840,0
26°C,定容,shang4hai3shi4,2060 RCP 4.5,shang4hai3shi4_2_14_2015_S0,STOREY_4,1840,0
26°C,定容,shang4hai3shi4,2060 RCP 4.5,shang4hai3shi4_2_14_2015_S0,STOREY_5,1840,0
26°C,定容,shang4hai3shi4,2060 RCP 4.5,shang4hai3shi4_2_14_2015_S0,STOREY_6,1840,0
26°C,定容,shang4hai3shi4,2060 RCP 4.5,shang4hai3shi4_2_14_2015_S0,STOREY_7,1840,0
26°C,定容,shang4hai3shi4,2060 RCP 4.5,shang4hai3shi4_2_14_2015_S0,STOREY_8,1840,0
26°C,定容,shang4hai3shi4,2060 RCP 4.5,shang4hai3shi4_2_14_2015_S0,STOREY_9,1840,0
26°C,定容,shang4hai3shi4,2060 RCP 4.5,shang4hai3shi4_2_14_2015_S0,STOREY_10,1840,0
26°C,定容,shang4hai3shi4,2060 RCP 4.5,shang4hai3shi4_2_14_2015_S0,STOREY_11,1840,0
26°C,定容,shang4hai3shi4,2060 RCP 4.5,shang4hai3shi4_2_14_2015_S0,STOREY_12,1840,0
26°C,定容,shang4hai3shi4,2060 RCP 4.5,shang4hai3shi4_2_14_2015_S0,STOREY_13,1840,0
26°C,定容,shang4hai3shi4,2060 RCP 4.5,shang4hai3shi4_2_14_2015_S0,STOREY_14,1840,0
26°C,定容,shang4hai3shi4,2060 RCP 4.5,shang4hai3shi4_2_14_2015_S0,STOREY_15,1840,0
26°C,定容,shang4hai3shi4,2060 RCP 4.5,shang4hai3shi4_2_14_2015_S0,STOREY_16,1840,0
26°C,定容,shang4hai3shi4,2060 RCP 4.5,shang4hai3shi4_2_14_2015_S0,STOREY_17,1840,5
26°C,定容,shang4hai3shi4,2060 RCP 4.5,shang4hai3shi4_2_14_2015_S0,STOREY_0,1840,0
26°C,定容,shang4hai3shi4,2060 RCP 4.5,shang4hai3shi4_2_1_2005_S0,STOREY_1,1840,1
26°C,定容,shang4hai3shi4,2060 RCP 4.5,shang4hai3shi4_2_1_2005_S0,STOREY_2,1840,1
26°C,定容,shang4hai3shi4,2060 RCP 4.5,shang4hai3shi4_2_1_2005_S0,STOREY_3,1840,2
26°C,定容,shang4hai3shi4,2060 RCP 4.5,shang4hai3shi4_2_1_2005_S0,STOREY_4,1840,2
26°C,定容,shang4hai3shi4,2060 RCP 4.5,shang4hai3shi4_2_1_2005_S0,STOREY_5,1840,2
26°C,定容,shang4hai3shi4,2060 RCP 4.5,shang4hai3shi4_2_1_2005_S0,STOREY_6,1840,2
26°C,定容,shang4hai3shi4,2060 RCP 4.5,shang4hai3shi4_2_1_2005_S0,STOREY_7,1840,2
26°C,定容,shang4hai3shi4,2060 RCP 4.5,shang4hai3shi4_2_1_2005_S0,STOREY_8,1840,2
26°C,定容,shang4hai3shi4,2060 RCP 4.5,shang4hai3shi4_2_1_2005_S0,STOREY_9,1840,2
26°C,定容,shang4hai3shi4,2060 RCP 4.5,shang4hai3shi4_2_1_2005_S0,STOREY_10,1840,2
26°C,定容,shang4hai3shi4,2060 RCP 4.5,shang4hai3shi4_2_1_2005_S0,STOREY_11,1840,2
26°C,定容,shang4hai3shi4,2060 RCP 4.5,shang4hai3shi4_2_1_2005_S0,STOREY_12,1840,2
26°C,定容,shang4hai3shi4,2060 RCP 4.5,shang4hai3shi4_2_1_2005_S0,STOREY_13,1840,3
26°C,定容,shang4hai3shi4,2060 RCP 4.5,shang4hai3shi4_2_1_2005_S0,STOREY_14,1840,3
26°C,定容,shang4hai3shi4,2060 RCP 4.5,shang4hai3shi4_2_1_2005_S0,STOREY_15,1840,12
26°C,定容,shang4hai3shi4,2060 RCP 4.5,shang4hai3shi4_2_1_2005_S0,STOREY_0,1840,0
26°C,定容,shang4hai3shi4,2060 RCP 4.5,shang4hai3shi4_2_2_1980_S0,STOREY_1,1840,1
26°C,定容,shang4hai3shi4,2060 RCP 4.5,shang4hai3shi4_2_2_1980_S0,STOREY_2,1840,1
26°C,定容,shang4hai3shi4,2060 RCP 4.5,shang4hai3shi4_2_2_1980_S0,STOREY_3,1840,1
26°C,定容,shang4hai3shi4,2060 RCP 4.5,shang4hai3shi4_2_2_1980_S0,STOREY_4,1840,1
26°C,定容,shang4hai3shi4,2060 RCP 4.5,shang4hai3shi4_2_2_1980_S0,STOREY_5,1840,1
26°C,定容,shang4hai3shi4,2060 RCP 4.5,shang4hai3shi4_2_2_1980_S0,STOREY_6,1840,1
26°C,定容,shang4hai3shi4,2060 RCP 4.5,shang4hai3shi4_2_2_1980_S0,STOREY_7,1840,1
26°C,定容,shang4hai3shi4,2060 RCP 4.5,shang4hai3shi4_2_2_1980_S0,STOREY_8,1840,1
26°C,定容,shang4hai3shi4,2060 RCP 4.5,shang4hai3shi4_2_2_1980_S0,STOREY_9,1840,1
26°C,定容,shang4hai3shi4,2060 RCP 4.5,shang4hai3shi4_2_2_1980_S0,STOREY_10,1840,4
26°C,定容,shang4hai3shi4,2060 RCP 4.5,shang4hai3shi4_2_2_1980_S0,STOREY_11,1840,27
26°C,定容,shang4hai3shi4,2060 RCP 4.5,shang4hai3shi4_2_2_1980_S0,STOREY_0,1840,0
26°C,定容,shang4hai3shi4,2060 RCP 4.5,shang4hai3shi4_2_3_2005_S0,STOREY_1,1840,1
26°C,定容,shang4hai3shi4,2060 RCP 4.5,shang4hai3shi4_2_3_2005_S0,STOREY_2,1840,1
26°C,定容,shang4hai3shi4,2060 RCP 4.5,shang4hai3shi4_2_3_2005_S0,STOREY_3,1840,1
26°C,定容,shang4hai3shi4,2060 RCP 4.5,shang4hai3shi4_2_3_2005_S0,STOREY_4,1840,1
26°C,定容,shang4hai3shi4,2060 RCP 4.5,shang4hai3shi4_2_3_2005_S0,STOREY_5,1840,1
26°C,定容,shang4hai3shi4,2060 RCP 4.5,shang4hai3shi4_2_3_2005_S0,STOREY_6,1840,1
26°C,定容,shang4hai3shi4,2060 RCP 4.5,shang4hai3shi4_2_3_2005_S0,STOREY_7,1840,1
26°C,定容,shang4hai3shi4,2060 RCP 4.5,shang4hai3shi4_2_3_2005_S0,STOREY_8,1840,1
26°C,定容,shang4hai3shi4,2060 RCP 4.5,shang4hai3shi4_2_3_2005_S0,STOREY_9,1840,1
26°C,定容,shang4hai3shi4,2060 RCP 4.5,shang4hai3shi4_2_3_2005_S0,STOREY_10,1840,1
26°C,定容,shang4hai3shi4,2060 RCP 4.5,shang4hai3shi4_2_3_2005_S0,STOREY_11,1840,1
26°C,定容,shang4hai3shi4,2060 RCP 4.5,shang4hai3shi4_2_3_2005_S0,STOREY_12,1840,1
26°C,定容,shang4hai3shi4,2060 RCP 4.5,shang4hai3shi4_2_3_2005_S0,STOREY_13,1840,1
26°C,定容,shang4hai3shi4,2060 RCP 4.5,shang4hai3shi4_2_3_2005_S0,STOREY_14,1840,1
26°C,定容,shang4hai3shi4,2060 RCP 4.5,shang4hai3shi4_2_3_2005_S0,STOREY_15,1840,1
26°C,定容,shang4hai3shi4,2060 RCP 4.5,shang4hai3shi4_2_3_2005_S0,STOREY_16,1840,1
26°C,定容,shang4hai3shi4,2060 RCP 4.5,shang4hai3shi4_2_3_2005_S0,STOREY_17,1840,18
26°C,定容,shang4hai3shi4,2060 RCP 4.5,shang4hai3shi4_2_3_2005_S0,STOREY_0,1840,0
26°C,定容,shang4hai3shi4,2060 RCP 4.5,shang4hai3shi4_2_4_1995_S0,STOREY_1,1840,1
26°C,定容,shang4hai3shi4,2060 RCP 4.5,shang4hai3shi4_2_4_1995_S0,STOREY_2,1840,1
26°C,定容,shang4hai3shi4,2060 RCP 4.5,shang4hai3shi4_2_4_1995_S0,STOREY_3,1840,1
26°C,定容,shang4hai3shi4,2060 RCP 4.5,shang4hai3shi4_2_4_1995_S0,STOREY_4,1840,1
26°C,定容,shang4hai3shi4,2060 RCP 4.5,shang4hai3shi4_2_4_1995_S0,STOREY_5,1840,1
26°C,定容,shang4hai3shi4,2060 RCP 4.5,shang4hai3shi4_2_4_1995_S0,STOREY_6,1840,1
26°C,定容,shang4hai3shi4,2060 RCP 4.5,shang4hai3shi4_2_4_1995_S0,STOREY_7,1840,1
26°C,定容,shang4hai3shi4,2060 RCP 4.5,shang4hai3shi4_2_4_1995_S0,STOREY_8,1840,1
26°C,定容,shang4hai3shi4,2060 RCP 4.5,shang4hai3shi4_2_4_1995_S0,STOREY_9,1840,1
26°C,定容,shang4hai3shi4,2060 RCP 4.5,shang4hai3shi4_2_4_1995_S0,STOREY_10,1840,1
26°C,定容,shang4hai3shi4,2060 RCP 4.5,shang4hai3shi4_2_4_1995_S0,STOREY_11,1840,1
26°C,定容,shang4hai3shi4,2060 RCP 4.5,shang4hai3shi4_2_4_1995_S0,STOREY_12,1840,1
26°C,定容,shang4hai3shi4,2060 RCP 4.5,shang4hai3shi4_2_4_1995_S0,STOREY_13,1840,1
26°C,定容,shang4hai3shi4,2060 RCP 4.5,shang4hai3shi4_2_4_1995_S0,STOREY_14,1840,1
26°C,定容,shang4hai3shi4,2060 RCP 4.5,shang4hai3shi4_2_4_1995_S0,STOREY_15,1840,1
26°C,定容,shang4hai3shi4,2060 RCP 4.5,shang4hai3shi4_2_4_1995_S0,STOREY_16,1840,1
26°C,定容,shang4hai3shi4,2060 RCP 4.5,shang4hai3shi4_2_4_1995_S0,STOREY_17,1840,1
26°C,定容,shang4hai3shi4,2060 RCP 4.5,shang4hai3shi4_2_4_1995_S0,STOREY_18,1840,1
26°C,定容,shang4hai3shi4,2060 RCP 4.5,shang4hai3shi4_2_4_1995_S0,STOREY_19,1840,26
26°C,定容,shang4hai3shi4,2060 RCP 4.5,shang4hai3shi4_2_4_1995_S0,STOREY_0,1840,0
26°C,定容,shang4hai3shi4,2060 RCP 4.5,shang4hai3shi4_2_6_2015_S0,STOREY_1,1840,0
26°C,定容,shang4hai3shi4,2060 RCP 4.5,shang4hai3shi4_2_6_2015_S0,STOREY_2,1840,0
26°C,定容,shang4hai3shi4,2060 RCP 4.5,shang4hai3shi4_2_6_2015_S0,STOREY_3,1840,0
26°C,定容,shang4hai3shi4,2060 RCP 4.5,shang4hai3shi4_2_6_2015_S0,STOREY_4,1840,0
26°C,定容,shang4hai3shi4,2060 RCP 4.5,shang4hai3shi4_2_6_2015_S0,STOREY_5,1840,0
26°C,定容,shang4hai3shi4,2060 RCP 4.5,shang4hai3shi4_2_6_2015_S0,STOREY_6,1840,0
26°C,定容,shang4hai3shi4,2060 RCP 4.5,shang4hai3shi4_2_6_2015_S0,STOREY_7,1840,0
26°C,定容,shang4hai3shi4,2060 RCP 4.5,shang4hai3shi4_2_6_2015_S0,STOREY_8,1840,0
26°C,定容,shang4hai3shi4,2060 RCP 4.5,shang4hai3shi4_2_6_2015_S0,STOREY_9,1840,0
26°C,定容,shang4hai3shi4,2060 RCP 4.5,shang4hai3shi4_2_6_2015_S0,STOREY_10,1840,0
26°C,定容,shang4hai3shi4,2060 RCP 4.5,shang4hai3shi4_2_6_2015_S0,STOREY_11,1840,10
26°C,定容,shang4hai3shi4,2060 RCP 4.5,shang4hai3shi4_2_6_2015_S0,STOREY_0,1840,0
26°C,定容,shang4hai3shi4,2060 RCP 4.5,shang4hai3shi4_2_5_2005_S0,STOREY_1,1840,1
26°C,定容,shang4hai3shi4,2060 RCP 4.5,shang4hai3shi4_2_5_2005_S0,STOREY_2,1840,1
26°C,定容,shang4hai3shi4,2060 RCP 4.5,shang4hai3shi4_2_5_2005_S0,STOREY_3,1840,1
26°C,定容,shang4hai3shi4,2060 RCP 4.5,shang4hai3shi4_2_5_2005_S0,STOREY_4,1840,1
26°C,定容,shang4hai3shi4,2060 RCP 4.5,shang4hai3shi4_2_5_2005_S0,STOREY_5,1840,1
26°C,定容,shang4hai3shi4,2060 RCP 4.5,shang4hai3shi4_2_5_2005_S0,STOREY_6,1840,1
26°C,定容,shang4hai3shi4,2060 RCP 4.5,shang4hai3shi4_2_5_2005_S0,STOREY_7,1840,1
26°C,定容,shang4hai3shi4,2060 RCP 4.5,shang4hai3shi4_2_5_2005_S0,STOREY_8,1840,1
26°C,定容,shang4hai3shi4,2060 RCP 4.5,shang4hai3shi4_2_5_2005_S0,STOREY_9,1840,1
26°C,定容,shang4hai3shi4,2060 RCP 4.5,shang4hai3shi4_2_5_2005_S0,STOREY_10,1840,1
26°C,定容,shang4hai3shi4,2060 RCP 4.5,shang4hai3shi4_2_5_2005_S0,STOREY_11,1840,1
26°C,定容,shang4hai3shi4,2060 RCP 4.5,shang4hai3shi4_2_5_2005_S0,STOREY_12,1840,1
26°C,定容,shang4hai3shi4,2060 RCP 4.5,shang4hai3shi4_2_5_2005_S0,STOREY_13,1840,1
26°C,定容,shang4hai3shi4,2060 RCP 4.5,shang4hai3shi4_2_5_2005_S0,STOREY_14,1840,1
26°C,定容,shang4hai3shi4,2060 RCP 4.5,shang4hai3shi4_2_5_2005_S0,STOREY_15,1840,1
26°C,定容,shang4hai3shi4,2060 RCP 4.5,shang4hai3shi4_2_5_2005_S0,STOREY_16,1840,1
26°C,定容,shang4hai3shi4,2060 RCP 4.5,shang4hai3shi4_2_5_2005_S0,STOREY_17,1840,1
26°C,定容,shang4hai3shi4,2060 RCP 4.5,shang4hai3shi4_2_5_2005_S0,STOREY_18,1840,1
26°C,定容,shang4hai3shi4,2060 RCP 4.5,shang4hai3shi4_2_5_2005_S0,STOREY_19,1840,1
26°C,定容,shang4hai3shi4,2060 RCP 4.5,shang4hai3shi4_2_5_2005_S0,STOREY_20,1840,1
26°C,定容,shang4hai3shi4,2060 RCP 4.5,shang4hai3shi4_2_5_2005_S0,STOREY_21,1840,1
26°C,定容,shang4hai3shi4,2060 RCP 4.5,shang4hai3shi4_2_5_2005_S0,STOREY_22,1840,1
26°C,定容,shang4hai3shi4,2060 RCP 4.5,shang4hai3shi4_2_5_2005_S0,STOREY_23,1840,3
26°C,定容,shang4hai3shi4,2060 RCP 4.5,shang4hai3shi4_2_5_2005_S0,STOREY_24,1840,9
26°C,定容,shang4hai3shi4,2060 RCP 4.5,shang4hai3shi4_2_5_2005_S0,STOREY_0,1840,0
26°C,定容,shang4hai3shi4,2060 RCP 4.5,shang4hai3shi4_2_7_2005_S0,STOREY_1,1840,1
26°C,定容,shang4hai3shi4,2060 RCP 4.5,shang4hai3shi4_2_7_2005_S0,STOREY_2,1840,1
26°C,定容,shang4hai3shi4,2060 RCP 4.5,shang4hai3shi4_2_7_2005_S0,STOREY_3,1840,1
26°C,定容,shang4hai3shi4,2060 RCP 4.5,shang4hai3shi4_2_7_2005_S0,STOREY_4,1840,1
26°C,定容,shang4hai3shi4,2060 RCP 4.5,shang4hai3shi4_2_7_2005_S0,STOREY_5,1840,1
26°C,定容,shang4hai3shi4,2060 RCP 4.5,shang4hai3shi4_2_7_2005_S0,STOREY_6,1840,1
26°C,定容,shang4hai3shi4,2060 RCP 4.5,shang4hai3shi4_2_7_2005_S0,STOREY_7,1840,1
26°C,定容,shang4hai3shi4,2060 RCP 4.5,shang4hai3shi4_2_7_2005_S0,STOREY_8,1840,1
26°C,定容,shang4hai3shi4,2060 RCP 4.5,shang4hai3shi4_2_7_2005_S0,STOREY_9,1840,3
26°C,定容,shang4hai3shi4,2060 RCP 4.5,shang4hai3shi4_2_7_2005_S0,STOREY_10,1840,16
26°C,定容,shang4hai3shi4,2060 RCP 4.5,shang4hai3shi4_2_7_2005_S0,STOREY_0,1840,0
26°C,定容,shang4hai3shi4,2060 RCP 8.5,shang4hai3shi4_0_10_1980_S0,STOREY_1,1840,39
26°C,定容,shang4hai3shi4,2060 RCP 8.5,shang4hai3shi4_0_10_1980_S0,STOREY_2,1840,78
26°C,定容,shang4hai3shi4,2060 RCP 8.5,shang4hai3shi4_0_10_1980_S0,STOREY_0,1840,6
26°C,定容,shang4hai3shi4,2060 RCP 8.5,shang4hai3shi4_0_11_1980_S0,STOREY_1,1840,28
26°C,定容,shang4hai3shi4,2060 RCP 8.5,shang4hai3shi4_0_11_1980_S0,STOREY_2,1840,73
26°C,定容,shang4hai3shi4,2060 RCP 8.5,shang4hai3shi4_0_11_1980_S0,STOREY_0,1840,5
26°C,定容,shang4hai3shi4,2060 RCP 8.5,shang4hai3shi4_0_12_1995_S0,STOREY_1,1840,18
26°C,定容,shang4hai3shi4,2060 RCP 8.5,shang4hai3shi4_0_12_1995_S0,STOREY_2,1840,57
26°C,定容,shang4hai3shi4,2060 RCP 8.5,shang4hai3shi4_0_12_1995_S0,STOREY_0,1840,5
26°C,定容,shang4hai3shi4,2060 RCP 8.5,shang4hai3shi4_0_13_1980_S0,STOREY_1,1840,80
26°C,定容,shang4hai3shi4,2060 RCP 8.5,shang4hai3shi4_0_13_1980_S0,STOREY_0,1840,10
26°C,定容,shang4hai3shi4,2060 RCP 8.5,shang4hai3shi4_0_14_2005_S0,STOREY_1,1840,22
26°C,定容,shang4hai3shi4,2060 RCP 8.5,shang4hai3shi4_0_14_2005_S0,STOREY_2,1840,60
26°C,定容,shang4hai3shi4,2060 RCP 8.5,shang4hai3shi4_0_14_2005_S0,STOREY_0,1840,7
26°C,定容,shang4hai3shi4,2060 RCP 8.5,shang4hai3shi4_0_15_1995_S0,STOREY_1,1840,105
26°C,定容,shang4hai3shi4,2060 RCP 8.5,shang4hai3shi4_0_15_1995_S0,STOREY_2,1840,128
26°C,定容,shang4hai3shi4,2060 RCP 8.5,shang4hai3shi4_0_15_1995_S0,STOREY_0,1840,11
26°C,定容,shang4hai3shi4,2060 RCP 8.5,shang4hai3shi4_0_2_1995_S0,STOREY_0,1840,0
26°C,定容,shang4hai3shi4,2060 RCP 8.5,shang4hai3shi4_0_1_1980_S0,STOREY_1,1840,13
26°C,定容,shang4hai3shi4,2060 RCP 8.5,shang4hai3shi4_0_1_1980_S0,STOREY_2,1840,35
26°C,定容,shang4hai3shi4,2060 RCP 8.5,shang4hai3shi4_0_1_1980_S0,STOREY_0,1840,5
26°C,定容,shang4hai3shi4,2060 RCP 4.5,shang4hai3shi4_2_8_2005_S0,STOREY_1,1840,1
26°C,定容,shang4hai3shi4,2060 RCP 4.5,shang4hai3shi4_2_8_2005_S0,STOREY_2,1840,3
26°C,定容,shang4hai3shi4,2060 RCP 4.5,shang4hai3shi4_2_8_2005_S0,STOREY_3,1840,3
26°C,定容,shang4hai3shi4,2060 RCP 4.5,shang4hai3shi4_2_8_2005_S0,STOREY_4,1840,3
26°C,定容,shang4hai3shi4,2060 RCP 4.5,shang4hai3shi4_2_8_2005_S0,STOREY_5,1840,3
26°C,定容,shang4hai3shi4,2060 RCP 4.5,shang4hai3shi4_2_8_2005_S0,STOREY_6,1840,3
26°C,定容,shang4hai3shi4,2060 RCP 4.5,shang4hai3shi4_2_8_2005_S0,STOREY_7,1840,3
26°C,定容,shang4hai3shi4,2060 RCP 4.5,shang4hai3shi4_2_8_2005_S0,STOREY_8,1840,3
26°C,定容,shang4hai3shi4,2060 RCP 4.5,shang4hai3shi4_2_8_2005_S0,STOREY_9,1840,3
26°C,定容,shang4hai3shi4,2060 RCP 4.5,shang4hai3shi4_2_8_2005_S0,STOREY_10,1840,3
26°C,定容,shang4hai3shi4,2060 RCP 4.5,shang4hai3shi4_2_8_2005_S0,STOREY_11,1840,3
26°C,定容,shang4hai3shi4,2060 RCP 4.5,shang4hai3shi4_2_8_2005_S0,STOREY_12,1840,3
26°C,定容,shang4hai3shi4,2060 RCP 4.5,shang4hai3shi4_2_8_2005_S0,STOREY_13,1840,3
26°C,定容,shang4hai3shi4,2060 RCP 4.5,shang4hai3shi4_2_8_2005_S0,STOREY_14,1840,3
26°C,定容,shang4hai3shi4,2060 RCP 4.5,shang4hai3shi4_2_8_2005_S0,STOREY_15,1840,3
26°C,定容,shang4hai3shi4,2060 RCP 4.5,shang4hai3shi4_2_8_2005_S0,STOREY_16,1840,3
26°C,定容,shang4hai3shi4,2060 RCP 4.5,shang4hai3shi4_2_8_2005_S0,STOREY_17,1840,3
26°C,定容,shang4hai3shi4,2060 RCP 4.5,shang4hai3shi4_2_8_2005_S0,STOREY_18,1840,3
26°C,定容,shang4hai3shi4,2060 RCP 4.5,shang4hai3shi4_2_8_2005_S0,STOREY_19,1840,3
26°C,定容,shang4hai3shi4,2060 RCP 4.5,shang4hai3shi4_2_8_2005_S0,STOREY_20,1840,3
26°C,定容,shang4hai3shi4,2060 RCP 4.5,shang4hai3shi4_2_8_2005_S0,STOREY_21,1840,12
26°C,定容,shang4hai3shi4,2060 RCP 4.5,shang4hai3shi4_2_8_2005_S0,STOREY_0,1840,0
26°C,定容,shang4hai3shi4,2060 RCP 4.5,shang4hai3shi4_2_9_2005_S0,STOREY_1,1840,1
26°C,定容,shang4hai3shi4,2060 RCP 4.5,shang4hai3shi4_2_9_2005_S0,STOREY_2,1840,1
26°C,定容,shang4hai3shi4,2060 RCP 4.5,shang4hai3shi4_2_9_2005_S0,STOREY_3,1840,1
26°C,定容,shang4hai3shi4,2060 RCP 4.5,shang4hai3shi4_2_9_2005_S0,STOREY_4,1840,1
26°C,定容,shang4hai3shi4,2060 RCP 4.5,shang4hai3shi4_2_9_2005_S0,STOREY_5,1840,1
26°C,定容,shang4hai3shi4,2060 RCP 4.5,shang4hai3shi4_2_9_2005_S0,STOREY_6,1840,1
26°C,定容,shang4hai3shi4,2060 RCP 4.5,shang4hai3shi4_2_9_2005_S0,STOREY_7,1840,1
26°C,定容,shang4hai3shi4,2060 RCP 4.5,shang4hai3shi4_2_9_2005_S0,STOREY_8,1840,1
26°C,定容,shang4hai3shi4,2060 RCP 4.5,shang4hai3shi4_2_9_2005_S0,STOREY_9,1840,1
26°C,定容,shang4hai3shi4,2060 RCP 4.5,shang4hai3shi4_2_9_2005_S0,STOREY_10,1840,1
26°C,定容,shang4hai3shi4,2060 RCP 4.5,shang4hai3shi4_2_9_2005_S0,STOREY_11,1840,1
26°C,定容,shang4hai3shi4,2060 RCP 4.5,shang4hai3shi4_2_9_2005_S0,STOREY_12,1840,1
26°C,定容,shang4hai3shi4,2060 RCP 4.5,shang4hai3shi4_2_9_2005_S0,STOREY_13,1840,1
26°C,定容,shang4hai3shi4,2060 RCP 4.5,shang4hai3shi4_2_9_2005_S0,STOREY_14,1840,1
26°C,定容,shang4hai3shi4,2060 RCP 4.5,shang4hai3shi4_2_9_2005_S0,STOREY_15,1840,1
26°C,定容,shang4hai3shi4,2060 RCP 4.5,shang4hai3shi4_2_9_2005_S0,STOREY_16,1840,1
26°C,定容,shang4hai3shi4,2060 RCP 4.5,shang4hai3shi4_2_9_2005_S0,STOREY_17,1840,1
26°C,定容,shang4hai3shi4,2060 RCP 4.5,shang4hai3shi4_2_9_2005_S0,STOREY_18,1840,1
26°C,定容,shang4hai3shi4,2060 RCP 4.5,shang4hai3shi4_2_9_2005_S0,STOREY_19,1840,2
26°C,定容,shang4hai3shi4,2060 RCP 4.5,shang4hai3shi4_2_9_2005_S0,STOREY_20,1840,9
26°C,定容,shang4hai3shi4,2060 RCP 4.5,shang4hai3shi4_2_9_2005_S0,STOREY_0,1840,0
26°C,定容,shang4hai3shi4,2060 RCP 8.5,shang4hai3shi4_0_3_1980_S0,STOREY_1,1840,55
26°C,定容,shang4hai3shi4,2060 RCP 8.5,shang4hai3shi4_0_3_1980_S0,STOREY_2,1840,87
26°C,定容,shang4hai3shi4,2060 RCP 8.5,shang4hai3shi4_0_3_1980_S0,STOREY_0,1840,7
26°C,定容,shang4hai3shi4,2060 RCP 8.5,shang4hai3shi4_0_4_1980_S0,STOREY_1,1840,161
26°C,定容,shang4hai3shi4,2060 RCP 8.5,shang4hai3shi4_0_4_1980_S0,STOREY_2,1840,144
26°C,定容,shang4hai3shi4,2060 RCP 8.5,shang4hai3shi4_0_4_1980_S0,STOREY_0,1840,23
26°C,定容,shang4hai3shi4,2060 RCP 8.5,shang4hai3shi4_0_5_1980_S0,STOREY_1,1840,53
26°C,定容,shang4hai3shi4,2060 RCP 8.5,shang4hai3shi4_0_5_1980_S0,STOREY_0,1840,11
26°C,定容,shang4hai3shi4,2060 RCP 8.5,shang4hai3shi4_0_6_1980_S0,STOREY_1,1840,38
26°C,定容,shang4hai3shi4,2060 RCP 8.5,shang4hai3shi4_0_6_1980_S0,STOREY_2,1840,78
26°C,定容,shang4hai3shi4,2060 RCP 8.5,shang4hai3shi4_0_6_1980_S0,STOREY_0,1840,5
26°C,定容,shang4hai3shi4,2060 RCP 8.5,shang4hai3shi4_0_7_1995_S0,STOREY_1,1840,118
26°C,定容,shang4hai3shi4,2060 RCP 8.5,shang4hai3shi4_0_7_1995_S0,STOREY_2,1840,140
26°C,定容,shang4hai3shi4,2060 RCP 8.5,shang4hai3shi4_0_7_1995_S0,STOREY_0,1840,29
26°C,定容,shang4hai3shi4,2060 RCP 8.5,shang4hai3shi4_0_8_1980_S0,STOREY_1,1840,124
26°C,定容,shang4hai3shi4,2060 RCP 8.5,shang4hai3shi4_0_8_1980_S0,STOREY_2,1840,122
26°C,定容,shang4hai3shi4,2060 RCP 8.5,shang4hai3shi4_0_8_1980_S0,STOREY_0,1840,7
26°C,定容,shang4hai3shi4,2060 RCP 8.5,shang4hai3shi4_0_9_1995_S0,STOREY_1,1840,26
26°C,定容,shang4hai3shi4,2060 RCP 8.5,shang4hai3shi4_0_9_1995_S0,STOREY_2,1840,76
26°C,定容,shang4hai3shi4,2060 RCP 8.5,shang4hai3shi4_0_9_1995_S0,STOREY_0,1840,7
26°C,定容,shang4hai3shi4,2060 RCP 8.5,shang4hai3shi4_1_10_1995_S0,STOREY_1,1840,18
26°C,定容,shang4hai3shi4,2060 RCP 8.5,shang4hai3shi4_1_10_1995_S0,STOREY_2,1840,19
26°C,定容,shang4hai3shi4,2060 RCP 8.5,shang4hai3shi4_1_10_1995_S0,STOREY_3,1840,19
26°C,定容,shang4hai3shi4,2060 RCP 8.5,shang4hai3shi4_1_10_1995_S0,STOREY_4,1840,22
26°C,定容,shang4hai3shi4,2060 RCP 8.5,shang4hai3shi4_1_10_1995_S0,STOREY_5,1840,52
26°C,定容,shang4hai3shi4,2060 RCP 8.5,shang4hai3shi4_1_10_1995_S0,STOREY_0,1840,10
26°C,定容,shang4hai3shi4,2060 RCP 8.5,shang4hai3shi4_1_13_2005_S0,STOREY_1,1840,14
26°C,定容,shang4hai3shi4,2060 RCP 8.5,shang4hai3shi4_1_13_2005_S0,STOREY_2,1840,14
26°C,定容,shang4hai3shi4,2060 RCP 8.5,shang4hai3shi4_1_13_2005_S0,STOREY_3,1840,17
26°C,定容,shang4hai3shi4,2060 RCP 8.5,shang4hai3shi4_1_13_2005_S0,STOREY_4,1840,42
26°C,定容,shang4hai3shi4,2060 RCP 8.5,shang4hai3shi4_1_13_2005_S0,STOREY_0,1840,8
26°C,定容,shang4hai3shi4,2060 RCP 8.5,shang4hai3shi4_1_11_1995_S0,STOREY_1,1840,18
26°C,定容,shang4hai3shi4,2060 RCP 8.5,shang4hai3shi4_1_11_1995_S0,STOREY_2,1840,20
26°C,定容,shang4hai3shi4,2060 RCP 8.5,shang4hai3shi4_1_11_1995_S0,STOREY_3,1840,20
26°C,定容,shang4hai3shi4,2060 RCP 8.5,shang4hai3shi4_1_11_1995_S0,STOREY_4,1840,25
26°C,定容,shang4hai3shi4,2060 RCP 8.5,shang4hai3shi4_1_11_1995_S0,STOREY_5,1840,68
26°C,定容,shang4hai3shi4,2060 RCP 8.5,shang4hai3shi4_1_11_1995_S0,STOREY_0,1840,7
26°C,定容,shang4hai3shi4,2060 RCP 8.5,shang4hai3shi4_1_12_2005_S0,STOREY_1,1840,14
26°C,定容,shang4hai3shi4,2060 RCP 8.5,shang4hai3shi4_1_12_2005_S0,STOREY_2,1840,14
26°C,定容,shang4hai3shi4,2060 RCP 8.5,shang4hai3shi4_1_12_2005_S0,STOREY_3,1840,15
26°C,定容,shang4hai3shi4,2060 RCP 8.5,shang4hai3shi4_1_12_2005_S0,STOREY_4,1840,17
26°C,定容,shang4hai3shi4,2060 RCP 8.5,shang4hai3shi4_1_12_2005_S0,STOREY_5,1840,44
26°C,定容,shang4hai3shi4,2060 RCP 8.5,shang4hai3shi4_1_12_2005_S0,STOREY_0,1840,8
26°C,定容,shang4hai3shi4,2060 RCP 8.5,shang4hai3shi4_1_15_2005_S0,STOREY_1,1840,13
26°C,定容,shang4hai3shi4,2060 RCP 8.5,shang4hai3shi4_1_15_2005_S0,STOREY_2,1840,13
26°C,定容,shang4hai3shi4,2060 RCP 8.5,shang4hai3shi4_1_15_2005_S0,STOREY_3,1840,14
26°C,定容,shang4hai3shi4,2060 RCP 8.5,shang4hai3shi4_1_15_2005_S0,STOREY_4,1840,17
26°C,定容,shang4hai3shi4,2060 RCP 8.5,shang4hai3shi4_1_15_2005_S0,STOREY_5,1840,45
26°C,定容,shang4hai3shi4,2060 RCP 8.5,shang4hai3shi4_1_15_2005_S0,STOREY_0,1840,7
26°C,定容,shang4hai3shi4,2060 RCP 8.5,shang4hai3shi4_1_1_1995_S0,STOREY_1,1840,19
26°C,定容,shang4hai3shi4,2060 RCP 8.5,shang4hai3shi4_1_1_1995_S0,STOREY_2,1840,20
26°C,定容,shang4hai3shi4,2060 RCP 8.5,shang4hai3shi4_1_1_1995_S0,STOREY_3,1840,20
26°C,定容,shang4hai3shi4,2060 RCP 8.5,shang4hai3shi4_1_1_1995_S0,STOREY_4,1840,24
26°C,定容,shang4hai3shi4,2060 RCP 8.5,shang4hai3shi4_1_1_1995_S0,STOREY_5,1840,69
26°C,定容,shang4hai3shi4,2060 RCP 8.5,shang4hai3shi4_1_1_1995_S0,STOREY_0,1840,7
26°C,定容,shang4hai3shi4,2060 RCP 8.5,shang4hai3shi4_1_2_1980_S0,STOREY_1,1840,25
26°C,定容,shang4hai3shi4,2060 RCP 8.5,shang4hai3shi4_1_2_1980_S0,STOREY_2,1840,30
26°C,定容,shang4hai3shi4,2060 RCP 8.5,shang4hai3shi4_1_2_1980_S0,STOREY_3,1840,30
26°C,定容,shang4hai3shi4,2060 RCP 8.5,shang4hai3shi4_1_2_1980_S0,STOREY_4,1840,46
26°C,定容,shang4hai3shi4,2060 RCP 8.5,shang4hai3shi4_1_2_1980_S0,STOREY_5,1840,65
26°C,定容,shang4hai3shi4,2060 RCP 8.5,shang4hai3shi4_1_2_1980_S0,STOREY_0,1840,6
26°C,定容,shang4hai3shi4,2060 RCP 8.5,shang4hai3shi4_1_14_1995_S0,STOREY_1,1840,19
26°C,定容,shang4hai3shi4,2060 RCP 8.5,shang4hai3shi4_1_14_1995_S0,STOREY_2,1840,19
26°C,定容,shang4hai3shi4,2060 RCP 8.5,shang4hai3shi4_1_14_1995_S0,STOREY_3,1840,19
26°C,定容,shang4hai3shi4,2060 RCP 8.5,shang4hai3shi4_1_14_1995_S0,STOREY_4,1840,19
26°C,定容,shang4hai3shi4,2060 RCP 8.5,shang4hai3shi4_1_14_1995_S0,STOREY_5,1840,19
26°C,定容,shang4hai3shi4,2060 RCP 8.5,shang4hai3shi4_1_14_1995_S0,STOREY_6,1840,19
26°C,定容,shang4hai3shi4,2060 RCP 8.5,shang4hai3shi4_1_14_1995_S0,STOREY_7,1840,19
26°C,定容,shang4hai3shi4,2060 RCP 8.5,shang4hai3shi4_1_14_1995_S0,STOREY_8,1840,23
26°C,定容,shang4hai3shi4,2060 RCP 8.5,shang4hai3shi4_1_14_1995_S0,STOREY_9,1840,61
26°C,定容,shang4hai3shi4,2060 RCP 8.5,shang4hai3shi4_1_14_1995_S0,STOREY_0,1840,7
26°C,定容,shang4hai3shi4,2060 RCP 8.5,shang4hai3shi4_1_3_1995_S0,STOREY_1,1840,10
26°C,定容,shang4hai3shi4,2060 RCP 8.5,shang4hai3shi4_1_3_1995_S0,STOREY_2,1840,11
26°C,定容,shang4hai3shi4,2060 RCP 8.5,shang4hai3shi4_1_3_1995_S0,STOREY_3,1840,11
26°C,定容,shang4hai3shi4,2060 RCP 8.5,shang4hai3shi4_1_3_1995_S0,STOREY_4,1840,14
26°C,定容,shang4hai3shi4,2060 RCP 8.5,shang4hai3shi4_1_3_1995_S0,STOREY_5,1840,47
26°C,定容,shang4hai3shi4,2060 RCP 8.5,shang4hai3shi4_1_3_1995_S0,STOREY_0,1840,5
26°C,定容,shang4hai3shi4,2060 RCP 8.5,shang4hai3shi4_1_4_2005_S0,STOREY_1,1840,14
26°C,定容,shang4hai3shi4,2060 RCP 8.5,shang4hai3shi4_1_4_2005_S0,STOREY_2,1840,14
26°C,定容,shang4hai3shi4,2060 RCP 8.5,shang4hai3shi4_1_4_2005_S0,STOREY_3,1840,14
26°C,定容,shang4hai3shi4,2060 RCP 8.5,shang4hai3shi4_1_4_2005_S0,STOREY_4,1840,18
26°C,定容,shang4hai3shi4,2060 RCP 8.5,shang4hai3shi4_1_4_2005_S0,STOREY_5,1840,41
26°C,定容,shang4hai3shi4,2060 RCP 8.5,shang4hai3shi4_1_4_2005_S0,STOREY_0,1840,7
26°C,定容,shang4hai3shi4,2060 RCP 8.5,shang4hai3shi4_1_5_2005_S0,STOREY_1,1840,17
26°C,定容,shang4hai3shi4,2060 RCP 8.5,shang4hai3shi4_1_5_2005_S0,STOREY_2,1840,18
26°C,定容,shang4hai3shi4,2060 RCP 8.5,shang4hai3shi4_1_5_2005_S0,STOREY_3,1840,18
26°C,定容,shang4hai3shi4,2060 RCP 8.5,shang4hai3shi4_1_5_2005_S0,STOREY_4,1840,20
26°C,定容,shang4hai3shi4,2060 RCP 8.5,shang4hai3shi4_1_5_2005_S0,STOREY_5,1840,56
26°C,定容,shang4hai3shi4,2060 RCP 8.5,shang4hai3shi4_1_5_2005_S0,STOREY_0,1840,7
26°C,定容,shang4hai3shi4,2060 RCP 8.5,shang4hai3shi4_1_6_2005_S0,STOREY_1,1840,15
26°C,定容,shang4hai3shi4,2060 RCP 8.5,shang4hai3shi4_1_6_2005_S0,STOREY_2,1840,15
26°C,定容,shang4hai3shi4,2060 RCP 8.5,shang4hai3shi4_1_6_2005_S0,STOREY_3,1840,16
26°C,定容,shang4hai3shi4,2060 RCP 8.5,shang4hai3shi4_1_6_2005_S0,STOREY_4,1840,19
26°C,定容,shang4hai3shi4,2060 RCP 8.5,shang4hai3shi4_1_6_2005_S0,STOREY_5,1840,46
26°C,定容,shang4hai3shi4,2060 RCP 8.5,shang4hai3shi4_1_6_2005_S0,STOREY_0,1840,7
26°C,定容,shang4hai3shi4,2060 RCP 8.5,shang4hai3shi4_1_7_1995_S0,STOREY_1,1840,23
26°C,定容,shang4hai3shi4,2060 RCP 8.5,shang4hai3shi4_1_7_1995_S0,STOREY_2,1840,24
26°C,定容,shang4hai3shi4,2060 RCP 8.5,shang4hai3shi4_1_7_1995_S0,STOREY_3,1840,30
26°C,定容,shang4hai3shi4,2060 RCP 8.5,shang4hai3shi4_1_7_1995_S0,STOREY_4,1840,79
26°C,定容,shang4hai3shi4,2060 RCP 8.5,shang4hai3shi4_1_7_1995_S0,STOREY_0,1840,7
26°C,定容,shang4hai3shi4,2060 RCP 8.5,shang4hai3shi4_1_8_1995_S0,STOREY_1,1840,36
26°C,定容,shang4hai3shi4,2060 RCP 8.5,shang4hai3shi4_1_8_1995_S0,STOREY_2,1840,36
26°C,定容,shang4hai3shi4,2060 RCP 8.5,shang4hai3shi4_1_8_1995_S0,STOREY_3,1840,36
26°C,定容,shang4hai3shi4,2060 RCP 8.5,shang4hai3shi4_1_8_1995_S0,STOREY_4,1840,48
26°C,定容,shang4hai3shi4,2060 RCP 8.5,shang4hai3shi4_1_8_1995_S0,STOREY_5,1840,88
26°C,定容,shang4hai3shi4,2060 RCP 8.5,shang4hai3shi4_1_8_1995_S0,STOREY_0,1840,6
26°C,定容,shang4hai3shi4,2060 RCP 8.5,shang4hai3shi4_1_9_1980_S0,STOREY_1,1840,14
26°C,定容,shang4hai3shi4,2060 RCP 8.5,shang4hai3shi4_1_9_1980_S0,STOREY_2,1840,15
26°C,定容,shang4hai3shi4,2060 RCP 8.5,shang4hai3shi4_1_9_1980_S0,STOREY_3,1840,16
26°C,定容,shang4hai3shi4,2060 RCP 8.5,shang4hai3shi4_1_9_1980_S0,STOREY_4,1840,24
26°C,定容,shang4hai3shi4,2060 RCP 8.5,shang4hai3shi4_1_9_1980_S0,STOREY_5,1840,52
26°C,定容,shang4hai3shi4,2060 RCP 8.5,shang4hai3shi4_1_9_1980_S0,STOREY_0,1840,4
26°C,定容,shang4hai3shi4,2060 RCP 8.5,shang4hai3shi4_2_11_2005_S0,STOREY_1,1840,14
26°C,定容,shang4hai3shi4,2060 RCP 8.5,shang4hai3shi4_2_11_2005_S0,STOREY_2,1840,15
26°C,定容,shang4hai3shi4,2060 RCP 8.5,shang4hai3shi4_2_11_2005_S0,STOREY_3,1840,15
26°C,定容,shang4hai3shi4,2060 RCP 8.5,shang4hai3shi4_2_11_2005_S0,STOREY_4,1840,15
26°C,定容,shang4hai3shi4,2060 RCP 8.5,shang4hai3shi4_2_11_2005_S0,STOREY_5,1840,15
26°C,定容,shang4hai3shi4,2060 RCP 8.5,shang4hai3shi4_2_11_2005_S0,STOREY_6,1840,15
26°C,定容,shang4hai3shi4,2060 RCP 8.5,shang4hai3shi4_2_11_2005_S0,STOREY_7,1840,15
26°C,定容,shang4hai3shi4,2060 RCP 8.5,shang4hai3shi4_2_11_2005_S0,STOREY_8,1840,15
26°C,定容,shang4hai3shi4,2060 RCP 8.5,shang4hai3shi4_2_11_2005_S0,STOREY_9,1840,16
26°C,定容,shang4hai3shi4,2060 RCP 8.5,shang4hai3shi4_2_11_2005_S0,STOREY_10,1840,17
26°C,定容,shang4hai3shi4,2060 RCP 8.5,shang4hai3shi4_2_11_2005_S0,STOREY_11,1840,38
26°C,定容,shang4hai3shi4,2060 RCP 8.5,shang4hai3shi4_2_11_2005_S0,STOREY_0,1840,8
26°C,定容,shang4hai3shi4,2060 RCP 8.5,shang4hai3shi4_2_10_1995_S0,STOREY_1,1840,17
26°C,定容,shang4hai3shi4,2060 RCP 8.5,shang4hai3shi4_2_10_1995_S0,STOREY_2,1840,18
26°C,定容,shang4hai3shi4,2060 RCP 8.5,shang4hai3shi4_2_10_1995_S0,STOREY_3,1840,18
26°C,定容,shang4hai3shi4,2060 RCP 8.5,shang4hai3shi4_2_10_1995_S0,STOREY_4,1840,18
26°C,定容,shang4hai3shi4,2060 RCP 8.5,shang4hai3shi4_2_10_1995_S0,STOREY_5,1840,18
26°C,定容,shang4hai3shi4,2060 RCP 8.5,shang4hai3shi4_2_10_1995_S0,STOREY_6,1840,18
26°C,定容,shang4hai3shi4,2060 RCP 8.5,shang4hai3shi4_2_10_1995_S0,STOREY_7,1840,17
26°C,定容,shang4hai3shi4,2060 RCP 8.5,shang4hai3shi4_2_10_1995_S0,STOREY_8,1840,17
26°C,定容,shang4hai3shi4,2060 RCP 8.5,shang4hai3shi4_2_10_1995_S0,STOREY_9,1840,17
26°C,定容,shang4hai3shi4,2060 RCP 8.5,shang4hai3shi4_2_10_1995_S0,STOREY_10,1840,17
26°C,定容,shang4hai3shi4,2060 RCP 8.5,shang4hai3shi4_2_10_1995_S0,STOREY_11,1840,17
26°C,定容,shang4hai3shi4,2060 RCP 8.5,shang4hai3shi4_2_10_1995_S0,STOREY_12,1840,17
26°C,定容,shang4hai3shi4,2060 RCP 8.5,shang4hai3shi4_2_10_1995_S0,STOREY_13,1840,17
26°C,定容,shang4hai3shi4,2060 RCP 8.5,shang4hai3shi4_2_10_1995_S0,STOREY_14,1840,21
26°C,定容,shang4hai3shi4,2060 RCP 8.5,shang4hai3shi4_2_10_1995_S0,STOREY_15,1840,46
26°C,定容,shang4hai3shi4,2060 RCP 8.5,shang4hai3shi4_2_10_1995_S0,STOREY_0,1840,8
26°C,定容,shang4hai3shi4,2060 RCP 8.5,shang4hai3shi4_2_12_2005_S0,STOREY_1,1840,14
26°C,定容,shang4hai3shi4,2060 RCP 8.5,shang4hai3shi4_2_12_2005_S0,STOREY_2,1840,14
26°C,定容,shang4hai3shi4,2060 RCP 8.5,shang4hai3shi4_2_12_2005_S0,STOREY_3,1840,14
26°C,定容,shang4hai3shi4,2060 RCP 8.5,shang4hai3shi4_2_12_2005_S0,STOREY_4,1840,14
26°C,定容,shang4hai3shi4,2060 RCP 8.5,shang4hai3shi4_2_12_2005_S0,STOREY_5,1840,14
26°C,定容,shang4hai3shi4,2060 RCP 8.5,shang4hai3shi4_2_12_2005_S0,STOREY_6,1840,14
26°C,定容,shang4hai3shi4,2060 RCP 8.5,shang4hai3shi4_2_12_2005_S0,STOREY_7,1840,14
26°C,定容,shang4hai3shi4,2060 RCP 8.5,shang4hai3shi4_2_12_2005_S0,STOREY_8,1840,14
26°C,定容,shang4hai3shi4,2060 RCP 8.5,shang4hai3shi4_2_12_2005_S0,STOREY_9,1840,14
26°C,定容,shang4hai3shi4,2060 RCP 8.5,shang4hai3shi4_2_12_2005_S0,STOREY_10,1840,14
26°C,定容,shang4hai3shi4,2060 RCP 8.5,shang4hai3shi4_2_12_2005_S0,STOREY_11,1840,14
26°C,定容,shang4hai3shi4,2060 RCP 8.5,shang4hai3shi4_2_12_2005_S0,STOREY_12,1840,18
26°C,定容,shang4hai3shi4,2060 RCP 8.5,shang4hai3shi4_2_12_2005_S0,STOREY_13,1840,30
26°C,定容,shang4hai3shi4,2060 RCP 8.5,shang4hai3shi4_2_12_2005_S0,STOREY_0,1840,8
26°C,定容,shang4hai3shi4,2060 RCP 8.5,shang4hai3shi4_2_15_2005_S0,STOREY_1,1840,15
26°C,定容,shang4hai3shi4,2060 RCP 8.5,shang4hai3shi4_2_15_2005_S0,STOREY_2,1840,16
26°C,定容,shang4hai3shi4,2060 RCP 8.5,shang4hai3shi4_2_15_2005_S0,STOREY_3,1840,16
26°C,定容,shang4hai3shi4,2060 RCP 8.5,shang4hai3shi4_2_15_2005_S0,STOREY_4,1840,16
26°C,定容,shang4hai3shi4,2060 RCP 8.5,shang4hai3shi4_2_15_2005_S0,STOREY_5,1840,17
26°C,定容,shang4hai3shi4,2060 RCP 8.5,shang4hai3shi4_2_15_2005_S0,STOREY_6,1840,17
26°C,定容,shang4hai3shi4,2060 RCP 8.5,shang4hai3shi4_2_15_2005_S0,STOREY_7,1840,17
26°C,定容,shang4hai3shi4,2060 RCP 8.5,shang4hai3shi4_2_15_2005_S0,STOREY_8,1840,17
26°C,定容,shang4hai3shi4,2060 RCP 8.5,shang4hai3shi4_2_15_2005_S0,STOREY_9,1840,17
26°C,定容,shang4hai3shi4,2060 RCP 8.5,shang4hai3shi4_2_15_2005_S0,STOREY_10,1840,17
26°C,定容,shang4hai3shi4,2060 RCP 8.5,shang4hai3shi4_2_15_2005_S0,STOREY_11,1840,18
26°C,定容,shang4hai3shi4,2060 RCP 8.5,shang4hai3shi4_2_15_2005_S0,STOREY_12,1840,49
26°C,定容,shang4hai3shi4,2060 RCP 8.5,shang4hai3shi4_2_15_2005_S0,STOREY_0,1840,6
26°C,定容,shang4hai3shi4,2060 RCP 8.5,shang4hai3shi4_2_13_2005_S0,STOREY_1,1840,16
26°C,定容,shang4hai3shi4,2060 RCP 8.5,shang4hai3shi4_2_13_2005_S0,STOREY_2,1840,17
26°C,定容,shang4hai3shi4,2060 RCP 8.5,shang4hai3shi4_2_13_2005_S0,STOREY_3,1840,17
26°C,定容,shang4hai3shi4,2060 RCP 8.5,shang4hai3shi4_2_13_2005_S0,STOREY_4,1840,17
26°C,定容,shang4hai3shi4,2060 RCP 8.5,shang4hai3shi4_2_13_2005_S0,STOREY_5,1840,17
26°C,定容,shang4hai3shi4,2060 RCP 8.5,shang4hai3shi4_2_13_2005_S0,STOREY_6,1840,17
26°C,定容,shang4hai3shi4,2060 RCP 8.5,shang4hai3shi4_2_13_2005_S0,STOREY_7,1840,17
26°C,定容,shang4hai3shi4,2060 RCP 8.5,shang4hai3shi4_2_13_2005_S0,STOREY_8,1840,17
26°C,定容,shang4hai3shi4,2060 RCP 8.5,shang4hai3shi4_2_13_2005_S0,STOREY_9,1840,17
26°C,定容,shang4hai3shi4,2060 RCP 8.5,shang4hai3shi4_2_13_2005_S0,STOREY_10,1840,17
26°C,定容,shang4hai3shi4,2060 RCP 8.5,shang4hai3shi4_2_13_2005_S0,STOREY_11,1840,17
26°C,定容,shang4hai3shi4,2060 RCP 8.5,shang4hai3shi4_2_13_2005_S0,STOREY_12,1840,17
26°C,定容,shang4hai3shi4,2060 RCP 8.5,shang4hai3shi4_2_13_2005_S0,STOREY_13,1840,17
26°C,定容,shang4hai3shi4,2060 RCP 8.5,shang4hai3shi4_2_13_2005_S0,STOREY_14,1840,17
26°C,定容,shang4hai3shi4,2060 RCP 8.5,shang4hai3shi4_2_13_2005_S0,STOREY_15,1840,17
26°C,定容,shang4hai3shi4,2060 RCP 8.5,shang4hai3shi4_2_13_2005_S0,STOREY_16,1840,17
26°C,定容,shang4hai3shi4,2060 RCP 8.5,shang4hai3shi4_2_13_2005_S0,STOREY_17,1840,17
26°C,定容,shang4hai3shi4,2060 RCP 8.5,shang4hai3shi4_2_13_2005_S0,STOREY_18,1840,17
26°C,定容,shang4hai3shi4,2060 RCP 8.5,shang4hai3shi4_2_13_2005_S0,STOREY_19,1840,17
26°C,定容,shang4hai3shi4,2060 RCP 8.5,shang4hai3shi4_2_13_2005_S0,STOREY_20,1840,17
26°C,定容,shang4hai3shi4,2060 RCP 8.5,shang4hai3shi4_2_13_2005_S0,STOREY_21,1840,17
26°C,定容,shang4hai3shi4,2060 RCP 8.5,shang4hai3shi4_2_13_2005_S0,STOREY_22,1840,17
26°C,定容,shang4hai3shi4,2060 RCP 8.5,shang4hai3shi4_2_13_2005_S0,STOREY_23,1840,17
26°C,定容,shang4hai3shi4,2060 RCP 8.5,shang4hai3shi4_2_13_2005_S0,STOREY_24,1840,17
26°C,定容,shang4hai3shi4,2060 RCP 8.5,shang4hai3shi4_2_13_2005_S0,STOREY_25,1840,17
26°C,定容,shang4hai3shi4,2060 RCP 8.5,shang4hai3shi4_2_13_2005_S0,STOREY_26,1840,19
26°C,定容,shang4hai3shi4,2060 RCP 8.5,shang4hai3shi4_2_13_2005_S0,STOREY_27,1840,39
26°C,定容,shang4hai3shi4,2060 RCP 8.5,shang4hai3shi4_2_13_2005_S0,STOREY_0,1840,7
26°C,定容,shang4hai3shi4,2060 RCP 8.5,shang4hai3shi4_2_14_2015_S0,STOREY_1,1840,3
26°C,定容,shang4hai3shi4,2060 RCP 8.5,shang4hai3shi4_2_14_2015_S0,STOREY_2,1840,4
26°C,定容,shang4hai3shi4,2060 RCP 8.5,shang4hai3shi4_2_14_2015_S0,STOREY_3,1840,4
26°C,定容,shang4hai3shi4,2060 RCP 8.5,shang4hai3shi4_2_14_2015_S0,STOREY_4,1840,4
26°C,定容,shang4hai3shi4,2060 RCP 8.5,shang4hai3shi4_2_14_2015_S0,STOREY_5,1840,4
26°C,定容,shang4hai3shi4,2060 RCP 8.5,shang4hai3shi4_2_14_2015_S0,STOREY_6,1840,4
26°C,定容,shang4hai3shi4,2060 RCP 8.5,shang4hai3shi4_2_14_2015_S0,STOREY_7,1840,4
26°C,定容,shang4hai3shi4,2060 RCP 8.5,shang4hai3shi4_2_14_2015_S0,STOREY_8,1840,4
26°C,定容,shang4hai3shi4,2060 RCP 8.5,shang4hai3shi4_2_14_2015_S0,STOREY_9,1840,4
26°C,定容,shang4hai3shi4,2060 RCP 8.5,shang4hai3shi4_2_14_2015_S0,STOREY_10,1840,4
26°C,定容,shang4hai3shi4,2060 RCP 8.5,shang4hai3shi4_2_14_2015_S0,STOREY_11,1840,4
26°C,定容,shang4hai3shi4,2060 RCP 8.5,shang4hai3shi4_2_14_2015_S0,STOREY_12,1840,4
26°C,定容,shang4hai3shi4,2060 RCP 8.5,shang4hai3shi4_2_14_2015_S0,STOREY_13,1840,4
26°C,定容,shang4hai3shi4,2060 RCP 8.5,shang4hai3shi4_2_14_2015_S0,STOREY_14,1840,4
26°C,定容,shang4hai3shi4,2060 RCP 8.5,shang4hai3shi4_2_14_2015_S0,STOREY_15,1840,4
26°C,定容,shang4hai3shi4,2060 RCP 8.5,shang4hai3shi4_2_14_2015_S0,STOREY_16,1840,4
26°C,定容,shang4hai3shi4,2060 RCP 8.5,shang4hai3shi4_2_14_2015_S0,STOREY_17,1840,18
26°C,定容,shang4hai3shi4,2060 RCP 8.5,shang4hai3shi4_2_14_2015_S0,STOREY_0,1840,0
26°C,定容,shang4hai3shi4,2060 RCP 8.5,shang4hai3shi4_2_1_2005_S0,STOREY_1,1840,14
26°C,定容,shang4hai3shi4,2060 RCP 8.5,shang4hai3shi4_2_1_2005_S0,STOREY_2,1840,14
26°C,定容,shang4hai3shi4,2060 RCP 8.5,shang4hai3shi4_2_1_2005_S0,STOREY_3,1840,14
26°C,定容,shang4hai3shi4,2060 RCP 8.5,shang4hai3shi4_2_1_2005_S0,STOREY_4,1840,14
26°C,定容,shang4hai3shi4,2060 RCP 8.5,shang4hai3shi4_2_1_2005_S0,STOREY_5,1840,14
26°C,定容,shang4hai3shi4,2060 RCP 8.5,shang4hai3shi4_2_1_2005_S0,STOREY_6,1840,14
26°C,定容,shang4hai3shi4,2060 RCP 8.5,shang4hai3shi4_2_1_2005_S0,STOREY_7,1840,14
26°C,定容,shang4hai3shi4,2060 RCP 8.5,shang4hai3shi4_2_1_2005_S0,STOREY_8,1840,14
26°C,定容,shang4hai3shi4,2060 RCP 8.5,shang4hai3shi4_2_1_2005_S0,STOREY_9,1840,14
26°C,定容,shang4hai3shi4,2060 RCP 8.5,shang4hai3shi4_2_1_2005_S0,STOREY_10,1840,14
26°C,定容,shang4hai3shi4,2060 RCP 8.5,shang4hai3shi4_2_1_2005_S0,STOREY_11,1840,14
26°C,定容,shang4hai3shi4,2060 RCP 8.5,shang4hai3shi4_2_1_2005_S0,STOREY_12,1840,14
26°C,定容,shang4hai3shi4,2060 RCP 8.5,shang4hai3shi4_2_1_2005_S0,STOREY_13,1840,15
26°C,定容,shang4hai3shi4,2060 RCP 8.5,shang4hai3shi4_2_1_2005_S0,STOREY_14,1840,18
26°C,定容,shang4hai3shi4,2060 RCP 8.5,shang4hai3shi4_2_1_2005_S0,STOREY_15,1840,32
26°C,定容,shang4hai3shi4,2060 RCP 8.5,shang4hai3shi4_2_1_2005_S0,STOREY_0,1840,8
26°C,定容,shang4hai3shi4,2060 RCP 8.5,shang4hai3shi4_2_2_1980_S0,STOREY_1,1840,13
26°C,定容,shang4hai3shi4,2060 RCP 8.5,shang4hai3shi4_2_2_1980_S0,STOREY_2,1840,15
26°C,定容,shang4hai3shi4,2060 RCP 8.5,shang4hai3shi4_2_2_1980_S0,STOREY_3,1840,15
26°C,定容,shang4hai3shi4,2060 RCP 8.5,shang4hai3shi4_2_2_1980_S0,STOREY_4,1840,15
26°C,定容,shang4hai3shi4,2060 RCP 8.5,shang4hai3shi4_2_2_1980_S0,STOREY_5,1840,15
26°C,定容,shang4hai3shi4,2060 RCP 8.5,shang4hai3shi4_2_2_1980_S0,STOREY_6,1840,15
26°C,定容,shang4hai3shi4,2060 RCP 8.5,shang4hai3shi4_2_2_1980_S0,STOREY_7,1840,15
26°C,定容,shang4hai3shi4,2060 RCP 8.5,shang4hai3shi4_2_2_1980_S0,STOREY_8,1840,15
26°C,定容,shang4hai3shi4,2060 RCP 8.5,shang4hai3shi4_2_2_1980_S0,STOREY_9,1840,16
26°C,定容,shang4hai3shi4,2060 RCP 8.5,shang4hai3shi4_2_2_1980_S0,STOREY_10,1840,24
26°C,定容,shang4hai3shi4,2060 RCP 8.5,shang4hai3shi4_2_2_1980_S0,STOREY_11,1840,52
26°C,定容,shang4hai3shi4,2060 RCP 8.5,shang4hai3shi4_2_2_1980_S0,STOREY_0,1840,2
26°C,定容,shang4hai3shi4,2060 RCP 8.5,shang4hai3shi4_2_3_2005_S0,STOREY_1,1840,14
26°C,定容,shang4hai3shi4,2060 RCP 8.5,shang4hai3shi4_2_3_2005_S0,STOREY_2,1840,16
26°C,定容,shang4hai3shi4,2060 RCP 8.5,shang4hai3shi4_2_3_2005_S0,STOREY_3,1840,16
26°C,定容,shang4hai3shi4,2060 RCP 8.5,shang4hai3shi4_2_3_2005_S0,STOREY_4,1840,16
26°C,定容,shang4hai3shi4,2060 RCP 8.5,shang4hai3shi4_2_3_2005_S0,STOREY_5,1840,16
26°C,定容,shang4hai3shi4,2060 RCP 8.5,shang4hai3shi4_2_3_2005_S0,STOREY_6,1840,15
26°C,定容,shang4hai3shi4,2060 RCP 8.5,shang4hai3shi4_2_3_2005_S0,STOREY_7,1840,15
26°C,定容,shang4hai3shi4,2060 RCP 8.5,shang4hai3shi4_2_3_2005_S0,STOREY_8,1840,15
26°C,定容,shang4hai3shi4,2060 RCP 8.5,shang4hai3shi4_2_3_2005_S0,STOREY_9,1840,15
26°C,定容,shang4hai3shi4,2060 RCP 8.5,shang4hai3shi4_2_3_2005_S0,STOREY_10,1840,16
26°C,定容,shang4hai3shi4,2060 RCP 8.5,shang4hai3shi4_2_3_2005_S0,STOREY_11,1840,15
26°C,定容,shang4hai3shi4,2060 RCP 8.5,shang4hai3shi4_2_3_2005_S0,STOREY_12,1840,16
26°C,定容,shang4hai3shi4,2060 RCP 8.5,shang4hai3shi4_2_3_2005_S0,STOREY_13,1840,16
26°C,定容,shang4hai3shi4,2060 RCP 8.5,shang4hai3shi4_2_3_2005_S0,STOREY_14,1840,16
26°C,定容,shang4hai3shi4,2060 RCP 8.5,shang4hai3shi4_2_3_2005_S0,STOREY_15,1840,17
26°C,定容,shang4hai3shi4,2060 RCP 8.5,shang4hai3shi4_2_3_2005_S0,STOREY_16,1840,17
26°C,定容,shang4hai3shi4,2060 RCP 8.5,shang4hai3shi4_2_3_2005_S0,STOREY_17,1840,42
26°C,定容,shang4hai3shi4,2060 RCP 8.5,shang4hai3shi4_2_3_2005_S0,STOREY_0,1840,8
26°C,定容,shang4hai3shi4,2060 RCP 8.5,shang4hai3shi4_2_4_1995_S0,STOREY_1,1840,14
26°C,定容,shang4hai3shi4,2060 RCP 8.5,shang4hai3shi4_2_4_1995_S0,STOREY_2,1840,14
26°C,定容,shang4hai3shi4,2060 RCP 8.5,shang4hai3shi4_2_4_1995_S0,STOREY_3,1840,14
26°C,定容,shang4hai3shi4,2060 RCP 8.5,shang4hai3shi4_2_4_1995_S0,STOREY_4,1840,14
26°C,定容,shang4hai3shi4,2060 RCP 8.5,shang4hai3shi4_2_4_1995_S0,STOREY_5,1840,14
26°C,定容,shang4hai3shi4,2060 RCP 8.5,shang4hai3shi4_2_4_1995_S0,STOREY_6,1840,14
26°C,定容,shang4hai3shi4,2060 RCP 8.5,shang4hai3shi4_2_4_1995_S0,STOREY_7,1840,14
26°C,定容,shang4hai3shi4,2060 RCP 8.5,shang4hai3shi4_2_4_1995_S0,STOREY_8,1840,14
26°C,定容,shang4hai3shi4,2060 RCP 8.5,shang4hai3shi4_2_4_1995_S0,STOREY_9,1840,14
26°C,定容,shang4hai3shi4,2060 RCP 8.5,shang4hai3shi4_2_4_1995_S0,STOREY_10,1840,14
26°C,定容,shang4hai3shi4,2060 RCP 8.5,shang4hai3shi4_2_4_1995_S0,STOREY_11,1840,14
26°C,定容,shang4hai3shi4,2060 RCP 8.5,shang4hai3shi4_2_4_1995_S0,STOREY_12,1840,14
26°C,定容,shang4hai3shi4,2060 RCP 8.5,shang4hai3shi4_2_4_1995_S0,STOREY_13,1840,14
26°C,定容,shang4hai3shi4,2060 RCP 8.5,shang4hai3shi4_2_4_1995_S0,STOREY_14,1840,14
26°C,定容,shang4hai3shi4,2060 RCP 8.5,shang4hai3shi4_2_4_1995_S0,STOREY_15,1840,14
26°C,定容,shang4hai3shi4,2060 RCP 8.5,shang4hai3shi4_2_4_1995_S0,STOREY_16,1840,14
26°C,定容,shang4hai3shi4,2060 RCP 8.5,shang4hai3shi4_2_4_1995_S0,STOREY_17,1840,14
26°C,定容,shang4hai3shi4,2060 RCP 8.5,shang4hai3shi4_2_4_1995_S0,STOREY_18,1840,18
26°C,定容,shang4hai3shi4,2060 RCP 8.5,shang4hai3shi4_2_4_1995_S0,STOREY_19,1840,50
26°C,定容,shang4hai3shi4,2060 RCP 8.5,shang4hai3shi4_2_4_1995_S0,STOREY_0,1840,4
26°C,定容,shang4hai3shi4,2060 RCP 8.5,shang4hai3shi4_2_6_2015_S0,STOREY_1,1840,2
26°C,定容,shang4hai3shi4,2060 RCP 8.5,shang4hai3shi4_2_6_2015_S0,STOREY_2,1840,2
26°C,定容,shang4hai3shi4,2060 RCP 8.5,shang4hai3shi4_2_6_2015_S0,STOREY_3,1840,2
26°C,定容,shang4hai3shi4,2060 RCP 8.5,shang4hai3shi4_2_6_2015_S0,STOREY_4,1840,2
26°C,定容,shang4hai3shi4,2060 RCP 8.5,shang4hai3shi4_2_6_2015_S0,STOREY_5,1840,2
26°C,定容,shang4hai3shi4,2060 RCP 8.5,shang4hai3shi4_2_6_2015_S0,STOREY_6,1840,2
26°C,定容,shang4hai3shi4,2060 RCP 8.5,shang4hai3shi4_2_6_2015_S0,STOREY_7,1840,2
26°C,定容,shang4hai3shi4,2060 RCP 8.5,shang4hai3shi4_2_6_2015_S0,STOREY_8,1840,2
26°C,定容,shang4hai3shi4,2060 RCP 8.5,shang4hai3shi4_2_6_2015_S0,STOREY_9,1840,2
26°C,定容,shang4hai3shi4,2060 RCP 8.5,shang4hai3shi4_2_6_2015_S0,STOREY_10,1840,3
26°C,定容,shang4hai3shi4,2060 RCP 8.5,shang4hai3shi4_2_6_2015_S0,STOREY_11,1840,27
26°C,定容,shang4hai3shi4,2060 RCP 8.5,shang4hai3shi4_2_6_2015_S0,STOREY_0,1840,0
26°C,定容,shang4hai3shi4,2060 RCP 8.5,shang4hai3shi4_2_5_2005_S0,STOREY_1,1840,14
26°C,定容,shang4hai3shi4,2060 RCP 8.5,shang4hai3shi4_2_5_2005_S0,STOREY_2,1840,14
26°C,定容,shang4hai3shi4,2060 RCP 8.5,shang4hai3shi4_2_5_2005_S0,STOREY_3,1840,14
26°C,定容,shang4hai3shi4,2060 RCP 8.5,shang4hai3shi4_2_5_2005_S0,STOREY_4,1840,14
26°C,定容,shang4hai3shi4,2060 RCP 8.5,shang4hai3shi4_2_5_2005_S0,STOREY_5,1840,14
26°C,定容,shang4hai3shi4,2060 RCP 8.5,shang4hai3shi4_2_5_2005_S0,STOREY_6,1840,14
26°C,定容,shang4hai3shi4,2060 RCP 8.5,shang4hai3shi4_2_5_2005_S0,STOREY_7,1840,14
26°C,定容,shang4hai3shi4,2060 RCP 8.5,shang4hai3shi4_2_5_2005_S0,STOREY_8,1840,14
26°C,定容,shang4hai3shi4,2060 RCP 8.5,shang4hai3shi4_2_5_2005_S0,STOREY_9,1840,14
26°C,定容,shang4hai3shi4,2060 RCP 8.5,shang4hai3shi4_2_5_2005_S0,STOREY_10,1840,14
26°C,定容,shang4hai3shi4,2060 RCP 8.5,shang4hai3shi4_2_5_2005_S0,STOREY_11,1840,14
26°C,定容,shang4hai3shi4,2060 RCP 8.5,shang4hai3shi4_2_5_2005_S0,STOREY_12,1840,14
26°C,定容,shang4hai3shi4,2060 RCP 8.5,shang4hai3shi4_2_5_2005_S0,STOREY_13,1840,14
26°C,定容,shang4hai3shi4,2060 RCP 8.5,shang4hai3shi4_2_5_2005_S0,STOREY_14,1840,14
26°C,定容,shang4hai3shi4,2060 RCP 8.5,shang4hai3shi4_2_5_2005_S0,STOREY_15,1840,14
26°C,定容,shang4hai3shi4,2060 RCP 8.5,shang4hai3shi4_2_5_2005_S0,STOREY_16,1840,14
26°C,定容,shang4hai3shi4,2060 RCP 8.5,shang4hai3shi4_2_5_2005_S0,STOREY_17,1840,14
26°C,定容,shang4hai3shi4,2060 RCP 8.5,shang4hai3shi4_2_5_2005_S0,STOREY_18,1840,14
26°C,定容,shang4hai3shi4,2060 RCP 8.5,shang4hai3shi4_2_5_2005_S0,STOREY_19,1840,15
26°C,定容,shang4hai3shi4,2060 RCP 8.5,shang4hai3shi4_2_5_2005_S0,STOREY_20,1840,15
26°C,定容,shang4hai3shi4,2060 RCP 8.5,shang4hai3shi4_2_5_2005_S0,STOREY_21,1840,15
26°C,定容,shang4hai3shi4,2060 RCP 8.5,shang4hai3shi4_2_5_2005_S0,STOREY_22,1840,16
26°C,定容,shang4hai3shi4,2060 RCP 8.5,shang4hai3shi4_2_5_2005_S0,STOREY_23,1840,18
26°C,定容,shang4hai3shi4,2060 RCP 8.5,shang4hai3shi4_2_5_2005_S0,STOREY_24,1840,30
26°C,定容,shang4hai3shi4,2060 RCP 8.5,shang4hai3shi4_2_5_2005_S0,STOREY_0,1840,8
26°C,定容,shang4hai3shi4,2060 RCP 8.5,shang4hai3shi4_2_7_2005_S0,STOREY_1,1840,14
26°C,定容,shang4hai3shi4,2060 RCP 8.5,shang4hai3shi4_2_7_2005_S0,STOREY_2,1840,14
26°C,定容,shang4hai3shi4,2060 RCP 8.5,shang4hai3shi4_2_7_2005_S0,STOREY_3,1840,14
26°C,定容,shang4hai3shi4,2060 RCP 8.5,shang4hai3shi4_2_7_2005_S0,STOREY_4,1840,14
26°C,定容,shang4hai3shi4,2060 RCP 8.5,shang4hai3shi4_2_7_2005_S0,STOREY_5,1840,14
26°C,定容,shang4hai3shi4,2060 RCP 8.5,shang4hai3shi4_2_7_2005_S0,STOREY_6,1840,14
26°C,定容,shang4hai3shi4,2060 RCP 8.5,shang4hai3shi4_2_7_2005_S0,STOREY_7,1840,14
26°C,定容,shang4hai3shi4,2060 RCP 8.5,shang4hai3shi4_2_7_2005_S0,STOREY_8,1840,14
26°C,定容,shang4hai3shi4,2060 RCP 8.5,shang4hai3shi4_2_7_2005_S0,STOREY_9,1840,17
26°C,定容,shang4hai3shi4,2060 RCP 8.5,shang4hai3shi4_2_7_2005_S0,STOREY_10,1840,39
26°C,定容,shang4hai3shi4,2060 RCP 8.5,shang4hai3shi4_2_7_2005_S0,STOREY_0,1840,7
26°C,定容,xia4men2shi4,2040 RCP 2.6,xia4men2shi4_0_1_1980_S0,STOREY_1,1670,1
26°C,定容,xia4men2shi4,2040 RCP 2.6,xia4men2shi4_0_1_1980_S0,STOREY_2,1670,38
26°C,定容,xia4men2shi4,2040 RCP 2.6,xia4men2shi4_0_1_1980_S0,STOREY_0,1670,0
26°C,定容,xia4men2shi4,2040 RCP 2.6,xia4men2shi4_0_3_1980_S0,STOREY_0,1670,0
26°C,定容,xia4men2shi4,2040 RCP 2.6,xia4men2shi4_0_2_1995_S0,STOREY_1,1670,0
26°C,定容,xia4men2shi4,2040 RCP 2.6,xia4men2shi4_0_2_1995_S0,STOREY_2,1670,34
26°C,定容,xia4men2shi4,2040 RCP 2.6,xia4men2shi4_0_2_1995_S0,STOREY_0,1670,0
26°C,定容,xia4men2shi4,2040 RCP 2.6,xia4men2shi4_0_4_1980_S0,STOREY_1,1670,17
26°C,定容,xia4men2shi4,2040 RCP 2.6,xia4men2shi4_0_4_1980_S0,STOREY_0,1670,0
26°C,定容,xia4men2shi4,2040 RCP 2.6,xia4men2shi4_0_6_1980_S0,STOREY_0,1670,0
26°C,定容,xia4men2shi4,2040 RCP 2.6,xia4men2shi4_0_5_1980_S0,STOREY_1,1670,17
26°C,定容,xia4men2shi4,2040 RCP 2.6,xia4men2shi4_0_5_1980_S0,STOREY_2,1670,66
26°C,定容,xia4men2shi4,2040 RCP 2.6,xia4men2shi4_0_5_1980_S0,STOREY_0,1670,0
26°C,定容,xia4men2shi4,2040 RCP 2.6,xia4men2shi4_1_1_2005_S0,STOREY_1,1670,0
26°C,定容,xia4men2shi4,2040 RCP 2.6,xia4men2shi4_1_1_2005_S0,STOREY_2,1670,1
26°C,定容,xia4men2shi4,2040 RCP 2.6,xia4men2shi4_1_1_2005_S0,STOREY_3,1670,1
26°C,定容,xia4men2shi4,2040 RCP 2.6,xia4men2shi4_1_1_2005_S0,STOREY_4,1670,1
26°C,定容,xia4men2shi4,2040 RCP 2.6,xia4men2shi4_1_1_2005_S0,STOREY_5,1670,35
26°C,定容,xia4men2shi4,2040 RCP 2.6,xia4men2shi4_1_1_2005_S0,STOREY_0,1670,0
26°C,定容,xia4men2shi4,2040 RCP 2.6,xia4men2shi4_1_2_1995_S0,STOREY_1,1670,0
26°C,定容,xia4men2shi4,2040 RCP 2.6,xia4men2shi4_1_2_1995_S0,STOREY_2,1670,1
26°C,定容,xia4men2shi4,2040 RCP 2.6,xia4men2shi4_1_2_1995_S0,STOREY_3,1670,1
26°C,定容,xia4men2shi4,2040 RCP 2.6,xia4men2shi4_1_2_1995_S0,STOREY_4,1670,1
26°C,定容,xia4men2shi4,2040 RCP 2.6,xia4men2shi4_1_2_1995_S0,STOREY_5,1670,36
26°C,定容,xia4men2shi4,2040 RCP 2.6,xia4men2shi4_1_2_1995_S0,STOREY_0,1670,0
26°C,定容,shang4hai3shi4,2060 RCP 8.5,shang4hai3shi4_2_8_2005_S0,STOREY_1,1840,16
26°C,定容,shang4hai3shi4,2060 RCP 8.5,shang4hai3shi4_2_8_2005_S0,STOREY_2,1840,16
26°C,定容,shang4hai3shi4,2060 RCP 8.5,shang4hai3shi4_2_8_2005_S0,STOREY_3,1840,16
26°C,定容,shang4hai3shi4,2060 RCP 8.5,shang4hai3shi4_2_8_2005_S0,STOREY_4,1840,16
26°C,定容,shang4hai3shi4,2060 RCP 8.5,shang4hai3shi4_2_8_2005_S0,STOREY_5,1840,16
26°C,定容,shang4hai3shi4,2060 RCP 8.5,shang4hai3shi4_2_8_2005_S0,STOREY_6,1840,16
26°C,定容,shang4hai3shi4,2060 RCP 8.5,shang4hai3shi4_2_8_2005_S0,STOREY_7,1840,15
26°C,定容,shang4hai3shi4,2060 RCP 8.5,shang4hai3shi4_2_8_2005_S0,STOREY_8,1840,15
26°C,定容,shang4hai3shi4,2060 RCP 8.5,shang4hai3shi4_2_8_2005_S0,STOREY_9,1840,15
26°C,定容,shang4hai3shi4,2060 RCP 8.5,shang4hai3shi4_2_8_2005_S0,STOREY_10,1840,15
26°C,定容,shang4hai3shi4,2060 RCP 8.5,shang4hai3shi4_2_8_2005_S0,STOREY_11,1840,15
26°C,定容,shang4hai3shi4,2060 RCP 8.5,shang4hai3shi4_2_8_2005_S0,STOREY_12,1840,15
26°C,定容,shang4hai3shi4,2060 RCP 8.5,shang4hai3shi4_2_8_2005_S0,STOREY_13,1840,15
26°C,定容,shang4hai3shi4,2060 RCP 8.5,shang4hai3shi4_2_8_2005_S0,STOREY_14,1840,15
26°C,定容,shang4hai3shi4,2060 RCP 8.5,shang4hai3shi4_2_8_2005_S0,STOREY_15,1840,15
26°C,定容,shang4hai3shi4,2060 RCP 8.5,shang4hai3shi4_2_8_2005_S0,STOREY_16,1840,15
26°C,定容,shang4hai3shi4,2060 RCP 8.5,shang4hai3shi4_2_8_2005_S0,STOREY_17,1840,16
26°C,定容,shang4hai3shi4,2060 RCP 8.5,shang4hai3shi4_2_8_2005_S0,STOREY_18,1840,16
26°C,定容,shang4hai3shi4,2060 RCP 8.5,shang4hai3shi4_2_8_2005_S0,STOREY_19,1840,17
26°C,定容,shang4hai3shi4,2060 RCP 8.5,shang4hai3shi4_2_8_2005_S0,STOREY_20,1840,19
26°C,定容,shang4hai3shi4,2060 RCP 8.5,shang4hai3shi4_2_8_2005_S0,STOREY_21,1840,33
26°C,定容,shang4hai3shi4,2060 RCP 8.5,shang4hai3shi4_2_8_2005_S0,STOREY_0,1840,8
26°C,定容,shang4hai3shi4,2060 RCP 8.5,shang4hai3shi4_2_9_2005_S0,STOREY_1,1840,13
26°C,定容,shang4hai3shi4,2060 RCP 8.5,shang4hai3shi4_2_9_2005_S0,STOREY_2,1840,13
26°C,定容,shang4hai3shi4,2060 RCP 8.5,shang4hai3shi4_2_9_2005_S0,STOREY_3,1840,13
26°C,定容,shang4hai3shi4,2060 RCP 8.5,shang4hai3shi4_2_9_2005_S0,STOREY_4,1840,14
26°C,定容,shang4hai3shi4,2060 RCP 8.5,shang4hai3shi4_2_9_2005_S0,STOREY_5,1840,14
26°C,定容,shang4hai3shi4,2060 RCP 8.5,shang4hai3shi4_2_9_2005_S0,STOREY_6,1840,14
26°C,定容,shang4hai3shi4,2060 RCP 8.5,shang4hai3shi4_2_9_2005_S0,STOREY_7,1840,14
26°C,定容,shang4hai3shi4,2060 RCP 8.5,shang4hai3shi4_2_9_2005_S0,STOREY_8,1840,14
26°C,定容,shang4hai3shi4,2060 RCP 8.5,shang4hai3shi4_2_9_2005_S0,STOREY_9,1840,14
26°C,定容,shang4hai3shi4,2060 RCP 8.5,shang4hai3shi4_2_9_2005_S0,STOREY_10,1840,14
26°C,定容,shang4hai3shi4,2060 RCP 8.5,shang4hai3shi4_2_9_2005_S0,STOREY_11,1840,14
26°C,定容,shang4hai3shi4,2060 RCP 8.5,shang4hai3shi4_2_9_2005_S0,STOREY_12,1840,14
26°C,定容,shang4hai3shi4,2060 RCP 8.5,shang4hai3shi4_2_9_2005_S0,STOREY_13,1840,14
26°C,定容,shang4hai3shi4,2060 RCP 8.5,shang4hai3shi4_2_9_2005_S0,STOREY_14,1840,14
26°C,定容,shang4hai3shi4,2060 RCP 8.5,shang4hai3shi4_2_9_2005_S0,STOREY_15,1840,14
26°C,定容,shang4hai3shi4,2060 RCP 8.5,shang4hai3shi4_2_9_2005_S0,STOREY_16,1840,14
26°C,定容,shang4hai3shi4,2060 RCP 8.5,shang4hai3shi4_2_9_2005_S0,STOREY_17,1840,14
26°C,定容,shang4hai3shi4,2060 RCP 8.5,shang4hai3shi4_2_9_2005_S0,STOREY_18,1840,14
26°C,定容,shang4hai3shi4,2060 RCP 8.5,shang4hai3shi4_2_9_2005_S0,STOREY_19,1840,18
26°C,定容,shang4hai3shi4,2060 RCP 8.5,shang4hai3shi4_2_9_2005_S0,STOREY_20,1840,29
26°C,定容,shang4hai3shi4,2060 RCP 8.5,shang4hai3shi4_2_9_2005_S0,STOREY_0,1840,8
26°C,定容,xia4men2shi4,2040 RCP 2.6,xia4men2shi4_1_3_1995_S0,STOREY_1,1670,1
26°C,定容,xia4men2shi4,2040 RCP 2.6,xia4men2shi4_1_3_1995_S0,STOREY_2,1670,1
26°C,定容,xia4men2shi4,2040 RCP 2.6,xia4men2shi4_1_3_1995_S0,STOREY_3,1670,66
26°C,定容,xia4men2shi4,2040 RCP 2.6,xia4men2shi4_1_3_1995_S0,STOREY_0,1670,0
26°C,定容,xia4men2shi4,2040 RCP 2.6,xia4men2shi4_1_4_1995_S0,STOREY_1,1670,0
26°C,定容,xia4men2shi4,2040 RCP 2.6,xia4men2shi4_1_4_1995_S0,STOREY_2,1670,0
26°C,定容,xia4men2shi4,2040 RCP 2.6,xia4men2shi4_1_4_1995_S0,STOREY_3,1670,0
26°C,定容,xia4men2shi4,2040 RCP 2.6,xia4men2shi4_1_4_1995_S0,STOREY_4,1670,0
26°C,定容,xia4men2shi4,2040 RCP 2.6,xia4men2shi4_1_4_1995_S0,STOREY_5,1670,1
26°C,定容,xia4men2shi4,2040 RCP 2.6,xia4men2shi4_1_4_1995_S0,STOREY_6,1670,28
26°C,定容,xia4men2shi4,2040 RCP 2.6,xia4men2shi4_1_4_1995_S0,STOREY_0,1670,0
26°C,定容,xia4men2shi4,2040 RCP 2.6,xia4men2shi4_1_6_1995_S0,STOREY_1,1670,1
26°C,定容,xia4men2shi4,2040 RCP 2.6,xia4men2shi4_1_6_1995_S0,STOREY_2,1670,1
26°C,定容,xia4men2shi4,2040 RCP 2.6,xia4men2shi4_1_6_1995_S0,STOREY_3,1670,1
26°C,定容,xia4men2shi4,2040 RCP 2.6,xia4men2shi4_1_6_1995_S0,STOREY_4,1670,2
26°C,定容,xia4men2shi4,2040 RCP 2.6,xia4men2shi4_1_6_1995_S0,STOREY_5,1670,63
26°C,定容,xia4men2shi4,2040 RCP 2.6,xia4men2shi4_1_6_1995_S0,STOREY_0,1670,0
26°C,定容,xia4men2shi4,2040 RCP 2.6,xia4men2shi4_1_5_1995_S0,STOREY_1,1670,1
26°C,定容,xia4men2shi4,2040 RCP 2.6,xia4men2shi4_1_5_1995_S0,STOREY_2,1670,1
26°C,定容,xia4men2shi4,2040 RCP 2.6,xia4men2shi4_1_5_1995_S0,STOREY_3,1670,1
26°C,定容,xia4men2shi4,2040 RCP 2.6,xia4men2shi4_1_5_1995_S0,STOREY_4,1670,1
26°C,定容,xia4men2shi4,2040 RCP 2.6,xia4men2shi4_1_5_1995_S0,STOREY_5,1670,1
26°C,定容,xia4men2shi4,2040 RCP 2.6,xia4men2shi4_1_5_1995_S0,STOREY_6,1670,1
26°C,定容,xia4men2shi4,2040 RCP 2.6,xia4men2shi4_1_5_1995_S0,STOREY_7,1670,1
26°C,定容,xia4men2shi4,2040 RCP 2.6,xia4men2shi4_1_5_1995_S0,STOREY_8,1670,1
26°C,定容,xia4men2shi4,2040 RCP 2.6,xia4men2shi4_1_5_1995_S0,STOREY_9,1670,40
26°C,定容,xia4men2shi4,2040 RCP 2.6,xia4men2shi4_1_5_1995_S0,STOREY_0,1670,0
26°C,定容,xia4men2shi4,2040 RCP 2.6,xia4men2shi4_2_3_2005_S0,STOREY_1,1670,0
26°C,定容,xia4men2shi4,2040 RCP 2.6,xia4men2shi4_2_3_2005_S0,STOREY_2,1670,0
26°C,定容,xia4men2shi4,2040 RCP 2.6,xia4men2shi4_2_3_2005_S0,STOREY_3,1670,0
26°C,定容,xia4men2shi4,2040 RCP 2.6,xia4men2shi4_2_3_2005_S0,STOREY_4,1670,0
26°C,定容,xia4men2shi4,2040 RCP 2.6,xia4men2shi4_2_3_2005_S0,STOREY_5,1670,0
26°C,定容,xia4men2shi4,2040 RCP 2.6,xia4men2shi4_2_3_2005_S0,STOREY_6,1670,0
26°C,定容,xia4men2shi4,2040 RCP 2.6,xia4men2shi4_2_3_2005_S0,STOREY_7,1670,0
26°C,定容,xia4men2shi4,2040 RCP 2.6,xia4men2shi4_2_3_2005_S0,STOREY_8,1670,0
26°C,定容,xia4men2shi4,2040 RCP 2.6,xia4men2shi4_2_3_2005_S0,STOREY_9,1670,0
26°C,定容,xia4men2shi4,2040 RCP 2.6,xia4men2shi4_2_3_2005_S0,STOREY_10,1670,0
26°C,定容,xia4men2shi4,2040 RCP 2.6,xia4men2shi4_2_3_2005_S0,STOREY_11,1670,1
26°C,定容,xia4men2shi4,2040 RCP 2.6,xia4men2shi4_2_3_2005_S0,STOREY_12,1670,18
26°C,定容,xia4men2shi4,2040 RCP 2.6,xia4men2shi4_2_3_2005_S0,STOREY_0,1670,0
26°C,定容,xia4men2shi4,2040 RCP 2.6,xia4men2shi4_2_1_2005_S0,STOREY_1,1670,0
26°C,定容,xia4men2shi4,2040 RCP 2.6,xia4men2shi4_2_1_2005_S0,STOREY_2,1670,0
26°C,定容,xia4men2shi4,2040 RCP 2.6,xia4men2shi4_2_1_2005_S0,STOREY_3,1670,0
26°C,定容,xia4men2shi4,2040 RCP 2.6,xia4men2shi4_2_1_2005_S0,STOREY_4,1670,0
26°C,定容,xia4men2shi4,2040 RCP 2.6,xia4men2shi4_2_1_2005_S0,STOREY_5,1670,0
26°C,定容,xia4men2shi4,2040 RCP 2.6,xia4men2shi4_2_1_2005_S0,STOREY_6,1670,0
26°C,定容,xia4men2shi4,2040 RCP 2.6,xia4men2shi4_2_1_2005_S0,STOREY_7,1670,0
26°C,定容,xia4men2shi4,2040 RCP 2.6,xia4men2shi4_2_1_2005_S0,STOREY_8,1670,0
26°C,定容,xia4men2shi4,2040 RCP 2.6,xia4men2shi4_2_1_2005_S0,STOREY_9,1670,0
26°C,定容,xia4men2shi4,2040 RCP 2.6,xia4men2shi4_2_1_2005_S0,STOREY_10,1670,0
26°C,定容,xia4men2shi4,2040 RCP 2.6,xia4men2shi4_2_1_2005_S0,STOREY_11,1670,0
26°C,定容,xia4men2shi4,2040 RCP 2.6,xia4men2shi4_2_1_2005_S0,STOREY_12,1670,0
26°C,定容,xia4men2shi4,2040 RCP 2.6,xia4men2shi4_2_1_2005_S0,STOREY_13,1670,0
26°C,定容,xia4men2shi4,2040 RCP 2.6,xia4men2shi4_2_1_2005_S0,STOREY_14,1670,0
26°C,定容,xia4men2shi4,2040 RCP 2.6,xia4men2shi4_2_1_2005_S0,STOREY_15,1670,0
26°C,定容,xia4men2shi4,2040 RCP 2.6,xia4men2shi4_2_1_2005_S0,STOREY_16,1670,0
26°C,定容,xia4men2shi4,2040 RCP 2.6,xia4men2shi4_2_1_2005_S0,STOREY_17,1670,16
26°C,定容,xia4men2shi4,2040 RCP 2.6,xia4men2shi4_2_1_2005_S0,STOREY_0,1670,0
26°C,定容,xia4men2shi4,2040 RCP 2.6,xia4men2shi4_2_4_2005_S0,STOREY_1,1670,0
26°C,定容,xia4men2shi4,2040 RCP 2.6,xia4men2shi4_2_4_2005_S0,STOREY_2,1670,1
26°C,定容,xia4men2shi4,2040 RCP 2.6,xia4men2shi4_2_4_2005_S0,STOREY_3,1670,1
26°C,定容,xia4men2shi4,2040 RCP 2.6,xia4men2shi4_2_4_2005_S0,STOREY_4,1670,1
26°C,定容,xia4men2shi4,2040 RCP 2.6,xia4men2shi4_2_4_2005_S0,STOREY_5,1670,1
26°C,定容,xia4men2shi4,2040 RCP 2.6,xia4men2shi4_2_4_2005_S0,STOREY_6,1670,1
26°C,定容,xia4men2shi4,2040 RCP 2.6,xia4men2shi4_2_4_2005_S0,STOREY_7,1670,1
26°C,定容,xia4men2shi4,2040 RCP 2.6,xia4men2shi4_2_4_2005_S0,STOREY_8,1670,1
26°C,定容,xia4men2shi4,2040 RCP 2.6,xia4men2shi4_2_4_2005_S0,STOREY_9,1670,1
26°C,定容,xia4men2shi4,2040 RCP 2.6,xia4men2shi4_2_4_2005_S0,STOREY_10,1670,1
26°C,定容,xia4men2shi4,2040 RCP 2.6,xia4men2shi4_2_4_2005_S0,STOREY_11,1670,25
26°C,定容,xia4men2shi4,2040 RCP 2.6,xia4men2shi4_2_4_2005_S0,STOREY_0,1670,0
26°C,定容,xia4men2shi4,2040 RCP 4.5,xia4men2shi4_0_1_1980_S0,STOREY_1,1670,0
26°C,定容,xia4men2shi4,2040 RCP 4.5,xia4men2shi4_0_1_1980_S0,STOREY_2,1670,39
26°C,定容,xia4men2shi4,2040 RCP 4.5,xia4men2shi4_0_1_1980_S0,STOREY_0,1670,0
26°C,定容,xia4men2shi4,2040 RCP 4.5,xia4men2shi4_0_2_1995_S0,STOREY_1,1670,0
26°C,定容,xia4men2shi4,2040 RCP 4.5,xia4men2shi4_0_2_1995_S0,STOREY_2,1670,38
26°C,定容,xia4men2shi4,2040 RCP 4.5,xia4men2shi4_0_2_1995_S0,STOREY_0,1670,0
26°C,定容,xia4men2shi4,2040 RCP 4.5,xia4men2shi4_0_3_1980_S0,STOREY_0,1670,0
26°C,定容,xia4men2shi4,2040 RCP 4.5,xia4men2shi4_0_4_1980_S0,STOREY_1,1670,19
26°C,定容,xia4men2shi4,2040 RCP 4.5,xia4men2shi4_0_4_1980_S0,STOREY_0,1670,0
26°C,定容,xia4men2shi4,2040 RCP 2.6,xia4men2shi4_2_2_2005_S0,STOREY_1,1670,1
26°C,定容,xia4men2shi4,2040 RCP 2.6,xia4men2shi4_2_2_2005_S0,STOREY_2,1670,1
26°C,定容,xia4men2shi4,2040 RCP 2.6,xia4men2shi4_2_2_2005_S0,STOREY_3,1670,1
26°C,定容,xia4men2shi4,2040 RCP 2.6,xia4men2shi4_2_2_2005_S0,STOREY_4,1670,1
26°C,定容,xia4men2shi4,2040 RCP 2.6,xia4men2shi4_2_2_2005_S0,STOREY_5,1670,1
26°C,定容,xia4men2shi4,2040 RCP 2.6,xia4men2shi4_2_2_2005_S0,STOREY_6,1670,1
26°C,定容,xia4men2shi4,2040 RCP 2.6,xia4men2shi4_2_2_2005_S0,STOREY_7,1670,1
26°C,定容,xia4men2shi4,2040 RCP 2.6,xia4men2shi4_2_2_2005_S0,STOREY_8,1670,1
26°C,定容,xia4men2shi4,2040 RCP 2.6,xia4men2shi4_2_2_2005_S0,STOREY_9,1670,1
26°C,定容,xia4men2shi4,2040 RCP 2.6,xia4men2shi4_2_2_2005_S0,STOREY_10,1670,1
26°C,定容,xia4men2shi4,2040 RCP 2.6,xia4men2shi4_2_2_2005_S0,STOREY_11,1670,1
26°C,定容,xia4men2shi4,2040 RCP 2.6,xia4men2shi4_2_2_2005_S0,STOREY_12,1670,1
26°C,定容,xia4men2shi4,2040 RCP 2.6,xia4men2shi4_2_2_2005_S0,STOREY_13,1670,1
26°C,定容,xia4men2shi4,2040 RCP 2.6,xia4men2shi4_2_2_2005_S0,STOREY_14,1670,1
26°C,定容,xia4men2shi4,2040 RCP 2.6,xia4men2shi4_2_2_2005_S0,STOREY_15,1670,1
26°C,定容,xia4men2shi4,2040 RCP 2.6,xia4men2shi4_2_2_2005_S0,STOREY_16,1670,1
26°C,定容,xia4men2shi4,2040 RCP 2.6,xia4men2shi4_2_2_2005_S0,STOREY_17,1670,1
26°C,定容,xia4men2shi4,2040 RCP 2.6,xia4men2shi4_2_2_2005_S0,STOREY_18,1670,1
26°C,定容,xia4men2shi4,2040 RCP 2.6,xia4men2shi4_2_2_2005_S0,STOREY_19,1670,1
26°C,定容,xia4men2shi4,2040 RCP 2.6,xia4men2shi4_2_2_2005_S0,STOREY_20,1670,1
26°C,定容,xia4men2shi4,2040 RCP 2.6,xia4men2shi4_2_2_2005_S0,STOREY_21,1670,1
26°C,定容,xia4men2shi4,2040 RCP 2.6,xia4men2shi4_2_2_2005_S0,STOREY_22,1670,1
26°C,定容,xia4men2shi4,2040 RCP 2.6,xia4men2shi4_2_2_2005_S0,STOREY_23,1670,1
26°C,定容,xia4men2shi4,2040 RCP 2.6,xia4men2shi4_2_2_2005_S0,STOREY_24,1670,1
26°C,定容,xia4men2shi4,2040 RCP 2.6,xia4men2shi4_2_2_2005_S0,STOREY_25,1670,1
26°C,定容,xia4men2shi4,2040 RCP 2.6,xia4men2shi4_2_2_2005_S0,STOREY_26,1670,1
26°C,定容,xia4men2shi4,2040 RCP 2.6,xia4men2shi4_2_2_2005_S0,STOREY_27,1670,19
26°C,定容,xia4men2shi4,2040 RCP 2.6,xia4men2shi4_2_2_2005_S0,STOREY_0,1670,0
26°C,定容,xia4men2shi4,2040 RCP 4.5,xia4men2shi4_0_6_1980_S0,STOREY_0,1670,0
26°C,定容,xia4men2shi4,2040 RCP 2.6,xia4men2shi4_2_5_2005_S0,STOREY_1,1670,0
26°C,定容,xia4men2shi4,2040 RCP 2.6,xia4men2shi4_2_5_2005_S0,STOREY_2,1670,0
26°C,定容,xia4men2shi4,2040 RCP 2.6,xia4men2shi4_2_5_2005_S0,STOREY_3,1670,0
26°C,定容,xia4men2shi4,2040 RCP 2.6,xia4men2shi4_2_5_2005_S0,STOREY_4,1670,0
26°C,定容,xia4men2shi4,2040 RCP 2.6,xia4men2shi4_2_5_2005_S0,STOREY_5,1670,0
26°C,定容,xia4men2shi4,2040 RCP 2.6,xia4men2shi4_2_5_2005_S0,STOREY_6,1670,0
26°C,定容,xia4men2shi4,2040 RCP 2.6,xia4men2shi4_2_5_2005_S0,STOREY_7,1670,0
26°C,定容,xia4men2shi4,2040 RCP 2.6,xia4men2shi4_2_5_2005_S0,STOREY_8,1670,0
26°C,定容,xia4men2shi4,2040 RCP 2.6,xia4men2shi4_2_5_2005_S0,STOREY_9,1670,0
26°C,定容,xia4men2shi4,2040 RCP 2.6,xia4men2shi4_2_5_2005_S0,STOREY_10,1670,0
26°C,定容,xia4men2shi4,2040 RCP 2.6,xia4men2shi4_2_5_2005_S0,STOREY_11,1670,0
26°C,定容,xia4men2shi4,2040 RCP 2.6,xia4men2shi4_2_5_2005_S0,STOREY_12,1670,0
26°C,定容,xia4men2shi4,2040 RCP 2.6,xia4men2shi4_2_5_2005_S0,STOREY_13,1670,0
26°C,定容,xia4men2shi4,2040 RCP 2.6,xia4men2shi4_2_5_2005_S0,STOREY_14,1670,0
26°C,定容,xia4men2shi4,2040 RCP 2.6,xia4men2shi4_2_5_2005_S0,STOREY_15,1670,16
26°C,定容,xia4men2shi4,2040 RCP 2.6,xia4men2shi4_2_5_2005_S0,STOREY_0,1670,0
26°C,定容,xia4men2shi4,2040 RCP 4.5,xia4men2shi4_0_5_1980_S0,STOREY_1,1670,18
26°C,定容,xia4men2shi4,2040 RCP 4.5,xia4men2shi4_0_5_1980_S0,STOREY_2,1670,65
26°C,定容,xia4men2shi4,2040 RCP 4.5,xia4men2shi4_0_5_1980_S0,STOREY_0,1670,0
26°C,定容,xia4men2shi4,2040 RCP 4.5,xia4men2shi4_1_3_1995_S0,STOREY_1,1670,1
26°C,定容,xia4men2shi4,2040 RCP 4.5,xia4men2shi4_1_3_1995_S0,STOREY_2,1670,4
26°C,定容,xia4men2shi4,2040 RCP 4.5,xia4men2shi4_1_3_1995_S0,STOREY_3,1670,72
26°C,定容,xia4men2shi4,2040 RCP 4.5,xia4men2shi4_1_3_1995_S0,STOREY_0,1670,0
26°C,定容,xia4men2shi4,2040 RCP 4.5,xia4men2shi4_1_1_2005_S0,STOREY_1,1670,0
26°C,定容,xia4men2shi4,2040 RCP 4.5,xia4men2shi4_1_1_2005_S0,STOREY_2,1670,0
26°C,定容,xia4men2shi4,2040 RCP 4.5,xia4men2shi4_1_1_2005_S0,STOREY_3,1670,0
26°C,定容,xia4men2shi4,2040 RCP 4.5,xia4men2shi4_1_1_2005_S0,STOREY_4,1670,0
26°C,定容,xia4men2shi4,2040 RCP 4.5,xia4men2shi4_1_1_2005_S0,STOREY_5,1670,37
26°C,定容,xia4men2shi4,2040 RCP 4.5,xia4men2shi4_1_1_2005_S0,STOREY_0,1670,0
26°C,定容,xia4men2shi4,2040 RCP 4.5,xia4men2shi4_1_2_1995_S0,STOREY_1,1670,0
26°C,定容,xia4men2shi4,2040 RCP 4.5,xia4men2shi4_1_2_1995_S0,STOREY_2,1670,0
26°C,定容,xia4men2shi4,2040 RCP 4.5,xia4men2shi4_1_2_1995_S0,STOREY_3,1670,0
26°C,定容,xia4men2shi4,2040 RCP 4.5,xia4men2shi4_1_2_1995_S0,STOREY_4,1670,0
26°C,定容,xia4men2shi4,2040 RCP 4.5,xia4men2shi4_1_2_1995_S0,STOREY_5,1670,32
26°C,定容,xia4men2shi4,2040 RCP 4.5,xia4men2shi4_1_2_1995_S0,STOREY_0,1670,0
26°C,定容,xia4men2shi4,2040 RCP 4.5,xia4men2shi4_1_4_1995_S0,STOREY_1,1670,0
26°C,定容,xia4men2shi4,2040 RCP 4.5,xia4men2shi4_1_4_1995_S0,STOREY_2,1670,0
26°C,定容,xia4men2shi4,2040 RCP 4.5,xia4men2shi4_1_4_1995_S0,STOREY_3,1670,0
26°C,定容,xia4men2shi4,2040 RCP 4.5,xia4men2shi4_1_4_1995_S0,STOREY_4,1670,0
26°C,定容,xia4men2shi4,2040 RCP 4.5,xia4men2shi4_1_4_1995_S0,STOREY_5,1670,0
26°C,定容,xia4men2shi4,2040 RCP 4.5,xia4men2shi4_1_4_1995_S0,STOREY_6,1670,27
26°C,定容,xia4men2shi4,2040 RCP 4.5,xia4men2shi4_1_4_1995_S0,STOREY_0,1670,0
26°C,定容,xia4men2shi4,2040 RCP 4.5,xia4men2shi4_1_6_1995_S0,STOREY_1,1670,0
26°C,定容,xia4men2shi4,2040 RCP 4.5,xia4men2shi4_1_6_1995_S0,STOREY_2,1670,1
26°C,定容,xia4men2shi4,2040 RCP 4.5,xia4men2shi4_1_6_1995_S0,STOREY_3,1670,1
26°C,定容,xia4men2shi4,2040 RCP 4.5,xia4men2shi4_1_6_1995_S0,STOREY_4,1670,3
26°C,定容,xia4men2shi4,2040 RCP 4.5,xia4men2shi4_1_6_1995_S0,STOREY_5,1670,67
26°C,定容,xia4men2shi4,2040 RCP 4.5,xia4men2shi4_1_6_1995_S0,STOREY_0,1670,0
26°C,定容,xia4men2shi4,2040 RCP 2.6,xia4men2shi4_2_6_2005_S0,STOREY_1,1670,0
26°C,定容,xia4men2shi4,2040 RCP 2.6,xia4men2shi4_2_6_2005_S0,STOREY_2,1670,0
26°C,定容,xia4men2shi4,2040 RCP 2.6,xia4men2shi4_2_6_2005_S0,STOREY_3,1670,0
26°C,定容,xia4men2shi4,2040 RCP 2.6,xia4men2shi4_2_6_2005_S0,STOREY_4,1670,0
26°C,定容,xia4men2shi4,2040 RCP 2.6,xia4men2shi4_2_6_2005_S0,STOREY_5,1670,0
26°C,定容,xia4men2shi4,2040 RCP 2.6,xia4men2shi4_2_6_2005_S0,STOREY_6,1670,0
26°C,定容,xia4men2shi4,2040 RCP 2.6,xia4men2shi4_2_6_2005_S0,STOREY_7,1670,0
26°C,定容,xia4men2shi4,2040 RCP 2.6,xia4men2shi4_2_6_2005_S0,STOREY_8,1670,0
26°C,定容,xia4men2shi4,2040 RCP 2.6,xia4men2shi4_2_6_2005_S0,STOREY_9,1670,0
26°C,定容,xia4men2shi4,2040 RCP 2.6,xia4men2shi4_2_6_2005_S0,STOREY_10,1670,0
26°C,定容,xia4men2shi4,2040 RCP 2.6,xia4men2shi4_2_6_2005_S0,STOREY_11,1670,0
26°C,定容,xia4men2shi4,2040 RCP 2.6,xia4men2shi4_2_6_2005_S0,STOREY_12,1670,0
26°C,定容,xia4men2shi4,2040 RCP 2.6,xia4men2shi4_2_6_2005_S0,STOREY_13,1670,0
26°C,定容,xia4men2shi4,2040 RCP 2.6,xia4men2shi4_2_6_2005_S0,STOREY_14,1670,0
26°C,定容,xia4men2shi4,2040 RCP 2.6,xia4men2shi4_2_6_2005_S0,STOREY_15,1670,0
26°C,定容,xia4men2shi4,2040 RCP 2.6,xia4men2shi4_2_6_2005_S0,STOREY_16,1670,0
26°C,定容,xia4men2shi4,2040 RCP 2.6,xia4men2shi4_2_6_2005_S0,STOREY_17,1670,0
26°C,定容,xia4men2shi4,2040 RCP 2.6,xia4men2shi4_2_6_2005_S0,STOREY_18,1670,0
26°C,定容,xia4men2shi4,2040 RCP 2.6,xia4men2shi4_2_6_2005_S0,STOREY_19,1670,0
26°C,定容,xia4men2shi4,2040 RCP 2.6,xia4men2shi4_2_6_2005_S0,STOREY_20,1670,0
26°C,定容,xia4men2shi4,2040 RCP 2.6,xia4men2shi4_2_6_2005_S0,STOREY_21,1670,0
26°C,定容,xia4men2shi4,2040 RCP 2.6,xia4men2shi4_2_6_2005_S0,STOREY_22,1670,0
26°C,定容,xia4men2shi4,2040 RCP 2.6,xia4men2shi4_2_6_2005_S0,STOREY_23,1670,0
26°C,定容,xia4men2shi4,2040 RCP 2.6,xia4men2shi4_2_6_2005_S0,STOREY_24,1670,0
26°C,定容,xia4men2shi4,2040 RCP 2.6,xia4men2shi4_2_6_2005_S0,STOREY_25,1670,0
26°C,定容,xia4men2shi4,2040 RCP 2.6,xia4men2shi4_2_6_2005_S0,STOREY_26,1670,0
26°C,定容,xia4men2shi4,2040 RCP 2.6,xia4men2shi4_2_6_2005_S0,STOREY_27,1670,0
26°C,定容,xia4men2shi4,2040 RCP 2.6,xia4men2shi4_2_6_2005_S0,STOREY_28,1670,14
26°C,定容,xia4men2shi4,2040 RCP 2.6,xia4men2shi4_2_6_2005_S0,STOREY_0,1670,0
26°C,定容,xia4men2shi4,2040 RCP 4.5,xia4men2shi4_1_5_1995_S0,STOREY_1,1670,0
26°C,定容,xia4men2shi4,2040 RCP 4.5,xia4men2shi4_1_5_1995_S0,STOREY_2,1670,0
26°C,定容,xia4men2shi4,2040 RCP 4.5,xia4men2shi4_1_5_1995_S0,STOREY_3,1670,0
26°C,定容,xia4men2shi4,2040 RCP 4.5,xia4men2shi4_1_5_1995_S0,STOREY_4,1670,0
26°C,定容,xia4men2shi4,2040 RCP 4.5,xia4men2shi4_1_5_1995_S0,STOREY_5,1670,0
26°C,定容,xia4men2shi4,2040 RCP 4.5,xia4men2shi4_1_5_1995_S0,STOREY_6,1670,0
26°C,定容,xia4men2shi4,2040 RCP 4.5,xia4men2shi4_1_5_1995_S0,STOREY_7,1670,0
26°C,定容,xia4men2shi4,2040 RCP 4.5,xia4men2shi4_1_5_1995_S0,STOREY_8,1670,0
26°C,定容,xia4men2shi4,2040 RCP 4.5,xia4men2shi4_1_5_1995_S0,STOREY_9,1670,43
26°C,定容,xia4men2shi4,2040 RCP 4.5,xia4men2shi4_1_5_1995_S0,STOREY_0,1670,0
26°C,定容,xia4men2shi4,2040 RCP 4.5,xia4men2shi4_2_3_2005_S0,STOREY_1,1670,0
26°C,定容,xia4men2shi4,2040 RCP 4.5,xia4men2shi4_2_3_2005_S0,STOREY_2,1670,0
26°C,定容,xia4men2shi4,2040 RCP 4.5,xia4men2shi4_2_3_2005_S0,STOREY_3,1670,0
26°C,定容,xia4men2shi4,2040 RCP 4.5,xia4men2shi4_2_3_2005_S0,STOREY_4,1670,0
26°C,定容,xia4men2shi4,2040 RCP 4.5,xia4men2shi4_2_3_2005_S0,STOREY_5,1670,0
26°C,定容,xia4men2shi4,2040 RCP 4.5,xia4men2shi4_2_3_2005_S0,STOREY_6,1670,0
26°C,定容,xia4men2shi4,2040 RCP 4.5,xia4men2shi4_2_3_2005_S0,STOREY_7,1670,0
26°C,定容,xia4men2shi4,2040 RCP 4.5,xia4men2shi4_2_3_2005_S0,STOREY_8,1670,0
26°C,定容,xia4men2shi4,2040 RCP 4.5,xia4men2shi4_2_3_2005_S0,STOREY_9,1670,0
26°C,定容,xia4men2shi4,2040 RCP 4.5,xia4men2shi4_2_3_2005_S0,STOREY_10,1670,0
26°C,定容,xia4men2shi4,2040 RCP 4.5,xia4men2shi4_2_3_2005_S0,STOREY_11,1670,0
26°C,定容,xia4men2shi4,2040 RCP 4.5,xia4men2shi4_2_3_2005_S0,STOREY_12,1670,19
26°C,定容,xia4men2shi4,2040 RCP 4.5,xia4men2shi4_2_3_2005_S0,STOREY_0,1670,0
26°C,定容,xia4men2shi4,2040 RCP 4.5,xia4men2shi4_2_4_2005_S0,STOREY_1,1670,0
26°C,定容,xia4men2shi4,2040 RCP 4.5,xia4men2shi4_2_4_2005_S0,STOREY_2,1670,0
26°C,定容,xia4men2shi4,2040 RCP 4.5,xia4men2shi4_2_4_2005_S0,STOREY_3,1670,0
26°C,定容,xia4men2shi4,2040 RCP 4.5,xia4men2shi4_2_4_2005_S0,STOREY_4,1670,0
26°C,定容,xia4men2shi4,2040 RCP 4.5,xia4men2shi4_2_4_2005_S0,STOREY_5,1670,0
26°C,定容,xia4men2shi4,2040 RCP 4.5,xia4men2shi4_2_4_2005_S0,STOREY_6,1670,0
26°C,定容,xia4men2shi4,2040 RCP 4.5,xia4men2shi4_2_4_2005_S0,STOREY_7,1670,0
26°C,定容,xia4men2shi4,2040 RCP 4.5,xia4men2shi4_2_4_2005_S0,STOREY_8,1670,0
26°C,定容,xia4men2shi4,2040 RCP 4.5,xia4men2shi4_2_4_2005_S0,STOREY_9,1670,0
26°C,定容,xia4men2shi4,2040 RCP 4.5,xia4men2shi4_2_4_2005_S0,STOREY_10,1670,0
26°C,定容,xia4men2shi4,2040 RCP 4.5,xia4men2shi4_2_4_2005_S0,STOREY_11,1670,24
26°C,定容,xia4men2shi4,2040 RCP 4.5,xia4men2shi4_2_4_2005_S0,STOREY_0,1670,0
26°C,定容,xia4men2shi4,2040 RCP 4.5,xia4men2shi4_2_1_2005_S0,STOREY_1,1670,0
26°C,定容,xia4men2shi4,2040 RCP 4.5,xia4men2shi4_2_1_2005_S0,STOREY_2,1670,0
26°C,定容,xia4men2shi4,2040 RCP 4.5,xia4men2shi4_2_1_2005_S0,STOREY_3,1670,0
26°C,定容,xia4men2shi4,2040 RCP 4.5,xia4men2shi4_2_1_2005_S0,STOREY_4,1670,0
26°C,定容,xia4men2shi4,2040 RCP 4.5,xia4men2shi4_2_1_2005_S0,STOREY_5,1670,0
26°C,定容,xia4men2shi4,2040 RCP 4.5,xia4men2shi4_2_1_2005_S0,STOREY_6,1670,0
26°C,定容,xia4men2shi4,2040 RCP 4.5,xia4men2shi4_2_1_2005_S0,STOREY_7,1670,0
26°C,定容,xia4men2shi4,2040 RCP 4.5,xia4men2shi4_2_1_2005_S0,STOREY_8,1670,0
26°C,定容,xia4men2shi4,2040 RCP 4.5,xia4men2shi4_2_1_2005_S0,STOREY_9,1670,0
26°C,定容,xia4men2shi4,2040 RCP 4.5,xia4men2shi4_2_1_2005_S0,STOREY_10,1670,0
26°C,定容,xia4men2shi4,2040 RCP 4.5,xia4men2shi4_2_1_2005_S0,STOREY_11,1670,0
26°C,定容,xia4men2shi4,2040 RCP 4.5,xia4men2shi4_2_1_2005_S0,STOREY_12,1670,0
26°C,定容,xia4men2shi4,2040 RCP 4.5,xia4men2shi4_2_1_2005_S0,STOREY_13,1670,0
26°C,定容,xia4men2shi4,2040 RCP 4.5,xia4men2shi4_2_1_2005_S0,STOREY_14,1670,0
26°C,定容,xia4men2shi4,2040 RCP 4.5,xia4men2shi4_2_1_2005_S0,STOREY_15,1670,0
26°C,定容,xia4men2shi4,2040 RCP 4.5,xia4men2shi4_2_1_2005_S0,STOREY_16,1670,0
26°C,定容,xia4men2shi4,2040 RCP 4.5,xia4men2shi4_2_1_2005_S0,STOREY_17,1670,18
26°C,定容,xia4men2shi4,2040 RCP 4.5,xia4men2shi4_2_1_2005_S0,STOREY_0,1670,0
26°C,定容,xia4men2shi4,2040 RCP 8.5,xia4men2shi4_0_1_1980_S0,STOREY_1,1670,0
26°C,定容,xia4men2shi4,2040 RCP 8.5,xia4men2shi4_0_1_1980_S0,STOREY_2,1670,52
26°C,定容,xia4men2shi4,2040 RCP 8.5,xia4men2shi4_0_1_1980_S0,STOREY_0,1670,0
26°C,定容,xia4men2shi4,2040 RCP 8.5,xia4men2shi4_0_2_1995_S0,STOREY_1,1670,0
26°C,定容,xia4men2shi4,2040 RCP 8.5,xia4men2shi4_0_2_1995_S0,STOREY_2,1670,51
26°C,定容,xia4men2shi4,2040 RCP 8.5,xia4men2shi4_0_2_1995_S0,STOREY_0,1670,0
26°C,定容,xia4men2shi4,2040 RCP 8.5,xia4men2shi4_0_3_1980_S0,STOREY_0,1670,0
26°C,定容,xia4men2shi4,2040 RCP 4.5,xia4men2shi4_2_2_2005_S0,STOREY_1,1670,0
26°C,定容,xia4men2shi4,2040 RCP 4.5,xia4men2shi4_2_2_2005_S0,STOREY_2,1670,0
26°C,定容,xia4men2shi4,2040 RCP 4.5,xia4men2shi4_2_2_2005_S0,STOREY_3,1670,0
26°C,定容,xia4men2shi4,2040 RCP 4.5,xia4men2shi4_2_2_2005_S0,STOREY_4,1670,0
26°C,定容,xia4men2shi4,2040 RCP 4.5,xia4men2shi4_2_2_2005_S0,STOREY_5,1670,0
26°C,定容,xia4men2shi4,2040 RCP 4.5,xia4men2shi4_2_2_2005_S0,STOREY_6,1670,0
26°C,定容,xia4men2shi4,2040 RCP 4.5,xia4men2shi4_2_2_2005_S0,STOREY_7,1670,0
26°C,定容,xia4men2shi4,2040 RCP 4.5,xia4men2shi4_2_2_2005_S0,STOREY_8,1670,0
26°C,定容,xia4men2shi4,2040 RCP 4.5,xia4men2shi4_2_2_2005_S0,STOREY_9,1670,0
26°C,定容,xia4men2shi4,2040 RCP 4.5,xia4men2shi4_2_2_2005_S0,STOREY_10,1670,0
26°C,定容,xia4men2shi4,2040 RCP 4.5,xia4men2shi4_2_2_2005_S0,STOREY_11,1670,0
26°C,定容,xia4men2shi4,2040 RCP 4.5,xia4men2shi4_2_2_2005_S0,STOREY_12,1670,0
26°C,定容,xia4men2shi4,2040 RCP 4.5,xia4men2shi4_2_2_2005_S0,STOREY_13,1670,0
26°C,定容,xia4men2shi4,2040 RCP 4.5,xia4men2shi4_2_2_2005_S0,STOREY_14,1670,0
26°C,定容,xia4men2shi4,2040 RCP 4.5,xia4men2shi4_2_2_2005_S0,STOREY_15,1670,0
26°C,定容,xia4men2shi4,2040 RCP 4.5,xia4men2shi4_2_2_2005_S0,STOREY_16,1670,0
26°C,定容,xia4men2shi4,2040 RCP 4.5,xia4men2shi4_2_2_2005_S0,STOREY_17,1670,0
26°C,定容,xia4men2shi4,2040 RCP 4.5,xia4men2shi4_2_2_2005_S0,STOREY_18,1670,0
26°C,定容,xia4men2shi4,2040 RCP 4.5,xia4men2shi4_2_2_2005_S0,STOREY_19,1670,0
26°C,定容,xia4men2shi4,2040 RCP 4.5,xia4men2shi4_2_2_2005_S0,STOREY_20,1670,0
26°C,定容,xia4men2shi4,2040 RCP 4.5,xia4men2shi4_2_2_2005_S0,STOREY_21,1670,0
26°C,定容,xia4men2shi4,2040 RCP 4.5,xia4men2shi4_2_2_2005_S0,STOREY_22,1670,0
26°C,定容,xia4men2shi4,2040 RCP 4.5,xia4men2shi4_2_2_2005_S0,STOREY_23,1670,0
26°C,定容,xia4men2shi4,2040 RCP 4.5,xia4men2shi4_2_2_2005_S0,STOREY_24,1670,0
26°C,定容,xia4men2shi4,2040 RCP 4.5,xia4men2shi4_2_2_2005_S0,STOREY_25,1670,0
26°C,定容,xia4men2shi4,2040 RCP 4.5,xia4men2shi4_2_2_2005_S0,STOREY_26,1670,0
26°C,定容,xia4men2shi4,2040 RCP 4.5,xia4men2shi4_2_2_2005_S0,STOREY_27,1670,24
26°C,定容,xia4men2shi4,2040 RCP 4.5,xia4men2shi4_2_2_2005_S0,STOREY_0,1670,0
26°C,定容,xia4men2shi4,2040 RCP 4.5,xia4men2shi4_2_5_2005_S0,STOREY_1,1670,0
26°C,定容,xia4men2shi4,2040 RCP 4.5,xia4men2shi4_2_5_2005_S0,STOREY_2,1670,0
26°C,定容,xia4men2shi4,2040 RCP 4.5,xia4men2shi4_2_5_2005_S0,STOREY_3,1670,0
26°C,定容,xia4men2shi4,2040 RCP 4.5,xia4men2shi4_2_5_2005_S0,STOREY_4,1670,0
26°C,定容,xia4men2shi4,2040 RCP 4.5,xia4men2shi4_2_5_2005_S0,STOREY_5,1670,0
26°C,定容,xia4men2shi4,2040 RCP 4.5,xia4men2shi4_2_5_2005_S0,STOREY_6,1670,0
26°C,定容,xia4men2shi4,2040 RCP 4.5,xia4men2shi4_2_5_2005_S0,STOREY_7,1670,0
26°C,定容,xia4men2shi4,2040 RCP 4.5,xia4men2shi4_2_5_2005_S0,STOREY_8,1670,0
26°C,定容,xia4men2shi4,2040 RCP 4.5,xia4men2shi4_2_5_2005_S0,STOREY_9,1670,0
26°C,定容,xia4men2shi4,2040 RCP 4.5,xia4men2shi4_2_5_2005_S0,STOREY_10,1670,0
26°C,定容,xia4men2shi4,2040 RCP 4.5,xia4men2shi4_2_5_2005_S0,STOREY_11,1670,0
26°C,定容,xia4men2shi4,2040 RCP 4.5,xia4men2shi4_2_5_2005_S0,STOREY_12,1670,0
26°C,定容,xia4men2shi4,2040 RCP 4.5,xia4men2shi4_2_5_2005_S0,STOREY_13,1670,0
26°C,定容,xia4men2shi4,2040 RCP 4.5,xia4men2shi4_2_5_2005_S0,STOREY_14,1670,0
26°C,定容,xia4men2shi4,2040 RCP 4.5,xia4men2shi4_2_5_2005_S0,STOREY_15,1670,17
26°C,定容,xia4men2shi4,2040 RCP 4.5,xia4men2shi4_2_5_2005_S0,STOREY_0,1670,0
26°C,定容,xia4men2shi4,2040 RCP 8.5,xia4men2shi4_0_4_1980_S0,STOREY_1,1670,23
26°C,定容,xia4men2shi4,2040 RCP 8.5,xia4men2shi4_0_4_1980_S0,STOREY_0,1670,0
26°C,定容,xia4men2shi4,2040 RCP 8.5,xia4men2shi4_0_6_1980_S0,STOREY_0,1670,0
26°C,定容,xia4men2shi4,2040 RCP 8.5,xia4men2shi4_0_5_1980_S0,STOREY_1,1670,23
26°C,定容,xia4men2shi4,2040 RCP 8.5,xia4men2shi4_0_5_1980_S0,STOREY_2,1670,87
26°C,定容,xia4men2shi4,2040 RCP 8.5,xia4men2shi4_0_5_1980_S0,STOREY_0,1670,0
26°C,定容,xia4men2shi4,2040 RCP 8.5,xia4men2shi4_1_3_1995_S0,STOREY_1,1670,1
26°C,定容,xia4men2shi4,2040 RCP 8.5,xia4men2shi4_1_3_1995_S0,STOREY_2,1670,5
26°C,定容,xia4men2shi4,2040 RCP 8.5,xia4men2shi4_1_3_1995_S0,STOREY_3,1670,91
26°C,定容,xia4men2shi4,2040 RCP 8.5,xia4men2shi4_1_3_1995_S0,STOREY_0,1670,0
26°C,定容,xia4men2shi4,2040 RCP 8.5,xia4men2shi4_1_1_2005_S0,STOREY_1,1670,0
26°C,定容,xia4men2shi4,2040 RCP 8.5,xia4men2shi4_1_1_2005_S0,STOREY_2,1670,1
26°C,定容,xia4men2shi4,2040 RCP 8.5,xia4men2shi4_1_1_2005_S0,STOREY_3,1670,1
26°C,定容,xia4men2shi4,2040 RCP 8.5,xia4men2shi4_1_1_2005_S0,STOREY_4,1670,1
26°C,定容,xia4men2shi4,2040 RCP 8.5,xia4men2shi4_1_1_2005_S0,STOREY_5,1670,50
26°C,定容,xia4men2shi4,2040 RCP 8.5,xia4men2shi4_1_1_2005_S0,STOREY_0,1670,0
26°C,定容,xia4men2shi4,2040 RCP 8.5,xia4men2shi4_1_2_1995_S0,STOREY_1,1670,0
26°C,定容,xia4men2shi4,2040 RCP 8.5,xia4men2shi4_1_2_1995_S0,STOREY_2,1670,0
26°C,定容,xia4men2shi4,2040 RCP 8.5,xia4men2shi4_1_2_1995_S0,STOREY_3,1670,1
26°C,定容,xia4men2shi4,2040 RCP 8.5,xia4men2shi4_1_2_1995_S0,STOREY_4,1670,1
26°C,定容,xia4men2shi4,2040 RCP 8.5,xia4men2shi4_1_2_1995_S0,STOREY_5,1670,44
26°C,定容,xia4men2shi4,2040 RCP 8.5,xia4men2shi4_1_2_1995_S0,STOREY_0,1670,0
26°C,定容,xia4men2shi4,2040 RCP 8.5,xia4men2shi4_1_4_1995_S0,STOREY_1,1670,0
26°C,定容,xia4men2shi4,2040 RCP 8.5,xia4men2shi4_1_4_1995_S0,STOREY_2,1670,0
26°C,定容,xia4men2shi4,2040 RCP 8.5,xia4men2shi4_1_4_1995_S0,STOREY_3,1670,0
26°C,定容,xia4men2shi4,2040 RCP 8.5,xia4men2shi4_1_4_1995_S0,STOREY_4,1670,0
26°C,定容,xia4men2shi4,2040 RCP 8.5,xia4men2shi4_1_4_1995_S0,STOREY_5,1670,0
26°C,定容,xia4men2shi4,2040 RCP 8.5,xia4men2shi4_1_4_1995_S0,STOREY_6,1670,39
26°C,定容,xia4men2shi4,2040 RCP 8.5,xia4men2shi4_1_4_1995_S0,STOREY_0,1670,0
26°C,定容,xia4men2shi4,2040 RCP 8.5,xia4men2shi4_1_6_1995_S0,STOREY_1,1670,1
26°C,定容,xia4men2shi4,2040 RCP 8.5,xia4men2shi4_1_6_1995_S0,STOREY_2,1670,1
26°C,定容,xia4men2shi4,2040 RCP 8.5,xia4men2shi4_1_6_1995_S0,STOREY_3,1670,1
26°C,定容,xia4men2shi4,2040 RCP 8.5,xia4men2shi4_1_6_1995_S0,STOREY_4,1670,3
26°C,定容,xia4men2shi4,2040 RCP 8.5,xia4men2shi4_1_6_1995_S0,STOREY_5,1670,87
26°C,定容,xia4men2shi4,2040 RCP 8.5,xia4men2shi4_1_6_1995_S0,STOREY_0,1670,0
26°C,定容,xia4men2shi4,2040 RCP 4.5,xia4men2shi4_2_6_2005_S0,STOREY_1,1670,0
26°C,定容,xia4men2shi4,2040 RCP 4.5,xia4men2shi4_2_6_2005_S0,STOREY_2,1670,0
26°C,定容,xia4men2shi4,2040 RCP 4.5,xia4men2shi4_2_6_2005_S0,STOREY_3,1670,0
26°C,定容,xia4men2shi4,2040 RCP 4.5,xia4men2shi4_2_6_2005_S0,STOREY_4,1670,0
26°C,定容,xia4men2shi4,2040 RCP 4.5,xia4men2shi4_2_6_2005_S0,STOREY_5,1670,0
26°C,定容,xia4men2shi4,2040 RCP 4.5,xia4men2shi4_2_6_2005_S0,STOREY_6,1670,0
26°C,定容,xia4men2shi4,2040 RCP 4.5,xia4men2shi4_2_6_2005_S0,STOREY_7,1670,0
26°C,定容,xia4men2shi4,2040 RCP 4.5,xia4men2shi4_2_6_2005_S0,STOREY_8,1670,0
26°C,定容,xia4men2shi4,2040 RCP 4.5,xia4men2shi4_2_6_2005_S0,STOREY_9,1670,0
26°C,定容,xia4men2shi4,2040 RCP 4.5,xia4men2shi4_2_6_2005_S0,STOREY_10,1670,0
26°C,定容,xia4men2shi4,2040 RCP 4.5,xia4men2shi4_2_6_2005_S0,STOREY_11,1670,0
26°C,定容,xia4men2shi4,2040 RCP 4.5,xia4men2shi4_2_6_2005_S0,STOREY_12,1670,0
26°C,定容,xia4men2shi4,2040 RCP 4.5,xia4men2shi4_2_6_2005_S0,STOREY_13,1670,0
26°C,定容,xia4men2shi4,2040 RCP 4.5,xia4men2shi4_2_6_2005_S0,STOREY_14,1670,0
26°C,定容,xia4men2shi4,2040 RCP 4.5,xia4men2shi4_2_6_2005_S0,STOREY_15,1670,0
26°C,定容,xia4men2shi4,2040 RCP 4.5,xia4men2shi4_2_6_2005_S0,STOREY_16,1670,0
26°C,定容,xia4men2shi4,2040 RCP 4.5,xia4men2shi4_2_6_2005_S0,STOREY_17,1670,0
26°C,定容,xia4men2shi4,2040 RCP 4.5,xia4men2shi4_2_6_2005_S0,STOREY_18,1670,0
26°C,定容,xia4men2shi4,2040 RCP 4.5,xia4men2shi4_2_6_2005_S0,STOREY_19,1670,0
26°C,定容,xia4men2shi4,2040 RCP 4.5,xia4men2shi4_2_6_2005_S0,STOREY_20,1670,0
26°C,定容,xia4men2shi4,2040 RCP 4.5,xia4men2shi4_2_6_2005_S0,STOREY_21,1670,0
26°C,定容,xia4men2shi4,2040 RCP 4.5,xia4men2shi4_2_6_2005_S0,STOREY_22,1670,0
26°C,定容,xia4men2shi4,2040 RCP 4.5,xia4men2shi4_2_6_2005_S0,STOREY_23,1670,0
26°C,定容,xia4men2shi4,2040 RCP 4.5,xia4men2shi4_2_6_2005_S0,STOREY_24,1670,0
26°C,定容,xia4men2shi4,2040 RCP 4.5,xia4men2shi4_2_6_2005_S0,STOREY_25,1670,0
26°C,定容,xia4men2shi4,2040 RCP 4.5,xia4men2shi4_2_6_2005_S0,STOREY_26,1670,0
26°C,定容,xia4men2shi4,2040 RCP 4.5,xia4men2shi4_2_6_2005_S0,STOREY_27,1670,0
26°C,定容,xia4men2shi4,2040 RCP 4.5,xia4men2shi4_2_6_2005_S0,STOREY_28,1670,13
26°C,定容,xia4men2shi4,2040 RCP 4.5,xia4men2shi4_2_6_2005_S0,STOREY_0,1670,0
26°C,定容,xia4men2shi4,2040 RCP 8.5,xia4men2shi4_1_5_1995_S0,STOREY_1,1670,0
26°C,定容,xia4men2shi4,2040 RCP 8.5,xia4men2shi4_1_5_1995_S0,STOREY_2,1670,1
26°C,定容,xia4men2shi4,2040 RCP 8.5,xia4men2shi4_1_5_1995_S0,STOREY_3,1670,1
26°C,定容,xia4men2shi4,2040 RCP 8.5,xia4men2shi4_1_5_1995_S0,STOREY_4,1670,1
26°C,定容,xia4men2shi4,2040 RCP 8.5,xia4men2shi4_1_5_1995_S0,STOREY_5,1670,1
26°C,定容,xia4men2shi4,2040 RCP 8.5,xia4men2shi4_1_5_1995_S0,STOREY_6,1670,1
26°C,定容,xia4men2shi4,2040 RCP 8.5,xia4men2shi4_1_5_1995_S0,STOREY_7,1670,1
26°C,定容,xia4men2shi4,2040 RCP 8.5,xia4men2shi4_1_5_1995_S0,STOREY_8,1670,1
26°C,定容,xia4men2shi4,2040 RCP 8.5,xia4men2shi4_1_5_1995_S0,STOREY_9,1670,59
26°C,定容,xia4men2shi4,2040 RCP 8.5,xia4men2shi4_1_5_1995_S0,STOREY_0,1670,0
26°C,定容,xia4men2shi4,2040 RCP 8.5,xia4men2shi4_2_3_2005_S0,STOREY_1,1670,0
26°C,定容,xia4men2shi4,2040 RCP 8.5,xia4men2shi4_2_3_2005_S0,STOREY_2,1670,0
26°C,定容,xia4men2shi4,2040 RCP 8.5,xia4men2shi4_2_3_2005_S0,STOREY_3,1670,0
26°C,定容,xia4men2shi4,2040 RCP 8.5,xia4men2shi4_2_3_2005_S0,STOREY_4,1670,0
26°C,定容,xia4men2shi4,2040 RCP 8.5,xia4men2shi4_2_3_2005_S0,STOREY_5,1670,0
26°C,定容,xia4men2shi4,2040 RCP 8.5,xia4men2shi4_2_3_2005_S0,STOREY_6,1670,0
26°C,定容,xia4men2shi4,2040 RCP 8.5,xia4men2shi4_2_3_2005_S0,STOREY_7,1670,0
26°C,定容,xia4men2shi4,2040 RCP 8.5,xia4men2shi4_2_3_2005_S0,STOREY_8,1670,0
26°C,定容,xia4men2shi4,2040 RCP 8.5,xia4men2shi4_2_3_2005_S0,STOREY_9,1670,0
26°C,定容,xia4men2shi4,2040 RCP 8.5,xia4men2shi4_2_3_2005_S0,STOREY_10,1670,0
26°C,定容,xia4men2shi4,2040 RCP 8.5,xia4men2shi4_2_3_2005_S0,STOREY_11,1670,0
26°C,定容,xia4men2shi4,2040 RCP 8.5,xia4men2shi4_2_3_2005_S0,STOREY_12,1670,27
26°C,定容,xia4men2shi4,2040 RCP 8.5,xia4men2shi4_2_3_2005_S0,STOREY_0,1670,0
26°C,定容,xia4men2shi4,2040 RCP 8.5,xia4men2shi4_2_4_2005_S0,STOREY_1,1670,0
26°C,定容,xia4men2shi4,2040 RCP 8.5,xia4men2shi4_2_4_2005_S0,STOREY_2,1670,0
26°C,定容,xia4men2shi4,2040 RCP 8.5,xia4men2shi4_2_4_2005_S0,STOREY_3,1670,0
26°C,定容,xia4men2shi4,2040 RCP 8.5,xia4men2shi4_2_4_2005_S0,STOREY_4,1670,0
26°C,定容,xia4men2shi4,2040 RCP 8.5,xia4men2shi4_2_4_2005_S0,STOREY_5,1670,0
26°C,定容,xia4men2shi4,2040 RCP 8.5,xia4men2shi4_2_4_2005_S0,STOREY_6,1670,0
26°C,定容,xia4men2shi4,2040 RCP 8.5,xia4men2shi4_2_4_2005_S0,STOREY_7,1670,0
26°C,定容,xia4men2shi4,2040 RCP 8.5,xia4men2shi4_2_4_2005_S0,STOREY_8,1670,0
26°C,定容,xia4men2shi4,2040 RCP 8.5,xia4men2shi4_2_4_2005_S0,STOREY_9,1670,0
26°C,定容,xia4men2shi4,2040 RCP 8.5,xia4men2shi4_2_4_2005_S0,STOREY_10,1670,1
26°C,定容,xia4men2shi4,2040 RCP 8.5,xia4men2shi4_2_4_2005_S0,STOREY_11,1670,35
26°C,定容,xia4men2shi4,2040 RCP 8.5,xia4men2shi4_2_4_2005_S0,STOREY_0,1670,0
26°C,定容,xia4men2shi4,2040 RCP 8.5,xia4men2shi4_2_1_2005_S0,STOREY_1,1670,0
26°C,定容,xia4men2shi4,2040 RCP 8.5,xia4men2shi4_2_1_2005_S0,STOREY_2,1670,0
26°C,定容,xia4men2shi4,2040 RCP 8.5,xia4men2shi4_2_1_2005_S0,STOREY_3,1670,0
26°C,定容,xia4men2shi4,2040 RCP 8.5,xia4men2shi4_2_1_2005_S0,STOREY_4,1670,0
26°C,定容,xia4men2shi4,2040 RCP 8.5,xia4men2shi4_2_1_2005_S0,STOREY_5,1670,0
26°C,定容,xia4men2shi4,2040 RCP 8.5,xia4men2shi4_2_1_2005_S0,STOREY_6,1670,0
26°C,定容,xia4men2shi4,2040 RCP 8.5,xia4men2shi4_2_1_2005_S0,STOREY_7,1670,0
26°C,定容,xia4men2shi4,2040 RCP 8.5,xia4men2shi4_2_1_2005_S0,STOREY_8,1670,0
26°C,定容,xia4men2shi4,2040 RCP 8.5,xia4men2shi4_2_1_2005_S0,STOREY_9,1670,0
26°C,定容,xia4men2shi4,2040 RCP 8.5,xia4men2shi4_2_1_2005_S0,STOREY_10,1670,0
26°C,定容,xia4men2shi4,2040 RCP 8.5,xia4men2shi4_2_1_2005_S0,STOREY_11,1670,0
26°C,定容,xia4men2shi4,2040 RCP 8.5,xia4men2shi4_2_1_2005_S0,STOREY_12,1670,0
26°C,定容,xia4men2shi4,2040 RCP 8.5,xia4men2shi4_2_1_2005_S0,STOREY_13,1670,0
26°C,定容,xia4men2shi4,2040 RCP 8.5,xia4men2shi4_2_1_2005_S0,STOREY_14,1670,0
26°C,定容,xia4men2shi4,2040 RCP 8.5,xia4men2shi4_2_1_2005_S0,STOREY_15,1670,0
26°C,定容,xia4men2shi4,2040 RCP 8.5,xia4men2shi4_2_1_2005_S0,STOREY_16,1670,0
26°C,定容,xia4men2shi4,2040 RCP 8.5,xia4men2shi4_2_1_2005_S0,STOREY_17,1670,23
26°C,定容,xia4men2shi4,2040 RCP 8.5,xia4men2shi4_2_1_2005_S0,STOREY_0,1670,0
26°C,定容,xia4men2shi4,2060 RCP 2.6,xia4men2shi4_0_1_1980_S0,STOREY_1,1670,0
26°C,定容,xia4men2shi4,2060 RCP 2.6,xia4men2shi4_0_1_1980_S0,STOREY_2,1670,48
26°C,定容,xia4men2shi4,2060 RCP 2.6,xia4men2shi4_0_1_1980_S0,STOREY_0,1670,0
26°C,定容,xia4men2shi4,2060 RCP 2.6,xia4men2shi4_0_2_1995_S0,STOREY_1,1670,0
26°C,定容,xia4men2shi4,2060 RCP 2.6,xia4men2shi4_0_2_1995_S0,STOREY_2,1670,48
26°C,定容,xia4men2shi4,2060 RCP 2.6,xia4men2shi4_0_2_1995_S0,STOREY_0,1670,0
26°C,定容,xia4men2shi4,2060 RCP 2.6,xia4men2shi4_0_3_1980_S0,STOREY_0,1670,0
26°C,定容,xia4men2shi4,2040 RCP 8.5,xia4men2shi4_2_2_2005_S0,STOREY_1,1670,0
26°C,定容,xia4men2shi4,2040 RCP 8.5,xia4men2shi4_2_2_2005_S0,STOREY_2,1670,1
26°C,定容,xia4men2shi4,2040 RCP 8.5,xia4men2shi4_2_2_2005_S0,STOREY_3,1670,1
26°C,定容,xia4men2shi4,2040 RCP 8.5,xia4men2shi4_2_2_2005_S0,STOREY_4,1670,1
26°C,定容,xia4men2shi4,2040 RCP 8.5,xia4men2shi4_2_2_2005_S0,STOREY_5,1670,1
26°C,定容,xia4men2shi4,2040 RCP 8.5,xia4men2shi4_2_2_2005_S0,STOREY_6,1670,1
26°C,定容,xia4men2shi4,2040 RCP 8.5,xia4men2shi4_2_2_2005_S0,STOREY_7,1670,1
26°C,定容,xia4men2shi4,2040 RCP 8.5,xia4men2shi4_2_2_2005_S0,STOREY_8,1670,1
26°C,定容,xia4men2shi4,2040 RCP 8.5,xia4men2shi4_2_2_2005_S0,STOREY_9,1670,0
26°C,定容,xia4men2shi4,2040 RCP 8.5,xia4men2shi4_2_2_2005_S0,STOREY_10,1670,0
26°C,定容,xia4men2shi4,2040 RCP 8.5,xia4men2shi4_2_2_2005_S0,STOREY_11,1670,0
26°C,定容,xia4men2shi4,2040 RCP 8.5,xia4men2shi4_2_2_2005_S0,STOREY_12,1670,0
26°C,定容,xia4men2shi4,2040 RCP 8.5,xia4men2shi4_2_2_2005_S0,STOREY_13,1670,0
26°C,定容,xia4men2shi4,2040 RCP 8.5,xia4men2shi4_2_2_2005_S0,STOREY_14,1670,0
26°C,定容,xia4men2shi4,2040 RCP 8.5,xia4men2shi4_2_2_2005_S0,STOREY_15,1670,0
26°C,定容,xia4men2shi4,2040 RCP 8.5,xia4men2shi4_2_2_2005_S0,STOREY_16,1670,0
26°C,定容,xia4men2shi4,2040 RCP 8.5,xia4men2shi4_2_2_2005_S0,STOREY_17,1670,0
26°C,定容,xia4men2shi4,2040 RCP 8.5,xia4men2shi4_2_2_2005_S0,STOREY_18,1670,0
26°C,定容,xia4men2shi4,2040 RCP 8.5,xia4men2shi4_2_2_2005_S0,STOREY_19,1670,0
26°C,定容,xia4men2shi4,2040 RCP 8.5,xia4men2shi4_2_2_2005_S0,STOREY_20,1670,0
26°C,定容,xia4men2shi4,2040 RCP 8.5,xia4men2shi4_2_2_2005_S0,STOREY_21,1670,0
26°C,定容,xia4men2shi4,2040 RCP 8.5,xia4men2shi4_2_2_2005_S0,STOREY_22,1670,0
26°C,定容,xia4men2shi4,2040 RCP 8.5,xia4men2shi4_2_2_2005_S0,STOREY_23,1670,0
26°C,定容,xia4men2shi4,2040 RCP 8.5,xia4men2shi4_2_2_2005_S0,STOREY_24,1670,0
26°C,定容,xia4men2shi4,2040 RCP 8.5,xia4men2shi4_2_2_2005_S0,STOREY_25,1670,0
26°C,定容,xia4men2shi4,2040 RCP 8.5,xia4men2shi4_2_2_2005_S0,STOREY_26,1670,0
26°C,定容,xia4men2shi4,2040 RCP 8.5,xia4men2shi4_2_2_2005_S0,STOREY_27,1670,32
26°C,定容,xia4men2shi4,2040 RCP 8.5,xia4men2shi4_2_2_2005_S0,STOREY_0,1670,0
26°C,定容,xia4men2shi4,2060 RCP 2.6,xia4men2shi4_0_4_1980_S0,STOREY_1,1670,25
26°C,定容,xia4men2shi4,2060 RCP 2.6,xia4men2shi4_0_4_1980_S0,STOREY_0,1670,0
26°C,定容,xia4men2shi4,2040 RCP 8.5,xia4men2shi4_2_5_2005_S0,STOREY_1,1670,0
26°C,定容,xia4men2shi4,2040 RCP 8.5,xia4men2shi4_2_5_2005_S0,STOREY_2,1670,0
26°C,定容,xia4men2shi4,2040 RCP 8.5,xia4men2shi4_2_5_2005_S0,STOREY_3,1670,0
26°C,定容,xia4men2shi4,2040 RCP 8.5,xia4men2shi4_2_5_2005_S0,STOREY_4,1670,0
26°C,定容,xia4men2shi4,2040 RCP 8.5,xia4men2shi4_2_5_2005_S0,STOREY_5,1670,0
26°C,定容,xia4men2shi4,2040 RCP 8.5,xia4men2shi4_2_5_2005_S0,STOREY_6,1670,0
26°C,定容,xia4men2shi4,2040 RCP 8.5,xia4men2shi4_2_5_2005_S0,STOREY_7,1670,0
26°C,定容,xia4men2shi4,2040 RCP 8.5,xia4men2shi4_2_5_2005_S0,STOREY_8,1670,0
26°C,定容,xia4men2shi4,2040 RCP 8.5,xia4men2shi4_2_5_2005_S0,STOREY_9,1670,0
26°C,定容,xia4men2shi4,2040 RCP 8.5,xia4men2shi4_2_5_2005_S0,STOREY_10,1670,0
26°C,定容,xia4men2shi4,2040 RCP 8.5,xia4men2shi4_2_5_2005_S0,STOREY_11,1670,0
26°C,定容,xia4men2shi4,2040 RCP 8.5,xia4men2shi4_2_5_2005_S0,STOREY_12,1670,0
26°C,定容,xia4men2shi4,2040 RCP 8.5,xia4men2shi4_2_5_2005_S0,STOREY_13,1670,0
26°C,定容,xia4men2shi4,2040 RCP 8.5,xia4men2shi4_2_5_2005_S0,STOREY_14,1670,0
26°C,定容,xia4men2shi4,2040 RCP 8.5,xia4men2shi4_2_5_2005_S0,STOREY_15,1670,22
26°C,定容,xia4men2shi4,2040 RCP 8.5,xia4men2shi4_2_5_2005_S0,STOREY_0,1670,0
26°C,定容,xia4men2shi4,2060 RCP 2.6,xia4men2shi4_0_6_1980_S0,STOREY_0,1670,0
26°C,定容,xia4men2shi4,2060 RCP 2.6,xia4men2shi4_0_5_1980_S0,STOREY_1,1670,28
26°C,定容,xia4men2shi4,2060 RCP 2.6,xia4men2shi4_0_5_1980_S0,STOREY_2,1670,82
26°C,定容,xia4men2shi4,2060 RCP 2.6,xia4men2shi4_0_5_1980_S0,STOREY_0,1670,0
26°C,定容,xia4men2shi4,2060 RCP 2.6,xia4men2shi4_1_3_1995_S0,STOREY_1,1670,2
26°C,定容,xia4men2shi4,2060 RCP 2.6,xia4men2shi4_1_3_1995_S0,STOREY_2,1670,9
26°C,定容,xia4men2shi4,2060 RCP 2.6,xia4men2shi4_1_3_1995_S0,STOREY_3,1670,87
26°C,定容,xia4men2shi4,2060 RCP 2.6,xia4men2shi4_1_3_1995_S0,STOREY_0,1670,0
26°C,定容,xia4men2shi4,2060 RCP 2.6,xia4men2shi4_1_1_2005_S0,STOREY_1,1670,0
26°C,定容,xia4men2shi4,2060 RCP 2.6,xia4men2shi4_1_1_2005_S0,STOREY_2,1670,0
26°C,定容,xia4men2shi4,2060 RCP 2.6,xia4men2shi4_1_1_2005_S0,STOREY_3,1670,0
26°C,定容,xia4men2shi4,2060 RCP 2.6,xia4men2shi4_1_1_2005_S0,STOREY_4,1670,0
26°C,定容,xia4men2shi4,2060 RCP 2.6,xia4men2shi4_1_1_2005_S0,STOREY_5,1670,48
26°C,定容,xia4men2shi4,2060 RCP 2.6,xia4men2shi4_1_1_2005_S0,STOREY_0,1670,0
26°C,定容,xia4men2shi4,2060 RCP 2.6,xia4men2shi4_1_2_1995_S0,STOREY_1,1670,0
26°C,定容,xia4men2shi4,2060 RCP 2.6,xia4men2shi4_1_2_1995_S0,STOREY_2,1670,0
26°C,定容,xia4men2shi4,2060 RCP 2.6,xia4men2shi4_1_2_1995_S0,STOREY_3,1670,0
26°C,定容,xia4men2shi4,2060 RCP 2.6,xia4men2shi4_1_2_1995_S0,STOREY_4,1670,0
26°C,定容,xia4men2shi4,2060 RCP 2.6,xia4men2shi4_1_2_1995_S0,STOREY_5,1670,49
26°C,定容,xia4men2shi4,2060 RCP 2.6,xia4men2shi4_1_2_1995_S0,STOREY_0,1670,0
26°C,定容,xia4men2shi4,2060 RCP 2.6,xia4men2shi4_1_6_1995_S0,STOREY_1,1670,0
26°C,定容,xia4men2shi4,2060 RCP 2.6,xia4men2shi4_1_6_1995_S0,STOREY_2,1670,2
26°C,定容,xia4men2shi4,2060 RCP 2.6,xia4men2shi4_1_6_1995_S0,STOREY_3,1670,3
26°C,定容,xia4men2shi4,2060 RCP 2.6,xia4men2shi4_1_6_1995_S0,STOREY_4,1670,8
26°C,定容,xia4men2shi4,2060 RCP 2.6,xia4men2shi4_1_6_1995_S0,STOREY_5,1670,80
26°C,定容,xia4men2shi4,2060 RCP 2.6,xia4men2shi4_1_6_1995_S0,STOREY_0,1670,0
26°C,定容,xia4men2shi4,2040 RCP 8.5,xia4men2shi4_2_6_2005_S0,STOREY_1,1670,0
26°C,定容,xia4men2shi4,2040 RCP 8.5,xia4men2shi4_2_6_2005_S0,STOREY_2,1670,0
26°C,定容,xia4men2shi4,2040 RCP 8.5,xia4men2shi4_2_6_2005_S0,STOREY_3,1670,0
26°C,定容,xia4men2shi4,2040 RCP 8.5,xia4men2shi4_2_6_2005_S0,STOREY_4,1670,0
26°C,定容,xia4men2shi4,2040 RCP 8.5,xia4men2shi4_2_6_2005_S0,STOREY_5,1670,0
26°C,定容,xia4men2shi4,2040 RCP 8.5,xia4men2shi4_2_6_2005_S0,STOREY_6,1670,0
26°C,定容,xia4men2shi4,2040 RCP 8.5,xia4men2shi4_2_6_2005_S0,STOREY_7,1670,0
26°C,定容,xia4men2shi4,2040 RCP 8.5,xia4men2shi4_2_6_2005_S0,STOREY_8,1670,0
26°C,定容,xia4men2shi4,2040 RCP 8.5,xia4men2shi4_2_6_2005_S0,STOREY_9,1670,0
26°C,定容,xia4men2shi4,2040 RCP 8.5,xia4men2shi4_2_6_2005_S0,STOREY_10,1670,0
26°C,定容,xia4men2shi4,2040 RCP 8.5,xia4men2shi4_2_6_2005_S0,STOREY_11,1670,0
26°C,定容,xia4men2shi4,2040 RCP 8.5,xia4men2shi4_2_6_2005_S0,STOREY_12,1670,0
26°C,定容,xia4men2shi4,2040 RCP 8.5,xia4men2shi4_2_6_2005_S0,STOREY_13,1670,0
26°C,定容,xia4men2shi4,2040 RCP 8.5,xia4men2shi4_2_6_2005_S0,STOREY_14,1670,0
26°C,定容,xia4men2shi4,2040 RCP 8.5,xia4men2shi4_2_6_2005_S0,STOREY_15,1670,0
26°C,定容,xia4men2shi4,2040 RCP 8.5,xia4men2shi4_2_6_2005_S0,STOREY_16,1670,0
26°C,定容,xia4men2shi4,2040 RCP 8.5,xia4men2shi4_2_6_2005_S0,STOREY_17,1670,0
26°C,定容,xia4men2shi4,2040 RCP 8.5,xia4men2shi4_2_6_2005_S0,STOREY_18,1670,0
26°C,定容,xia4men2shi4,2040 RCP 8.5,xia4men2shi4_2_6_2005_S0,STOREY_19,1670,0
26°C,定容,xia4men2shi4,2040 RCP 8.5,xia4men2shi4_2_6_2005_S0,STOREY_20,1670,0
26°C,定容,xia4men2shi4,2040 RCP 8.5,xia4men2shi4_2_6_2005_S0,STOREY_21,1670,0
26°C,定容,xia4men2shi4,2040 RCP 8.5,xia4men2shi4_2_6_2005_S0,STOREY_22,1670,0
26°C,定容,xia4men2shi4,2040 RCP 8.5,xia4men2shi4_2_6_2005_S0,STOREY_23,1670,0
26°C,定容,xia4men2shi4,2040 RCP 8.5,xia4men2shi4_2_6_2005_S0,STOREY_24,1670,0
26°C,定容,xia4men2shi4,2040 RCP 8.5,xia4men2shi4_2_6_2005_S0,STOREY_25,1670,0
26°C,定容,xia4men2shi4,2040 RCP 8.5,xia4men2shi4_2_6_2005_S0,STOREY_26,1670,0
26°C,定容,xia4men2shi4,2040 RCP 8.5,xia4men2shi4_2_6_2005_S0,STOREY_27,1670,0
26°C,定容,xia4men2shi4,2040 RCP 8.5,xia4men2shi4_2_6_2005_S0,STOREY_28,1670,21
26°C,定容,xia4men2shi4,2040 RCP 8.5,xia4men2shi4_2_6_2005_S0,STOREY_0,1670,0
26°C,定容,xia4men2shi4,2060 RCP 2.6,xia4men2shi4_1_4_1995_S0,STOREY_1,1670,0
26°C,定容,xia4men2shi4,2060 RCP 2.6,xia4men2shi4_1_4_1995_S0,STOREY_2,1670,0
26°C,定容,xia4men2shi4,2060 RCP 2.6,xia4men2shi4_1_4_1995_S0,STOREY_3,1670,0
26°C,定容,xia4men2shi4,2060 RCP 2.6,xia4men2shi4_1_4_1995_S0,STOREY_4,1670,0
26°C,定容,xia4men2shi4,2060 RCP 2.6,xia4men2shi4_1_4_1995_S0,STOREY_5,1670,0
26°C,定容,xia4men2shi4,2060 RCP 2.6,xia4men2shi4_1_4_1995_S0,STOREY_6,1670,42
26°C,定容,xia4men2shi4,2060 RCP 2.6,xia4men2shi4_1_4_1995_S0,STOREY_0,1670,0
26°C,定容,xia4men2shi4,2060 RCP 2.6,xia4men2shi4_1_5_1995_S0,STOREY_1,1670,0
26°C,定容,xia4men2shi4,2060 RCP 2.6,xia4men2shi4_1_5_1995_S0,STOREY_2,1670,0
26°C,定容,xia4men2shi4,2060 RCP 2.6,xia4men2shi4_1_5_1995_S0,STOREY_3,1670,0
26°C,定容,xia4men2shi4,2060 RCP 2.6,xia4men2shi4_1_5_1995_S0,STOREY_4,1670,0
26°C,定容,xia4men2shi4,2060 RCP 2.6,xia4men2shi4_1_5_1995_S0,STOREY_5,1670,0
26°C,定容,xia4men2shi4,2060 RCP 2.6,xia4men2shi4_1_5_1995_S0,STOREY_6,1670,0
26°C,定容,xia4men2shi4,2060 RCP 2.6,xia4men2shi4_1_5_1995_S0,STOREY_7,1670,0
26°C,定容,xia4men2shi4,2060 RCP 2.6,xia4men2shi4_1_5_1995_S0,STOREY_8,1670,0
26°C,定容,xia4men2shi4,2060 RCP 2.6,xia4men2shi4_1_5_1995_S0,STOREY_9,1670,56
26°C,定容,xia4men2shi4,2060 RCP 2.6,xia4men2shi4_1_5_1995_S0,STOREY_0,1670,0
26°C,定容,xia4men2shi4,2060 RCP 2.6,xia4men2shi4_2_3_2005_S0,STOREY_1,1670,0
26°C,定容,xia4men2shi4,2060 RCP 2.6,xia4men2shi4_2_3_2005_S0,STOREY_2,1670,0
26°C,定容,xia4men2shi4,2060 RCP 2.6,xia4men2shi4_2_3_2005_S0,STOREY_3,1670,0
26°C,定容,xia4men2shi4,2060 RCP 2.6,xia4men2shi4_2_3_2005_S0,STOREY_4,1670,0
26°C,定容,xia4men2shi4,2060 RCP 2.6,xia4men2shi4_2_3_2005_S0,STOREY_5,1670,0
26°C,定容,xia4men2shi4,2060 RCP 2.6,xia4men2shi4_2_3_2005_S0,STOREY_6,1670,0
26°C,定容,xia4men2shi4,2060 RCP 2.6,xia4men2shi4_2_3_2005_S0,STOREY_7,1670,0
26°C,定容,xia4men2shi4,2060 RCP 2.6,xia4men2shi4_2_3_2005_S0,STOREY_8,1670,0
26°C,定容,xia4men2shi4,2060 RCP 2.6,xia4men2shi4_2_3_2005_S0,STOREY_9,1670,0
26°C,定容,xia4men2shi4,2060 RCP 2.6,xia4men2shi4_2_3_2005_S0,STOREY_10,1670,0
26°C,定容,xia4men2shi4,2060 RCP 2.6,xia4men2shi4_2_3_2005_S0,STOREY_11,1670,0
26°C,定容,xia4men2shi4,2060 RCP 2.6,xia4men2shi4_2_3_2005_S0,STOREY_12,1670,25
26°C,定容,xia4men2shi4,2060 RCP 2.6,xia4men2shi4_2_3_2005_S0,STOREY_0,1670,0
26°C,定容,xia4men2shi4,2060 RCP 2.6,xia4men2shi4_2_4_2005_S0,STOREY_1,1670,0
26°C,定容,xia4men2shi4,2060 RCP 2.6,xia4men2shi4_2_4_2005_S0,STOREY_2,1670,0
26°C,定容,xia4men2shi4,2060 RCP 2.6,xia4men2shi4_2_4_2005_S0,STOREY_3,1670,0
26°C,定容,xia4men2shi4,2060 RCP 2.6,xia4men2shi4_2_4_2005_S0,STOREY_4,1670,0
26°C,定容,xia4men2shi4,2060 RCP 2.6,xia4men2shi4_2_4_2005_S0,STOREY_5,1670,0
26°C,定容,xia4men2shi4,2060 RCP 2.6,xia4men2shi4_2_4_2005_S0,STOREY_6,1670,0
26°C,定容,xia4men2shi4,2060 RCP 2.6,xia4men2shi4_2_4_2005_S0,STOREY_7,1670,0
26°C,定容,xia4men2shi4,2060 RCP 2.6,xia4men2shi4_2_4_2005_S0,STOREY_8,1670,0
26°C,定容,xia4men2shi4,2060 RCP 2.6,xia4men2shi4_2_4_2005_S0,STOREY_9,1670,0
26°C,定容,xia4men2shi4,2060 RCP 2.6,xia4men2shi4_2_4_2005_S0,STOREY_10,1670,0
26°C,定容,xia4men2shi4,2060 RCP 2.6,xia4men2shi4_2_4_2005_S0,STOREY_11,1670,33
26°C,定容,xia4men2shi4,2060 RCP 2.6,xia4men2shi4_2_4_2005_S0,STOREY_0,1670,0
26°C,定容,xia4men2shi4,2060 RCP 2.6,xia4men2shi4_2_1_2005_S0,STOREY_1,1670,0
26°C,定容,xia4men2shi4,2060 RCP 2.6,xia4men2shi4_2_1_2005_S0,STOREY_2,1670,0
26°C,定容,xia4men2shi4,2060 RCP 2.6,xia4men2shi4_2_1_2005_S0,STOREY_3,1670,0
26°C,定容,xia4men2shi4,2060 RCP 2.6,xia4men2shi4_2_1_2005_S0,STOREY_4,1670,0
26°C,定容,xia4men2shi4,2060 RCP 2.6,xia4men2shi4_2_1_2005_S0,STOREY_5,1670,0
26°C,定容,xia4men2shi4,2060 RCP 2.6,xia4men2shi4_2_1_2005_S0,STOREY_6,1670,0
26°C,定容,xia4men2shi4,2060 RCP 2.6,xia4men2shi4_2_1_2005_S0,STOREY_7,1670,0
26°C,定容,xia4men2shi4,2060 RCP 2.6,xia4men2shi4_2_1_2005_S0,STOREY_8,1670,0
26°C,定容,xia4men2shi4,2060 RCP 2.6,xia4men2shi4_2_1_2005_S0,STOREY_9,1670,0
26°C,定容,xia4men2shi4,2060 RCP 2.6,xia4men2shi4_2_1_2005_S0,STOREY_10,1670,0
26°C,定容,xia4men2shi4,2060 RCP 2.6,xia4men2shi4_2_1_2005_S0,STOREY_11,1670,0
26°C,定容,xia4men2shi4,2060 RCP 2.6,xia4men2shi4_2_1_2005_S0,STOREY_12,1670,0
26°C,定容,xia4men2shi4,2060 RCP 2.6,xia4men2shi4_2_1_2005_S0,STOREY_13,1670,0
26°C,定容,xia4men2shi4,2060 RCP 2.6,xia4men2shi4_2_1_2005_S0,STOREY_14,1670,0
26°C,定容,xia4men2shi4,2060 RCP 2.6,xia4men2shi4_2_1_2005_S0,STOREY_15,1670,0
26°C,定容,xia4men2shi4,2060 RCP 2.6,xia4men2shi4_2_1_2005_S0,STOREY_16,1670,0
26°C,定容,xia4men2shi4,2060 RCP 2.6,xia4men2shi4_2_1_2005_S0,STOREY_17,1670,24
26°C,定容,xia4men2shi4,2060 RCP 2.6,xia4men2shi4_2_1_2005_S0,STOREY_0,1670,0
26°C,定容,xia4men2shi4,2060 RCP 4.5,xia4men2shi4_0_1_1980_S0,STOREY_1,1670,0
26°C,定容,xia4men2shi4,2060 RCP 4.5,xia4men2shi4_0_1_1980_S0,STOREY_2,1670,75
26°C,定容,xia4men2shi4,2060 RCP 4.5,xia4men2shi4_0_1_1980_S0,STOREY_0,1670,0
26°C,定容,xia4men2shi4,2060 RCP 4.5,xia4men2shi4_0_2_1995_S0,STOREY_1,1670,0
26°C,定容,xia4men2shi4,2060 RCP 4.5,xia4men2shi4_0_2_1995_S0,STOREY_2,1670,71
26°C,定容,xia4men2shi4,2060 RCP 4.5,xia4men2shi4_0_2_1995_S0,STOREY_0,1670,0
26°C,定容,xia4men2shi4,2060 RCP 4.5,xia4men2shi4_0_3_1980_S0,STOREY_0,1670,0
26°C,定容,xia4men2shi4,2060 RCP 2.6,xia4men2shi4_2_2_2005_S0,STOREY_1,1670,0
26°C,定容,xia4men2shi4,2060 RCP 2.6,xia4men2shi4_2_2_2005_S0,STOREY_2,1670,0
26°C,定容,xia4men2shi4,2060 RCP 2.6,xia4men2shi4_2_2_2005_S0,STOREY_3,1670,0
26°C,定容,xia4men2shi4,2060 RCP 2.6,xia4men2shi4_2_2_2005_S0,STOREY_4,1670,0
26°C,定容,xia4men2shi4,2060 RCP 2.6,xia4men2shi4_2_2_2005_S0,STOREY_5,1670,0
26°C,定容,xia4men2shi4,2060 RCP 2.6,xia4men2shi4_2_2_2005_S0,STOREY_6,1670,0
26°C,定容,xia4men2shi4,2060 RCP 2.6,xia4men2shi4_2_2_2005_S0,STOREY_7,1670,0
26°C,定容,xia4men2shi4,2060 RCP 2.6,xia4men2shi4_2_2_2005_S0,STOREY_8,1670,0
26°C,定容,xia4men2shi4,2060 RCP 2.6,xia4men2shi4_2_2_2005_S0,STOREY_9,1670,0
26°C,定容,xia4men2shi4,2060 RCP 2.6,xia4men2shi4_2_2_2005_S0,STOREY_10,1670,0
26°C,定容,xia4men2shi4,2060 RCP 2.6,xia4men2shi4_2_2_2005_S0,STOREY_11,1670,0
26°C,定容,xia4men2shi4,2060 RCP 2.6,xia4men2shi4_2_2_2005_S0,STOREY_12,1670,0
26°C,定容,xia4men2shi4,2060 RCP 2.6,xia4men2shi4_2_2_2005_S0,STOREY_13,1670,0
26°C,定容,xia4men2shi4,2060 RCP 2.6,xia4men2shi4_2_2_2005_S0,STOREY_14,1670,0
26°C,定容,xia4men2shi4,2060 RCP 2.6,xia4men2shi4_2_2_2005_S0,STOREY_15,1670,0
26°C,定容,xia4men2shi4,2060 RCP 2.6,xia4men2shi4_2_2_2005_S0,STOREY_16,1670,0
26°C,定容,xia4men2shi4,2060 RCP 2.6,xia4men2shi4_2_2_2005_S0,STOREY_17,1670,0
26°C,定容,xia4men2shi4,2060 RCP 2.6,xia4men2shi4_2_2_2005_S0,STOREY_18,1670,0
26°C,定容,xia4men2shi4,2060 RCP 2.6,xia4men2shi4_2_2_2005_S0,STOREY_19,1670,0
26°C,定容,xia4men2shi4,2060 RCP 2.6,xia4men2shi4_2_2_2005_S0,STOREY_20,1670,0
26°C,定容,xia4men2shi4,2060 RCP 2.6,xia4men2shi4_2_2_2005_S0,STOREY_21,1670,0
26°C,定容,xia4men2shi4,2060 RCP 2.6,xia4men2shi4_2_2_2005_S0,STOREY_22,1670,0
26°C,定容,xia4men2shi4,2060 RCP 2.6,xia4men2shi4_2_2_2005_S0,STOREY_23,1670,0
26°C,定容,xia4men2shi4,2060 RCP 2.6,xia4men2shi4_2_2_2005_S0,STOREY_24,1670,0
26°C,定容,xia4men2shi4,2060 RCP 2.6,xia4men2shi4_2_2_2005_S0,STOREY_25,1670,0
26°C,定容,xia4men2shi4,2060 RCP 2.6,xia4men2shi4_2_2_2005_S0,STOREY_26,1670,0
26°C,定容,xia4men2shi4,2060 RCP 2.6,xia4men2shi4_2_2_2005_S0,STOREY_27,1670,33
26°C,定容,xia4men2shi4,2060 RCP 2.6,xia4men2shi4_2_2_2005_S0,STOREY_0,1670,0
26°C,定容,xia4men2shi4,2060 RCP 4.5,xia4men2shi4_0_4_1980_S0,STOREY_1,1670,43
26°C,定容,xia4men2shi4,2060 RCP 4.5,xia4men2shi4_0_4_1980_S0,STOREY_0,1670,0
26°C,定容,xia4men2shi4,2060 RCP 2.6,xia4men2shi4_2_5_2005_S0,STOREY_1,1670,0
26°C,定容,xia4men2shi4,2060 RCP 2.6,xia4men2shi4_2_5_2005_S0,STOREY_2,1670,0
26°C,定容,xia4men2shi4,2060 RCP 2.6,xia4men2shi4_2_5_2005_S0,STOREY_3,1670,0
26°C,定容,xia4men2shi4,2060 RCP 2.6,xia4men2shi4_2_5_2005_S0,STOREY_4,1670,0
26°C,定容,xia4men2shi4,2060 RCP 2.6,xia4men2shi4_2_5_2005_S0,STOREY_5,1670,0
26°C,定容,xia4men2shi4,2060 RCP 2.6,xia4men2shi4_2_5_2005_S0,STOREY_6,1670,0
26°C,定容,xia4men2shi4,2060 RCP 2.6,xia4men2shi4_2_5_2005_S0,STOREY_7,1670,0
26°C,定容,xia4men2shi4,2060 RCP 2.6,xia4men2shi4_2_5_2005_S0,STOREY_8,1670,0
26°C,定容,xia4men2shi4,2060 RCP 2.6,xia4men2shi4_2_5_2005_S0,STOREY_9,1670,0
26°C,定容,xia4men2shi4,2060 RCP 2.6,xia4men2shi4_2_5_2005_S0,STOREY_10,1670,0
26°C,定容,xia4men2shi4,2060 RCP 2.6,xia4men2shi4_2_5_2005_S0,STOREY_11,1670,0
26°C,定容,xia4men2shi4,2060 RCP 2.6,xia4men2shi4_2_5_2005_S0,STOREY_12,1670,0
26°C,定容,xia4men2shi4,2060 RCP 2.6,xia4men2shi4_2_5_2005_S0,STOREY_13,1670,0
26°C,定容,xia4men2shi4,2060 RCP 2.6,xia4men2shi4_2_5_2005_S0,STOREY_14,1670,0
26°C,定容,xia4men2shi4,2060 RCP 2.6,xia4men2shi4_2_5_2005_S0,STOREY_15,1670,22
26°C,定容,xia4men2shi4,2060 RCP 2.6,xia4men2shi4_2_5_2005_S0,STOREY_0,1670,0
26°C,定容,xia4men2shi4,2060 RCP 4.5,xia4men2shi4_0_6_1980_S0,STOREY_0,1670,0
26°C,定容,xia4men2shi4,2060 RCP 4.5,xia4men2shi4_0_5_1980_S0,STOREY_1,1670,43
26°C,定容,xia4men2shi4,2060 RCP 4.5,xia4men2shi4_0_5_1980_S0,STOREY_2,1670,116
26°C,定容,xia4men2shi4,2060 RCP 4.5,xia4men2shi4_0_5_1980_S0,STOREY_0,1670,0
26°C,定容,xia4men2shi4,2060 RCP 4.5,xia4men2shi4_1_3_1995_S0,STOREY_1,1670,4
26°C,定容,xia4men2shi4,2060 RCP 4.5,xia4men2shi4_1_3_1995_S0,STOREY_2,1670,9
26°C,定容,xia4men2shi4,2060 RCP 4.5,xia4men2shi4_1_3_1995_S0,STOREY_3,1670,122
26°C,定容,xia4men2shi4,2060 RCP 4.5,xia4men2shi4_1_3_1995_S0,STOREY_0,1670,0
26°C,定容,xia4men2shi4,2060 RCP 4.5,xia4men2shi4_1_1_2005_S0,STOREY_1,1670,0
26°C,定容,xia4men2shi4,2060 RCP 4.5,xia4men2shi4_1_1_2005_S0,STOREY_2,1670,0
26°C,定容,xia4men2shi4,2060 RCP 4.5,xia4men2shi4_1_1_2005_S0,STOREY_3,1670,0
26°C,定容,xia4men2shi4,2060 RCP 4.5,xia4men2shi4_1_1_2005_S0,STOREY_4,1670,0
26°C,定容,xia4men2shi4,2060 RCP 4.5,xia4men2shi4_1_1_2005_S0,STOREY_5,1670,73
26°C,定容,xia4men2shi4,2060 RCP 4.5,xia4men2shi4_1_1_2005_S0,STOREY_0,1670,0
26°C,定容,xia4men2shi4,2060 RCP 4.5,xia4men2shi4_1_2_1995_S0,STOREY_1,1670,0
26°C,定容,xia4men2shi4,2060 RCP 4.5,xia4men2shi4_1_2_1995_S0,STOREY_2,1670,0
26°C,定容,xia4men2shi4,2060 RCP 4.5,xia4men2shi4_1_2_1995_S0,STOREY_3,1670,1
26°C,定容,xia4men2shi4,2060 RCP 4.5,xia4men2shi4_1_2_1995_S0,STOREY_4,1670,1
26°C,定容,xia4men2shi4,2060 RCP 4.5,xia4men2shi4_1_2_1995_S0,STOREY_5,1670,71
26°C,定容,xia4men2shi4,2060 RCP 4.5,xia4men2shi4_1_2_1995_S0,STOREY_0,1670,0
26°C,定容,xia4men2shi4,2060 RCP 4.5,xia4men2shi4_1_4_1995_S0,STOREY_1,1670,1
26°C,定容,xia4men2shi4,2060 RCP 4.5,xia4men2shi4_1_4_1995_S0,STOREY_2,1670,1
26°C,定容,xia4men2shi4,2060 RCP 4.5,xia4men2shi4_1_4_1995_S0,STOREY_3,1670,1
26°C,定容,xia4men2shi4,2060 RCP 4.5,xia4men2shi4_1_4_1995_S0,STOREY_4,1670,1
26°C,定容,xia4men2shi4,2060 RCP 4.5,xia4men2shi4_1_4_1995_S0,STOREY_5,1670,3
26°C,定容,xia4men2shi4,2060 RCP 4.5,xia4men2shi4_1_4_1995_S0,STOREY_6,1670,64
26°C,定容,xia4men2shi4,2060 RCP 4.5,xia4men2shi4_1_4_1995_S0,STOREY_0,1670,0
26°C,定容,xia4men2shi4,2060 RCP 4.5,xia4men2shi4_1_6_1995_S0,STOREY_1,1670,3
26°C,定容,xia4men2shi4,2060 RCP 4.5,xia4men2shi4_1_6_1995_S0,STOREY_2,1670,4
26°C,定容,xia4men2shi4,2060 RCP 4.5,xia4men2shi4_1_6_1995_S0,STOREY_3,1670,4
26°C,定容,xia4men2shi4,2060 RCP 4.5,xia4men2shi4_1_6_1995_S0,STOREY_4,1670,9
26°C,定容,xia4men2shi4,2060 RCP 4.5,xia4men2shi4_1_6_1995_S0,STOREY_5,1670,118
26°C,定容,xia4men2shi4,2060 RCP 4.5,xia4men2shi4_1_6_1995_S0,STOREY_0,1670,0
26°C,定容,xia4men2shi4,2060 RCP 2.6,xia4men2shi4_2_6_2005_S0,STOREY_1,1670,0
26°C,定容,xia4men2shi4,2060 RCP 2.6,xia4men2shi4_2_6_2005_S0,STOREY_2,1670,0
26°C,定容,xia4men2shi4,2060 RCP 2.6,xia4men2shi4_2_6_2005_S0,STOREY_3,1670,0
26°C,定容,xia4men2shi4,2060 RCP 2.6,xia4men2shi4_2_6_2005_S0,STOREY_4,1670,0
26°C,定容,xia4men2shi4,2060 RCP 2.6,xia4men2shi4_2_6_2005_S0,STOREY_5,1670,0
26°C,定容,xia4men2shi4,2060 RCP 2.6,xia4men2shi4_2_6_2005_S0,STOREY_6,1670,0
26°C,定容,xia4men2shi4,2060 RCP 2.6,xia4men2shi4_2_6_2005_S0,STOREY_7,1670,0
26°C,定容,xia4men2shi4,2060 RCP 2.6,xia4men2shi4_2_6_2005_S0,STOREY_8,1670,0
26°C,定容,xia4men2shi4,2060 RCP 2.6,xia4men2shi4_2_6_2005_S0,STOREY_9,1670,0
26°C,定容,xia4men2shi4,2060 RCP 2.6,xia4men2shi4_2_6_2005_S0,STOREY_10,1670,0
26°C,定容,xia4men2shi4,2060 RCP 2.6,xia4men2shi4_2_6_2005_S0,STOREY_11,1670,0
26°C,定容,xia4men2shi4,2060 RCP 2.6,xia4men2shi4_2_6_2005_S0,STOREY_12,1670,0
26°C,定容,xia4men2shi4,2060 RCP 2.6,xia4men2shi4_2_6_2005_S0,STOREY_13,1670,0
26°C,定容,xia4men2shi4,2060 RCP 2.6,xia4men2shi4_2_6_2005_S0,STOREY_14,1670,0
26°C,定容,xia4men2shi4,2060 RCP 2.6,xia4men2shi4_2_6_2005_S0,STOREY_15,1670,0
26°C,定容,xia4men2shi4,2060 RCP 2.6,xia4men2shi4_2_6_2005_S0,STOREY_16,1670,0
26°C,定容,xia4men2shi4,2060 RCP 2.6,xia4men2shi4_2_6_2005_S0,STOREY_17,1670,0
26°C,定容,xia4men2shi4,2060 RCP 2.6,xia4men2shi4_2_6_2005_S0,STOREY_18,1670,0
26°C,定容,xia4men2shi4,2060 RCP 2.6,xia4men2shi4_2_6_2005_S0,STOREY_19,1670,0
26°C,定容,xia4men2shi4,2060 RCP 2.6,xia4men2shi4_2_6_2005_S0,STOREY_20,1670,0
26°C,定容,xia4men2shi4,2060 RCP 2.6,xia4men2shi4_2_6_2005_S0,STOREY_21,1670,0
26°C,定容,xia4men2shi4,2060 RCP 2.6,xia4men2shi4_2_6_2005_S0,STOREY_22,1670,0
26°C,定容,xia4men2shi4,2060 RCP 2.6,xia4men2shi4_2_6_2005_S0,STOREY_23,1670,0
26°C,定容,xia4men2shi4,2060 RCP 2.6,xia4men2shi4_2_6_2005_S0,STOREY_24,1670,0
26°C,定容,xia4men2shi4,2060 RCP 2.6,xia4men2shi4_2_6_2005_S0,STOREY_25,1670,0
26°C,定容,xia4men2shi4,2060 RCP 2.6,xia4men2shi4_2_6_2005_S0,STOREY_26,1670,0
26°C,定容,xia4men2shi4,2060 RCP 2.6,xia4men2shi4_2_6_2005_S0,STOREY_27,1670,0
26°C,定容,xia4men2shi4,2060 RCP 2.6,xia4men2shi4_2_6_2005_S0,STOREY_28,1670,20
26°C,定容,xia4men2shi4,2060 RCP 2.6,xia4men2shi4_2_6_2005_S0,STOREY_0,1670,0
26°C,定容,xia4men2shi4,2060 RCP 4.5,xia4men2shi4_1_5_1995_S0,STOREY_1,1670,0
26°C,定容,xia4men2shi4,2060 RCP 4.5,xia4men2shi4_1_5_1995_S0,STOREY_2,1670,0
26°C,定容,xia4men2shi4,2060 RCP 4.5,xia4men2shi4_1_5_1995_S0,STOREY_3,1670,0
26°C,定容,xia4men2shi4,2060 RCP 4.5,xia4men2shi4_1_5_1995_S0,STOREY_4,1670,0
26°C,定容,xia4men2shi4,2060 RCP 4.5,xia4men2shi4_1_5_1995_S0,STOREY_5,1670,0
26°C,定容,xia4men2shi4,2060 RCP 4.5,xia4men2shi4_1_5_1995_S0,STOREY_6,1670,0
26°C,定容,xia4men2shi4,2060 RCP 4.5,xia4men2shi4_1_5_1995_S0,STOREY_7,1670,0
26°C,定容,xia4men2shi4,2060 RCP 4.5,xia4men2shi4_1_5_1995_S0,STOREY_8,1670,1
26°C,定容,xia4men2shi4,2060 RCP 4.5,xia4men2shi4_1_5_1995_S0,STOREY_9,1670,84
26°C,定容,xia4men2shi4,2060 RCP 4.5,xia4men2shi4_1_5_1995_S0,STOREY_0,1670,0
26°C,定容,xia4men2shi4,2060 RCP 4.5,xia4men2shi4_2_3_2005_S0,STOREY_1,1670,0
26°C,定容,xia4men2shi4,2060 RCP 4.5,xia4men2shi4_2_3_2005_S0,STOREY_2,1670,0
26°C,定容,xia4men2shi4,2060 RCP 4.5,xia4men2shi4_2_3_2005_S0,STOREY_3,1670,0
26°C,定容,xia4men2shi4,2060 RCP 4.5,xia4men2shi4_2_3_2005_S0,STOREY_4,1670,0
26°C,定容,xia4men2shi4,2060 RCP 4.5,xia4men2shi4_2_3_2005_S0,STOREY_5,1670,0
26°C,定容,xia4men2shi4,2060 RCP 4.5,xia4men2shi4_2_3_2005_S0,STOREY_6,1670,0
26°C,定容,xia4men2shi4,2060 RCP 4.5,xia4men2shi4_2_3_2005_S0,STOREY_7,1670,0
26°C,定容,xia4men2shi4,2060 RCP 4.5,xia4men2shi4_2_3_2005_S0,STOREY_8,1670,0
26°C,定容,xia4men2shi4,2060 RCP 4.5,xia4men2shi4_2_3_2005_S0,STOREY_9,1670,0
26°C,定容,xia4men2shi4,2060 RCP 4.5,xia4men2shi4_2_3_2005_S0,STOREY_10,1670,0
26°C,定容,xia4men2shi4,2060 RCP 4.5,xia4men2shi4_2_3_2005_S0,STOREY_11,1670,0
26°C,定容,xia4men2shi4,2060 RCP 4.5,xia4men2shi4_2_3_2005_S0,STOREY_12,1670,42
26°C,定容,xia4men2shi4,2060 RCP 4.5,xia4men2shi4_2_3_2005_S0,STOREY_0,1670,0
26°C,定容,xia4men2shi4,2060 RCP 4.5,xia4men2shi4_2_4_2005_S0,STOREY_1,1670,0
26°C,定容,xia4men2shi4,2060 RCP 4.5,xia4men2shi4_2_4_2005_S0,STOREY_2,1670,0
26°C,定容,xia4men2shi4,2060 RCP 4.5,xia4men2shi4_2_4_2005_S0,STOREY_3,1670,0
26°C,定容,xia4men2shi4,2060 RCP 4.5,xia4men2shi4_2_4_2005_S0,STOREY_4,1670,0
26°C,定容,xia4men2shi4,2060 RCP 4.5,xia4men2shi4_2_4_2005_S0,STOREY_5,1670,0
26°C,定容,xia4men2shi4,2060 RCP 4.5,xia4men2shi4_2_4_2005_S0,STOREY_6,1670,0
26°C,定容,xia4men2shi4,2060 RCP 4.5,xia4men2shi4_2_4_2005_S0,STOREY_7,1670,0
26°C,定容,xia4men2shi4,2060 RCP 4.5,xia4men2shi4_2_4_2005_S0,STOREY_8,1670,0
26°C,定容,xia4men2shi4,2060 RCP 4.5,xia4men2shi4_2_4_2005_S0,STOREY_9,1670,0
26°C,定容,xia4men2shi4,2060 RCP 4.5,xia4men2shi4_2_4_2005_S0,STOREY_10,1670,0
26°C,定容,xia4men2shi4,2060 RCP 4.5,xia4men2shi4_2_4_2005_S0,STOREY_11,1670,57
26°C,定容,xia4men2shi4,2060 RCP 4.5,xia4men2shi4_2_4_2005_S0,STOREY_0,1670,0
26°C,定容,xia4men2shi4,2060 RCP 4.5,xia4men2shi4_2_1_2005_S0,STOREY_1,1670,0
26°C,定容,xia4men2shi4,2060 RCP 4.5,xia4men2shi4_2_1_2005_S0,STOREY_2,1670,0
26°C,定容,xia4men2shi4,2060 RCP 4.5,xia4men2shi4_2_1_2005_S0,STOREY_3,1670,0
26°C,定容,xia4men2shi4,2060 RCP 4.5,xia4men2shi4_2_1_2005_S0,STOREY_4,1670,0
26°C,定容,xia4men2shi4,2060 RCP 4.5,xia4men2shi4_2_1_2005_S0,STOREY_5,1670,0
26°C,定容,xia4men2shi4,2060 RCP 4.5,xia4men2shi4_2_1_2005_S0,STOREY_6,1670,0
26°C,定容,xia4men2shi4,2060 RCP 4.5,xia4men2shi4_2_1_2005_S0,STOREY_7,1670,0
26°C,定容,xia4men2shi4,2060 RCP 4.5,xia4men2shi4_2_1_2005_S0,STOREY_8,1670,0
26°C,定容,xia4men2shi4,2060 RCP 4.5,xia4men2shi4_2_1_2005_S0,STOREY_9,1670,0
26°C,定容,xia4men2shi4,2060 RCP 4.5,xia4men2shi4_2_1_2005_S0,STOREY_10,1670,0
26°C,定容,xia4men2shi4,2060 RCP 4.5,xia4men2shi4_2_1_2005_S0,STOREY_11,1670,0
26°C,定容,xia4men2shi4,2060 RCP 4.5,xia4men2shi4_2_1_2005_S0,STOREY_12,1670,0
26°C,定容,xia4men2shi4,2060 RCP 4.5,xia4men2shi4_2_1_2005_S0,STOREY_13,1670,0
26°C,定容,xia4men2shi4,2060 RCP 4.5,xia4men2shi4_2_1_2005_S0,STOREY_14,1670,0
26°C,定容,xia4men2shi4,2060 RCP 4.5,xia4men2shi4_2_1_2005_S0,STOREY_15,1670,0
26°C,定容,xia4men2shi4,2060 RCP 4.5,xia4men2shi4_2_1_2005_S0,STOREY_16,1670,0
26°C,定容,xia4men2shi4,2060 RCP 4.5,xia4men2shi4_2_1_2005_S0,STOREY_17,1670,40
26°C,定容,xia4men2shi4,2060 RCP 4.5,xia4men2shi4_2_1_2005_S0,STOREY_0,1670,0
26°C,定容,xia4men2shi4,2060 RCP 8.5,xia4men2shi4_0_1_1980_S0,STOREY_1,1670,2
26°C,定容,xia4men2shi4,2060 RCP 8.5,xia4men2shi4_0_1_1980_S0,STOREY_2,1670,84
26°C,定容,xia4men2shi4,2060 RCP 8.5,xia4men2shi4_0_1_1980_S0,STOREY_0,1670,0
26°C,定容,xia4men2shi4,2060 RCP 8.5,xia4men2shi4_0_2_1995_S0,STOREY_1,1670,1
26°C,定容,xia4men2shi4,2060 RCP 8.5,xia4men2shi4_0_2_1995_S0,STOREY_2,1670,77
26°C,定容,xia4men2shi4,2060 RCP 8.5,xia4men2shi4_0_2_1995_S0,STOREY_0,1670,0
26°C,定容,xia4men2shi4,2060 RCP 8.5,xia4men2shi4_0_3_1980_S0,STOREY_0,1670,0
26°C,定容,xia4men2shi4,2060 RCP 4.5,xia4men2shi4_2_2_2005_S0,STOREY_1,1670,0
26°C,定容,xia4men2shi4,2060 RCP 4.5,xia4men2shi4_2_2_2005_S0,STOREY_2,1670,0
26°C,定容,xia4men2shi4,2060 RCP 4.5,xia4men2shi4_2_2_2005_S0,STOREY_3,1670,0
26°C,定容,xia4men2shi4,2060 RCP 4.5,xia4men2shi4_2_2_2005_S0,STOREY_4,1670,0
26°C,定容,xia4men2shi4,2060 RCP 4.5,xia4men2shi4_2_2_2005_S0,STOREY_5,1670,0
26°C,定容,xia4men2shi4,2060 RCP 4.5,xia4men2shi4_2_2_2005_S0,STOREY_6,1670,0
26°C,定容,xia4men2shi4,2060 RCP 4.5,xia4men2shi4_2_2_2005_S0,STOREY_7,1670,0
26°C,定容,xia4men2shi4,2060 RCP 4.5,xia4men2shi4_2_2_2005_S0,STOREY_8,1670,0
26°C,定容,xia4men2shi4,2060 RCP 4.5,xia4men2shi4_2_2_2005_S0,STOREY_9,1670,0
26°C,定容,xia4men2shi4,2060 RCP 4.5,xia4men2shi4_2_2_2005_S0,STOREY_10,1670,0
26°C,定容,xia4men2shi4,2060 RCP 4.5,xia4men2shi4_2_2_2005_S0,STOREY_11,1670,0
26°C,定容,xia4men2shi4,2060 RCP 4.5,xia4men2shi4_2_2_2005_S0,STOREY_12,1670,0
26°C,定容,xia4men2shi4,2060 RCP 4.5,xia4men2shi4_2_2_2005_S0,STOREY_13,1670,0
26°C,定容,xia4men2shi4,2060 RCP 4.5,xia4men2shi4_2_2_2005_S0,STOREY_14,1670,0
26°C,定容,xia4men2shi4,2060 RCP 4.5,xia4men2shi4_2_2_2005_S0,STOREY_15,1670,0
26°C,定容,xia4men2shi4,2060 RCP 4.5,xia4men2shi4_2_2_2005_S0,STOREY_16,1670,0
26°C,定容,xia4men2shi4,2060 RCP 4.5,xia4men2shi4_2_2_2005_S0,STOREY_17,1670,0
26°C,定容,xia4men2shi4,2060 RCP 4.5,xia4men2shi4_2_2_2005_S0,STOREY_18,1670,0
26°C,定容,xia4men2shi4,2060 RCP 4.5,xia4men2shi4_2_2_2005_S0,STOREY_19,1670,0
26°C,定容,xia4men2shi4,2060 RCP 4.5,xia4men2shi4_2_2_2005_S0,STOREY_20,1670,0
26°C,定容,xia4men2shi4,2060 RCP 4.5,xia4men2shi4_2_2_2005_S0,STOREY_21,1670,0
26°C,定容,xia4men2shi4,2060 RCP 4.5,xia4men2shi4_2_2_2005_S0,STOREY_22,1670,0
26°C,定容,xia4men2shi4,2060 RCP 4.5,xia4men2shi4_2_2_2005_S0,STOREY_23,1670,0
26°C,定容,xia4men2shi4,2060 RCP 4.5,xia4men2shi4_2_2_2005_S0,STOREY_24,1670,0
26°C,定容,xia4men2shi4,2060 RCP 4.5,xia4men2shi4_2_2_2005_S0,STOREY_25,1670,0
26°C,定容,xia4men2shi4,2060 RCP 4.5,xia4men2shi4_2_2_2005_S0,STOREY_26,1670,0
26°C,定容,xia4men2shi4,2060 RCP 4.5,xia4men2shi4_2_2_2005_S0,STOREY_27,1670,56
26°C,定容,xia4men2shi4,2060 RCP 4.5,xia4men2shi4_2_2_2005_S0,STOREY_0,1670,0
26°C,定容,xia4men2shi4,2060 RCP 8.5,xia4men2shi4_0_4_1980_S0,STOREY_1,1670,45
26°C,定容,xia4men2shi4,2060 RCP 8.5,xia4men2shi4_0_4_1980_S0,STOREY_0,1670,0
26°C,定容,xia4men2shi4,2060 RCP 4.5,xia4men2shi4_2_5_2005_S0,STOREY_1,1670,0
26°C,定容,xia4men2shi4,2060 RCP 4.5,xia4men2shi4_2_5_2005_S0,STOREY_2,1670,0
26°C,定容,xia4men2shi4,2060 RCP 4.5,xia4men2shi4_2_5_2005_S0,STOREY_3,1670,0
26°C,定容,xia4men2shi4,2060 RCP 4.5,xia4men2shi4_2_5_2005_S0,STOREY_4,1670,0
26°C,定容,xia4men2shi4,2060 RCP 4.5,xia4men2shi4_2_5_2005_S0,STOREY_5,1670,0
26°C,定容,xia4men2shi4,2060 RCP 4.5,xia4men2shi4_2_5_2005_S0,STOREY_6,1670,0
26°C,定容,xia4men2shi4,2060 RCP 4.5,xia4men2shi4_2_5_2005_S0,STOREY_7,1670,0
26°C,定容,xia4men2shi4,2060 RCP 4.5,xia4men2shi4_2_5_2005_S0,STOREY_8,1670,0
26°C,定容,xia4men2shi4,2060 RCP 4.5,xia4men2shi4_2_5_2005_S0,STOREY_9,1670,0
26°C,定容,xia4men2shi4,2060 RCP 4.5,xia4men2shi4_2_5_2005_S0,STOREY_10,1670,0
26°C,定容,xia4men2shi4,2060 RCP 4.5,xia4men2shi4_2_5_2005_S0,STOREY_11,1670,0
26°C,定容,xia4men2shi4,2060 RCP 4.5,xia4men2shi4_2_5_2005_S0,STOREY_12,1670,0
26°C,定容,xia4men2shi4,2060 RCP 4.5,xia4men2shi4_2_5_2005_S0,STOREY_13,1670,0
26°C,定容,xia4men2shi4,2060 RCP 4.5,xia4men2shi4_2_5_2005_S0,STOREY_14,1670,0
26°C,定容,xia4men2shi4,2060 RCP 4.5,xia4men2shi4_2_5_2005_S0,STOREY_15,1670,36
26°C,定容,xia4men2shi4,2060 RCP 4.5,xia4men2shi4_2_5_2005_S0,STOREY_0,1670,0
26°C,定容,xia4men2shi4,2060 RCP 8.5,xia4men2shi4_0_6_1980_S0,STOREY_0,1670,0
26°C,定容,xia4men2shi4,2060 RCP 8.5,xia4men2shi4_0_5_1980_S0,STOREY_1,1670,47
26°C,定容,xia4men2shi4,2060 RCP 8.5,xia4men2shi4_0_5_1980_S0,STOREY_2,1670,129
26°C,定容,xia4men2shi4,2060 RCP 8.5,xia4men2shi4_0_5_1980_S0,STOREY_0,1670,0
26°C,定容,xia4men2shi4,2060 RCP 8.5,xia4men2shi4_1_3_1995_S0,STOREY_1,1670,7
26°C,定容,xia4men2shi4,2060 RCP 8.5,xia4men2shi4_1_3_1995_S0,STOREY_2,1670,17
26°C,定容,xia4men2shi4,2060 RCP 8.5,xia4men2shi4_1_3_1995_S0,STOREY_3,1670,131
26°C,定容,xia4men2shi4,2060 RCP 8.5,xia4men2shi4_1_3_1995_S0,STOREY_0,1670,0
26°C,定容,xia4men2shi4,2060 RCP 8.5,xia4men2shi4_1_1_2005_S0,STOREY_1,1670,1
26°C,定容,xia4men2shi4,2060 RCP 8.5,xia4men2shi4_1_1_2005_S0,STOREY_2,1670,1
26°C,定容,xia4men2shi4,2060 RCP 8.5,xia4men2shi4_1_1_2005_S0,STOREY_3,1670,1
26°C,定容,xia4men2shi4,2060 RCP 8.5,xia4men2shi4_1_1_2005_S0,STOREY_4,1670,2
26°C,定容,xia4men2shi4,2060 RCP 8.5,xia4men2shi4_1_1_2005_S0,STOREY_5,1670,78
26°C,定容,xia4men2shi4,2060 RCP 8.5,xia4men2shi4_1_1_2005_S0,STOREY_0,1670,0
26°C,定容,xia4men2shi4,2060 RCP 8.5,xia4men2shi4_1_2_1995_S0,STOREY_1,1670,2
26°C,定容,xia4men2shi4,2060 RCP 8.5,xia4men2shi4_1_2_1995_S0,STOREY_2,1670,2
26°C,定容,xia4men2shi4,2060 RCP 8.5,xia4men2shi4_1_2_1995_S0,STOREY_3,1670,2
26°C,定容,xia4men2shi4,2060 RCP 8.5,xia4men2shi4_1_2_1995_S0,STOREY_4,1670,5
26°C,定容,xia4men2shi4,2060 RCP 8.5,xia4men2shi4_1_2_1995_S0,STOREY_5,1670,76
26°C,定容,xia4men2shi4,2060 RCP 8.5,xia4men2shi4_1_2_1995_S0,STOREY_0,1670,0
26°C,定容,xia4men2shi4,2060 RCP 8.5,xia4men2shi4_1_4_1995_S0,STOREY_1,1670,3
26°C,定容,xia4men2shi4,2060 RCP 8.5,xia4men2shi4_1_4_1995_S0,STOREY_2,1670,4
26°C,定容,xia4men2shi4,2060 RCP 8.5,xia4men2shi4_1_4_1995_S0,STOREY_3,1670,4
26°C,定容,xia4men2shi4,2060 RCP 8.5,xia4men2shi4_1_4_1995_S0,STOREY_4,1670,4
26°C,定容,xia4men2shi4,2060 RCP 8.5,xia4men2shi4_1_4_1995_S0,STOREY_5,1670,6
26°C,定容,xia4men2shi4,2060 RCP 8.5,xia4men2shi4_1_4_1995_S0,STOREY_6,1670,69
26°C,定容,xia4men2shi4,2060 RCP 8.5,xia4men2shi4_1_4_1995_S0,STOREY_0,1670,0
26°C,定容,xia4men2shi4,2060 RCP 8.5,xia4men2shi4_1_6_1995_S0,STOREY_1,1670,5
26°C,定容,xia4men2shi4,2060 RCP 8.5,xia4men2shi4_1_6_1995_S0,STOREY_2,1670,7
26°C,定容,xia4men2shi4,2060 RCP 8.5,xia4men2shi4_1_6_1995_S0,STOREY_3,1670,8
26°C,定容,xia4men2shi4,2060 RCP 8.5,xia4men2shi4_1_6_1995_S0,STOREY_4,1670,17
26°C,定容,xia4men2shi4,2060 RCP 8.5,xia4men2shi4_1_6_1995_S0,STOREY_5,1670,127
26°C,定容,xia4men2shi4,2060 RCP 8.5,xia4men2shi4_1_6_1995_S0,STOREY_0,1670,0
26°C,定容,xia4men2shi4,2060 RCP 4.5,xia4men2shi4_2_6_2005_S0,STOREY_1,1670,0
26°C,定容,xia4men2shi4,2060 RCP 4.5,xia4men2shi4_2_6_2005_S0,STOREY_2,1670,0
26°C,定容,xia4men2shi4,2060 RCP 4.5,xia4men2shi4_2_6_2005_S0,STOREY_3,1670,0
26°C,定容,xia4men2shi4,2060 RCP 4.5,xia4men2shi4_2_6_2005_S0,STOREY_4,1670,0
26°C,定容,xia4men2shi4,2060 RCP 4.5,xia4men2shi4_2_6_2005_S0,STOREY_5,1670,0
26°C,定容,xia4men2shi4,2060 RCP 4.5,xia4men2shi4_2_6_2005_S0,STOREY_6,1670,0
26°C,定容,xia4men2shi4,2060 RCP 4.5,xia4men2shi4_2_6_2005_S0,STOREY_7,1670,0
26°C,定容,xia4men2shi4,2060 RCP 4.5,xia4men2shi4_2_6_2005_S0,STOREY_8,1670,0
26°C,定容,xia4men2shi4,2060 RCP 4.5,xia4men2shi4_2_6_2005_S0,STOREY_9,1670,0
26°C,定容,xia4men2shi4,2060 RCP 4.5,xia4men2shi4_2_6_2005_S0,STOREY_10,1670,0
26°C,定容,xia4men2shi4,2060 RCP 4.5,xia4men2shi4_2_6_2005_S0,STOREY_11,1670,0
26°C,定容,xia4men2shi4,2060 RCP 4.5,xia4men2shi4_2_6_2005_S0,STOREY_12,1670,0
26°C,定容,xia4men2shi4,2060 RCP 4.5,xia4men2shi4_2_6_2005_S0,STOREY_13,1670,0
26°C,定容,xia4men2shi4,2060 RCP 4.5,xia4men2shi4_2_6_2005_S0,STOREY_14,1670,0
26°C,定容,xia4men2shi4,2060 RCP 4.5,xia4men2shi4_2_6_2005_S0,STOREY_15,1670,0
26°C,定容,xia4men2shi4,2060 RCP 4.5,xia4men2shi4_2_6_2005_S0,STOREY_16,1670,0
26°C,定容,xia4men2shi4,2060 RCP 4.5,xia4men2shi4_2_6_2005_S0,STOREY_17,1670,0
26°C,定容,xia4men2shi4,2060 RCP 4.5,xia4men2shi4_2_6_2005_S0,STOREY_18,1670,0
26°C,定容,xia4men2shi4,2060 RCP 4.5,xia4men2shi4_2_6_2005_S0,STOREY_19,1670,0
26°C,定容,xia4men2shi4,2060 RCP 4.5,xia4men2shi4_2_6_2005_S0,STOREY_20,1670,0
26°C,定容,xia4men2shi4,2060 RCP 4.5,xia4men2shi4_2_6_2005_S0,STOREY_21,1670,0
26°C,定容,xia4men2shi4,2060 RCP 4.5,xia4men2shi4_2_6_2005_S0,STOREY_22,1670,0
26°C,定容,xia4men2shi4,2060 RCP 4.5,xia4men2shi4_2_6_2005_S0,STOREY_23,1670,0
26°C,定容,xia4men2shi4,2060 RCP 4.5,xia4men2shi4_2_6_2005_S0,STOREY_24,1670,0
26°C,定容,xia4men2shi4,2060 RCP 4.5,xia4men2shi4_2_6_2005_S0,STOREY_25,1670,0
26°C,定容,xia4men2shi4,2060 RCP 4.5,xia4men2shi4_2_6_2005_S0,STOREY_26,1670,0
26°C,定容,xia4men2shi4,2060 RCP 4.5,xia4men2shi4_2_6_2005_S0,STOREY_27,1670,0
26°C,定容,xia4men2shi4,2060 RCP 4.5,xia4men2shi4_2_6_2005_S0,STOREY_28,1670,33
26°C,定容,xia4men2shi4,2060 RCP 4.5,xia4men2shi4_2_6_2005_S0,STOREY_0,1670,0
26°C,定容,xia4men2shi4,2060 RCP 8.5,xia4men2shi4_1_5_1995_S0,STOREY_1,1670,1
26°C,定容,xia4men2shi4,2060 RCP 8.5,xia4men2shi4_1_5_1995_S0,STOREY_2,1670,1
26°C,定容,xia4men2shi4,2060 RCP 8.5,xia4men2shi4_1_5_1995_S0,STOREY_3,1670,1
26°C,定容,xia4men2shi4,2060 RCP 8.5,xia4men2shi4_1_5_1995_S0,STOREY_4,1670,1
26°C,定容,xia4men2shi4,2060 RCP 8.5,xia4men2shi4_1_5_1995_S0,STOREY_5,1670,1
26°C,定容,xia4men2shi4,2060 RCP 8.5,xia4men2shi4_1_5_1995_S0,STOREY_6,1670,1
26°C,定容,xia4men2shi4,2060 RCP 8.5,xia4men2shi4_1_5_1995_S0,STOREY_7,1670,1
26°C,定容,xia4men2shi4,2060 RCP 8.5,xia4men2shi4_1_5_1995_S0,STOREY_8,1670,4
26°C,定容,xia4men2shi4,2060 RCP 8.5,xia4men2shi4_1_5_1995_S0,STOREY_9,1670,94
26°C,定容,xia4men2shi4,2060 RCP 8.5,xia4men2shi4_1_5_1995_S0,STOREY_0,1670,0
26°C,定容,xia4men2shi4,2060 RCP 8.5,xia4men2shi4_2_3_2005_S0,STOREY_1,1670,1
26°C,定容,xia4men2shi4,2060 RCP 8.5,xia4men2shi4_2_3_2005_S0,STOREY_2,1670,1
26°C,定容,xia4men2shi4,2060 RCP 8.5,xia4men2shi4_2_3_2005_S0,STOREY_3,1670,1
26°C,定容,xia4men2shi4,2060 RCP 8.5,xia4men2shi4_2_3_2005_S0,STOREY_4,1670,1
26°C,定容,xia4men2shi4,2060 RCP 8.5,xia4men2shi4_2_3_2005_S0,STOREY_5,1670,1
26°C,定容,xia4men2shi4,2060 RCP 8.5,xia4men2shi4_2_3_2005_S0,STOREY_6,1670,1
26°C,定容,xia4men2shi4,2060 RCP 8.5,xia4men2shi4_2_3_2005_S0,STOREY_7,1670,1
26°C,定容,xia4men2shi4,2060 RCP 8.5,xia4men2shi4_2_3_2005_S0,STOREY_8,1670,1
26°C,定容,xia4men2shi4,2060 RCP 8.5,xia4men2shi4_2_3_2005_S0,STOREY_9,1670,1
26°C,定容,xia4men2shi4,2060 RCP 8.5,xia4men2shi4_2_3_2005_S0,STOREY_10,1670,1
26°C,定容,xia4men2shi4,2060 RCP 8.5,xia4men2shi4_2_3_2005_S0,STOREY_11,1670,2
26°C,定容,xia4men2shi4,2060 RCP 8.5,xia4men2shi4_2_3_2005_S0,STOREY_12,1670,47
26°C,定容,xia4men2shi4,2060 RCP 8.5,xia4men2shi4_2_3_2005_S0,STOREY_0,1670,0
26°C,定容,xia4men2shi4,2060 RCP 8.5,xia4men2shi4_2_4_2005_S0,STOREY_1,1670,1
26°C,定容,xia4men2shi4,2060 RCP 8.5,xia4men2shi4_2_4_2005_S0,STOREY_2,1670,1
26°C,定容,xia4men2shi4,2060 RCP 8.5,xia4men2shi4_2_4_2005_S0,STOREY_3,1670,1
26°C,定容,xia4men2shi4,2060 RCP 8.5,xia4men2shi4_2_4_2005_S0,STOREY_4,1670,1
26°C,定容,xia4men2shi4,2060 RCP 8.5,xia4men2shi4_2_4_2005_S0,STOREY_5,1670,1
26°C,定容,xia4men2shi4,2060 RCP 8.5,xia4men2shi4_2_4_2005_S0,STOREY_6,1670,1
26°C,定容,xia4men2shi4,2060 RCP 8.5,xia4men2shi4_2_4_2005_S0,STOREY_7,1670,1
26°C,定容,xia4men2shi4,2060 RCP 8.5,xia4men2shi4_2_4_2005_S0,STOREY_8,1670,1
26°C,定容,xia4men2shi4,2060 RCP 8.5,xia4men2shi4_2_4_2005_S0,STOREY_9,1670,1
26°C,定容,xia4men2shi4,2060 RCP 8.5,xia4men2shi4_2_4_2005_S0,STOREY_10,1670,2
26°C,定容,xia4men2shi4,2060 RCP 8.5,xia4men2shi4_2_4_2005_S0,STOREY_11,1670,58
26°C,定容,xia4men2shi4,2060 RCP 8.5,xia4men2shi4_2_4_2005_S0,STOREY_0,1670,0
26°C,定容,xia4men2shi4,2060 RCP 8.5,xia4men2shi4_2_1_2005_S0,STOREY_1,1670,0
26°C,定容,xia4men2shi4,2060 RCP 8.5,xia4men2shi4_2_1_2005_S0,STOREY_2,1670,1
26°C,定容,xia4men2shi4,2060 RCP 8.5,xia4men2shi4_2_1_2005_S0,STOREY_3,1670,1
26°C,定容,xia4men2shi4,2060 RCP 8.5,xia4men2shi4_2_1_2005_S0,STOREY_4,1670,1
26°C,定容,xia4men2shi4,2060 RCP 8.5,xia4men2shi4_2_1_2005_S0,STOREY_5,1670,1
26°C,定容,xia4men2shi4,2060 RCP 8.5,xia4men2shi4_2_1_2005_S0,STOREY_6,1670,1
26°C,定容,xia4men2shi4,2060 RCP 8.5,xia4men2shi4_2_1_2005_S0,STOREY_7,1670,1
26°C,定容,xia4men2shi4,2060 RCP 8.5,xia4men2shi4_2_1_2005_S0,STOREY_8,1670,1
26°C,定容,xia4men2shi4,2060 RCP 8.5,xia4men2shi4_2_1_2005_S0,STOREY_9,1670,1
26°C,定容,xia4men2shi4,2060 RCP 8.5,xia4men2shi4_2_1_2005_S0,STOREY_10,1670,1
26°C,定容,xia4men2shi4,2060 RCP 8.5,xia4men2shi4_2_1_2005_S0,STOREY_11,1670,1
26°C,定容,xia4men2shi4,2060 RCP 8.5,xia4men2shi4_2_1_2005_S0,STOREY_12,1670,1
26°C,定容,xia4men2shi4,2060 RCP 8.5,xia4men2shi4_2_1_2005_S0,STOREY_13,1670,1
26°C,定容,xia4men2shi4,2060 RCP 8.5,xia4men2shi4_2_1_2005_S0,STOREY_14,1670,1
26°C,定容,xia4men2shi4,2060 RCP 8.5,xia4men2shi4_2_1_2005_S0,STOREY_15,1670,1
26°C,定容,xia4men2shi4,2060 RCP 8.5,xia4men2shi4_2_1_2005_S0,STOREY_16,1670,2
26°C,定容,xia4men2shi4,2060 RCP 8.5,xia4men2shi4_2_1_2005_S0,STOREY_17,1670,42
26°C,定容,xia4men2shi4,2060 RCP 8.5,xia4men2shi4_2_1_2005_S0,STOREY_0,1670,0
26°C,定容,xia4men2shi4,2060 RCP 8.5,xia4men2shi4_2_2_2005_S0,STOREY_1,1670,1
26°C,定容,xia4men2shi4,2060 RCP 8.5,xia4men2shi4_2_2_2005_S0,STOREY_2,1670,1
26°C,定容,xia4men2shi4,2060 RCP 8.5,xia4men2shi4_2_2_2005_S0,STOREY_3,1670,1
26°C,定容,xia4men2shi4,2060 RCP 8.5,xia4men2shi4_2_2_2005_S0,STOREY_4,1670,1
26°C,定容,xia4men2shi4,2060 RCP 8.5,xia4men2shi4_2_2_2005_S0,STOREY_5,1670,1
26°C,定容,xia4men2shi4,2060 RCP 8.5,xia4men2shi4_2_2_2005_S0,STOREY_6,1670,1
26°C,定容,xia4men2shi4,2060 RCP 8.5,xia4men2shi4_2_2_2005_S0,STOREY_7,1670,1
26°C,定容,xia4men2shi4,2060 RCP 8.5,xia4men2shi4_2_2_2005_S0,STOREY_8,1670,1
26°C,定容,xia4men2shi4,2060 RCP 8.5,xia4men2shi4_2_2_2005_S0,STOREY_9,1670,1
26°C,定容,xia4men2shi4,2060 RCP 8.5,xia4men2shi4_2_2_2005_S0,STOREY_10,1670,1
26°C,定容,xia4men2shi4,2060 RCP 8.5,xia4men2shi4_2_2_2005_S0,STOREY_11,1670,1
26°C,定容,xia4men2shi4,2060 RCP 8.5,xia4men2shi4_2_2_2005_S0,STOREY_12,1670,1
26°C,定容,xia4men2shi4,2060 RCP 8.5,xia4men2shi4_2_2_2005_S0,STOREY_13,1670,1
26°C,定容,xia4men2shi4,2060 RCP 8.5,xia4men2shi4_2_2_2005_S0,STOREY_14,1670,1
26°C,定容,xia4men2shi4,2060 RCP 8.5,xia4men2shi4_2_2_2005_S0,STOREY_15,1670,1
26°C,定容,xia4men2shi4,2060 RCP 8.5,xia4men2shi4_2_2_2005_S0,STOREY_16,1670,1
26°C,定容,xia4men2shi4,2060 RCP 8.5,xia4men2shi4_2_2_2005_S0,STOREY_17,1670,1
26°C,定容,xia4men2shi4,2060 RCP 8.5,xia4men2shi4_2_2_2005_S0,STOREY_18,1670,1
26°C,定容,xia4men2shi4,2060 RCP 8.5,xia4men2shi4_2_2_2005_S0,STOREY_19,1670,1
26°C,定容,xia4men2shi4,2060 RCP 8.5,xia4men2shi4_2_2_2005_S0,STOREY_20,1670,1
26°C,定容,xia4men2shi4,2060 RCP 8.5,xia4men2shi4_2_2_2005_S0,STOREY_21,1670,1
26°C,定容,xia4men2shi4,2060 RCP 8.5,xia4men2shi4_2_2_2005_S0,STOREY_22,1670,1
26°C,定容,xia4men2shi4,2060 RCP 8.5,xia4men2shi4_2_2_2005_S0,STOREY_23,1670,1
26°C,定容,xia4men2shi4,2060 RCP 8.5,xia4men2shi4_2_2_2005_S0,STOREY_24,1670,1
26°C,定容,xia4men2shi4,2060 RCP 8.5,xia4men2shi4_2_2_2005_S0,STOREY_25,1670,1
26°C,定容,xia4men2shi4,2060 RCP 8.5,xia4men2shi4_2_2_2005_S0,STOREY_26,1670,1
26°C,定容,xia4men2shi4,2060 RCP 8.5,xia4men2shi4_2_2_2005_S0,STOREY_27,1670,57
26°C,定容,xia4men2shi4,2060 RCP 8.5,xia4men2shi4_2_2_2005_S0,STOREY_0,1670,0
26°C,定容,xia4men2shi4,2060 RCP 8.5,xia4men2shi4_2_5_2005_S0,STOREY_1,1670,0
26°C,定容,xia4men2shi4,2060 RCP 8.5,xia4men2shi4_2_5_2005_S0,STOREY_2,1670,0
26°C,定容,xia4men2shi4,2060 RCP 8.5,xia4men2shi4_2_5_2005_S0,STOREY_3,1670,0
26°C,定容,xia4men2shi4,2060 RCP 8.5,xia4men2shi4_2_5_2005_S0,STOREY_4,1670,0
26°C,定容,xia4men2shi4,2060 RCP 8.5,xia4men2shi4_2_5_2005_S0,STOREY_5,1670,0
26°C,定容,xia4men2shi4,2060 RCP 8.5,xia4men2shi4_2_5_2005_S0,STOREY_6,1670,0
26°C,定容,xia4men2shi4,2060 RCP 8.5,xia4men2shi4_2_5_2005_S0,STOREY_7,1670,0
26°C,定容,xia4men2shi4,2060 RCP 8.5,xia4men2shi4_2_5_2005_S0,STOREY_8,1670,0
26°C,定容,xia4men2shi4,2060 RCP 8.5,xia4men2shi4_2_5_2005_S0,STOREY_9,1670,0
26°C,定容,xia4men2shi4,2060 RCP 8.5,xia4men2shi4_2_5_2005_S0,STOREY_10,1670,0
26°C,定容,xia4men2shi4,2060 RCP 8.5,xia4men2shi4_2_5_2005_S0,STOREY_11,1670,0
26°C,定容,xia4men2shi4,2060 RCP 8.5,xia4men2shi4_2_5_2005_S0,STOREY_12,1670,0
26°C,定容,xia4men2shi4,2060 RCP 8.5,xia4men2shi4_2_5_2005_S0,STOREY_13,1670,1
26°C,定容,xia4men2shi4,2060 RCP 8.5,xia4men2shi4_2_5_2005_S0,STOREY_14,1670,1
26°C,定容,xia4men2shi4,2060 RCP 8.5,xia4men2shi4_2_5_2005_S0,STOREY_15,1670,40
26°C,定容,xia4men2shi4,2060 RCP 8.5,xia4men2shi4_2_5_2005_S0,STOREY_0,1670,0
26°C,定容,xia4men2shi4,2060 RCP 8.5,xia4men2shi4_2_6_2005_S0,STOREY_1,1670,0
26°C,定容,xia4men2shi4,2060 RCP 8.5,xia4men2shi4_2_6_2005_S0,STOREY_2,1670,1
26°C,定容,xia4men2shi4,2060 RCP 8.5,xia4men2shi4_2_6_2005_S0,STOREY_3,1670,1
26°C,定容,xia4men2shi4,2060 RCP 8.5,xia4men2shi4_2_6_2005_S0,STOREY_4,1670,1
26°C,定容,xia4men2shi4,2060 RCP 8.5,xia4men2shi4_2_6_2005_S0,STOREY_5,1670,1
26°C,定容,xia4men2shi4,2060 RCP 8.5,xia4men2shi4_2_6_2005_S0,STOREY_6,1670,1
26°C,定容,xia4men2shi4,2060 RCP 8.5,xia4men2shi4_2_6_2005_S0,STOREY_7,1670,1
26°C,定容,xia4men2shi4,2060 RCP 8.5,xia4men2shi4_2_6_2005_S0,STOREY_8,1670,1
26°C,定容,xia4men2shi4,2060 RCP 8.5,xia4men2shi4_2_6_2005_S0,STOREY_9,1670,1
26°C,定容,xia4men2shi4,2060 RCP 8.5,xia4men2shi4_2_6_2005_S0,STOREY_10,1670,1
26°C,定容,xia4men2shi4,2060 RCP 8.5,xia4men2shi4_2_6_2005_S0,STOREY_11,1670,1
26°C,定容,xia4men2shi4,2060 RCP 8.5,xia4men2shi4_2_6_2005_S0,STOREY_12,1670,1
26°C,定容,xia4men2shi4,2060 RCP 8.5,xia4men2shi4_2_6_2005_S0,STOREY_13,1670,1
26°C,定容,xia4men2shi4,2060 RCP 8.5,xia4men2shi4_2_6_2005_S0,STOREY_14,1670,1
26°C,定容,xia4men2shi4,2060 RCP 8.5,xia4men2shi4_2_6_2005_S0,STOREY_15,1670,1
26°C,定容,xia4men2shi4,2060 RCP 8.5,xia4men2shi4_2_6_2005_S0,STOREY_16,1670,1
26°C,定容,xia4men2shi4,2060 RCP 8.5,xia4men2shi4_2_6_2005_S0,STOREY_17,1670,1
26°C,定容,xia4men2shi4,2060 RCP 8.5,xia4men2shi4_2_6_2005_S0,STOREY_18,1670,1
26°C,定容,xia4men2shi4,2060 RCP 8.5,xia4men2shi4_2_6_2005_S0,STOREY_19,1670,1
26°C,定容,xia4men2shi4,2060 RCP 8.5,xia4men2shi4_2_6_2005_S0,STOREY_20,1670,1
26°C,定容,xia4men2shi4,2060 RCP 8.5,xia4men2shi4_2_6_2005_S0,STOREY_21,1670,1
26°C,定容,xia4men2shi4,2060 RCP 8.5,xia4men2shi4_2_6_2005_S0,STOREY_22,1670,1
26°C,定容,xia4men2shi4,2060 RCP 8.5,xia4men2shi4_2_6_2005_S0,STOREY_23,1670,1
26°C,定容,xia4men2shi4,2060 RCP 8.5,xia4men2shi4_2_6_2005_S0,STOREY_24,1670,1
26°C,定容,xia4men2shi4,2060 RCP 8.5,xia4men2shi4_2_6_2005_S0,STOREY_25,1670,1
26°C,定容,xia4men2shi4,2060 RCP 8.5,xia4men2shi4_2_6_2005_S0,STOREY_26,1670,1
26°C,定容,xia4men2shi4,2060 RCP 8.5,xia4men2shi4_2_6_2005_S0,STOREY_27,1670,1
26°C,定容,xia4men2shi4,2060 RCP 8.5,xia4men2shi4_2_6_2005_S0,STOREY_28,1670,33
26°C,定容,xia4men2shi4,2060 RCP 8.5,xia4men2shi4_2_6_2005_S0,STOREY_0,1670,0
